sample_delay_us,air_paired_mV,spanner_mV,air_earlier_mV
1.250000000000000000e+01,8.670290000000015596e+01,8.670290000000015596e+01,8.670289999999999964e+01
1.250999999999999979e+01,8.670290000000015596e+01,8.670290000000015596e+01,8.670289999999999964e+01
1.251999999999999957e+01,8.670290000000015596e+01,8.670290000000015596e+01,8.670289999999999964e+01
1.253000000000000114e+01,8.670290000000015596e+01,8.670290000000015596e+01,8.670289999999999964e+01
1.253999999999999915e+01,8.670290000000015596e+01,8.670290000000015596e+01,8.670289999999999964e+01
1.255000000000000071e+01,8.670290000000015596e+01,8.670290000000015596e+01,8.670289999999999964e+01
1.255999999999999872e+01,8.670290000000015596e+01,8.670290000000015596e+01,8.670289999999999964e+01
1.257000000000000028e+01,8.670290000000015596e+01,8.670290000000015596e+01,8.670289999999999964e+01
1.258000000000000007e+01,8.670290000000015596e+01,8.670290000000015596e+01,8.670289999999999964e+01
1.258999999999999986e+01,8.670290000000015596e+01,8.670290000000015596e+01,8.670289999999999964e+01
1.259999999999999964e+01,8.670290000000015596e+01,8.670290000000015596e+01,8.670289999999999964e+01
1.260999999999999943e+01,8.670290000000015596e+01,8.670290000000015596e+01,8.670289999999999964e+01
1.262000000000000099e+01,8.670290000000015596e+01,8.670290000000015596e+01,8.670289999999999964e+01
1.262999999999999901e+01,8.670290000000015596e+01,8.670290000000015596e+01,8.670289999999999964e+01
1.264000000000000057e+01,8.670290000000015596e+01,8.670290000000015596e+01,8.670289999999999964e+01
1.265000000000000036e+01,8.670290000000015596e+01,8.670290000000015596e+01,8.670289999999999964e+01
1.266000000000000014e+01,8.670290000000015596e+01,8.670290000000015596e+01,8.670289999999999964e+01
1.266999999999999993e+01,8.670290000000015596e+01,8.670290000000015596e+01,8.670289999999999964e+01
1.267999999999999972e+01,8.670290000000015596e+01,8.670290000000015596e+01,8.670289999999999964e+01
1.268999999999999950e+01,8.670290000000015596e+01,8.670290000000015596e+01,8.670289999999999964e+01
1.269999999999999929e+01,8.670290000000015596e+01,8.670290000000015596e+01,8.670289999999999964e+01
1.271000000000000085e+01,8.670290000000015596e+01,8.670290000000015596e+01,8.670289999999999964e+01
1.271999999999999886e+01,8.670290000000015596e+01,8.670290000000015596e+01,8.670289999999999964e+01
1.273000000000000043e+01,8.670290000000015596e+01,8.670290000000015596e+01,8.670289999999999964e+01
1.274000000000000021e+01,8.670290000000015596e+01,8.670290000000015596e+01,8.670289999999999964e+01
1.275000000000000000e+01,8.670290000000015596e+01,8.670290000000015596e+01,8.670289999999999964e+01
1.275999999999999979e+01,8.670290000000015596e+01,8.670290000000015596e+01,8.670289999999999964e+01
1.276999999999999957e+01,8.670290000000015596e+01,8.670290000000015596e+01,8.670289999999999964e+01
1.277999999999999936e+01,8.670290000000015596e+01,8.670290000000015596e+01,8.670289999999999964e+01
1.278999999999999915e+01,8.670290000000015596e+01,8.670290000000015596e+01,8.670289999999999964e+01
1.280000000000000071e+01,8.670290000000015596e+01,8.670290000000015596e+01,8.670289999999999964e+01
1.281000000000000050e+01,8.670290000000015596e+01,8.670290000000015596e+01,8.670289999999999964e+01
1.282000000000000028e+01,8.670290000000015596e+01,8.670290000000015596e+01,8.670289999999999964e+01
1.283000000000000007e+01,8.670290000000015596e+01,8.670290000000015596e+01,8.670289999999999964e+01
1.283999999999999986e+01,8.670290000000015596e+01,8.670290000000015596e+01,8.670289999999999964e+01
1.284999999999999964e+01,8.670290000000015596e+01,8.670290000000015596e+01,8.670289999999999964e+01
1.285999999999999943e+01,8.670290000000015596e+01,8.670290000000015596e+01,8.670289999999999964e+01
1.286999999999999922e+01,8.670290000000015596e+01,8.670290000000015596e+01,8.670289999999999964e+01
1.287999999999999901e+01,8.670290000000015596e+01,8.670290000000015596e+01,8.670289999999999964e+01
1.289000000000000057e+01,8.670290000000015596e+01,8.670290000000015596e+01,8.670289999999999964e+01
1.290000000000000036e+01,8.670290000000015596e+01,8.670290000000015596e+01,8.670289999999999964e+01
1.291000000000000014e+01,8.670290000000015596e+01,8.670290000000015596e+01,8.670289999999999964e+01
1.291999999999999993e+01,8.670290000000015596e+01,8.670290000000015596e+01,8.670289999999999964e+01
1.292999999999999972e+01,8.670290000000015596e+01,8.670290000000015596e+01,8.670289999999999964e+01
1.293999999999999950e+01,8.670290000000015596e+01,8.670290000000015596e+01,8.670289999999999964e+01
1.294999999999999929e+01,8.670290000000015596e+01,8.670290000000015596e+01,8.670289999999999964e+01
1.296000000000000085e+01,8.670290000000015596e+01,8.670290000000015596e+01,8.670289999999999964e+01
1.297000000000000064e+01,8.670290000000015596e+01,8.670290000000015596e+01,8.670289999999999964e+01
1.298000000000000043e+01,8.670290000000015596e+01,8.670290000000015596e+01,8.670289999999999964e+01
1.299000000000000021e+01,8.670290000000015596e+01,8.670290000000015596e+01,8.670289999999999964e+01
1.300000000000000000e+01,8.670290000000015596e+01,8.670290000000015596e+01,8.670289999999999964e+01
1.300999999999999979e+01,8.670290000000015596e+01,8.670290000000015596e+01,8.670289999999999964e+01
1.301999999999999957e+01,8.670290000000015596e+01,8.670290000000015596e+01,8.670289999999999964e+01
1.302999999999999936e+01,8.670290000000015596e+01,8.670290000000015596e+01,8.670289999999999964e+01
1.303999999999999915e+01,8.670290000000015596e+01,8.670290000000015596e+01,8.670289999999999964e+01
1.305000000000000071e+01,8.656306987951818144e+01,8.670290000000015596e+01,8.670289999999999964e+01
1.306000000000000050e+01,8.652194337349406794e+01,8.670290000000015596e+01,8.670289999999999964e+01
1.307000000000000028e+01,8.455609638554213348e+01,8.670290000000015596e+01,8.533749999999999147e+01
1.308000000000000007e+01,8.440804096385541300e+01,8.670290000000015596e+01,8.533749999999999147e+01
1.308999999999999986e+01,8.227768795180720929e+01,8.670290000000015596e+01,8.465479999999999450e+01
1.309999999999999964e+01,8.217898433734936248e+01,8.670290000000015596e+01,8.465479999999999450e+01
1.310999999999999943e+01,7.994170240963858021e+01,8.670290000000015596e+01,8.192399999999999238e+01
1.312000000000000099e+01,7.980187228915664832e+01,8.670290000000015596e+01,8.192399999999999238e+01
1.312999999999999901e+01,7.767974457831326163e+01,8.670290000000015596e+01,7.987590000000000146e+01
1.314000000000000057e+01,7.757281566265061201e+01,8.670290000000015596e+01,7.987590000000000146e+01
1.315000000000000036e+01,7.550826506024095863e+01,8.670290000000015596e+01,7.782779999999998211e+01
1.316000000000000014e+01,7.539311084337353464e+01,8.670290000000015596e+01,7.714509999999999934e+01
1.316999999999999993e+01,7.331210963855424723e+01,8.670290000000015596e+01,7.441429999999998302e+01
1.317999999999999972e+01,7.319695542168676639e+01,8.670290000000015596e+01,7.441429999999998302e+01
1.318999999999999950e+01,7.110772891566264775e+01,8.670290000000015596e+01,7.441429999999998302e+01
1.319999999999999929e+01,7.101725060240961795e+01,8.670290000000015596e+01,7.441429999999998302e+01
1.321000000000000085e+01,6.905140361445782560e+01,8.670290000000015596e+01,7.031810000000000116e+01
1.321999999999999886e+01,6.894447469879517598e+01,8.670290000000015596e+01,7.031810000000000116e+01
1.323000000000000043e+01,6.686347349397586015e+01,8.670290000000015596e+01,6.826999999999999602e+01
1.324000000000000021e+01,6.674831927710843615e+01,8.670290000000015596e+01,6.826999999999999602e+01
1.325000000000000000e+01,6.503745662650602810e+01,8.670290000000015596e+01,6.690459999999998786e+01
1.325999999999999979e+01,6.491407710843370182e+01,8.670290000000015596e+01,6.690459999999998786e+01
1.326999999999999957e+01,6.285775180722888678e+01,8.670290000000015596e+01,6.485649999999999693e+01
1.328000000000000114e+01,6.275082289156625137e+01,8.670290000000015596e+01,6.485649999999999693e+01
1.328999999999999915e+01,6.090013012048193985e+01,8.670290000000015596e+01,6.280839999999999890e+01
1.330000000000000071e+01,6.080965180722891716e+01,8.670290000000015596e+01,6.280839999999999890e+01
1.330999999999999872e+01,5.901653614457826080e+01,8.670290000000015596e+01,6.007759999999999678e+01
1.332000000000000028e+01,5.899186024096380265e+01,8.670290000000015596e+01,5.939489999999999270e+01
1.333000000000000007e+01,5.729744819277105705e+01,8.670290000000015596e+01,5.871219999999999573e+01
1.333999999999999986e+01,5.716584337349393508e+01,8.670290000000015596e+01,5.871219999999999573e+01
1.334999999999999964e+01,5.512596867469878248e+01,8.670290000000015596e+01,5.734679999999999467e+01
1.335999999999999943e+01,5.505194096385540092e+01,8.670290000000015596e+01,5.734679999999999467e+01
1.337000000000000099e+01,5.353848554216865097e+01,8.670290000000015596e+01,5.529869999999999663e+01
1.337999999999999901e+01,5.348913373493974888e+01,8.670290000000015596e+01,5.461599999999999966e+01
1.339000000000000057e+01,5.171246867469881892e+01,8.670290000000015596e+01,5.325059999999999860e+01
1.340000000000000036e+01,5.160553975903617641e+01,8.670290000000015596e+01,5.256789999999999452e+01
1.341000000000000014e+01,4.992757831325303641e+01,8.670290000000015596e+01,5.120250000000000057e+01
1.341999999999999993e+01,4.982887469879521092e+01,8.670290000000015596e+01,5.120250000000000057e+01
1.342999999999999972e+01,4.823316626506027660e+01,8.670290000000015596e+01,4.983709999999999241e+01
1.343999999999999950e+01,4.813446265060244400e+01,8.670290000000015596e+01,4.983709999999999241e+01
1.344999999999999929e+01,4.650585301204817767e+01,8.670290000000015596e+01,4.778900000000000148e+01
1.346000000000000085e+01,4.641537469879515498e+01,8.670290000000015596e+01,4.778900000000000148e+01
1.346999999999999886e+01,4.488546867469877100e+01,8.670290000000015596e+01,4.574089999999999634e+01
1.348000000000000043e+01,4.483611686746986891e+01,8.670290000000015596e+01,4.574089999999999634e+01
1.349000000000000021e+01,4.331443614457828772e+01,8.670290000000015596e+01,4.437549999999999528e+01
1.350000000000000000e+01,4.322395783132527924e+01,8.670290000000015596e+01,4.437549999999999528e+01
1.350999999999999979e+01,4.158712289156623854e+01,8.670290000000015596e+01,4.301009999999999422e+01
1.351999999999999957e+01,4.151309518072287119e+01,8.670290000000015596e+01,4.301009999999999422e+01
1.353000000000000114e+01,4.012301927710841909e+01,8.670290000000015596e+01,4.164470000000000027e+01
1.353999999999999915e+01,4.007366746987949568e+01,8.670290000000015596e+01,4.164470000000000027e+01
1.355000000000000071e+01,3.855198674698796424e+01,8.667822409638569070e+01,3.959659999999999513e+01
1.356000000000000050e+01,3.846150843373494865e+01,8.667822409638569070e+01,3.959659999999999513e+01
1.357000000000000028e+01,3.698917951807231219e+01,8.590504578313249340e+01,3.754849999999999710e+01
1.358000000000000007e+01,3.694805301204822001e+01,8.578989156626501256e+01,3.754849999999999710e+01
1.358999999999999986e+01,3.563200481927710683e+01,8.430933734939756619e+01,3.686580000000000013e+01
1.359999999999999964e+01,3.555797710843373949e+01,8.416950722891562009e+01,3.686580000000000013e+01
1.360999999999999943e+01,3.411854939759039240e+01,8.259847469879521498e+01,3.550039999999999196e+01
1.362000000000000099e+01,3.405274698795182786e+01,8.256557349397594692e+01,3.550039999999999196e+01
1.362999999999999901e+01,3.271202289156625653e+01,8.100276626506023092e+01,3.276959999999999695e+01
1.364000000000000057e+01,3.267089638554215725e+01,8.095341445783132883e+01,3.276959999999999695e+01
1.365000000000000036e+01,3.130549638554215264e+01,7.962914096385541995e+01,3.345229999999999393e+01
1.366000000000000014e+01,3.123969397590359875e+01,7.957978915662650365e+01,3.276959999999999695e+01
1.366999999999999993e+01,2.999767349397590266e+01,7.804988313253016941e+01,3.072149999999999892e+01
1.367999999999999972e+01,2.999767349397590266e+01,7.802520722891571836e+01,3.072149999999999892e+01
1.368999999999999950e+01,2.871452650602407886e+01,7.654465301204821515e+01,3.003879999999999839e+01
1.369999999999999929e+01,2.865694939759035265e+01,7.648707590361448183e+01,3.003879999999999839e+01
1.371000000000000085e+01,2.729977469879516860e+01,7.517102771084340418e+01,2.799069999999999681e+01
1.372000000000000064e+01,2.718462048192770908e+01,7.507232409638557158e+01,2.730799999999999983e+01
1.373000000000000043e+01,2.603307831325301791e+01,7.382207831325304426e+01,2.594259999999999877e+01
1.374000000000000021e+01,2.594260000000000588e+01,7.378095180722893076e+01,2.662529999999999930e+01
1.375000000000000000e+01,2.484863493975903737e+01,7.226749638554220212e+01,2.594259999999999877e+01
1.375999999999999979e+01,2.477460722891566647e+01,7.223459518072291985e+01,2.594259999999999877e+01
1.376999999999999957e+01,2.359838915662652425e+01,7.091854698795179957e+01,2.457719999999999771e+01
1.377999999999999936e+01,2.354903734939761506e+01,7.090209638554215132e+01,2.389450000000000074e+01
1.378999999999999915e+01,2.232346746987950681e+01,6.950379518072294616e+01,2.321179999999999666e+01
1.380000000000000071e+01,2.224943975903612881e+01,6.944621807228921284e+01,2.321179999999999666e+01
1.381000000000000050e+01,2.118837590361445677e+01,6.828645060240967268e+01,2.116369999999999862e+01
1.382000000000000028e+01,2.114724939759036104e+01,6.825354939759040462e+01,2.116369999999999862e+01
1.383000000000000007e+01,2.007796024096384713e+01,6.693750120481925592e+01,2.116369999999999862e+01
1.383999999999999986e+01,2.002860843373493438e+01,6.688814939759033962e+01,2.116369999999999862e+01
1.384999999999999964e+01,1.889351686746988790e+01,6.571193132530123648e+01,1.911560000000000059e+01
1.385999999999999943e+01,1.882771445783133402e+01,6.567080481927710878e+01,1.911560000000000059e+01
1.386999999999999922e+01,1.779955180722891583e+01,6.445346024096380688e+01,1.911560000000000059e+01
1.388000000000000078e+01,1.774197469879517186e+01,6.437120722891562252e+01,1.911560000000000059e+01
1.389000000000000057e+01,1.662333373493977007e+01,6.317853855421687825e+01,1.706749999999999901e+01
1.390000000000000036e+01,1.659043253012048424e+01,6.313741204819277186e+01,1.706749999999999901e+01
1.391000000000000014e+01,1.570209999999999262e+01,6.211747469879519912e+01,1.570209999999999972e+01
1.391999999999999993e+01,1.563629759036144051e+01,6.206812289156627571e+01,1.570209999999999972e+01
1.392999999999999972e+01,1.465748674698794218e+01,6.078497590361445901e+01,1.570209999999999972e+01
1.393999999999999950e+01,1.456700843373493193e+01,6.070272289156626755e+01,1.570209999999999972e+01
1.394999999999999929e+01,1.356352168674698966e+01,5.969101084337342655e+01,1.433669999999999867e+01
1.396000000000000085e+01,1.351416987951807336e+01,5.971568674698789891e+01,1.433669999999999867e+01
1.397000000000000064e+01,1.256003493975903496e+01,5.868752409638550205e+01,1.297129999999999939e+01
1.398000000000000043e+01,1.253535903614457858e+01,5.863817228915657864e+01,1.297129999999999939e+01
1.399000000000000021e+01,1.165525180722890930e+01,5.733034939759031801e+01,1.092319999999999958e+01
1.400000000000000000e+01,1.162235060240963236e+01,5.729744819277103574e+01,1.092319999999999958e+01
1.400999999999999979e+01,1.073401807228915317e+01,5.638443975903614103e+01,1.160589999999999833e+01
1.401999999999999957e+01,1.069289156626505388e+01,5.633508795180721052e+01,1.160589999999999833e+01
1.402999999999999936e+01,9.812784337349397035e+00,5.523289759036142499e+01,1.092319999999999958e+01
1.403999999999999915e+01,9.755207228915661943e+00,5.516709518072287466e+01,1.024049999999999905e+01
1.405000000000000071e+01,8.883325301204818558e+00,5.427053734939759977e+01,8.875099999999997991e+00
1.406000000000000050e+01,8.875099999999997991e+00,5.428698795180724801e+01,8.875099999999997991e+00
1.407000000000000028e+01,8.077245783132529056e+00,5.315189638554218021e+01,8.192399999999999238e+00
1.408000000000000007e+01,8.019668674698793964e+00,5.308609397590361567e+01,8.192399999999999238e+00
1.408999999999999986e+01,7.123110843373494205e+00,5.209083253012052239e+01,6.826999999999999957e+00
1.409999999999999964e+01,7.123110843373494205e+00,5.214840963855425571e+01,6.826999999999999957e+00
1.410999999999999943e+01,6.308806024096378806e+00,5.124362650602407143e+01,7.509699999999999598e+00
1.411999999999999922e+01,6.308806024096378806e+00,5.119427469879516224e+01,7.509699999999999598e+00
1.412999999999999901e+01,5.535627710843368021e+00,5.027304096385544341e+01,5.461599999999999788e+00
1.414000000000000057e+01,5.543853012048186812e+00,5.023191445783135123e+01,5.461599999999999788e+00
1.415000000000000036e+01,4.745998795180724983e+00,4.931890602409637125e+01,4.778900000000000148e+00
1.416000000000000014e+01,4.713097590361447153e+00,4.931890602409637836e+01,4.778900000000000148e+00
1.416999999999999993e+01,3.964595180722892298e+00,4.834009518072292622e+01,4.096199999999999619e+00
1.417999999999999972e+01,3.931693975903614469e+00,4.833186987951808078e+01,4.096199999999999619e+00
1.418999999999999950e+01,3.232543373493974137e+00,4.747643855421690517e+01,2.730799999999999894e+00
1.419999999999999929e+01,3.166740963855420254e+00,4.745998795180727114e+01,2.730799999999999894e+00
1.421000000000000085e+01,2.525167469879516791e+00,4.656343012048191099e+01,2.730799999999999894e+00
1.422000000000000064e+01,2.541618072289155261e+00,4.655520481927711529e+01,2.730799999999999894e+00
1.423000000000000043e+01,1.941171084337349306e+00,4.583137831325296929e+01,2.730799999999999894e+00
1.424000000000000021e+01,1.867143373493975966e+00,4.571622409638548135e+01,2.048099999999999810e+00
1.425000000000000000e+01,1.151542168674697830e+00,4.477031445783131858e+01,1.365399999999999947e+00
1.425999999999999979e+01,1.085739759036143726e+00,4.474563855421686043e+01,1.365399999999999947e+00
1.426999999999999957e+01,4.770674698795180357e-01,4.404648795180721521e+01,6.826999999999999735e-01
1.427999999999999936e+01,5.017433734939756862e-01,4.406293855421685635e+01,6.826999999999999735e-01
1.428999999999999915e+01,-8.225301204819276957e-02,4.332266144578309763e+01,-6.826999999999999735e-01
1.430000000000000071e+01,-9.870361445783130960e-02,4.327330963855418844e+01,-6.826999999999999735e-01
1.431000000000000050e+01,-7.978542168674692681e-01,4.230272409638554620e+01,-1.365399999999999947e+00
1.432000000000000028e+01,-8.389807228915654447e-01,4.229449879518072208e+01,-1.365399999999999947e+00
1.433000000000000007e+01,-1.316048192771083203e+00,4.178453012048191795e+01,-6.826999999999999735e-01
1.433999999999999986e+01,-1.357174698795179602e+00,4.173517831325299454e+01,-6.826999999999999735e-01
1.434999999999999964e+01,-1.965846987951808345e+00,4.083039518072289553e+01,-2.048099999999999810e+00
1.435999999999999943e+01,-1.916495180722892044e+00,4.080571927710843028e+01,-2.048099999999999810e+00
1.437000000000000099e+01,-2.418238554216866731e+00,4.018059638554217372e+01,-2.730799999999999894e+00
1.437999999999999901e+01,-2.426463855421686411e+00,4.019704698795180775e+01,-2.730799999999999894e+00
1.439000000000000057e+01,-3.084487951807227457e+00,3.933339036144577960e+01,-3.413499999999999979e+00
1.440000000000000036e+01,-3.092713253012046692e+00,3.930871445783132856e+01,-3.413499999999999979e+00
1.441000000000000014e+01,-3.569780722891566338e+00,3.874116867469879111e+01,-3.413499999999999979e+00
1.441999999999999993e+01,-3.619132530120481750e+00,3.873294337349396699e+01,-4.096199999999999619e+00
1.442999999999999972e+01,-4.227804819277110937e+00,3.795976506024098285e+01,-3.413499999999999979e+00
1.443999999999999950e+01,-4.186678313253014316e+00,3.794331445783134171e+01,-3.413499999999999979e+00
1.444999999999999929e+01,-4.482789156626508564e+00,3.730174096385541560e+01,-4.778900000000000148e+00
1.445999999999999908e+01,-4.507465060240966714e+00,3.730996626506024683e+01,-4.778900000000000148e+00
1.447000000000000064e+01,-5.124362650602408031e+00,3.668484337349400448e+01,-4.096199999999999619e+00
1.448000000000000043e+01,-5.149038554216867070e+00,3.665194216867471511e+01,-4.096199999999999619e+00
1.449000000000000021e+01,-5.601430120481921904e+00,3.599391807228917628e+01,-6.144299999999999429e+00
1.450000000000000000e+01,-5.601430120481921904e+00,3.599391807228919049e+01,-6.826999999999999957e+00
1.450999999999999979e+01,-6.012695180722885446e+00,3.539347108433734235e+01,-5.461599999999999788e+00
1.451999999999999957e+01,-5.996244578313246087e+00,3.538524578313253244e+01,-4.778900000000000148e+00
1.452999999999999936e+01,-6.432185542168670445e+00,3.474367228915665606e+01,-6.826999999999999957e+00
1.453999999999999915e+01,-6.407509638554213183e+00,3.472722168674701493e+01,-6.826999999999999957e+00
1.455000000000000071e+01,-6.835225301204817860e+00,3.418435180722894984e+01,-5.461599999999999788e+00
1.456000000000000050e+01,-6.868126506024095690e+00,3.419257710843376685e+01,-5.461599999999999788e+00
1.457000000000000028e+01,-7.361644578313252474e+00,3.352632771084338259e+01,-7.509699999999999598e+00
1.458000000000000007e+01,-7.328743373493974644e+00,3.350987710843375567e+01,-8.192399999999999238e+00
1.458999999999999986e+01,-7.600178313253013407e+00,3.295055662650601391e+01,-7.509699999999999598e+00
1.459999999999999964e+01,-7.633079518072289460e+00,3.293410602409636567e+01,-7.509699999999999598e+00
1.460999999999999943e+01,-7.970316867469877664e+00,3.235010963855420840e+01,-8.192399999999999238e+00
1.461999999999999922e+01,-7.986767469879515247e+00,3.237478554216866655e+01,-8.192399999999999238e+00
1.462999999999999901e+01,-8.406257831325298469e+00,3.193061927710842696e+01,-8.192399999999999238e+00
1.464000000000000057e+01,-8.447384337349395977e+00,3.187304216867469009e+01,-8.192399999999999238e+00
1.465000000000000036e+01,-8.850424096385539841e+00,3.123146867469879240e+01,-8.875099999999997991e+00
1.466000000000000014e+01,-8.866874698795179199e+00,3.120679277108433070e+01,-8.875099999999997991e+00
1.466999999999999993e+01,-9.130084337349392953e+00,3.077907710843376066e+01,-9.557800000000000296e+00
1.467999999999999972e+01,-9.080732530120476653e+00,3.077907710843375000e+01,-1.024049999999999905e+01
1.468999999999999950e+01,-9.376843373493974454e+00,3.041716385542170542e+01,-8.875099999999997991e+00
1.469999999999999929e+01,-9.360392771084336871e+00,3.039248795180723661e+01,-8.192399999999999238e+00
1.471000000000000085e+01,-9.796333734939754123e+00,2.983316746987950197e+01,-9.557800000000000296e+00
1.472000000000000064e+01,-9.821009638554214050e+00,2.980849156626505092e+01,-9.557800000000000296e+00
1.473000000000000043e+01,-1.001019156626505691e+01,2.918336867469878371e+01,-1.024049999999999905e+01
1.474000000000000021e+01,-1.009244457831325015e+01,2.917514337349395603e+01,-1.024049999999999905e+01
1.475000000000000000e+01,-1.032275301204819229e+01,2.887903253012046889e+01,-1.092319999999999958e+01
1.475999999999999979e+01,-1.033097831325300930e+01,2.885435662650600719e+01,-1.092319999999999958e+01
1.476999999999999957e+01,-1.054483614457831209e+01,2.836906385542168252e+01,-1.160589999999999833e+01
1.477999999999999936e+01,-1.056951204819276668e+01,2.834438795180721371e+01,-1.092319999999999958e+01
1.478999999999999915e+01,-1.083272168674698399e+01,2.788377108433734008e+01,-9.557800000000000296e+00
1.480000000000000071e+01,-1.085739759036144036e+01,2.786732048192769895e+01,-1.024049999999999905e+01
1.481000000000000050e+01,-1.115350843373493639e+01,2.750540722891566503e+01,-1.160589999999999833e+01
1.482000000000000028e+01,-1.114528313253011405e+01,2.753830843373494019e+01,-1.160589999999999833e+01
1.483000000000000007e+01,-1.132623975903614166e+01,2.709414216867469705e+01,-1.160589999999999833e+01
1.483999999999999986e+01,-1.135091566265059804e+01,2.704479036144578075e+01,-1.160589999999999833e+01
1.484999999999999964e+01,-1.156477349397590082e+01,2.673222891566265247e+01,-1.160589999999999833e+01
1.485999999999999943e+01,-1.154009759036144267e+01,2.670755301204819787e+01,-1.160589999999999833e+01
1.487000000000000099e+01,-1.180330722891566708e+01,2.622226024096385544e+01,-1.160589999999999833e+01
1.488000000000000078e+01,-1.178685662650602595e+01,2.618935903614458383e+01,-1.160589999999999833e+01
1.489000000000000057e+01,-1.209119277108433543e+01,2.584389638554216262e+01,-1.160589999999999833e+01
1.490000000000000036e+01,-1.209941807228915600e+01,2.589324819277109668e+01,-1.160589999999999833e+01
1.491000000000000014e+01,-1.213231927710842939e+01,2.555601084337349604e+01,-1.228859999999999886e+01
1.491999999999999993e+01,-1.213231927710842939e+01,2.552310963855421377e+01,-1.228859999999999886e+01
1.492999999999999972e+01,-1.236262771084337508e+01,2.512829518072289403e+01,-1.228859999999999886e+01
1.493999999999999950e+01,-1.234617710843374105e+01,2.512006987951807702e+01,-1.228859999999999886e+01
1.494999999999999929e+01,-1.256826024096385375e+01,2.471703012048192249e+01,-1.297129999999999939e+01
1.496000000000000085e+01,-1.256003493975903318e+01,2.469235421686746079e+01,-1.297129999999999939e+01
1.497000000000000064e+01,-1.283969518072289517e+01,2.434689156626506445e+01,-1.228859999999999886e+01
1.498000000000000043e+01,-1.279856867469879944e+01,2.439624337349398431e+01,-1.228859999999999886e+01
1.499000000000000021e+01,-1.293017349397590721e+01,2.413303373493977588e+01,-1.297129999999999939e+01
1.500000000000000000e+01,-1.285614578313253809e+01,2.410013253012049361e+01,-1.297129999999999939e+01
1.500999999999999979e+01,-1.294662409638554124e+01,2.375466987951810083e+01,-1.365399999999999991e+01
1.501999999999999957e+01,-1.300420120481927633e+01,2.374644457831327315e+01,-1.365399999999999991e+01
1.502999999999999936e+01,-1.333321325301204219e+01,2.334340481927712929e+01,-1.228859999999999886e+01
1.504000000000000092e+01,-1.334966385542168332e+01,2.335163012048194631e+01,-1.228859999999999886e+01
1.505000000000000071e+01,-1.325096024096386138e+01,2.297326626506024994e+01,-1.365399999999999991e+01
1.506000000000000050e+01,-1.329208674698795534e+01,2.299794216867470809e+01,-1.433669999999999867e+01
1.507000000000000028e+01,-1.343191686746987834e+01,2.290746385542168895e+01,-1.365399999999999991e+01
1.508000000000000007e+01,-1.343191686746988189e+01,2.285811204819276909e+01,-1.365399999999999991e+01
1.508999999999999986e+01,-1.356352168674697722e+01,2.247152289156625216e+01,-1.297129999999999939e+01
1.509999999999999964e+01,-1.359642289156625594e+01,2.248797349397589329e+01,-1.297129999999999939e+01
1.510999999999999943e+01,-1.366222530120481338e+01,2.219186265060239549e+01,-1.433669999999999867e+01
1.511999999999999922e+01,-1.361287349397589885e+01,2.217541204819275791e+01,-1.365399999999999991e+01
1.513000000000000078e+01,-1.377737951807228711e+01,2.190397710843371470e+01,-1.297129999999999939e+01
1.514000000000000057e+01,-1.384318192771083922e+01,2.192865301204817641e+01,-1.297129999999999939e+01
1.515000000000000036e+01,-1.384318192771083922e+01,2.173947108433732822e+01,-1.433669999999999867e+01
1.516000000000000014e+01,-1.381850602409638462e+01,2.173124578313250410e+01,-1.501939999999999920e+01
1.516999999999999993e+01,-1.386785783132529204e+01,2.127062891566263758e+01,-1.365399999999999991e+01
1.517999999999999972e+01,-1.385963253012047147e+01,2.130353012048191630e+01,-1.297129999999999939e+01
1.518999999999999950e+01,-1.411461686746986999e+01,2.117192530120481564e+01,-1.365399999999999991e+01
1.519999999999999929e+01,-1.408171566265059482e+01,2.115547469879517450e+01,-1.433669999999999867e+01
1.520999999999999908e+01,-1.405703975903613490e+01,2.090871566265060366e+01,-1.365399999999999991e+01
1.522000000000000064e+01,-1.404881445783131788e+01,2.089226506024096608e+01,-1.365399999999999991e+01
1.523000000000000043e+01,-1.424622168674697953e+01,2.065373132530120159e+01,-1.297129999999999939e+01
1.524000000000000021e+01,-1.418041927710843098e+01,2.067018192771084273e+01,-1.365399999999999991e+01
1.525000000000000000e+01,-1.408171566265058594e+01,2.049745060240963923e+01,-1.501939999999999920e+01
1.525999999999999979e+01,-1.406526506024095191e+01,2.046454939759036407e+01,-1.433669999999999867e+01
1.526999999999999957e+01,-1.427089759036143768e+01,2.020133975903613788e+01,-1.365399999999999991e+01
1.527999999999999936e+01,-1.437782650602409085e+01,2.024246626506023716e+01,-1.297129999999999939e+01
1.528999999999999915e+01,-1.426267228915661711e+01,2.000393253012047268e+01,-1.433669999999999867e+01
1.529999999999999893e+01,-1.422977108433734017e+01,2.002038313253012092e+01,-1.433669999999999867e+01
1.531000000000000050e+01,-1.434492530120481923e+01,1.978184939759035998e+01,-1.501939999999999920e+01
1.532000000000000028e+01,-1.433669999999999867e+01,1.980652530120482169e+01,-1.501939999999999920e+01
1.533000000000000007e+01,-1.433669999999999511e+01,1.970782168674698553e+01,-1.365399999999999991e+01
1.533999999999999986e+01,-1.436137590361445149e+01,1.973249759036144368e+01,-1.365399999999999991e+01
1.534999999999999964e+01,-1.443540361445782594e+01,1.941993614457831541e+01,-1.433669999999999867e+01
1.535999999999999943e+01,-1.444362891566264828e+01,1.942816144578313597e+01,-1.433669999999999867e+01
1.536999999999999922e+01,-1.439427710843372488e+01,1.923897951807229489e+01,-1.365399999999999991e+01
1.537999999999999901e+01,-1.442717831325300004e+01,1.929655662650602821e+01,-1.365399999999999991e+01
1.539000000000000057e+01,-1.432847469879517632e+01,1.909914939759035235e+01,-1.433669999999999867e+01
1.540000000000000036e+01,-1.438605180722891141e+01,1.909092409638553889e+01,-1.433669999999999867e+01
1.541000000000000014e+01,-1.446007951807229119e+01,1.890174216867470847e+01,-1.501939999999999920e+01
1.541999999999999993e+01,-1.450120602409638693e+01,1.886061566265061273e+01,-1.433669999999999867e+01
1.542999999999999972e+01,-1.443540361445782594e+01,1.879481325301204464e+01,-1.433669999999999867e+01
1.543999999999999950e+01,-1.441895301204818658e+01,1.881948915662650990e+01,-1.433669999999999867e+01
1.544999999999999929e+01,-1.438605180722890786e+01,1.856450481927711493e+01,-1.365399999999999991e+01
1.545999999999999908e+01,-1.441072771084337489e+01,1.851515301204819863e+01,-1.365399999999999991e+01
1.547000000000000064e+01,-1.441072771084336601e+01,1.852337831325301210e+01,-1.433669999999999867e+01
1.548000000000000043e+01,-1.439427710843372843e+01,1.852337831325301565e+01,-1.433669999999999867e+01
1.549000000000000021e+01,-2.359838915662652425e+01,9.311040963855420571e+00,-2.457719999999999771e+01
1.550000000000000000e+01,-2.935609999999998720e+01,2.253732530120480693e+00,-3.140419999999999945e+01
1.550999999999999979e+01,-8.644791566265059402e+00,2.318712409638554917e+01,-7.509699999999999598e+00
1.551999999999999957e+01,5.560303614457826171e+00,3.610084698795180458e+01,1.160589999999999833e+01
1.552999999999999936e+01,-9.031380722891565682e+00,2.942190240963855885e+01,-7.509699999999999598e+00
1.554000000000000092e+01,-1.114528313253011937e+01,2.208493373493974943e+01,-1.024049999999999905e+01
1.555000000000000071e+01,-2.290746385542168539e+01,6.506213253012050224e+00,-2.730799999999999983e+01
1.556000000000000050e+01,-1.786535421686746972e+01,1.262583734939759061e+01,-2.048099999999999810e+01
1.557000000000000028e+01,-9.228787951807227330e+00,2.478283253012049414e+01,-6.144299999999999429e+00
1.558000000000000007e+01,-1.078336987951806414e+01,2.325292650602408173e+01,-7.509699999999999598e+00
1.558999999999999986e+01,-1.798873373493975691e+01,1.250245783132530342e+01,-1.979829999999999757e+01
1.559999999999999964e+01,-1.790648072289156190e+01,1.258471084337349666e+01,-1.979829999999999757e+01
1.560999999999999943e+01,-1.232972650602409281e+01,2.013553734939757689e+01,-1.024049999999999905e+01
1.562000000000000099e+01,-1.129333855421686827e+01,2.162431686746987225e+01,-8.192399999999999238e+00
1.563000000000000078e+01,-1.382673132530119453e+01,1.793938192771085127e+01,-1.297129999999999939e+01
1.564000000000000057e+01,-1.408171566265058949e+01,1.754456746987951732e+01,-1.297129999999999939e+01
1.565000000000000036e+01,-1.607223855421687020e+01,1.472328915662650139e+01,-1.706749999999999901e+01
1.566000000000000014e+01,-1.519213132530119559e+01,1.570210000000000861e+01,-1.638479999999999848e+01
1.566999999999999993e+01,-1.269163975903614450e+01,1.937880963855422323e+01,-1.092319999999999958e+01
1.567999999999999972e+01,-1.287259638554217744e+01,1.921430361445784030e+01,-1.092319999999999958e+01
1.568999999999999950e+01,-1.540598915662649659e+01,1.551291807228915509e+01,-1.501939999999999920e+01
1.569999999999999929e+01,-1.529083493975902819e+01,1.551291807228915509e+01,-1.501939999999999920e+01
1.571000000000000085e+01,-1.262583734939758884e+01,1.862208192771084470e+01,-1.160589999999999833e+01
1.572000000000000064e+01,-1.251068313253012043e+01,1.892641807228916306e+01,-1.160589999999999833e+01
1.573000000000000043e+01,-1.494537228915662297e+01,1.612159036144578295e+01,-1.501939999999999920e+01
1.574000000000000021e+01,-1.534018674698794982e+01,1.539776385542168491e+01,-1.570209999999999972e+01
1.575000000000000000e+01,-1.352239518072289393e+01,1.704282409638554441e+01,-1.297129999999999939e+01
1.575999999999999979e+01,-1.289727228915663026e+01,1.764327108433735702e+01,-1.228859999999999886e+01
1.576999999999999957e+01,-1.308645421686746957e+01,1.819436626506025334e+01,-1.092319999999999958e+01
1.577999999999999936e+01,-1.353884578313252618e+01,1.747876506024097409e+01,-1.228859999999999886e+01
1.579000000000000092e+01,-1.474796506024095066e+01,1.544711566265060299e+01,-1.501939999999999920e+01
1.580000000000000071e+01,-1.441072771084336246e+01,1.581725421686747168e+01,-1.433669999999999867e+01
1.581000000000000050e+01,-1.302887710843373448e+01,1.771729879518071371e+01,-1.297129999999999939e+01
1.582000000000000028e+01,-1.311935542168674829e+01,1.763504578313253290e+01,-1.228859999999999886e+01
1.583000000000000007e+01,-1.422154578313252316e+01,1.596530963855422236e+01,-1.297129999999999939e+01
1.583999999999999986e+01,-1.413929277108432991e+01,1.597353493975904115e+01,-1.297129999999999939e+01
1.584999999999999964e+01,-1.263406265060241118e+01,1.763504578313253290e+01,-1.228859999999999886e+01
1.585999999999999943e+01,-1.256826024096385908e+01,1.773374939759037261e+01,-1.228859999999999886e+01
1.586999999999999922e+01,-1.403236385542167497e+01,1.593240843373494187e+01,-1.297129999999999939e+01
1.588000000000000078e+01,-1.438605180722890786e+01,1.551291807228915509e+01,-1.365399999999999991e+01
1.589000000000000057e+01,-1.334143855421686808e+01,1.641770120481928430e+01,-1.433669999999999867e+01
1.590000000000000036e+01,-1.308645421686746957e+01,1.683719156626506930e+01,-1.365399999999999991e+01
1.591000000000000014e+01,-1.280679397590361468e+01,1.728135783132530534e+01,-1.160589999999999833e+01
1.591999999999999993e+01,-1.314403132530120288e+01,1.691121927710844375e+01,-1.228859999999999886e+01
1.592999999999999972e+01,-1.326741084337349363e+01,1.618739277108434393e+01,-1.297129999999999939e+01
1.593999999999999950e+01,-1.309467951807229014e+01,1.636012409638555098e+01,-1.297129999999999939e+01
1.594999999999999929e+01,-1.279034337349397710e+01,1.675493855421687783e+01,-1.228859999999999886e+01
1.595999999999999908e+01,-1.297952530120482173e+01,1.670558674698796509e+01,-1.228859999999999886e+01
1.597000000000000064e+01,-1.350594457831325101e+01,1.597353493975903405e+01,-1.297129999999999939e+01
1.598000000000000043e+01,-1.339901566265060318e+01,1.600643614457830921e+01,-1.228859999999999886e+01
1.599000000000000021e+01,-1.246955662650602648e+01,1.677138915662651542e+01,-1.228859999999999886e+01
1.600000000000000000e+01,-1.245310602409638889e+01,1.677961445783133243e+01,-1.228859999999999886e+01
1.601000000000000156e+01,-1.273276626506023668e+01,1.650817951807229989e+01,-1.228859999999999886e+01
1.601999999999999957e+01,-1.274099156626505902e+01,1.645060240963855946e+01,-1.228859999999999886e+01
1.603000000000000114e+01,-1.264228795180722820e+01,1.627787108433735952e+01,-1.228859999999999886e+01
1.603999999999999915e+01,-1.262583734939759061e+01,1.624496987951808435e+01,-1.228859999999999886e+01
1.605000000000000071e+01,-1.265873855421686933e+01,1.630254698795181412e+01,-1.160589999999999833e+01
1.605999999999999872e+01,-1.271631566265060620e+01,1.624496987951808080e+01,-1.160589999999999833e+01
1.607000000000000028e+01,-1.260116144578313069e+01,1.637657469879518146e+01,-1.228859999999999886e+01
1.607999999999999829e+01,-1.242020481927710840e+01,1.648350361445783818e+01,-1.160589999999999833e+01
1.608999999999999986e+01,-1.281501927710843169e+01,1.579257831325300998e+01,-1.228859999999999886e+01
1.610000000000000142e+01,-1.280679397590361468e+01,1.582547951807228515e+01,-1.228859999999999886e+01
1.610999999999999943e+01,-1.202539036144578688e+01,1.653285542168675804e+01,-1.160589999999999833e+01
1.612000000000000099e+01,-1.242020481927711018e+01,1.622029397590361910e+01,-1.228859999999999886e+01
1.612999999999999901e+01,-1.164702650602409584e+01,1.681251566265061470e+01,-1.092319999999999958e+01
1.614000000000000057e+01,-1.158944939759036608e+01,1.684541686746989697e+01,-1.092319999999999958e+01
1.614999999999999858e+01,-1.207474216867469252e+01,1.636012409638554743e+01,-1.160589999999999833e+01
1.616000000000000014e+01,-1.209119277108433543e+01,1.631899759036145170e+01,-1.160589999999999833e+01
1.617000000000000171e+01,-1.177863132530120183e+01,1.662333373493977362e+01,-1.092319999999999958e+01
1.617999999999999972e+01,-1.175395542168674368e+01,1.663978433734940765e+01,-1.092319999999999958e+01
1.619000000000000128e+01,-1.174573012048192311e+01,1.640125060240964316e+01,-1.092319999999999958e+01
1.619999999999999929e+01,-1.177863132530120360e+01,1.645060240963856657e+01,-1.092319999999999958e+01
1.621000000000000085e+01,-1.159767469879517598e+01,1.656575662650603320e+01,-1.092319999999999958e+01
1.621999999999999886e+01,-1.153187228915662565e+01,1.660688313253012893e+01,-1.092319999999999958e+01
1.623000000000000043e+01,-1.135914096385541860e+01,1.659043253012049135e+01,-1.092319999999999958e+01
1.623999999999999844e+01,-1.144961927710843064e+01,1.656575662650603675e+01,-1.092319999999999958e+01
1.625000000000000000e+01,-1.135914096385541505e+01,1.649995421686747576e+01,-1.024049999999999905e+01
1.626000000000000156e+01,-1.130978915662650408e+01,1.647527831325302117e+01,-1.024049999999999905e+01
1.626999999999999957e+01,-1.122753614457830729e+01,1.656575662650603675e+01,-1.092319999999999958e+01
1.628000000000000114e+01,-1.126866265060240480e+01,1.654930602409639917e+01,-1.092319999999999958e+01
1.628999999999999915e+01,-1.107125542168673960e+01,1.649172891566265875e+01,-1.024049999999999905e+01
1.630000000000000071e+01,-1.107948072289155483e+01,1.647527831325302117e+01,-1.092319999999999958e+01
1.630999999999999872e+01,-1.099722771084337225e+01,1.654108072289157860e+01,-1.024049999999999905e+01
1.632000000000000028e+01,-1.104657951807228500e+01,1.655753132530121974e+01,-1.024049999999999905e+01
1.632999999999999829e+01,-1.098900240963854458e+01,1.652463012048193391e+01,-1.024049999999999905e+01
1.633999999999999986e+01,-1.098900240963854635e+01,1.660688313253012538e+01,-1.024049999999999905e+01
1.635000000000000142e+01,-1.080804578313251696e+01,1.638480000000000203e+01,-1.160589999999999833e+01
1.635999999999999943e+01,-1.083272168674697866e+01,1.636012409638554388e+01,-1.160589999999999833e+01
1.637000000000000099e+01,-1.067644096385541808e+01,1.650817951807229989e+01,-1.024049999999999905e+01
1.637999999999999901e+01,-1.064353975903614113e+01,1.651640481927712045e+01,-1.024049999999999905e+01
1.639000000000000057e+01,-1.047080843373493764e+01,1.673026265060242324e+01,-1.024049999999999905e+01
1.639999999999999858e+01,-1.046258313253011885e+01,1.667268554216868992e+01,-1.024049999999999905e+01
1.641000000000000014e+01,-1.037210481927709971e+01,1.663978433734941476e+01,-1.024049999999999905e+01
1.641999999999999815e+01,-1.039678072289155786e+01,1.662333373493977362e+01,-9.557800000000000296e+00
1.642999999999999972e+01,-1.028162650602409478e+01,1.661510843373495305e+01,-1.024049999999999905e+01
1.644000000000000128e+01,-1.029807710843373414e+01,1.662333373493977007e+01,-1.024049999999999905e+01
1.644999999999999929e+01,-9.993740963855424653e+00,1.673848795180724380e+01,-9.557800000000000296e+00
1.646000000000000085e+01,-1.000196626506024344e+01,1.675493855421688139e+01,-9.557800000000000296e+00
1.646999999999999886e+01,-9.862136144578313335e+00,1.696057108433735650e+01,-9.557800000000000296e+00
1.648000000000000043e+01,-9.829234939759032841e+00,1.696057108433736005e+01,-9.557800000000000296e+00
1.648999999999999844e+01,-9.821009638554221155e+00,1.688654337349399270e+01,-9.557800000000000296e+00
1.650000000000000000e+01,-9.845685542168675752e+00,1.684541686746989697e+01,-9.557800000000000296e+00
1.650999999999999801e+01,-9.763432530120484287e+00,1.688654337349398915e+01,-8.875099999999997991e+00
1.651999999999999957e+01,-9.730531325301205570e+00,1.690299397590362673e+01,-8.875099999999997991e+00
1.653000000000000114e+01,-9.459096385542167695e+00,1.696057108433736005e+01,-1.024049999999999905e+01
1.653999999999999915e+01,-9.434420481927711322e+00,1.691944457831326076e+01,-1.024049999999999905e+01
1.655000000000000071e+01,-9.294590361445781213e+00,1.709217590361446426e+01,-8.875099999999997991e+00
1.655999999999999872e+01,-9.319266265060239363e+00,1.710862650602410540e+01,-8.875099999999997991e+00
1.657000000000000028e+01,-9.269914457831321286e+00,1.706750000000001322e+01,-8.875099999999997991e+00
1.657999999999999829e+01,-9.269914457831321286e+00,1.704282409638555151e+01,-8.875099999999997991e+00
1.658999999999999986e+01,-9.047831325301199712e+00,1.700992289156627635e+01,-8.875099999999997991e+00
1.660000000000000142e+01,-9.064281927710837294e+00,1.702637349397591393e+01,-8.875099999999997991e+00
1.660999999999999943e+01,-8.998479518072285188e+00,1.718265421686747274e+01,-8.875099999999997991e+00
1.662000000000000099e+01,-9.031380722891560353e+00,1.716620361445783516e+01,-8.875099999999997991e+00
1.662999999999999901e+01,-8.809297590361444108e+00,1.716620361445784226e+01,-8.875099999999997991e+00
1.664000000000000057e+01,-8.759945783132531361e+00,1.719087951807229686e+01,-8.875099999999997991e+00
1.664999999999999858e+01,-8.727044578313252643e+00,1.728958313253012236e+01,-8.192399999999999238e+00
1.666000000000000014e+01,-8.727044578313252643e+00,1.729780843373493937e+01,-8.192399999999999238e+00
1.666999999999999815e+01,-8.620115662650601251e+00,1.727313253012048833e+01,-8.192399999999999238e+00
1.667999999999999972e+01,-8.595439759036143101e+00,1.728135783132531245e+01,-8.192399999999999238e+00
1.669000000000000128e+01,-8.332230120481929347e+00,1.736361084337349681e+01,-8.192399999999999238e+00
1.669999999999999929e+01,-8.332230120481932900e+00,1.743763855421687481e+01,-8.192399999999999238e+00
1.671000000000000085e+01,-8.307554216867471197e+00,1.743763855421687126e+01,-8.192399999999999238e+00
1.671999999999999886e+01,-8.282878313253011271e+00,1.740473734939759609e+01,-8.192399999999999238e+00
1.673000000000000043e+01,-8.118372289156626564e+00,1.761859518072288822e+01,-7.509699999999999598e+00
1.673999999999999844e+01,-8.093696385542168414e+00,1.762682048192771234e+01,-7.509699999999999598e+00
1.675000000000000000e+01,-7.978542168674698232e+00,1.761036987951807120e+01,-7.509699999999999598e+00
1.675999999999999801e+01,-7.953866265060239193e+00,1.760214457831325774e+01,-7.509699999999999598e+00
1.676999999999999957e+01,-7.756459036144581098e+00,1.764327108433735347e+01,-7.509699999999999598e+00
1.678000000000000114e+01,-7.772909638554221345e+00,1.763504578313253290e+01,-7.509699999999999598e+00
1.678999999999999915e+01,-7.698881927710847783e+00,1.772552409638554494e+01,-7.509699999999999598e+00
1.680000000000000071e+01,-7.772909638554218681e+00,1.772552409638554138e+01,-7.509699999999999598e+00
1.680999999999999872e+01,-7.559051807228914122e+00,1.775019999999999953e+01,-6.826999999999999957e+00
1.682000000000000028e+01,-7.517925301204817501e+00,1.775842530120480944e+01,-6.826999999999999957e+00
1.682999999999999829e+01,-7.328743373493974644e+00,1.784890361445783213e+01,-6.826999999999999957e+00
1.683999999999999986e+01,-7.336968674698792547e+00,1.785712891566265270e+01,-6.826999999999999957e+00
1.685000000000000142e+01,-7.304067469879518271e+00,1.789003012048191721e+01,-7.509699999999999598e+00
1.685999999999999943e+01,-7.295842168674699479e+00,1.792293132530119948e+01,-7.509699999999999598e+00
1.687000000000000099e+01,-7.180687951807231073e+00,1.807098674698795904e+01,-6.144299999999999429e+00
1.687999999999999901e+01,-7.123110843373495982e+00,1.809566265060241008e+01,-6.144299999999999429e+00
1.689000000000000057e+01,-6.975055421686748858e+00,1.795583253012047820e+01,-7.509699999999999598e+00
1.689999999999999858e+01,-6.958604819277107723e+00,1.797228313253011578e+01,-7.509699999999999598e+00
1.691000000000000014e+01,-6.859901204819276010e+00,1.820259156626505970e+01,-6.826999999999999957e+00
1.692000000000000171e+01,-6.876351807228914481e+00,1.812856385542168880e+01,-6.826999999999999957e+00
1.692999999999999972e+01,-6.654268674698793795e+00,1.819436626506023913e+01,-6.144299999999999429e+00
1.694000000000000128e+01,-6.662493975903614363e+00,1.812856385542168525e+01,-6.826999999999999957e+00
1.694999999999999929e+01,-6.588466265060239913e+00,1.824371807228915188e+01,-6.144299999999999429e+00
1.696000000000000085e+01,-6.596691566265061368e+00,1.826016867469879301e+01,-6.144299999999999429e+00
1.696999999999999886e+01,-6.415734939759032862e+00,1.844112530120482774e+01,-6.144299999999999429e+00
1.698000000000000043e+01,-6.407509638554214071e+00,1.839999879518072490e+01,-6.144299999999999429e+00
1.699000000000000199e+01,-6.308806024096379694e+00,1.832597108433735045e+01,-6.144299999999999429e+00
1.700000000000000000e+01,-6.317031325301198486e+00,1.830952048192770931e+01,-6.144299999999999429e+00
1.701000000000000156e+01,-6.136074698795173532e+00,1.855627951807229437e+01,-6.826999999999999957e+00
1.701999999999999957e+01,-6.152525301204812003e+00,1.857273012048193550e+01,-6.144299999999999429e+00
1.703000000000000114e+01,-5.996244578313246087e+00,1.849870240963856460e+01,-6.144299999999999429e+00
1.703999999999999915e+01,-5.955118072289150355e+00,1.854805421686747380e+01,-6.144299999999999429e+00
1.705000000000000071e+01,-5.823513253012039925e+00,1.872078554216868440e+01,-6.826999999999999957e+00
1.705999999999999872e+01,-5.831738554216860493e+00,1.872901084337349786e+01,-6.144299999999999429e+00
1.707000000000000028e+01,-5.765936144578307498e+00,1.877013734939760070e+01,-5.461599999999999788e+00
1.707999999999999829e+01,-5.724809638554213542e+00,1.875368674698795601e+01,-5.461599999999999788e+00
1.708999999999999986e+01,-5.584979518072282545e+00,1.874546144578314255e+01,-4.778900000000000148e+00
1.710000000000000142e+01,-5.609655421686740695e+00,1.877836265060242127e+01,-4.778900000000000148e+00
1.710999999999999943e+01,-5.404022891566259368e+00,1.887706626506025032e+01,-4.778900000000000148e+00
1.712000000000000099e+01,-5.395797590361440577e+00,1.885239036144579217e+01,-4.778900000000000148e+00
1.712999999999999901e+01,-5.247742168674696117e+00,1.886884096385542975e+01,-5.461599999999999788e+00
1.714000000000000057e+01,-5.288868674698791850e+00,1.892641807228916306e+01,-5.461599999999999788e+00
1.714999999999999858e+01,-5.116137349397586576e+00,1.910737469879519068e+01,-4.096199999999999619e+00
1.716000000000000014e+01,-5.165489156626504652e+00,1.909092409638554955e+01,-4.096199999999999619e+00
1.717000000000000171e+01,-5.116137349397590128e+00,1.912382530120482471e+01,-5.461599999999999788e+00
1.717999999999999972e+01,-5.124362650602408031e+00,1.909914939759036301e+01,-5.461599999999999788e+00
1.719000000000000128e+01,-4.894054216867470330e+00,1.914027590361446940e+01,-5.461599999999999788e+00
1.719999999999999929e+01,-4.885828915662650651e+00,1.919785301204820627e+01,-5.461599999999999788e+00
1.721000000000000085e+01,-4.721322891566265945e+00,1.935413373493975797e+01,-4.096199999999999619e+00
1.721999999999999886e+01,-4.696646987951808683e+00,1.929655662650601755e+01,-4.096199999999999619e+00
1.723000000000000043e+01,-4.647295180722893271e+00,1.928833132530121475e+01,-4.096199999999999619e+00
1.724000000000000199e+01,-4.647295180722893271e+00,1.931300722891567290e+01,-4.096199999999999619e+00
1.725000000000000000e+01,-4.491014457831328244e+00,1.951863975903614801e+01,-4.778900000000000148e+00
1.726000000000000156e+01,-4.466338554216868317e+00,1.949396385542169341e+01,-4.778900000000000148e+00
1.726999999999999957e+01,-4.416986746987954682e+00,1.951041445783133099e+01,-4.778900000000000148e+00
1.728000000000000114e+01,-4.449887951807230735e+00,1.946928795180723881e+01,-4.778900000000000148e+00
1.728999999999999915e+01,-4.178453012048197301e+00,1.965846987951806213e+01,-4.096199999999999619e+00
1.730000000000000071e+01,-4.170227710843377622e+00,1.969137108433734085e+01,-4.096199999999999619e+00
1.730999999999999872e+01,-4.071524096385544134e+00,1.974894819277108127e+01,-3.413499999999999979e+00
1.732000000000000028e+01,-4.071524096385545022e+00,1.973249759036145079e+01,-3.413499999999999979e+00
1.733000000000000185e+01,-3.882342168674699945e+00,1.969959638554216852e+01,-3.413499999999999979e+00
1.733999999999999986e+01,-3.939919277108435924e+00,1.965846987951806568e+01,-3.413499999999999979e+00
1.735000000000000142e+01,-3.865891566265060586e+00,1.991345421686746420e+01,-4.096199999999999619e+00
1.735999999999999943e+01,-3.832990361445784089e+00,1.992167951807228121e+01,-4.096199999999999619e+00
1.737000000000000099e+01,-3.643808433734940788e+00,1.986410240963855500e+01,-3.413499999999999979e+00
1.737999999999999901e+01,-3.652033734939759135e+00,1.987232771084337557e+01,-3.413499999999999979e+00
1.739000000000000057e+01,-3.594456626506022712e+00,1.995458072289155993e+01,-2.730799999999999894e+00
1.739999999999999858e+01,-3.602681927710842835e+00,1.995458072289155993e+01,-2.730799999999999894e+00
1.741000000000000014e+01,-3.413499999999999091e+00,2.004505903614456130e+01,-3.413499999999999979e+00
1.742000000000000171e+01,-3.405274698795178967e+00,2.005328433734937832e+01,-3.413499999999999979e+00
1.742999999999999972e+01,-3.380598795180722149e+00,2.015198795180722513e+01,-3.413499999999999979e+00
1.744000000000000128e+01,-3.331246987951805849e+00,2.016021325301204570e+01,-3.413499999999999979e+00
1.744999999999999929e+01,-3.166740963855420699e+00,2.030826867469878394e+01,-2.048099999999999810e+00
1.746000000000000085e+01,-3.092713253012046692e+00,2.028359277108431868e+01,-2.048099999999999810e+00
1.746999999999999886e+01,-3.059812048192769307e+00,2.032471927710843573e+01,-2.048099999999999810e+00
1.748000000000000043e+01,-3.051586746987950960e+00,2.034939518072289388e+01,-2.048099999999999810e+00
1.749000000000000199e+01,-2.961108433734938483e+00,2.043987349397589526e+01,-2.730799999999999894e+00
1.750000000000000000e+01,-2.903531325301203392e+00,2.043164819277107824e+01,-2.730799999999999894e+00
1.751000000000000156e+01,-2.870630120481926006e+00,2.051390120481927681e+01,-2.730799999999999894e+00
1.751999999999999957e+01,-2.854179518072286648e+00,2.044809879518072648e+01,-2.730799999999999894e+00
1.753000000000000114e+01,-2.664997590361445123e+00,2.057970361445782359e+01,-1.365399999999999947e+00
1.753999999999999915e+01,-2.664997590361445123e+00,2.061260481927709876e+01,-1.365399999999999947e+00
1.755000000000000071e+01,-2.599195180722889464e+00,2.073598433734939661e+01,-1.365399999999999947e+00
1.755999999999999872e+01,-2.574519277108432647e+00,2.076066024096385121e+01,-2.048099999999999810e+00
1.757000000000000028e+01,-2.442914457831324437e+00,2.067018192771083918e+01,-2.048099999999999810e+00
1.758000000000000185e+01,-2.459365060240962464e+00,2.061260481927710941e+01,-2.048099999999999810e+00
1.758999999999999986e+01,-2.327760240963854699e+00,2.076888554216868243e+01,-1.365399999999999947e+00
1.760000000000000142e+01,-2.335985542168673934e+00,2.084291325301204978e+01,-1.365399999999999947e+00
1.760999999999999943e+01,-2.237281927710843110e+00,2.099096867469879157e+01,-1.365399999999999947e+00
1.762000000000000099e+01,-2.220831325301204195e+00,2.099096867469878802e+01,-6.826999999999999735e-01
1.762999999999999901e+01,-2.089226506024096874e+00,2.092516626506023414e+01,-1.365399999999999947e+00
1.764000000000000057e+01,-2.081001204819277639e+00,2.093339156626505115e+01,-1.365399999999999947e+00
1.764999999999999858e+01,-1.924720481927711280e+00,2.106499638554215892e+01,-6.826999999999999735e-01
1.766000000000000014e+01,-1.908269879518071477e+00,2.104854578313252489e+01,-6.826999999999999735e-01
1.767000000000000171e+01,-1.932945783132530293e+00,2.114724939759035038e+01,-1.365399999999999947e+00
1.767999999999999972e+01,-1.916495180722891822e+00,2.114724939759035394e+01,-6.826999999999999735e-01
1.769000000000000128e+01,-1.776665060240963934e+00,2.120482650602409080e+01,-1.365399999999999947e+00
1.769999999999999929e+01,-1.727313253012048522e+00,2.119660120481927024e+01,-1.365399999999999947e+00
1.771000000000000085e+01,-1.554581927710841693e+00,2.127885421686745104e+01,-6.826999999999999735e-01
1.771999999999999886e+01,-1.579257831325299621e+00,2.136110722891564606e+01,-6.826999999999999735e-01
1.773000000000000043e+01,-1.546356626506023124e+00,2.130353012048191985e+01,-1.365399999999999947e+00
1.773999999999999844e+01,-1.521680722891565418e+00,2.127062891566264469e+01,-1.365399999999999947e+00
1.775000000000000000e+01,-1.390075903614456765e+00,2.148448674698793681e+01,-1.365399999999999947e+00
1.776000000000000156e+01,-1.406526506024095458e+00,2.144336024096383753e+01,-1.365399999999999947e+00
1.776999999999999957e+01,-1.332498795180721674e+00,2.144336024096384108e+01,-6.826999999999999735e-01
1.778000000000000114e+01,-1.324273493975902438e+00,2.142690963855420350e+01,-6.826999999999999735e-01
1.778999999999999915e+01,-1.011712048192770608e+00,2.160786626506023111e+01,-1.365399999999999947e+00
1.780000000000000071e+01,-1.085739759036143726e+00,2.162431686746986159e+01,-6.826999999999999735e-01
1.780999999999999872e+01,-1.036387951807227426e+00,2.169011927710841547e+01,0.000000000000000000e+00
1.782000000000000028e+01,-9.870361445783117915e-01,2.173124578313251121e+01,-6.826999999999999735e-01
1.782999999999999829e+01,-9.130084337349390067e-01,2.173947108433733177e+01,0.000000000000000000e+00
1.783999999999999986e+01,-9.623602409638547517e-01,2.171479518072287362e+01,0.000000000000000000e+00
1.785000000000000142e+01,-9.294590361445772553e-01,2.183817469879516437e+01,6.826999999999999735e-01
1.785999999999999943e+01,-9.212337349397580200e-01,2.179704819277106864e+01,6.826999999999999735e-01
1.787000000000000099e+01,-5.510951807228912092e-01,2.192042771084335229e+01,0.000000000000000000e+00
1.787999999999999901e+01,-5.593204819277105555e-01,2.191220240963853882e+01,0.000000000000000000e+00
1.789000000000000057e+01,-6.004469879518072872e-01,2.201913132530118489e+01,-6.826999999999999735e-01
1.789999999999999858e+01,-6.168975903614457579e-01,2.203558192771083313e+01,0.000000000000000000e+00
1.791000000000000014e+01,-5.593204819277105555e-01,2.204380722891563593e+01,6.826999999999999735e-01
1.791999999999999815e+01,-5.181939759036142679e-01,2.206025783132528062e+01,6.826999999999999735e-01
1.792999999999999972e+01,-2.467590361445783642e-01,2.214251084337347208e+01,1.365399999999999947e+00
1.794000000000000128e+01,-2.385337349397590456e-01,2.213428554216865152e+01,1.365399999999999947e+00
1.794999999999999929e+01,-2.632096385542169736e-01,2.218363734939757492e+01,1.365399999999999947e+00
1.796000000000000085e+01,-2.796602409638554998e-01,2.222476385542166710e+01,1.365399999999999947e+00
1.796999999999999886e+01,-1.398301204819276944e-01,2.226589036144576639e+01,6.826999999999999735e-01
1.798000000000000043e+01,-1.069289156626505727e-01,2.226589036144576284e+01,6.826999999999999735e-01
1.798999999999999844e+01,-2.675236203916039996e-18,2.243862168674697699e+01,1.365399999999999947e+00
1.800000000000000000e+01,-3.290120481927710089e-02,2.238104457831324012e+01,1.365399999999999947e+00
1.800999999999999801e+01,1.069289156626505727e-01,2.243039638554215287e+01,1.365399999999999947e+00
1.801999999999999957e+01,1.151542168674698635e-01,2.236459397590359544e+01,1.365399999999999947e+00
1.803000000000000114e+01,3.536879518072291173e-01,2.248797349397588974e+01,1.365399999999999947e+00
1.803999999999999915e+01,3.207867469879519540e-01,2.246329759036142804e+01,1.365399999999999947e+00
1.805000000000000071e+01,2.467590361445783642e-01,2.262780361445783228e+01,6.826999999999999735e-01
1.805999999999999872e+01,2.303084337349398103e-01,2.263602891566264574e+01,6.826999999999999735e-01
1.807000000000000028e+01,3.619132530120483526e-01,2.265247951807227977e+01,1.365399999999999947e+00
1.807999999999999829e+01,3.783638554216868788e-01,2.265247951807228333e+01,1.365399999999999947e+00
1.808999999999999986e+01,5.346445783132528495e-01,2.277585903614456697e+01,2.730799999999999894e+00
1.810000000000000142e+01,4.852927710843373266e-01,2.276763373493975351e+01,2.730799999999999894e+00
1.810999999999999943e+01,5.510951807228913202e-01,2.274295783132529536e+01,1.365399999999999947e+00
1.812000000000000099e+01,5.593204819277108886e-01,2.274295783132529536e+01,1.365399999999999947e+00
1.812999999999999901e+01,7.567277108433728694e-01,2.290746385542168895e+01,1.365399999999999947e+00
1.814000000000000057e+01,7.320518072289151634e-01,2.291568915662650596e+01,1.365399999999999947e+00
1.814999999999999858e+01,7.649530120481922157e-01,2.302261807228916979e+01,2.048099999999999810e+00
1.816000000000000014e+01,7.567277108433729804e-01,2.304729397590362794e+01,2.048099999999999810e+00
1.817000000000000171e+01,9.212337349397582420e-01,2.294036506024096767e+01,2.730799999999999894e+00
1.817999999999999972e+01,8.965578313253005360e-01,2.295681566265060880e+01,2.730799999999999894e+00
1.818999999999999773e+01,9.870361445783123466e-01,2.303906867469880382e+01,2.048099999999999810e+00
1.819999999999999929e+01,1.028162650602408856e+00,2.306374457831326197e+01,2.730799999999999894e+00
1.821000000000000085e+01,1.052838554216866340e+00,2.321180000000001442e+01,2.048099999999999810e+00
1.821999999999999886e+01,1.077514457831323824e+00,2.320357469879519385e+01,2.048099999999999810e+00
1.823000000000000043e+01,1.167992771084336079e+00,2.317067349397592579e+01,2.730799999999999894e+00
1.824000000000000199e+01,1.233795180722890183e+00,2.316244819277110167e+01,2.730799999999999894e+00
1.825000000000000000e+01,1.348949397590360144e+00,2.325292650602411726e+01,3.413499999999999979e+00
1.825999999999999801e+01,1.324273493975902438e+00,2.329405301204821654e+01,3.413499999999999979e+00
1.826999999999999957e+01,1.307822891566263968e+00,2.340098192771086616e+01,1.365399999999999947e+00
1.828000000000000114e+01,1.274921686746987248e+00,2.336808072289158744e+01,1.365399999999999947e+00
1.828999999999999915e+01,1.472328915662650006e+00,2.339275662650604204e+01,2.730799999999999894e+00
1.830000000000000071e+01,1.505230120481927170e+00,2.341743253012050019e+01,2.730799999999999894e+00
1.830999999999999872e+01,1.595708433734938536e+00,2.350791084337351577e+01,3.413499999999999979e+00
1.832000000000000028e+01,1.579257831325300288e+00,2.345855903614459947e+01,2.730799999999999894e+00
1.832999999999999829e+01,1.636834939759035823e+00,2.353258674698797748e+01,3.413499999999999979e+00
1.833999999999999986e+01,1.645060240963854614e+00,2.354903734939761506e+01,3.413499999999999979e+00
1.835000000000000142e+01,1.751989156626505340e+00,2.368886746987953629e+01,3.413499999999999979e+00
1.835999999999999943e+01,1.719087951807228398e+00,2.366419156626508524e+01,3.413499999999999979e+00
1.837000000000000099e+01,1.784890361445782947e+00,2.366419156626508169e+01,2.730799999999999894e+00
1.837999999999999901e+01,1.801340963855421418e+00,2.368064216867471927e+01,2.730799999999999894e+00
1.839000000000000057e+01,1.908269879518072809e+00,2.372176867469881856e+01,3.413499999999999979e+00
1.839999999999999858e+01,1.867143373493975966e+00,2.375466987951809017e+01,4.096199999999999619e+00
1.841000000000000014e+01,1.982297590361445483e+00,2.383692289156628874e+01,3.413499999999999979e+00
1.842000000000000171e+01,1.982297590361446149e+00,2.385337349397592988e+01,3.413499999999999979e+00
1.842999999999999972e+01,2.015198795180723312e+00,2.388627469879519793e+01,2.730799999999999894e+00
1.844000000000000128e+01,2.023424096385542992e+00,2.386159879518074689e+01,2.730799999999999894e+00
1.844999999999999929e+01,2.261957831325300816e+00,2.401787951807230570e+01,4.096199999999999619e+00
1.846000000000000085e+01,2.261957831325300372e+00,2.402610481927712627e+01,4.096199999999999619e+00
1.846999999999999886e+01,2.311309638554216228e+00,2.397675301204822063e+01,4.096199999999999619e+00
1.848000000000000043e+01,2.286633734939758522e+00,2.398497831325303409e+01,4.096199999999999619e+00
1.849000000000000199e+01,2.294859036144577313e+00,2.405900602409639788e+01,4.096199999999999619e+00
1.850000000000000000e+01,2.294859036144577313e+00,2.410013253012049006e+01,4.096199999999999619e+00
1.850999999999999801e+01,2.533392771084336026e+00,2.415770963855423048e+01,2.730799999999999894e+00
1.851999999999999957e+01,2.533392771084336470e+00,2.420706144578313612e+01,2.730799999999999894e+00
1.853000000000000114e+01,2.615645783132529267e+00,2.428108915662652478e+01,4.778900000000000148e+00
1.853999999999999915e+01,2.607420481927708700e+00,2.428108915662652834e+01,5.461599999999999788e+00
1.855000000000000071e+01,2.607420481927709588e+00,2.423173734939758361e+01,4.778900000000000148e+00
1.856000000000000227e+01,2.640321686746986529e+00,2.423996265060241484e+01,4.778900000000000148e+00
1.857000000000000028e+01,2.722574698795179327e+00,2.434689156626505735e+01,4.096199999999999619e+00
1.857999999999999829e+01,2.780151807228914418e+00,2.442091927710842469e+01,4.096199999999999619e+00
1.858999999999999986e+01,2.837728915662648621e+00,2.444559518072288995e+01,4.778900000000000148e+00
1.860000000000000142e+01,2.845954216867467856e+00,2.443736987951807293e+01,4.778900000000000148e+00
1.860999999999999943e+01,2.887080722891564477e+00,2.455252409638554667e+01,4.096199999999999619e+00
1.862000000000000099e+01,2.870630120481925562e+00,2.455252409638554667e+01,4.096199999999999619e+00
1.862999999999999901e+01,2.952883132530119248e+00,2.453607349397589843e+01,5.461599999999999788e+00
1.864000000000000057e+01,2.936432530120480777e+00,2.451139759036144028e+01,5.461599999999999788e+00
1.864999999999999858e+01,3.109163855421685607e+00,2.453607349397589843e+01,4.096199999999999619e+00
1.866000000000000014e+01,3.109163855421685163e+00,2.454429879518072255e+01,4.096199999999999619e+00
1.867000000000000171e+01,3.216092771084337443e+00,2.468412891566264733e+01,5.461599999999999788e+00
1.867999999999999972e+01,3.199642168674698528e+00,2.469235421686746434e+01,5.461599999999999788e+00
1.869000000000000128e+01,3.183191566265058281e+00,2.471703012048193315e+01,4.778900000000000148e+00
1.869999999999999929e+01,3.240768674698793372e+00,2.466767831325300975e+01,4.778900000000000148e+00
1.871000000000000085e+01,3.207867469879517319e+00,2.479928313253011396e+01,5.461599999999999788e+00
1.871999999999999886e+01,3.191416867469878405e+00,2.476638192771083169e+01,5.461599999999999788e+00
1.873000000000000043e+01,3.380598795180722593e+00,2.483218433734938912e+01,4.778900000000000148e+00
1.874000000000000199e+01,3.397049397590361064e+00,2.484863493975903381e+01,4.778900000000000148e+00
1.875000000000000000e+01,3.495753012048191888e+00,2.481573373493975154e+01,4.778900000000000148e+00
1.876000000000000156e+01,3.503978313253011123e+00,2.478283253012047638e+01,5.461599999999999788e+00
1.876999999999999957e+01,3.520428915662650926e+00,2.502959156626505788e+01,5.461599999999999788e+00
1.878000000000000114e+01,3.512203614457831247e+00,2.502959156626505788e+01,5.461599999999999788e+00
1.878999999999999915e+01,3.652033734939760024e+00,2.498023975903614513e+01,5.461599999999999788e+00
1.880000000000000071e+01,3.701385542168675880e+00,2.498846506024096570e+01,5.461599999999999788e+00
1.880999999999999872e+01,3.586231325301204809e+00,2.501314096385542030e+01,5.461599999999999788e+00
1.882000000000000028e+01,3.643808433734940788e+00,2.503781686746987489e+01,5.461599999999999788e+00
1.883000000000000185e+01,3.816539759036145618e+00,2.524344939759037487e+01,6.144299999999999429e+00
1.883999999999999986e+01,3.841215662650602880e+00,2.522699879518073729e+01,6.144299999999999429e+00
1.885000000000000142e+01,3.849440963855422559e+00,2.513652048192770749e+01,6.144299999999999429e+00
1.885999999999999943e+01,3.857666265060241795e+00,2.512006987951806636e+01,6.144299999999999429e+00
1.887000000000000099e+01,3.915243373493977774e+00,2.519409759036145147e+01,5.461599999999999788e+00
1.887999999999999901e+01,3.898792771084338860e+00,2.522699879518073018e+01,5.461599999999999788e+00
1.889000000000000057e+01,3.972820481927713754e+00,2.516942168674699332e+01,5.461599999999999788e+00
1.889999999999999858e+01,4.022172289156628722e+00,2.512829518072289403e+01,6.144299999999999429e+00
1.891000000000000014e+01,4.055073493975905663e+00,2.537505421686747553e+01,6.826999999999999957e+00
1.892000000000000171e+01,4.030397590361448401e+00,2.539973012048193368e+01,6.826999999999999957e+00
1.892999999999999972e+01,4.178453012048194637e+00,2.549843373493977339e+01,6.144299999999999429e+00
1.894000000000000128e+01,4.170227710843376734e+00,2.553133493975904500e+01,6.144299999999999429e+00
1.894999999999999929e+01,4.277156626506028125e+00,2.536682891566265852e+01,6.144299999999999429e+00
1.896000000000000085e+01,4.219579518072292146e+00,2.536682891566265852e+01,6.826999999999999957e+00
1.896999999999999886e+01,4.260706024096387878e+00,2.555601084337351736e+01,6.144299999999999429e+00
1.898000000000000043e+01,4.285381927710846917e+00,2.553133493975905921e+01,6.144299999999999429e+00
1.899000000000000199e+01,4.425212048192772585e+00,2.544908192771084643e+01,5.461599999999999788e+00
1.900000000000000000e+01,4.400536144578315323e+00,2.546553253012049467e+01,5.461599999999999788e+00
1.901000000000000156e+01,4.293607228915665708e+00,2.560536265060241590e+01,6.826999999999999957e+00
1.901999999999999957e+01,4.367634939759039270e+00,2.557246144578313718e+01,7.509699999999999598e+00
1.903000000000000114e+01,4.630844578313254800e+00,2.567939036144579390e+01,6.826999999999999957e+00
1.903999999999999915e+01,4.556816867469881238e+00,2.569584096385542793e+01,6.826999999999999957e+00
1.905000000000000071e+01,4.556816867469883903e+00,2.570406626506025205e+01,6.144299999999999429e+00
1.905999999999999872e+01,4.540366265060245432e+00,2.569584096385543504e+01,6.144299999999999429e+00
1.907000000000000028e+01,4.696646987951811347e+00,2.574519277108435489e+01,6.144299999999999429e+00
1.908000000000000185e+01,4.704872289156629250e+00,2.579454457831326408e+01,6.144299999999999429e+00
1.908999999999999986e+01,4.639069879518075368e+00,2.575341807228916124e+01,7.509699999999999598e+00
1.910000000000000142e+01,4.680196385542171100e+00,2.577809397590361229e+01,7.509699999999999598e+00
1.910999999999999943e+01,4.762449397590365230e+00,2.572051686746989319e+01,6.826999999999999957e+00
1.912000000000000099e+01,4.787125301204822492e+00,2.574519277108435489e+01,6.826999999999999957e+00
1.912999999999999901e+01,4.885828915662654204e+00,2.595082530120482645e+01,6.144299999999999429e+00
1.914000000000000057e+01,4.820026506024098545e+00,2.592614939759037540e+01,6.144299999999999429e+00
1.914999999999999858e+01,4.877603614457832748e+00,2.590147349397590304e+01,7.509699999999999598e+00
1.916000000000000014e+01,4.902279518072291786e+00,2.588502289156626546e+01,7.509699999999999598e+00
1.917000000000000171e+01,5.000983132530120834e+00,2.595082530120482645e+01,7.509699999999999598e+00
1.917999999999999972e+01,5.017433734939757528e+00,2.592614939759036474e+01,7.509699999999999598e+00
1.919000000000000128e+01,5.157263855421686749e+00,2.607420481927711364e+01,6.826999999999999957e+00
1.919999999999999929e+01,5.124362650602409808e+00,2.612355662650602639e+01,6.144299999999999429e+00
1.921000000000000085e+01,5.033884337349396887e+00,2.613178192771084696e+01,6.826999999999999957e+00
1.921999999999999886e+01,5.050334939759035358e+00,2.606597951807229308e+01,6.826999999999999957e+00
1.923000000000000043e+01,5.149038554216867958e+00,2.608243012048193421e+01,7.509699999999999598e+00
1.923999999999999844e+01,5.165489156626504652e+00,2.606597951807228597e+01,7.509699999999999598e+00
1.925000000000000000e+01,5.280643373493973947e+00,2.618113373493976326e+01,7.509699999999999598e+00
1.926000000000000156e+01,5.264192771084333700e+00,2.620580963855422496e+01,7.509699999999999598e+00
1.926999999999999957e+01,5.297093975903613305e+00,2.618113373493975615e+01,6.826999999999999957e+00
1.928000000000000114e+01,5.329995180722890247e+00,2.619758433734940795e+01,6.826999999999999957e+00
1.928999999999999915e+01,5.346445783132527829e+00,2.621403493975903132e+01,7.509699999999999598e+00
1.930000000000000071e+01,5.362896385542164523e+00,2.622226024096385544e+01,7.509699999999999598e+00
1.930999999999999872e+01,5.428698795180721071e+00,2.631273855421687813e+01,6.826999999999999957e+00
1.932000000000000028e+01,5.412248192771081712e+00,2.629628795180724410e+01,6.826999999999999957e+00
1.932999999999999829e+01,5.461599999999995347e+00,2.630451325301204335e+01,7.509699999999999598e+00
1.933999999999999986e+01,5.494501204819271400e+00,2.631273855421685681e+01,7.509699999999999598e+00
1.935000000000000142e+01,5.543853012048189477e+00,2.639499156626505183e+01,6.826999999999999957e+00
1.935999999999999943e+01,5.543853012048189477e+00,2.638676626506024192e+01,6.826999999999999957e+00
1.937000000000000099e+01,5.642556626506017636e+00,2.637031566265060079e+01,7.509699999999999598e+00
1.937999999999999901e+01,5.617880722891562151e+00,2.634563975903613553e+01,7.509699999999999598e+00
1.939000000000000057e+01,5.642556626506019413e+00,2.646079397590359505e+01,7.509699999999999598e+00
1.939999999999999858e+01,5.634331325301199733e+00,2.642789277108433410e+01,7.509699999999999598e+00
1.941000000000000014e+01,5.741260240963848460e+00,2.652659638554216315e+01,7.509699999999999598e+00
1.942000000000000171e+01,5.765936144578306610e+00,2.650192048192770500e+01,7.509699999999999598e+00
1.942999999999999972e+01,5.675457831325294578e+00,2.652659638554216315e+01,7.509699999999999598e+00
1.944000000000000128e+01,5.708359036144571519e+00,2.651014578313251846e+01,7.509699999999999598e+00
1.944999999999999929e+01,5.905766265060236719e+00,2.660884939759035461e+01,8.192399999999999238e+00
1.946000000000000085e+01,5.864639759036140099e+00,2.664997590361444679e+01,8.192399999999999238e+00
1.946999999999999886e+01,5.807062650602402343e+00,2.655127228915662485e+01,7.509699999999999598e+00
1.948000000000000043e+01,5.790612048192763872e+00,2.655127228915662485e+01,7.509699999999999598e+00
1.948999999999999844e+01,5.979793975903606729e+00,2.663352530120480566e+01,7.509699999999999598e+00
1.950000000000000000e+01,5.971568674698788826e+00,2.661707469879517518e+01,7.509699999999999598e+00
1.950999999999999801e+01,6.029145783132523029e+00,2.669110240963854963e+01,8.192399999999999238e+00
1.951999999999999957e+01,5.979793975903606729e+00,2.669110240963856029e+01,8.192399999999999238e+00
1.953000000000000114e+01,6.004469879518064879e+00,2.676513012048192053e+01,8.192399999999999238e+00
1.953999999999999915e+01,6.070272289156618761e+00,2.679803132530120280e+01,8.192399999999999238e+00
1.955000000000000071e+01,6.160750602409631682e+00,2.673222891566266313e+01,7.509699999999999598e+00
1.956000000000000227e+01,6.094948192771077800e+00,2.670755301204819787e+01,7.509699999999999598e+00
1.957000000000000028e+01,6.136074698795172644e+00,2.673222891566264536e+01,8.875099999999997991e+00
1.957999999999999829e+01,6.152525301204812003e+00,2.674867951807227939e+01,8.875099999999997991e+00
1.958999999999999986e+01,6.251228915662644603e+00,2.683915783132529853e+01,8.192399999999999238e+00
1.960000000000000142e+01,6.234778313253006132e+00,2.683093253012047796e+01,8.192399999999999238e+00
1.960999999999999943e+01,6.152525301204811115e+00,2.682270722891565384e+01,8.192399999999999238e+00
1.962000000000000099e+01,6.168975903614450473e+00,2.684738313253011199e+01,8.192399999999999238e+00
1.962999999999999901e+01,6.391059036144575600e+00,2.686383373493974958e+01,8.192399999999999238e+00
1.964000000000000057e+01,6.391059036144573824e+00,2.684738313253011199e+01,8.192399999999999238e+00
1.964999999999999858e+01,6.341707228915657524e+00,2.678158072289156166e+01,8.192399999999999238e+00
1.966000000000000014e+01,6.358157831325296883e+00,2.682270722891565384e+01,8.192399999999999238e+00
1.967000000000000171e+01,6.432185542168672221e+00,2.695431204819276516e+01,8.875099999999997991e+00
1.967999999999999972e+01,6.407509638554214071e+00,2.696253734939758218e+01,8.875099999999997991e+00
1.968999999999999773e+01,6.374608433734935353e+00,2.695431204819277582e+01,7.509699999999999598e+00
1.969999999999999929e+01,6.391059036144572936e+00,2.688028433734939782e+01,7.509699999999999598e+00
1.971000000000000085e+01,6.580240963855420233e+00,2.692963614457830701e+01,8.192399999999999238e+00
1.971999999999999886e+01,6.563790361445782651e+00,2.692963614457830701e+01,8.875099999999997991e+00
1.973000000000000043e+01,6.530889156626503045e+00,2.713526867469878567e+01,8.875099999999997991e+00
1.974000000000000199e+01,6.522663855421685142e+00,2.708591686746986937e+01,8.875099999999997991e+00
1.975000000000000000e+01,6.621367469879513301e+00,2.703656506024096018e+01,8.192399999999999238e+00
1.975999999999999801e+01,6.555565060240959419e+00,2.702833975903614316e+01,8.192399999999999238e+00
1.976999999999999957e+01,6.695395180722890416e+00,2.711059277108433108e+01,8.875099999999997991e+00
1.978000000000000114e+01,6.670719277108431378e+00,2.713526867469878923e+01,8.875099999999997991e+00
1.978999999999999915e+01,6.637818072289153548e+00,2.700366385542167436e+01,8.192399999999999238e+00
1.980000000000000071e+01,6.678944578313250169e+00,2.703656506024096018e+01,8.192399999999999238e+00
1.981000000000000227e+01,6.835225301204821413e+00,2.717639518072289206e+01,8.875099999999997991e+00
1.982000000000000028e+01,6.827000000000000846e+00,2.721752168674699135e+01,8.875099999999997991e+00
1.982999999999999829e+01,6.761197590361445187e+00,2.709414216867469705e+01,8.875099999999997991e+00
1.983999999999999986e+01,6.728296385542165581e+00,2.710236746987951406e+01,8.875099999999997991e+00
1.985000000000000142e+01,6.909253012048190534e+00,2.731622530120481684e+01,8.192399999999999238e+00
1.985999999999999943e+01,6.958604819277107723e+00,2.725864819277108353e+01,8.192399999999999238e+00
1.987000000000000099e+01,6.983280722891566761e+00,2.707769156626505591e+01,8.875099999999997991e+00
1.988000000000000256e+01,6.942154216867468364e+00,2.706946626506023890e+01,8.875099999999997991e+00
1.989000000000000057e+01,6.909253012048190534e+00,2.725864819277107642e+01,8.875099999999997991e+00
1.989999999999999858e+01,6.901027710843373519e+00,2.726687349397590054e+01,8.875099999999997991e+00
1.991000000000000014e+01,6.942154216867471028e+00,2.726687349397590054e+01,8.875099999999997991e+00
1.992000000000000171e+01,6.917478313253011990e+00,2.721752168674698069e+01,8.875099999999997991e+00
1.992999999999999972e+01,7.090209638554216376e+00,2.728332409638553457e+01,8.192399999999999238e+00
1.993999999999999773e+01,7.090209638554216376e+00,2.726687349397589344e+01,8.875099999999997991e+00
1.994999999999999929e+01,7.147786746987953244e+00,2.736557710843373670e+01,9.557800000000000296e+00
1.996000000000000085e+01,7.098434939759036943e+00,2.734090120481927855e+01,9.557800000000000296e+00
1.996999999999999886e+01,7.057308433734938546e+00,2.730799999999999983e+01,8.875099999999997991e+00
1.998000000000000043e+01,7.106660240963855735e+00,2.734090120481927144e+01,8.875099999999997991e+00
1.999000000000000199e+01,7.205363855421687447e+00,2.736557710843372604e+01,8.875099999999997991e+00
2.000000000000000000e+01,7.197138554216868656e+00,2.733267590361445443e+01,8.875099999999997991e+00
2.000999999999999801e+01,7.114885542168674526e+00,2.745605542168675584e+01,8.875099999999997991e+00
2.001999999999999957e+01,7.123110843373493317e+00,2.743960481927710759e+01,8.875099999999997991e+00
2.003000000000000114e+01,7.262940963855423426e+00,2.741492891566264589e+01,8.875099999999997991e+00
2.003999999999999915e+01,7.304067469879518271e+00,2.739025301204819840e+01,8.875099999999997991e+00
2.005000000000000071e+01,7.378095180722888280e+00,2.746428072289156219e+01,9.557800000000000296e+00
2.006000000000000227e+01,7.378095180722890056e+00,2.746428072289156574e+01,9.557800000000000296e+00
2.007000000000000028e+01,7.328743373493974644e+00,2.745605542168673807e+01,8.875099999999997991e+00
2.007999999999999829e+01,7.353419277108431018e+00,2.748895662650601679e+01,9.557800000000000296e+00
2.008999999999999986e+01,7.410996385542168774e+00,2.757120963855420470e+01,8.875099999999997991e+00
2.010000000000000142e+01,7.402771084337349983e+00,2.761233614457830043e+01,9.557800000000000296e+00
2.010999999999999943e+01,7.378095180722890944e+00,2.753008313253012673e+01,8.875099999999997991e+00
2.012000000000000099e+01,7.378095180722890056e+00,2.751363253012048560e+01,8.875099999999997991e+00
2.012999999999999901e+01,7.452122891566265395e+00,2.752185783132529906e+01,8.875099999999997991e+00
2.014000000000000057e+01,7.485024096385544112e+00,2.747250602409638276e+01,8.875099999999997991e+00
2.014999999999999858e+01,7.641304819277105587e+00,2.757943493975903237e+01,9.557800000000000296e+00
2.016000000000000014e+01,7.616628915662648325e+00,2.760411084337348342e+01,9.557800000000000296e+00
2.016999999999999815e+01,7.641304819277107363e+00,2.752185783132529906e+01,8.875099999999997991e+00
2.017999999999999972e+01,7.583727710843371383e+00,2.756298433734939479e+01,8.875099999999997991e+00
2.019000000000000128e+01,7.534375903614455083e+00,2.753008313253012318e+01,9.557800000000000296e+00
2.020000000000000284e+01,7.559051807228911457e+00,2.753830843373494019e+01,9.557800000000000296e+00
2.021000000000000085e+01,7.649530120481925266e+00,2.762056144578312455e+01,1.024049999999999905e+01
2.021999999999999886e+01,7.600178313253011630e+00,2.759588554216866640e+01,9.557800000000000296e+00
2.023000000000000043e+01,7.674206024096386969e+00,2.758766024096385294e+01,8.875099999999997991e+00
2.024000000000000199e+01,7.674206024096386081e+00,2.757120963855421536e+01,8.875099999999997991e+00
2.025000000000000000e+01,7.715332530120480037e+00,2.769458915662650611e+01,9.557800000000000296e+00
2.025999999999999801e+01,7.715332530120478260e+00,2.771926506024096426e+01,9.557800000000000296e+00
2.026999999999999957e+01,7.665980722891564625e+00,2.768636385542168554e+01,1.024049999999999905e+01
2.028000000000000114e+01,7.690656626506023663e+00,2.764523734939758626e+01,1.024049999999999905e+01
2.028999999999999915e+01,7.789360240963851822e+00,2.770281445783131957e+01,8.875099999999997991e+00
2.030000000000000071e+01,7.797585542168673278e+00,2.778506746987951459e+01,8.875099999999997991e+00
2.030999999999999872e+01,7.781134939759039248e+00,2.767813855421686142e+01,9.557800000000000296e+00
2.032000000000000028e+01,7.789360240963858928e+00,2.763701204819276214e+01,9.557800000000000296e+00
2.032999999999999829e+01,7.888063855421682646e+00,2.776861686746987345e+01,9.557800000000000296e+00
2.033999999999999986e+01,7.879838554216863855e+00,2.778506746987950748e+01,1.024049999999999905e+01
2.035000000000000142e+01,7.879838554216869184e+00,2.771103975903612948e+01,9.557800000000000296e+00
2.035999999999999943e+01,7.879838554216869184e+00,2.767813855421685432e+01,9.557800000000000296e+00
2.037000000000000099e+01,7.994992771084336702e+00,2.768636385542168554e+01,9.557800000000000296e+00
2.038000000000000256e+01,8.011443373493975173e+00,2.775216626506023587e+01,9.557800000000000296e+00
2.039000000000000057e+01,7.962091566265063314e+00,2.784264457831325146e+01,1.024049999999999905e+01
2.039999999999999858e+01,7.912739759036145237e+00,2.782619397590361388e+01,9.557800000000000296e+00
2.041000000000000014e+01,7.994992771084338479e+00,2.772749036144577062e+01,9.557800000000000296e+00
2.042000000000000171e+01,7.994992771084339367e+00,2.771103975903612948e+01,9.557800000000000296e+00
2.042999999999999972e+01,8.175949397590361656e+00,2.769458915662650256e+01,1.024049999999999905e+01
2.044000000000000128e+01,8.110146987951805997e+00,2.774394096385542241e+01,1.024049999999999905e+01
2.044999999999999929e+01,8.052569879518072682e+00,2.783441927710842378e+01,9.557800000000000296e+00
2.046000000000000085e+01,8.069020481927710264e+00,2.782619397590361388e+01,9.557800000000000296e+00
2.046999999999999886e+01,8.151273493975901729e+00,2.785086987951806492e+01,9.557800000000000296e+00
2.048000000000000043e+01,8.101921686746987206e+00,2.783441927710842378e+01,9.557800000000000296e+00
2.048999999999999844e+01,8.192399999999999238e+00,2.784264457831325146e+01,1.024049999999999905e+01
2.050000000000000000e+01,8.175949397590359879e+00,2.782619397590361388e+01,1.024049999999999905e+01
2.050999999999999801e+01,8.184174698795180447e+00,2.785909518072288193e+01,9.557800000000000296e+00
2.051999999999999957e+01,8.184174698795178671e+00,2.785909518072288549e+01,9.557800000000000296e+00
2.053000000000000114e+01,8.241751807228910209e+00,2.780974337349397274e+01,9.557800000000000296e+00
2.053999999999999915e+01,8.217075903614455612e+00,2.780974337349397274e+01,9.557800000000000296e+00
2.055000000000000071e+01,8.200625301204814477e+00,2.794134819277108406e+01,1.024049999999999905e+01
2.056000000000000227e+01,8.167724096385537536e+00,2.794957349397590107e+01,1.024049999999999905e+01
2.057000000000000028e+01,8.274653012048190703e+00,2.789199638554215710e+01,9.557800000000000296e+00
2.057999999999999829e+01,8.274653012048190703e+00,2.786732048192770606e+01,9.557800000000000296e+00
2.058999999999999986e+01,8.348680722891566930e+00,2.783441927710842378e+01,1.024049999999999905e+01
2.060000000000000142e+01,8.373356626506023304e+00,2.790022168674698477e+01,1.024049999999999905e+01
2.060999999999999943e+01,8.249977108433732553e+00,2.790844698795180179e+01,1.024049999999999905e+01
2.062000000000000099e+01,8.258202409638553121e+00,2.793312289156625994e+01,1.024049999999999905e+01
2.062999999999999901e+01,8.340455421686744586e+00,2.788377108433735074e+01,9.557800000000000296e+00
2.064000000000000057e+01,8.365131325301202736e+00,2.787554578313252662e+01,9.557800000000000296e+00
2.064999999999999858e+01,8.430933734939754842e+00,2.792489759036143226e+01,1.024049999999999905e+01
2.066000000000000014e+01,8.430933734939756619e+00,2.790844698795179113e+01,1.024049999999999905e+01
2.067000000000000171e+01,8.439159036144573633e+00,2.796602409638553510e+01,1.024049999999999905e+01
2.067999999999999972e+01,8.406257831325298469e+00,2.792489759036143226e+01,1.024049999999999905e+01
2.068999999999999773e+01,8.496736144578314054e+00,2.789199638554215710e+01,1.024049999999999905e+01
2.069999999999999929e+01,8.463834939759035336e+00,2.787554578313251241e+01,1.024049999999999905e+01
2.071000000000000085e+01,8.463834939759033560e+00,2.807295301204818117e+01,1.092319999999999958e+01
2.071999999999999886e+01,8.480285542168671142e+00,2.805650240963854714e+01,1.092319999999999958e+01
2.073000000000000043e+01,8.496736144578315830e+00,2.794957349397589041e+01,1.024049999999999905e+01
2.074000000000000199e+01,8.554313253012047369e+00,2.794134819277107340e+01,1.024049999999999905e+01
2.075000000000000000e+01,8.653016867469878193e+00,2.794957349397590463e+01,1.024049999999999905e+01
2.076000000000000156e+01,8.669467469879515775e+00,2.797424939759035212e+01,1.024049999999999905e+01
2.076999999999999957e+01,8.529637349397589219e+00,2.806472771084335349e+01,1.024049999999999905e+01
2.078000000000000114e+01,8.529637349397585666e+00,2.800715060240962018e+01,1.024049999999999905e+01
2.078999999999999915e+01,8.661242168674693431e+00,2.806472771084335349e+01,1.024049999999999905e+01
2.080000000000000071e+01,8.694143373493970373e+00,2.807295301204817761e+01,1.024049999999999905e+01
2.080999999999999872e+01,8.669467469879513999e+00,2.808117831325299818e+01,1.092319999999999958e+01
2.082000000000000028e+01,8.653016867469878193e+00,2.804827710843372301e+01,1.092319999999999958e+01
2.082999999999999829e+01,8.743495180722888449e+00,2.799069999999999325e+01,1.024049999999999905e+01
2.083999999999999986e+01,8.743495180722886673e+00,2.802360120481927197e+01,1.024049999999999905e+01
2.085000000000000142e+01,8.669467469879512223e+00,2.809762891566263932e+01,1.092319999999999958e+01
2.085999999999999943e+01,8.669467469879508670e+00,2.810585421686746344e+01,1.160589999999999833e+01
2.086999999999999744e+01,8.661242168674696984e+00,2.792489759036144292e+01,1.092319999999999958e+01
2.087999999999999901e+01,8.718819277108432075e+00,2.791667228915662591e+01,1.092319999999999958e+01
2.089000000000000057e+01,8.908001204819274932e+00,2.808117831325300529e+01,1.024049999999999905e+01
2.090000000000000213e+01,8.908001204819276708e+00,2.811407951807228045e+01,1.024049999999999905e+01
2.091000000000000014e+01,8.801072289156621764e+00,2.808940361445781875e+01,1.092319999999999958e+01
2.092000000000000171e+01,8.743495180722886673e+00,2.806472771084336060e+01,1.092319999999999958e+01
2.092999999999999972e+01,8.875099999999996214e+00,2.800715060240963084e+01,1.092319999999999958e+01
2.094000000000000128e+01,8.850424096385536288e+00,2.806472771084336415e+01,1.092319999999999958e+01
2.094999999999999929e+01,8.891550602409635573e+00,2.799892530120480316e+01,1.024049999999999905e+01
2.096000000000000085e+01,8.883325301204815005e+00,2.800715060240962728e+01,1.024049999999999905e+01
2.096999999999999886e+01,8.833973493975898705e+00,2.804005180722889179e+01,1.024049999999999905e+01
2.098000000000000043e+01,8.792846987951804749e+00,2.808940361445781875e+01,1.024049999999999905e+01
2.099000000000000199e+01,8.965578313253013576e+00,2.812230481927709036e+01,1.160589999999999833e+01
2.100000000000000000e+01,9.023155421686746891e+00,2.811407951807226979e+01,1.160589999999999833e+01
2.100999999999999801e+01,8.949127710843367112e+00,2.804827710843371946e+01,1.160589999999999833e+01
2.101999999999999957e+01,8.965578313253008247e+00,2.806472771084335349e+01,1.160589999999999833e+01
2.103000000000000114e+01,8.973803614457827038e+00,2.799892530120480316e+01,1.092319999999999958e+01
2.103999999999999915e+01,8.973803614457825262e+00,2.799069999999998259e+01,1.092319999999999958e+01
2.104999999999999716e+01,8.973803614457830591e+00,2.808940361445782230e+01,1.092319999999999958e+01
2.105999999999999872e+01,8.965578313253010023e+00,2.812230481927709747e+01,1.092319999999999958e+01
2.107000000000000028e+01,9.031380722891565682e+00,2.805650240963854714e+01,1.092319999999999958e+01
2.108000000000000185e+01,9.006704819277107532e+00,2.807295301204817761e+01,1.092319999999999958e+01
2.108999999999999986e+01,9.039606024096380921e+00,2.810585421686746344e+01,1.092319999999999958e+01
2.110000000000000142e+01,9.064281927710839071e+00,2.810585421686745633e+01,1.160589999999999833e+01
2.110999999999999943e+01,9.064281927710842623e+00,2.809762891566262866e+01,1.092319999999999958e+01
2.112000000000000099e+01,9.064281927710839071e+00,2.804827710843371946e+01,1.092319999999999958e+01
2.112999999999999901e+01,9.056056626506020280e+00,2.813053012048192159e+01,1.160589999999999833e+01
2.114000000000000057e+01,9.097183132530117788e+00,2.813053012048191093e+01,1.160589999999999833e+01
2.114999999999999858e+01,9.220562650602408539e+00,2.821278313253010595e+01,1.092319999999999958e+01
2.116000000000000014e+01,9.195886746987946836e+00,2.816343132530117188e+01,1.092319999999999958e+01
2.117000000000000171e+01,9.097183132530121341e+00,2.811407951807228045e+01,1.160589999999999833e+01
2.117999999999999972e+01,9.138309638554218850e+00,2.812230481927710457e+01,1.160589999999999833e+01
2.118999999999999773e+01,9.220562650602406762e+00,2.802360120481926131e+01,1.092319999999999958e+01
2.119999999999999929e+01,9.204112048192769180e+00,2.799892530120479961e+01,1.092319999999999958e+01
2.121000000000000085e+01,9.220562650602403210e+00,2.811407951807228045e+01,1.092319999999999958e+01
2.121999999999999886e+01,9.195886746987946836e+00,2.816343132530118964e+01,1.092319999999999958e+01
2.123000000000000043e+01,9.335716867469878721e+00,2.817988192771083078e+01,1.092319999999999958e+01
2.124000000000000199e+01,9.343942168674697513e+00,2.812230481927709036e+01,1.160589999999999833e+01
2.125000000000000000e+01,9.294590361445784765e+00,2.812230481927709036e+01,1.092319999999999958e+01
2.126000000000000156e+01,9.278139759036147183e+00,2.812230481927709036e+01,1.092319999999999958e+01
2.126999999999999957e+01,9.286365060240960645e+00,2.813875542168673149e+01,1.160589999999999833e+01
2.128000000000000114e+01,9.278139759036141854e+00,2.804827710843371946e+01,1.160589999999999833e+01
2.128999999999999915e+01,9.302815662650600004e+00,2.804005180722890245e+01,1.160589999999999833e+01
2.130000000000000071e+01,9.245238554216864912e+00,2.804827710843372301e+01,1.160589999999999833e+01
2.131000000000000227e+01,9.212337349397589747e+00,2.824568433734937400e+01,1.092319999999999958e+01
2.132000000000000028e+01,9.269914457831326615e+00,2.815520602409637263e+01,1.092319999999999958e+01
2.132999999999999829e+01,9.417969879518075516e+00,2.813875542168673149e+01,1.160589999999999833e+01
2.133999999999999986e+01,9.426195180722896083e+00,2.817165662650600311e+01,1.160589999999999833e+01
2.135000000000000142e+01,9.360392771084335095e+00,2.810585421686745633e+01,1.228859999999999886e+01
2.135999999999999943e+01,9.343942168674693960e+00,2.808940361445781875e+01,1.297129999999999939e+01
2.137000000000000099e+01,9.409744578313256724e+00,2.823745903614456054e+01,1.160589999999999833e+01
2.137999999999999901e+01,9.393293975903615589e+00,2.826213493975901869e+01,1.160589999999999833e+01
2.139000000000000057e+01,9.434420481927707769e+00,2.817988192771083078e+01,1.092319999999999958e+01
2.139999999999999858e+01,9.467321686746984710e+00,2.821278313253010595e+01,1.092319999999999958e+01
2.141000000000000014e+01,9.475546987951805278e+00,2.813053012048191448e+01,1.160589999999999833e+01
2.142000000000000171e+01,9.434420481927707769e+00,2.813875542168673860e+01,1.160589999999999833e+01
2.142999999999999972e+01,9.450871084337345351e+00,2.811407951807225913e+01,1.228859999999999886e+01
2.144000000000000128e+01,9.574250602409637878e+00,2.807295301204816695e+01,1.228859999999999886e+01
2.145000000000000284e+01,9.524898795180723354e+00,2.807295301204819182e+01,1.092319999999999958e+01
2.146000000000000085e+01,9.483772289156625845e+00,2.804827710843373723e+01,1.092319999999999958e+01
2.146999999999999886e+01,9.483772289156627622e+00,2.821278313253009529e+01,1.160589999999999833e+01
2.148000000000000043e+01,9.549574698795181504e+00,2.821278313253009529e+01,1.160589999999999833e+01
2.149000000000000199e+01,9.631827710843372969e+00,2.823745903614455699e+01,1.160589999999999833e+01
2.150000000000000000e+01,9.664728915662651687e+00,2.822100843373492651e+01,1.160589999999999833e+01
2.150999999999999801e+01,9.508448192771085772e+00,2.811407951807227334e+01,1.228859999999999886e+01
2.151999999999999957e+01,9.500222891566266981e+00,2.811407951807227334e+01,1.228859999999999886e+01
2.153000000000000114e+01,9.623602409638555955e+00,2.807295301204817761e+01,1.160589999999999833e+01
2.153999999999999915e+01,9.640053012048195313e+00,2.813053012048191448e+01,1.092319999999999958e+01
2.155000000000000071e+01,9.566025301204819087e+00,2.815520602409636552e+01,1.160589999999999833e+01
2.155999999999999872e+01,9.541349397590362713e+00,2.812230481927708681e+01,1.160589999999999833e+01
2.157000000000000028e+01,9.598926506024096028e+00,2.815520602409636552e+01,1.228859999999999886e+01
2.157999999999999829e+01,9.656503614457831119e+00,2.815520602409636552e+01,1.228859999999999886e+01
2.158999999999999986e+01,9.705855421686749196e+00,2.814698072289154496e+01,1.228859999999999886e+01
2.160000000000000142e+01,9.672954216867472255e+00,2.813053012048191448e+01,1.160589999999999833e+01
2.160999999999999943e+01,9.615377108433733611e+00,2.813875542168673149e+01,1.228859999999999886e+01
2.162000000000000099e+01,9.664728915662649911e+00,2.819633253012046836e+01,1.228859999999999886e+01
2.163000000000000256e+01,9.763432530120478958e+00,2.822923373493973997e+01,1.160589999999999833e+01
2.164000000000000057e+01,9.746981927710843152e+00,2.820455783132528893e+01,1.160589999999999833e+01
2.164999999999999858e+01,9.705855421686747420e+00,2.807295301204818117e+01,1.092319999999999958e+01
2.166000000000000014e+01,9.705855421686749196e+00,2.804827710843371946e+01,1.092319999999999958e+01
2.167000000000000171e+01,9.821009638554215826e+00,2.817165662650601377e+01,1.160589999999999833e+01
2.167999999999999972e+01,9.837460240963856961e+00,2.817165662650600666e+01,1.160589999999999833e+01
2.169000000000000128e+01,9.763432530120486064e+00,2.810585421686745633e+01,1.228859999999999886e+01
2.169999999999999929e+01,9.779883132530125422e+00,2.811407951807229111e+01,1.228859999999999886e+01
2.171000000000000085e+01,9.903262650602412620e+00,2.808117831325298752e+01,1.160589999999999833e+01
2.171999999999999886e+01,9.895037349397592052e+00,2.812230481927707970e+01,1.160589999999999833e+01
2.173000000000000043e+01,9.796333734939763005e+00,2.827858554216865627e+01,1.228859999999999886e+01
2.173999999999999844e+01,9.755207228915667272e+00,2.827036024096383215e+01,1.228859999999999886e+01
2.175000000000000000e+01,9.870361445783133902e+00,2.814698072289155562e+01,1.160589999999999833e+01
2.175999999999999801e+01,9.903262650602412620e+00,2.816343132530119675e+01,1.160589999999999833e+01
2.177000000000000313e+01,9.886812048192769709e+00,2.813053012048191448e+01,1.160589999999999833e+01
2.178000000000000114e+01,9.886812048192771485e+00,2.813053012048191448e+01,1.160589999999999833e+01
2.178999999999999915e+01,9.911487951807229635e+00,2.797424939759034146e+01,1.160589999999999833e+01
2.180000000000000071e+01,9.886812048192771485e+00,2.794957349397589397e+01,1.160589999999999833e+01
2.181000000000000227e+01,9.927938554216870770e+00,2.817165662650600311e+01,1.297129999999999939e+01
2.182000000000000028e+01,9.927938554216870770e+00,2.815520602409636552e+01,1.297129999999999939e+01
2.182999999999999829e+01,9.985515662650605861e+00,2.821278313253009884e+01,1.160589999999999833e+01
2.183999999999999986e+01,1.001841686746988280e+01,2.819633253012045770e+01,1.160589999999999833e+01
2.185000000000000142e+01,9.969065060240966503e+00,2.813053012048192159e+01,1.228859999999999886e+01
2.185999999999999943e+01,1.003486746987951861e+01,2.815520602409639039e+01,1.297129999999999939e+01
2.187000000000000099e+01,9.936163855421686009e+00,2.816343132530118254e+01,1.228859999999999886e+01
2.187999999999999901e+01,9.952614457831323591e+00,2.814698072289154851e+01,1.228859999999999886e+01
2.189000000000000057e+01,9.969065060240966503e+00,2.806472771084336415e+01,1.160589999999999833e+01
2.189999999999999858e+01,1.002664216867470159e+01,2.812230481927710457e+01,1.228859999999999886e+01
2.191000000000000014e+01,1.005954337349397498e+01,2.812230481927709747e+01,1.228859999999999886e+01
2.192000000000000171e+01,1.003486746987951683e+01,2.812230481927710457e+01,1.228859999999999886e+01
2.192999999999999972e+01,1.013357108433734943e+01,2.810585421686746699e+01,1.228859999999999886e+01
2.193999999999999773e+01,1.014179638554216645e+01,2.810585421686746344e+01,1.228859999999999886e+01
2.195000000000000284e+01,1.003486746987952039e+01,2.814698072289154496e+01,1.297129999999999939e+01
2.196000000000000085e+01,1.007599397590361789e+01,2.814698072289154496e+01,1.297129999999999939e+01
2.196999999999999886e+01,1.023227469879518203e+01,2.815520602409636197e+01,1.160589999999999833e+01
2.198000000000000043e+01,1.021582409638553912e+01,2.812230481927709036e+01,1.160589999999999833e+01
2.199000000000000199e+01,1.013357108433734766e+01,2.810585421686745278e+01,1.297129999999999939e+01
2.200000000000000000e+01,1.005131807228915441e+01,2.809762891566263932e+01,1.297129999999999939e+01
2.201000000000000156e+01,1.024872530120481784e+01,2.805650240963854358e+01,1.228859999999999886e+01
2.201999999999999957e+01,1.028162650602409300e+01,2.808117831325298752e+01,1.228859999999999886e+01
2.203000000000000114e+01,1.017469759036144517e+01,2.815520602409637618e+01,1.228859999999999886e+01
2.203999999999999915e+01,1.017469759036144694e+01,2.814698072289154851e+01,1.228859999999999886e+01
2.205000000000000071e+01,1.019114819277108275e+01,2.816343132530118964e+01,1.228859999999999886e+01
2.205999999999999872e+01,1.015824698795180403e+01,2.812230481927708681e+01,1.160589999999999833e+01
2.207000000000000028e+01,1.030630240963854938e+01,2.813053012048190382e+01,1.297129999999999939e+01
2.207999999999999829e+01,1.033097831325300930e+01,2.810585421686744567e+01,1.297129999999999939e+01
2.208999999999999986e+01,1.027340120481927599e+01,2.806472771084337126e+01,1.228859999999999886e+01
2.210000000000000142e+01,1.028162650602409656e+01,2.808117831325300884e+01,1.228859999999999886e+01
2.210999999999999943e+01,1.025695060240963663e+01,2.802360120481926131e+01,1.160589999999999833e+01
2.211999999999999744e+01,1.031452771084337172e+01,2.809762891566263932e+01,1.160589999999999833e+01
2.213000000000000256e+01,1.030630240963855293e+01,2.817988192771082367e+01,1.228859999999999886e+01
2.214000000000000057e+01,1.030630240963855648e+01,2.818810722891564780e+01,1.228859999999999886e+01
2.214999999999999858e+01,1.036387951807228625e+01,2.799069999999999325e+01,1.228859999999999886e+01
2.216000000000000014e+01,1.040500602409637843e+01,2.798247469879516558e+01,1.228859999999999886e+01
2.217000000000000171e+01,1.042145662650602311e+01,2.808117831325299818e+01,1.297129999999999939e+01
2.217999999999999972e+01,1.036387951807228625e+01,2.813875542168673149e+01,1.297129999999999939e+01
2.219000000000000128e+01,1.030630240963855293e+01,2.808940361445782230e+01,1.228859999999999886e+01
2.219999999999999929e+01,1.031452771084337527e+01,2.808117831325299818e+01,1.228859999999999886e+01
2.221000000000000085e+01,1.043790722891565892e+01,2.807295301204818117e+01,1.092319999999999958e+01
2.221999999999999886e+01,1.043790722891565892e+01,2.809762891566263576e+01,1.160589999999999833e+01
2.223000000000000043e+01,1.043790722891566247e+01,2.798247469879516913e+01,1.297129999999999939e+01
2.224000000000000199e+01,1.045435783132529828e+01,2.801537590361443719e+01,1.297129999999999939e+01
2.225000000000000000e+01,1.049548433734939579e+01,2.803182650602408543e+01,1.297129999999999939e+01
2.225999999999999801e+01,1.050370963855421103e+01,2.806472771084336415e+01,1.297129999999999939e+01
2.226999999999999957e+01,1.049548433734939579e+01,2.813875542168673149e+01,1.092319999999999958e+01
2.228000000000000114e+01,1.046258313253011885e+01,2.808117831325299463e+01,1.092319999999999958e+01
2.228999999999999915e+01,1.052016024096385038e+01,2.794957349397590463e+01,1.228859999999999886e+01
2.230000000000000071e+01,1.047903373493975465e+01,2.797424939759035212e+01,1.228859999999999886e+01
2.231000000000000227e+01,1.065999036144577872e+01,2.809762891566263576e+01,1.297129999999999939e+01
2.232000000000000028e+01,1.067644096385541808e+01,2.809762891566263932e+01,1.297129999999999939e+01
2.233000000000000185e+01,1.047080843373493586e+01,2.803182650602408543e+01,1.228859999999999886e+01
2.233999999999999986e+01,1.039678072289156496e+01,2.804827710843373012e+01,1.160589999999999833e+01
2.235000000000000142e+01,1.059418795180722306e+01,2.797424939759034501e+01,1.228859999999999886e+01
2.235999999999999943e+01,1.061063855421686242e+01,2.797424939759035212e+01,1.228859999999999886e+01
2.237000000000000099e+01,1.056128674698794789e+01,2.806472771084336060e+01,1.228859999999999886e+01
2.237999999999999901e+01,1.055306144578312733e+01,2.808117831325299818e+01,1.228859999999999886e+01
2.239000000000000057e+01,1.057773734939758192e+01,2.787554578313252662e+01,1.228859999999999886e+01
2.239999999999999858e+01,1.065176506024095637e+01,2.785909518072288193e+01,1.228859999999999886e+01
2.241000000000000014e+01,1.064353975903613758e+01,2.804005180722890245e+01,1.160589999999999833e+01
2.242000000000000171e+01,1.059418795180722128e+01,2.806472771084336060e+01,1.160589999999999833e+01
2.242999999999999972e+01,1.066821566265059751e+01,2.794134819277107340e+01,1.228859999999999886e+01
2.243999999999999773e+01,1.062708915662650000e+01,2.798247469879515847e+01,1.228859999999999886e+01
2.244999999999999929e+01,1.072579277108432905e+01,2.801537590361445496e+01,1.228859999999999886e+01
2.246000000000000085e+01,1.070111686746987267e+01,2.801537590361444430e+01,1.228859999999999886e+01
2.246999999999999886e+01,1.073401807228914961e+01,2.792489759036143226e+01,1.228859999999999886e+01
2.248000000000000043e+01,1.069289156626505388e+01,2.794957349397589041e+01,1.228859999999999886e+01
2.249000000000000199e+01,1.079159518072288648e+01,2.799069999999999681e+01,1.228859999999999886e+01
