sample_delay_us,ch1_V
-24.496000,-0.1819961
-24.488000,-0.1820494
-24.480000,-0.1821028
-24.472000,-0.1821028
-24.464000,-0.1821561
-24.456000,-0.1821561
-24.448000,-0.1821028
-24.440000,-0.1821028
-24.432000,-0.1819961
-24.424000,-0.1819427
-24.416000,-0.1819427
-24.408000,-0.1819427
-24.400000,-0.1819427
-24.392000,-0.1819961
-24.384000,-0.1819961
-24.376000,-0.1818894
-24.368000,-0.1818894
-24.360000,-0.1819427
-24.352000,-0.1819961
-24.344000,-0.1818894
-24.336000,-0.1818894
-24.328000,-0.1819961
-24.320000,-0.1819961
-24.312000,-0.1819961
-24.304000,-0.1819427
-24.296000,-0.1819961
-24.288000,-0.1819961
-24.280000,-0.1818894
-24.272000,-0.1818894
-24.264000,-0.1819427
-24.256000,-0.1819427
-24.248000,-0.1819961
-24.240000,-0.1819961
-24.232000,-0.1819427
-24.224000,-0.1818894
-24.216000,-0.1819427
-24.208000,-0.1819427
-24.200000,-0.1819427
-24.192000,-0.1819427
-24.184000,-0.1818894
-24.176000,-0.1819427
-24.168000,-0.1818894
-24.160000,-0.1818361
-24.152000,-0.1817827
-24.144000,-0.1818894
-24.136000,-0.1818894
-24.128000,-0.1818894
-24.120000,-0.1818361
-24.112000,-0.1818361
-24.104000,-0.1818894
-24.096000,-0.1818361
-24.088000,-0.1818894
-24.080000,-0.1819427
-24.072000,-0.1817827
-24.064000,-0.1817294
-24.056000,-0.1818361
-24.048000,-0.1818894
-24.040000,-0.1819961
-24.032000,-0.1818894
-24.024000,-0.1818361
-24.016000,-0.1817827
-24.008000,-0.1818361
-24.000000,-0.1817827
-23.992000,-0.1817827
-23.984000,-0.1818361
-23.976000,-0.1817827
-23.968000,-0.1818361
-23.960000,-0.1818361
-23.952000,-0.1818361
-23.944000,-0.1817827
-23.936000,-0.1817827
-23.928000,-0.1818361
-23.920000,-0.1818894
-23.912000,-0.1818361
-23.904000,-0.1818361
-23.896000,-0.1818361
-23.888000,-0.1817827
-23.880000,-0.1817827
-23.872000,-0.1817827
-23.864000,-0.1818361
-23.856000,-0.1818361
-23.848000,-0.1818361
-23.840000,-0.1818361
-23.832000,-0.1818361
-23.824000,-0.1818361
-23.816000,-0.1817827
-23.808000,-0.1818361
-23.800000,-0.1818361
-23.792000,-0.1817827
-23.784000,-0.1817827
-23.776000,-0.1817294
-23.768000,-0.1817294
-23.760000,-0.1817294
-23.752000,-0.1815694
-23.744000,-0.1816760
-23.736000,-0.1817827
-23.728000,-0.1817294
-23.720000,-0.1816227
-23.712000,-0.1817294
-23.704000,-0.1817294
-23.696000,-0.1816760
-23.688000,-0.1816227
-23.680000,-0.1816760
-23.672000,-0.1816760
-23.664000,-0.1817827
-23.656000,-0.1817294
-23.648000,-0.1816760
-23.640000,-0.1816227
-23.632000,-0.1816227
-23.624000,-0.1816760
-23.616000,-0.1816227
-23.608000,-0.1816227
-23.600000,-0.1816227
-23.592000,-0.1816227
-23.584000,-0.1817294
-23.576000,-0.1817294
-23.568000,-0.1816760
-23.560000,-0.1817294
-23.552000,-0.1817294
-23.544000,-0.1816760
-23.536000,-0.1815694
-23.528000,-0.1816227
-23.520000,-0.1816227
-23.512000,-0.1815160
-23.504000,-0.1815694
-23.496000,-0.1816227
-23.488000,-0.1816760
-23.480000,-0.1816227
-23.472000,-0.1816227
-23.464000,-0.1816760
-23.456000,-0.1816760
-23.448000,-0.1816227
-23.440000,-0.1816227
-23.432000,-0.1815694
-23.424000,-0.1815160
-23.416000,-0.1816227
-23.408000,-0.1815694
-23.400000,-0.1815694
-23.392000,-0.1815694
-23.384000,-0.1816227
-23.376000,-0.1815694
-23.368000,-0.1816227
-23.360000,-0.1815694
-23.352000,-0.1815160
-23.344000,-0.1815694
-23.336000,-0.1815694
-23.328000,-0.1814627
-23.320000,-0.1814627
-23.312000,-0.1815160
-23.304000,-0.1815694
-23.296000,-0.1815160
-23.288000,-0.1815160
-23.280000,-0.1815694
-23.272000,-0.1816227
-23.264000,-0.1815160
-23.256000,-0.1814093
-23.248000,-0.1814093
-23.240000,-0.1815160
-23.232000,-0.1815160
-23.224000,-0.1814093
-23.216000,-0.1813560
-23.208000,-0.1815160
-23.200000,-0.1815160
-23.192000,-0.1815160
-23.184000,-0.1815694
-23.176000,-0.1815160
-23.168000,-0.1815694
-23.160000,-0.1815694
-23.152000,-0.1815160
-23.144000,-0.1814627
-23.136000,-0.1815160
-23.128000,-0.1814627
-23.120000,-0.1814093
-23.112000,-0.1813560
-23.104000,-0.1814093
-23.096000,-0.1814627
-23.088000,-0.1814093
-23.080000,-0.1814627
-23.072000,-0.1814627
-23.064000,-0.1815160
-23.056000,-0.1814627
-23.048000,-0.1814093
-23.040000,-0.1813560
-23.032000,-0.1814093
-23.024000,-0.1814093
-23.016000,-0.1813560
-23.008000,-0.1814093
-23.000000,-0.1814093
-22.992000,-0.1813027
-22.984000,-0.1813560
-22.976000,-0.1814093
-22.968000,-0.1814093
-22.960000,-0.1813560
-22.952000,-0.1813560
-22.944000,-0.1813560
-22.936000,-0.1813027
-22.928000,-0.1813560
-22.920000,-0.1813560
-22.912000,-0.1813027
-22.904000,-0.1813027
-22.896000,-0.1813027
-22.888000,-0.1813027
-22.880000,-0.1814093
-22.872000,-0.1813560
-22.864000,-0.1813560
-22.856000,-0.1814093
-22.848000,-0.1813560
-22.840000,-0.1813560
-22.832000,-0.1812493
-22.824000,-0.1812493
-22.816000,-0.1813027
-22.808000,-0.1812493
-22.800000,-0.1813560
-22.792000,-0.1814093
-22.784000,-0.1813560
-22.776000,-0.1812493
-22.768000,-0.1811960
-22.760000,-0.1812493
-22.752000,-0.1813027
-22.744000,-0.1813027
-22.736000,-0.1813027
-22.728000,-0.1813027
-22.720000,-0.1812493
-22.712000,-0.1812493
-22.704000,-0.1813027
-22.696000,-0.1812493
-22.688000,-0.1813027
-22.680000,-0.1812493
-22.672000,-0.1812493
-22.664000,-0.1812493
-22.656000,-0.1812493
-22.648000,-0.1813027
-22.640000,-0.1812493
-22.632000,-0.1812493
-22.624000,-0.1813027
-22.616000,-0.1813027
-22.608000,-0.1812493
-22.600000,-0.1812493
-22.592000,-0.1813027
-22.584000,-0.1811960
-22.576000,-0.1811960
-22.568000,-0.1811160
-22.560000,-0.1811960
-22.552000,-0.1812493
-22.544000,-0.1811960
-22.536000,-0.1811960
-22.528000,-0.1813560
-22.520000,-0.1812493
-22.512000,-0.1811160
-22.504000,-0.1811160
-22.496000,-0.1811960
-22.488000,-0.1811960
-22.480000,-0.1812493
-22.472000,-0.1813027
-22.464000,-0.1813027
-22.456000,-0.1812493
-22.448000,-0.1811160
-22.440000,-0.1811160
-22.432000,-0.1811160
-22.424000,-0.1811160
-22.416000,-0.1811160
-22.408000,-0.1810626
-22.400000,-0.1810626
-22.392000,-0.1811960
-22.384000,-0.1811960
-22.376000,-0.1810626
-22.368000,-0.1810093
-22.360000,-0.1810093
-22.352000,-0.1810626
-22.344000,-0.1810626
-22.336000,-0.1810626
-22.328000,-0.1811160
-22.320000,-0.1811160
-22.312000,-0.1811160
-22.304000,-0.1810626
-22.296000,-0.1810626
-22.288000,-0.1810626
-22.280000,-0.1811160
-22.272000,-0.1811960
-22.264000,-0.1811960
-22.256000,-0.1811960
-22.248000,-0.1811960
-22.240000,-0.1811960
-22.232000,-0.1811160
-22.224000,-0.1810093
-22.216000,-0.1810626
-22.208000,-0.1811160
-22.200000,-0.1810626
-22.192000,-0.1811160
-22.184000,-0.1811160
-22.176000,-0.1810626
-22.168000,-0.1810093
-22.160000,-0.1810093
-22.152000,-0.1810626
-22.144000,-0.1810093
-22.136000,-0.1810093
-22.128000,-0.1810093
-22.120000,-0.1810093
-22.112000,-0.1810626
-22.104000,-0.1810626
-22.096000,-0.1809560
-22.088000,-0.1809026
-22.080000,-0.1810093
-22.072000,-0.1810093
-22.064000,-0.1809560
-22.056000,-0.1810093
-22.048000,-0.1810093
-22.040000,-0.1809560
-22.032000,-0.1809560
-22.024000,-0.1809560
-22.016000,-0.1810093
-22.008000,-0.1809560
-22.000000,-0.1809560
-21.992000,-0.1809560
-21.984000,-0.1809026
-21.976000,-0.1809560
-21.968000,-0.1810093
-21.960000,-0.1809560
-21.952000,-0.1809026
-21.944000,-0.1809026
-21.936000,-0.1809560
-21.928000,-0.1810093
-21.920000,-0.1810093
-21.912000,-0.1809026
-21.904000,-0.1809026
-21.896000,-0.1809026
-21.888000,-0.1809026
-21.880000,-0.1809560
-21.872000,-0.1809560
-21.864000,-0.1808493
-21.856000,-0.1807426
-21.848000,-0.1807959
-21.840000,-0.1808493
-21.832000,-0.1808493
-21.824000,-0.1807959
-21.816000,-0.1807959
-21.808000,-0.1807959
-21.800000,-0.1807426
-21.792000,-0.1808493
-21.784000,-0.1807959
-21.776000,-0.1807959
-21.768000,-0.1807959
-21.760000,-0.1807959
-21.752000,-0.1808493
-21.744000,-0.1807959
-21.736000,-0.1807959
-21.728000,-0.1808493
-21.720000,-0.1808493
-21.712000,-0.1807426
-21.704000,-0.1807959
-21.696000,-0.1807959
-21.688000,-0.1807959
-21.680000,-0.1808493
-21.672000,-0.1807959
-21.664000,-0.1807426
-21.656000,-0.1808493
-21.648000,-0.1808493
-21.640000,-0.1807959
-21.632000,-0.1807959
-21.624000,-0.1808493
-21.616000,-0.1808493
-21.608000,-0.1807959
-21.600000,-0.1807959
-21.592000,-0.1808493
-21.584000,-0.1808493
-21.576000,-0.1807959
-21.568000,-0.1807426
-21.560000,-0.1807426
-21.552000,-0.1807959
-21.544000,-0.1807426
-21.536000,-0.1807426
-21.528000,-0.1807959
-21.520000,-0.1807959
-21.512000,-0.1807426
-21.504000,-0.1807959
-21.496000,-0.1806892
-21.488000,-0.1806892
-21.480000,-0.1806892
-21.472000,-0.1806892
-21.464000,-0.1806892
-21.456000,-0.1806892
-21.448000,-0.1807959
-21.440000,-0.1808493
-21.432000,-0.1807426
-21.424000,-0.1806892
-21.416000,-0.1806359
-21.408000,-0.1806359
-21.400000,-0.1805826
-21.392000,-0.1805826
-21.384000,-0.1805826
-21.376000,-0.1806359
-21.368000,-0.1806359
-21.360000,-0.1805826
-21.352000,-0.1805292
-21.344000,-0.1805292
-21.336000,-0.1806892
-21.328000,-0.1805826
-21.320000,-0.1804759
-21.312000,-0.1805826
-21.304000,-0.1806892
-21.296000,-0.1806359
-21.288000,-0.1805826
-21.280000,-0.1806359
-21.272000,-0.1805826
-21.264000,-0.1805826
-21.256000,-0.1805826
-21.248000,-0.1806359
-21.240000,-0.1806359
-21.232000,-0.1805826
-21.224000,-0.1805826
-21.216000,-0.1805292
-21.208000,-0.1805292
-21.200000,-0.1805826
-21.192000,-0.1806359
-21.184000,-0.1805292
-21.176000,-0.1805826
-21.168000,-0.1805826
-21.160000,-0.1805292
-21.152000,-0.1805292
-21.144000,-0.1806359
-21.136000,-0.1806359
-21.128000,-0.1805826
-21.120000,-0.1805292
-21.112000,-0.1805292
-21.104000,-0.1805292
-21.096000,-0.1805292
-21.088000,-0.1804759
-21.080000,-0.1805292
-21.072000,-0.1805826
-21.064000,-0.1804759
-21.056000,-0.1804759
-21.048000,-0.1805292
-21.040000,-0.1804759
-21.032000,-0.1805292
-21.024000,-0.1805292
-21.016000,-0.1804226
-21.008000,-0.1804226
-21.000000,-0.1803692
-20.992000,-0.1804226
-20.984000,-0.1804226
-20.976000,-0.1805292
-20.968000,-0.1805826
-20.960000,-0.1805292
-20.952000,-0.1804759
-20.944000,-0.1804226
-20.936000,-0.1804226
-20.928000,-0.1803692
-20.920000,-0.1804226
-20.912000,-0.1804226
-20.904000,-0.1804226
-20.896000,-0.1803692
-20.888000,-0.1803692
-20.880000,-0.1803159
-20.872000,-0.1804226
-20.864000,-0.1804759
-20.856000,-0.1804226
-20.848000,-0.1803159
-20.840000,-0.1802625
-20.832000,-0.1803692
-20.824000,-0.1804759
-20.816000,-0.1804226
-20.808000,-0.1803692
-20.800000,-0.1803692
-20.792000,-0.1804759
-20.784000,-0.1803692
-20.776000,-0.1803692
-20.768000,-0.1804226
-20.760000,-0.1804226
-20.752000,-0.1803159
-20.744000,-0.1803159
-20.736000,-0.1803692
-20.728000,-0.1803692
-20.720000,-0.1803159
-20.712000,-0.1803159
-20.704000,-0.1803159
-20.696000,-0.1803692
-20.688000,-0.1803692
-20.680000,-0.1803692
-20.672000,-0.1803692
-20.664000,-0.1803692
-20.656000,-0.1803692
-20.648000,-0.1803159
-20.640000,-0.1802625
-20.632000,-0.1802625
-20.624000,-0.1803159
-20.616000,-0.1802092
-20.608000,-0.1801559
-20.600000,-0.1802092
-20.592000,-0.1802092
-20.584000,-0.1802092
-20.576000,-0.1802625
-20.568000,-0.1802625
-20.560000,-0.1803159
-20.552000,-0.1803159
-20.544000,-0.1803159
-20.536000,-0.1802625
-20.528000,-0.1801559
-20.520000,-0.1801559
-20.512000,-0.1802092
-20.504000,-0.1803159
-20.496000,-0.1803159
-20.488000,-0.1802092
-20.480000,-0.1803159
-20.472000,-0.1803692
-20.464000,-0.1802625
-20.456000,-0.1803159
-20.448000,-0.1802625
-20.440000,-0.1801559
-20.432000,-0.1802092
-20.424000,-0.1802625
-20.416000,-0.1802092
-20.408000,-0.1800492
-20.400000,-0.1800492
-20.392000,-0.1802092
-20.384000,-0.1802625
-20.376000,-0.1802625
-20.368000,-0.1802092
-20.360000,-0.1802092
-20.352000,-0.1802092
-20.344000,-0.1801559
-20.336000,-0.1801025
-20.328000,-0.1801025
-20.320000,-0.1801559
-20.312000,-0.1802092
-20.304000,-0.1802092
-20.296000,-0.1801025
-20.288000,-0.1801559
-20.280000,-0.1801025
-20.272000,-0.1801559
-20.264000,-0.1802092
-20.256000,-0.1801559
-20.248000,-0.1801025
-20.240000,-0.1801025
-20.232000,-0.1801559
-20.224000,-0.1801559
-20.216000,-0.1800492
-20.208000,-0.1800492
-20.200000,-0.1801025
-20.192000,-0.1801025
-20.184000,-0.1801025
-20.176000,-0.1802092
-20.168000,-0.1802092
-20.160000,-0.1801559
-20.152000,-0.1801559
-20.144000,-0.1801559
-20.136000,-0.1801025
-20.128000,-0.1800492
-20.120000,-0.1800492
-20.112000,-0.1801559
-20.104000,-0.1801025
-20.096000,-0.1801025
-20.088000,-0.1801559
-20.080000,-0.1800492
-20.072000,-0.1799958
-20.064000,-0.1801559
-20.056000,-0.1801559
-20.048000,-0.1800492
-20.040000,-0.1800492
-20.032000,-0.1799958
-20.024000,-0.1800492
-20.016000,-0.1799958
-20.008000,-0.1799958
-20.000000,-0.1799958
-19.992000,-0.1799425
-19.984000,-0.1799425
-19.976000,-0.1799958
-19.968000,-0.1799958
-19.960000,-0.1799958
-19.952000,-0.1799958
-19.944000,-0.1799958
-19.936000,-0.1799958
-19.928000,-0.1799425
-19.920000,-0.1798891
-19.912000,-0.1799425
-19.904000,-0.1799958
-19.896000,-0.1799958
-19.888000,-0.1800492
-19.880000,-0.1799958
-19.872000,-0.1799958
-19.864000,-0.1799958
-19.856000,-0.1799425
-19.848000,-0.1798891
-19.840000,-0.1798891
-19.832000,-0.1799425
-19.824000,-0.1799425
-19.816000,-0.1799958
-19.808000,-0.1799425
-19.800000,-0.1799958
-19.792000,-0.1799958
-19.784000,-0.1800492
-19.776000,-0.1800492
-19.768000,-0.1798891
-19.760000,-0.1798891
-19.752000,-0.1799425
-19.744000,-0.1798358
-19.736000,-0.1797825
-19.728000,-0.1798891
-19.720000,-0.1800492
-19.712000,-0.1799958
-19.704000,-0.1799425
-19.696000,-0.1798891
-19.688000,-0.1798891
-19.680000,-0.1798358
-19.672000,-0.1799425
-19.664000,-0.1799958
-19.656000,-0.1798891
-19.648000,-0.1797825
-19.640000,-0.1798358
-19.632000,-0.1798891
-19.624000,-0.1798358
-19.616000,-0.1798358
-19.608000,-0.1797825
-19.600000,-0.1797825
-19.592000,-0.1797291
-19.584000,-0.1797825
-19.576000,-0.1797825
-19.568000,-0.1797291
-19.560000,-0.1797291
-19.552000,-0.1797291
-19.544000,-0.1798358
-19.536000,-0.1798358
-19.528000,-0.1797825
-19.520000,-0.1797291
-19.512000,-0.1797291
-19.504000,-0.1797825
-19.496000,-0.1798358
-19.488000,-0.1798358
-19.480000,-0.1797825
-19.472000,-0.1797825
-19.464000,-0.1797825
-19.456000,-0.1797291
-19.448000,-0.1797825
-19.440000,-0.1797291
-19.432000,-0.1798358
-19.424000,-0.1798891
-19.416000,-0.1799425
-19.408000,-0.1798891
-19.400000,-0.1797825
-19.392000,-0.1797825
-19.384000,-0.1797825
-19.376000,-0.1797825
-19.368000,-0.1797291
-19.360000,-0.1796225
-19.352000,-0.1796758
-19.344000,-0.1797825
-19.336000,-0.1797825
-19.328000,-0.1797291
-19.320000,-0.1797291
-19.312000,-0.1797291
-19.304000,-0.1797291
-19.296000,-0.1797291
-19.288000,-0.1797291
-19.280000,-0.1797825
-19.272000,-0.1798358
-19.264000,-0.1797291
-19.256000,-0.1796758
-19.248000,-0.1796225
-19.240000,-0.1796225
-19.232000,-0.1796758
-19.224000,-0.1796225
-19.216000,-0.1796225
-19.208000,-0.1796758
-19.200000,-0.1796758
-19.192000,-0.1796225
-19.184000,-0.1796225
-19.176000,-0.1796225
-19.168000,-0.1795691
-19.160000,-0.1795691
-19.152000,-0.1796758
-19.144000,-0.1797291
-19.136000,-0.1797291
-19.128000,-0.1796758
-19.120000,-0.1796225
-19.112000,-0.1796758
-19.104000,-0.1796225
-19.096000,-0.1796225
-19.088000,-0.1796758
-19.080000,-0.1795158
-19.072000,-0.1795691
-19.064000,-0.1796225
-19.056000,-0.1796225
-19.048000,-0.1795691
-19.040000,-0.1795691
-19.032000,-0.1795158
-19.024000,-0.1795158
-19.016000,-0.1795691
-19.008000,-0.1795691
-19.000000,-0.1795691
-18.992000,-0.1795158
-18.984000,-0.1795158
-18.976000,-0.1794624
-18.968000,-0.1795158
-18.960000,-0.1796225
-18.952000,-0.1796225
-18.944000,-0.1796225
-18.936000,-0.1795691
-18.928000,-0.1796225
-18.920000,-0.1796225
-18.912000,-0.1795158
-18.904000,-0.1794624
-18.896000,-0.1795158
-18.888000,-0.1795158
-18.880000,-0.1795158
-18.872000,-0.1795158
-18.864000,-0.1796225
-18.856000,-0.1796225
-18.848000,-0.1795158
-18.840000,-0.1794624
-18.832000,-0.1794091
-18.824000,-0.1794624
-18.816000,-0.1795158
-18.808000,-0.1795158
-18.800000,-0.1794624
-18.792000,-0.1794624
-18.784000,-0.1795158
-18.776000,-0.1795158
-18.768000,-0.1794624
-18.760000,-0.1793558
-18.752000,-0.1793558
-18.744000,-0.1793558
-18.736000,-0.1793558
-18.728000,-0.1793558
-18.720000,-0.1793558
-18.712000,-0.1793558
-18.704000,-0.1794091
-18.696000,-0.1794624
-18.688000,-0.1794624
-18.680000,-0.1794624
-18.672000,-0.1794091
-18.664000,-0.1793558
-18.656000,-0.1793024
-18.648000,-0.1794091
-18.640000,-0.1793558
-18.632000,-0.1793024
-18.624000,-0.1793558
-18.616000,-0.1794624
-18.608000,-0.1794624
-18.600000,-0.1794624
-18.592000,-0.1793558
-18.584000,-0.1793558
-18.576000,-0.1793558
-18.568000,-0.1793024
-18.560000,-0.1793558
-18.552000,-0.1793558
-18.544000,-0.1793558
-18.536000,-0.1793024
-18.528000,-0.1794091
-18.520000,-0.1794091
-18.512000,-0.1793024
-18.504000,-0.1793558
-18.496000,-0.1793558
-18.488000,-0.1793558
-18.480000,-0.1793558
-18.472000,-0.1793558
-18.464000,-0.1793024
-18.456000,-0.1793558
-18.448000,-0.1793558
-18.440000,-0.1793024
-18.432000,-0.1793558
-18.424000,-0.1794091
-18.416000,-0.1794091
-18.408000,-0.1793024
-18.400000,-0.1793024
-18.392000,-0.1793024
-18.384000,-0.1793558
-18.376000,-0.1794091
-18.368000,-0.1793558
-18.360000,-0.1791957
-18.352000,-0.1791957
-18.344000,-0.1791957
-18.336000,-0.1792491
-18.328000,-0.1793558
-18.320000,-0.1794091
-18.312000,-0.1793558
-18.304000,-0.1793024
-18.296000,-0.1793024
-18.288000,-0.1791957
-18.280000,-0.1791957
-18.272000,-0.1793024
-18.264000,-0.1792491
-18.256000,-0.1791957
-18.248000,-0.1792491
-18.240000,-0.1791957
-18.232000,-0.1792491
-18.224000,-0.1792491
-18.216000,-0.1793024
-18.208000,-0.1792491
-18.200000,-0.1792491
-18.192000,-0.1791957
-18.184000,-0.1791424
-18.176000,-0.1791957
-18.168000,-0.1791957
-18.160000,-0.1791424
-18.152000,-0.1791424
-18.144000,-0.1791424
-18.136000,-0.1791957
-18.128000,-0.1791957
-18.120000,-0.1790890
-18.112000,-0.1790890
-18.104000,-0.1790890
-18.096000,-0.1790890
-18.088000,-0.1790357
-18.080000,-0.1791424
-18.072000,-0.1791957
-18.064000,-0.1791957
-18.056000,-0.1791424
-18.048000,-0.1791424
-18.040000,-0.1791957
-18.032000,-0.1792491
-18.024000,-0.1792491
-18.016000,-0.1791424
-18.008000,-0.1791424
-18.000000,-0.1791424
-17.992000,-0.1790357
-17.984000,-0.1791424
-17.976000,-0.1791957
-17.968000,-0.1790890
-17.960000,-0.1790357
-17.952000,-0.1790890
-17.944000,-0.1790890
-17.936000,-0.1791424
-17.928000,-0.1791957
-17.920000,-0.1790357
-17.912000,-0.1789824
-17.904000,-0.1789290
-17.896000,-0.1790357
-17.888000,-0.1791957
-17.880000,-0.1791424
-17.872000,-0.1791424
-17.864000,-0.1791957
-17.856000,-0.1791424
-17.848000,-0.1790357
-17.840000,-0.1789290
-17.832000,-0.1789824
-17.824000,-0.1790357
-17.816000,-0.1789824
-17.808000,-0.1790890
-17.800000,-0.1791424
-17.792000,-0.1790890
-17.784000,-0.1790890
-17.776000,-0.1789824
-17.768000,-0.1790357
-17.760000,-0.1790357
-17.752000,-0.1789824
-17.744000,-0.1789290
-17.736000,-0.1789824
-17.728000,-0.1790357
-17.720000,-0.1790357
-17.712000,-0.1790357
-17.704000,-0.1790890
-17.696000,-0.1790890
-17.688000,-0.1790357
-17.680000,-0.1790890
-17.672000,-0.1789290
-17.664000,-0.1788757
-17.656000,-0.1789824
-17.648000,-0.1790357
-17.640000,-0.1790357
-17.632000,-0.1789824
-17.624000,-0.1789290
-17.616000,-0.1789824
-17.608000,-0.1790357
-17.600000,-0.1790357
-17.592000,-0.1789824
-17.584000,-0.1788757
-17.576000,-0.1789290
-17.568000,-0.1789824
-17.560000,-0.1789824
-17.552000,-0.1789824
-17.544000,-0.1789290
-17.536000,-0.1789290
-17.528000,-0.1788757
-17.520000,-0.1788223
-17.512000,-0.1788223
-17.504000,-0.1788223
-17.496000,-0.1788223
-17.488000,-0.1788757
-17.480000,-0.1788757
-17.472000,-0.1789290
-17.464000,-0.1789824
-17.456000,-0.1789824
-17.448000,-0.1788757
-17.440000,-0.1788757
-17.432000,-0.1789290
-17.424000,-0.1788757
-17.416000,-0.1788757
-17.408000,-0.1788223
-17.400000,-0.1788757
-17.392000,-0.1788757
-17.384000,-0.1788757
-17.376000,-0.1788223
-17.368000,-0.1787690
-17.360000,-0.1787690
-17.352000,-0.1787690
-17.344000,-0.1788757
-17.336000,-0.1788757
-17.328000,-0.1788223
-17.320000,-0.1788223
-17.312000,-0.1788757
-17.304000,-0.1788757
-17.296000,-0.1789290
-17.288000,-0.1789290
-17.280000,-0.1787690
-17.272000,-0.1787690
-17.264000,-0.1787690
-17.256000,-0.1787157
-17.248000,-0.1787157
-17.240000,-0.1787157
-17.232000,-0.1787690
-17.224000,-0.1787690
-17.216000,-0.1787157
-17.208000,-0.1787157
-17.200000,-0.1786623
-17.192000,-0.1787690
-17.184000,-0.1787690
-17.176000,-0.1787690
-17.168000,-0.1787157
-17.160000,-0.1787690
-17.152000,-0.1787690
-17.144000,-0.1786623
-17.136000,-0.1786623
-17.128000,-0.1786623
-17.120000,-0.1786623
-17.112000,-0.1787157
-17.104000,-0.1787690
-17.096000,-0.1787690
-17.088000,-0.1788757
-17.080000,-0.1788223
-17.072000,-0.1787157
-17.064000,-0.1786090
-17.056000,-0.1786623
-17.048000,-0.1787157
-17.040000,-0.1787157
-17.032000,-0.1786623
-17.024000,-0.1786090
-17.016000,-0.1787157
-17.008000,-0.1786623
-17.000000,-0.1786623
-16.992000,-0.1785557
-16.984000,-0.1786623
-16.976000,-0.1786623
-16.968000,-0.1786623
-16.960000,-0.1786090
-16.952000,-0.1785557
-16.944000,-0.1785557
-16.936000,-0.1786090
-16.928000,-0.1786090
-16.920000,-0.1786090
-16.912000,-0.1786090
-16.904000,-0.1786623
-16.896000,-0.1786623
-16.888000,-0.1786090
-16.880000,-0.1786090
-16.872000,-0.1785557
-16.864000,-0.1785557
-16.856000,-0.1786090
-16.848000,-0.1786090
-16.840000,-0.1785557
-16.832000,-0.1785023
-16.824000,-0.1786090
-16.816000,-0.1786623
-16.808000,-0.1786090
-16.800000,-0.1786623
-16.792000,-0.1787157
-16.784000,-0.1786623
-16.776000,-0.1786090
-16.768000,-0.1786090
-16.760000,-0.1786090
-16.752000,-0.1786623
-16.744000,-0.1786090
-16.736000,-0.1785557
-16.728000,-0.1785023
-16.720000,-0.1785557
-16.712000,-0.1785557
-16.704000,-0.1785023
-16.696000,-0.1784490
-16.688000,-0.1784490
-16.680000,-0.1785023
-16.672000,-0.1786090
-16.664000,-0.1785557
-16.656000,-0.1783956
-16.648000,-0.1784490
-16.640000,-0.1785557
-16.632000,-0.1785023
-16.624000,-0.1785023
-16.616000,-0.1786090
-16.608000,-0.1785557
-16.600000,-0.1785023
-16.592000,-0.1785023
-16.584000,-0.1784490
-16.576000,-0.1783956
-16.568000,-0.1783956
-16.560000,-0.1785023
-16.552000,-0.1784490
-16.544000,-0.1783956
-16.536000,-0.1784490
-16.528000,-0.1785023
-16.520000,-0.1785023
-16.512000,-0.1784490
-16.504000,-0.1783956
-16.496000,-0.1783956
-16.488000,-0.1783956
-16.480000,-0.1783956
-16.472000,-0.1783423
-16.464000,-0.1783956
-16.456000,-0.1784490
-16.448000,-0.1783956
-16.440000,-0.1784490
-16.432000,-0.1785023
-16.424000,-0.1783956
-16.416000,-0.1783956
-16.408000,-0.1783423
-16.400000,-0.1783423
-16.392000,-0.1783956
-16.384000,-0.1783956
-16.376000,-0.1783423
-16.368000,-0.1783956
-16.360000,-0.1784490
-16.352000,-0.1783956
-16.344000,-0.1782890
-16.336000,-0.1783423
-16.328000,-0.1783423
-16.320000,-0.1784490
-16.312000,-0.1783956
-16.304000,-0.1783423
-16.296000,-0.1783423
-16.288000,-0.1782890
-16.280000,-0.1783423
-16.272000,-0.1783423
-16.264000,-0.1782890
-16.256000,-0.1783956
-16.248000,-0.1783423
-16.240000,-0.1782890
-16.232000,-0.1783423
-16.224000,-0.1783423
-16.216000,-0.1783423
-16.208000,-0.1782890
-16.200000,-0.1782890
-16.192000,-0.1782890
-16.184000,-0.1783423
-16.176000,-0.1782356
-16.168000,-0.1782890
-16.160000,-0.1783423
-16.152000,-0.1783423
-16.144000,-0.1782890
-16.136000,-0.1782356
-16.128000,-0.1782356
-16.120000,-0.1782356
-16.112000,-0.1782356
-16.104000,-0.1783423
-16.096000,-0.1783956
-16.088000,-0.1782356
-16.080000,-0.1781823
-16.072000,-0.1781823
-16.064000,-0.1782356
-16.056000,-0.1781823
-16.048000,-0.1782890
-16.040000,-0.1782356
-16.032000,-0.1781823
-16.024000,-0.1781823
-16.016000,-0.1781823
-16.008000,-0.1781289
-16.000000,-0.1780489
-15.992000,-0.1781289
-15.984000,-0.1781289
-15.976000,-0.1781289
-15.968000,-0.1781289
-15.960000,-0.1781289
-15.952000,-0.1781289
-15.944000,-0.1781823
-15.936000,-0.1782356
-15.928000,-0.1781823
-15.920000,-0.1782356
-15.912000,-0.1782356
-15.904000,-0.1782356
-15.896000,-0.1781823
-15.888000,-0.1781289
-15.880000,-0.1782356
-15.872000,-0.1783423
-15.864000,-0.1781823
-15.856000,-0.1779956
-15.848000,-0.1780489
-15.840000,-0.1781823
-15.832000,-0.1781823
-15.824000,-0.1781289
-15.816000,-0.1780489
-15.808000,-0.1781289
-15.800000,-0.1780489
-15.792000,-0.1779422
-15.784000,-0.1779956
-15.776000,-0.1780489
-15.768000,-0.1781289
-15.760000,-0.1781823
-15.752000,-0.1781289
-15.744000,-0.1780489
-15.736000,-0.1779956
-15.728000,-0.1780489
-15.720000,-0.1780489
-15.712000,-0.1780489
-15.704000,-0.1780489
-15.696000,-0.1779956
-15.688000,-0.1779956
-15.680000,-0.1779956
-15.672000,-0.1779422
-15.664000,-0.1779422
-15.656000,-0.1778889
-15.648000,-0.1779956
-15.640000,-0.1779956
-15.632000,-0.1780489
-15.624000,-0.1780489
-15.616000,-0.1779956
-15.608000,-0.1779956
-15.600000,-0.1780489
-15.592000,-0.1781289
-15.584000,-0.1780489
-15.576000,-0.1778889
-15.568000,-0.1778889
-15.560000,-0.1779422
-15.552000,-0.1779422
-15.544000,-0.1779422
-15.536000,-0.1780489
-15.528000,-0.1779422
-15.520000,-0.1779422
-15.512000,-0.1779956
-15.504000,-0.1779956
-15.496000,-0.1780489
-15.488000,-0.1779422
-15.480000,-0.1778356
-15.472000,-0.1779422
-15.464000,-0.1779422
-15.456000,-0.1778889
-15.448000,-0.1779422
-15.440000,-0.1779956
-15.432000,-0.1779422
-15.424000,-0.1779422
-15.416000,-0.1778889
-15.408000,-0.1779422
-15.400000,-0.1779422
-15.392000,-0.1778889
-15.384000,-0.1779422
-15.376000,-0.1779956
-15.368000,-0.1778356
-15.360000,-0.1777822
-15.352000,-0.1778356
-15.344000,-0.1778889
-15.336000,-0.1779422
-15.328000,-0.1778356
-15.320000,-0.1777822
-15.312000,-0.1777822
-15.304000,-0.1776755
-15.296000,-0.1776755
-15.288000,-0.1777822
-15.280000,-0.1778356
-15.272000,-0.1777289
-15.264000,-0.1777289
-15.256000,-0.1778356
-15.248000,-0.1778889
-15.240000,-0.1777822
-15.232000,-0.1777822
-15.224000,-0.1777289
-15.216000,-0.1777289
-15.208000,-0.1778356
-15.200000,-0.1779422
-15.192000,-0.1779422
-15.184000,-0.1778889
-15.176000,-0.1778889
-15.168000,-0.1776755
-15.160000,-0.1776755
-15.152000,-0.1778356
-15.144000,-0.1778356
-15.136000,-0.1777822
-15.128000,-0.1778356
-15.120000,-0.1778889
-15.112000,-0.1778356
-15.104000,-0.1777822
-15.096000,-0.1777289
-15.088000,-0.1777289
-15.080000,-0.1777822
-15.072000,-0.1777289
-15.064000,-0.1777289
-15.056000,-0.1776755
-15.048000,-0.1777289
-15.040000,-0.1777289
-15.032000,-0.1777289
-15.024000,-0.1777289
-15.016000,-0.1776755
-15.008000,-0.1776755
-15.000000,-0.1776755
-14.992000,-0.1776755
-14.984000,-0.1777822
-14.976000,-0.1777822
-14.968000,-0.1777822
-14.960000,-0.1777289
-14.952000,-0.1776222
-14.944000,-0.1776755
-14.936000,-0.1777289
-14.928000,-0.1777822
-14.920000,-0.1777289
-14.912000,-0.1776755
-14.904000,-0.1776755
-14.896000,-0.1776222
-14.888000,-0.1776755
-14.880000,-0.1777289
-14.872000,-0.1777289
-14.864000,-0.1776222
-14.856000,-0.1776755
-14.848000,-0.1777289
-14.840000,-0.1776755
-14.832000,-0.1776222
-14.824000,-0.1776222
-14.816000,-0.1776222
-14.808000,-0.1776222
-14.800000,-0.1775689
-14.792000,-0.1775689
-14.784000,-0.1775689
-14.776000,-0.1776222
-14.768000,-0.1777289
-14.760000,-0.1776222
-14.752000,-0.1776222
-14.744000,-0.1775689
-14.736000,-0.1775689
-14.728000,-0.1776222
-14.720000,-0.1775155
-14.712000,-0.1775689
-14.704000,-0.1776222
-14.696000,-0.1775689
-14.688000,-0.1775689
-14.680000,-0.1775689
-14.672000,-0.1774622
-14.664000,-0.1775155
-14.656000,-0.1776222
-14.648000,-0.1775689
-14.640000,-0.1775155
-14.632000,-0.1775155
-14.624000,-0.1774622
-14.616000,-0.1774622
-14.608000,-0.1774088
-14.600000,-0.1774622
-14.592000,-0.1775155
-14.584000,-0.1775155
-14.576000,-0.1775155
-14.568000,-0.1775155
-14.560000,-0.1775155
-14.552000,-0.1775689
-14.544000,-0.1775155
-14.536000,-0.1774622
-14.528000,-0.1774088
-14.520000,-0.1774088
-14.512000,-0.1774622
-14.504000,-0.1774622
-14.496000,-0.1775155
-14.488000,-0.1775155
-14.480000,-0.1774622
-14.472000,-0.1774622
-14.464000,-0.1775155
-14.456000,-0.1775689
-14.448000,-0.1775155
-14.440000,-0.1774088
-14.432000,-0.1774622
-14.424000,-0.1775155
-14.416000,-0.1775155
-14.408000,-0.1774622
-14.400000,-0.1775155
-14.392000,-0.1774622
-14.384000,-0.1774622
-14.376000,-0.1774622
-14.368000,-0.1775155
-14.360000,-0.1774088
-14.352000,-0.1773555
-14.344000,-0.1774622
-14.336000,-0.1775155
-14.328000,-0.1774622
-14.320000,-0.1775155
-14.312000,-0.1775155
-14.304000,-0.1775155
-14.296000,-0.1775155
-14.288000,-0.1774622
-14.280000,-0.1774622
-14.272000,-0.1774622
-14.264000,-0.1774088
-14.256000,-0.1774088
-14.248000,-0.1773555
-14.240000,-0.1773555
-14.232000,-0.1774088
-14.224000,-0.1774088
-14.216000,-0.1773555
-14.208000,-0.1773022
-14.200000,-0.1772488
-14.192000,-0.1772488
-14.184000,-0.1771955
-14.176000,-0.1773022
-14.168000,-0.1773022
-14.160000,-0.1772488
-14.152000,-0.1773022
-14.144000,-0.1774088
-14.136000,-0.1773555
-14.128000,-0.1773555
-14.120000,-0.1773022
-14.112000,-0.1772488
-14.104000,-0.1772488
-14.096000,-0.1773022
-14.088000,-0.1773555
-14.080000,-0.1773555
-14.072000,-0.1774088
-14.064000,-0.1773555
-14.056000,-0.1773022
-14.048000,-0.1773022
-14.040000,-0.1772488
-14.032000,-0.1773022
-14.024000,-0.1773022
-14.016000,-0.1773022
-14.008000,-0.1773022
-14.000000,-0.1773022
-13.992000,-0.1773022
-13.984000,-0.1773022
-13.976000,-0.1772488
-13.968000,-0.1771955
-13.960000,-0.1772488
-13.952000,-0.1772488
-13.944000,-0.1772488
-13.936000,-0.1773022
-13.928000,-0.1772488
-13.920000,-0.1772488
-13.912000,-0.1772488
-13.904000,-0.1773022
-13.896000,-0.1773022
-13.888000,-0.1773022
-13.880000,-0.1772488
-13.872000,-0.1771955
-13.864000,-0.1771955
-13.856000,-0.1771955
-13.848000,-0.1772488
-13.840000,-0.1773022
-13.832000,-0.1771421
-13.824000,-0.1771421
-13.816000,-0.1771955
-13.808000,-0.1771421
-13.800000,-0.1772488
-13.792000,-0.1771955
-13.784000,-0.1771955
-13.776000,-0.1771955
-13.768000,-0.1772488
-13.760000,-0.1771421
-13.752000,-0.1770888
-13.744000,-0.1770888
-13.736000,-0.1770355
-13.728000,-0.1770888
-13.720000,-0.1771955
-13.712000,-0.1771421
-13.704000,-0.1770888
-13.696000,-0.1770355
-13.688000,-0.1770888
-13.680000,-0.1771421
-13.672000,-0.1770888
-13.664000,-0.1770355
-13.656000,-0.1770888
-13.648000,-0.1770888
-13.640000,-0.1770355
-13.632000,-0.1770355
-13.624000,-0.1770888
-13.616000,-0.1770888
-13.608000,-0.1771421
-13.600000,-0.1770888
-13.592000,-0.1770888
-13.584000,-0.1770888
-13.576000,-0.1770355
-13.568000,-0.1769821
-13.560000,-0.1769821
-13.552000,-0.1769821
-13.544000,-0.1770355
-13.536000,-0.1771421
-13.528000,-0.1770888
-13.520000,-0.1770355
-13.512000,-0.1770355
-13.504000,-0.1770355
-13.496000,-0.1769288
-13.488000,-0.1770888
-13.480000,-0.1770355
-13.472000,-0.1769821
-13.464000,-0.1769288
-13.456000,-0.1769821
-13.448000,-0.1770355
-13.440000,-0.1770888
-13.432000,-0.1769821
-13.424000,-0.1769821
-13.416000,-0.1770355
-13.408000,-0.1770888
-13.400000,-0.1770355
-13.392000,-0.1769821
-13.384000,-0.1769821
-13.376000,-0.1769821
-13.368000,-0.1769288
-13.360000,-0.1769288
-13.352000,-0.1768754
-13.344000,-0.1769821
-13.336000,-0.1770355
-13.328000,-0.1769821
-13.320000,-0.1769288
-13.312000,-0.1769288
-13.304000,-0.1769288
-13.296000,-0.1769288
-13.288000,-0.1768754
-13.280000,-0.1768754
-13.272000,-0.1769288
-13.264000,-0.1769821
-13.256000,-0.1768754
-13.248000,-0.1769288
-13.240000,-0.1769288
-13.232000,-0.1768754
-13.224000,-0.1768754
-13.216000,-0.1768221
-13.208000,-0.1769288
-13.200000,-0.1769288
-13.192000,-0.1769821
-13.184000,-0.1769288
-13.176000,-0.1768754
-13.168000,-0.1769288
-13.160000,-0.1769288
-13.152000,-0.1768221
-13.144000,-0.1767688
-13.136000,-0.1768221
-13.128000,-0.1768754
-13.120000,-0.1768754
-13.112000,-0.1768221
-13.104000,-0.1768754
-13.096000,-0.1768754
-13.088000,-0.1768754
-13.080000,-0.1768754
-13.072000,-0.1769288
-13.064000,-0.1769288
-13.056000,-0.1768754
-13.048000,-0.1768221
-13.040000,-0.1768221
-13.032000,-0.1769288
-13.024000,-0.1769288
-13.016000,-0.1768754
-13.008000,-0.1767688
-13.000000,-0.1767154
-12.992000,-0.1767688
-12.984000,-0.1769288
-12.976000,-0.1769288
-12.968000,-0.1768754
-12.960000,-0.1767688
-12.952000,-0.1768221
-12.944000,-0.1768221
-12.936000,-0.1768754
-12.928000,-0.1768754
-12.920000,-0.1768221
-12.912000,-0.1767688
-12.904000,-0.1768221
-12.896000,-0.1768221
-12.888000,-0.1767688
-12.880000,-0.1767154
-12.872000,-0.1767154
-12.864000,-0.1767688
-12.856000,-0.1768221
-12.848000,-0.1768221
-12.840000,-0.1768221
-12.832000,-0.1767688
-12.824000,-0.1767688
-12.816000,-0.1766621
-12.808000,-0.1766621
-12.800000,-0.1767154
-12.792000,-0.1767154
-12.784000,-0.1767154
-12.776000,-0.1768221
-12.768000,-0.1768221
-12.760000,-0.1767154
-12.752000,-0.1767688
-12.744000,-0.1767154
-12.736000,-0.1766621
-12.728000,-0.1767688
-12.720000,-0.1767688
-12.712000,-0.1767154
-12.704000,-0.1767154
-12.696000,-0.1766087
-12.688000,-0.1766621
-12.680000,-0.1767154
-12.672000,-0.1766621
-12.664000,-0.1767688
-12.656000,-0.1767154
-12.648000,-0.1766087
-12.640000,-0.1766621
-12.632000,-0.1767154
-12.624000,-0.1767154
-12.616000,-0.1766621
-12.608000,-0.1767154
-12.600000,-0.1767154
-12.592000,-0.1767688
-12.584000,-0.1766621
-12.576000,-0.1765554
-12.568000,-0.1766087
-12.560000,-0.1767154
-12.552000,-0.1767154
-12.544000,-0.1766621
-12.536000,-0.1767154
-12.528000,-0.1766621
-12.520000,-0.1766087
-12.512000,-0.1765554
-12.504000,-0.1766087
-12.496000,-0.1766621
-12.488000,-0.1766087
-12.480000,-0.1765554
-12.472000,-0.1766621
-12.464000,-0.1766621
-12.456000,-0.1766087
-12.448000,-0.1766087
-12.440000,-0.1765554
-12.432000,-0.1764487
-12.424000,-0.1765554
-12.416000,-0.1766087
-12.408000,-0.1765554
-12.400000,-0.1765554
-12.392000,-0.1765554
-12.384000,-0.1765554
-12.376000,-0.1765554
-12.368000,-0.1765554
-12.360000,-0.1765021
-12.352000,-0.1764487
-12.344000,-0.1764487
-12.336000,-0.1765021
-12.328000,-0.1765554
-12.320000,-0.1765554
-12.312000,-0.1764487
-12.304000,-0.1765021
-12.296000,-0.1765554
-12.288000,-0.1765554
-12.280000,-0.1766621
-12.272000,-0.1766621
-12.264000,-0.1765554
-12.256000,-0.1764487
-12.248000,-0.1764487
-12.240000,-0.1765554
-12.232000,-0.1765021
-12.224000,-0.1764487
-12.216000,-0.1765021
-12.208000,-0.1765554
-12.200000,-0.1766087
-12.192000,-0.1765554
-12.184000,-0.1765021
-12.176000,-0.1764487
-12.168000,-0.1764487
-12.160000,-0.1764487
-12.152000,-0.1765021
-12.144000,-0.1765021
-12.136000,-0.1764487
-12.128000,-0.1765021
-12.120000,-0.1765021
-12.112000,-0.1764487
-12.104000,-0.1764487
-12.096000,-0.1765021
-12.088000,-0.1765554
-12.080000,-0.1766087
-12.072000,-0.1764487
-12.064000,-0.1764487
-12.056000,-0.1763954
-12.048000,-0.1763420
-12.040000,-0.1764487
-12.032000,-0.1764487
-12.024000,-0.1763954
-12.016000,-0.1763954
-12.008000,-0.1763954
-12.000000,-0.1763954
-11.992000,-0.1764487
-11.984000,-0.1763420
-11.976000,-0.1764487
-11.968000,-0.1764487
-11.960000,-0.1763954
-11.952000,-0.1764487
-11.944000,-0.1763420
-11.936000,-0.1763420
-11.928000,-0.1763420
-11.920000,-0.1763420
-11.912000,-0.1763954
-11.904000,-0.1763954
-11.896000,-0.1763954
-11.888000,-0.1763420
-11.880000,-0.1763420
-11.872000,-0.1763954
-11.864000,-0.1763954
-11.856000,-0.1763954
-11.848000,-0.1763954
-11.840000,-0.1763954
-11.832000,-0.1763420
-11.824000,-0.1763420
-11.816000,-0.1763420
-11.808000,-0.1763954
-11.800000,-0.1763420
-11.792000,-0.1762354
-11.784000,-0.1762354
-11.776000,-0.1762354
-11.768000,-0.1762887
-11.760000,-0.1763954
-11.752000,-0.1763420
-11.744000,-0.1762887
-11.736000,-0.1762887
-11.728000,-0.1762887
-11.720000,-0.1762887
-11.712000,-0.1762887
-11.704000,-0.1762887
-11.696000,-0.1762887
-11.688000,-0.1762354
-11.680000,-0.1762354
-11.672000,-0.1762354
-11.664000,-0.1762354
-11.656000,-0.1762887
-11.648000,-0.1763420
-11.640000,-0.1762887
-11.632000,-0.1762887
-11.624000,-0.1761820
-11.616000,-0.1761287
-11.608000,-0.1761820
-11.600000,-0.1762354
-11.592000,-0.1762354
-11.584000,-0.1761820
-11.576000,-0.1761287
-11.568000,-0.1760753
-11.560000,-0.1760753
-11.552000,-0.1760753
-11.544000,-0.1761287
-11.536000,-0.1760753
-11.528000,-0.1760220
-11.520000,-0.1761287
-11.512000,-0.1761820
-11.504000,-0.1761287
-11.496000,-0.1761287
-11.488000,-0.1760753
-11.480000,-0.1760220
-11.472000,-0.1760753
-11.464000,-0.1761820
-11.456000,-0.1761287
-11.448000,-0.1760753
-11.440000,-0.1760220
-11.432000,-0.1761287
-11.424000,-0.1760753
-11.416000,-0.1760753
-11.408000,-0.1761820
-11.400000,-0.1761820
-11.392000,-0.1761287
-11.384000,-0.1761287
-11.376000,-0.1760753
-11.368000,-0.1760220
-11.360000,-0.1760220
-11.352000,-0.1760753
-11.344000,-0.1760220
-11.336000,-0.1760753
-11.328000,-0.1761287
-11.320000,-0.1761287
-11.312000,-0.1761287
-11.304000,-0.1760753
-11.296000,-0.1761287
-11.288000,-0.1761287
-11.280000,-0.1760753
-11.272000,-0.1760220
-11.264000,-0.1760753
-11.256000,-0.1760753
-11.248000,-0.1760753
-11.240000,-0.1760753
-11.232000,-0.1760753
-11.224000,-0.1761287
-11.216000,-0.1760753
-11.208000,-0.1760753
-11.200000,-0.1759687
-11.192000,-0.1759153
-11.184000,-0.1759687
-11.176000,-0.1759687
-11.168000,-0.1759687
-11.160000,-0.1760220
-11.152000,-0.1760220
-11.144000,-0.1760220
-11.136000,-0.1759687
-11.128000,-0.1760220
-11.120000,-0.1760220
-11.112000,-0.1759153
-11.104000,-0.1759153
-11.096000,-0.1759687
-11.088000,-0.1759687
-11.080000,-0.1759153
-11.072000,-0.1759153
-11.064000,-0.1759687
-11.056000,-0.1759687
-11.048000,-0.1759687
-11.040000,-0.1759687
-11.032000,-0.1760220
-11.024000,-0.1759687
-11.016000,-0.1759687
-11.008000,-0.1759153
-11.000000,-0.1759687
-10.992000,-0.1759687
-10.984000,-0.1758620
-10.976000,-0.1758620
-10.968000,-0.1759153
-10.960000,-0.1759153
-10.952000,-0.1759687
-10.944000,-0.1759153
-10.936000,-0.1759153
-10.928000,-0.1759153
-10.920000,-0.1759153
-10.912000,-0.1759153
-10.904000,-0.1758620
-10.896000,-0.1758620
-10.888000,-0.1759687
-10.880000,-0.1759153
-10.872000,-0.1759153
-10.864000,-0.1759153
-10.856000,-0.1759153
-10.848000,-0.1759153
-10.840000,-0.1758620
-10.832000,-0.1759153
-10.824000,-0.1759153
-10.816000,-0.1758086
-10.808000,-0.1758620
-10.800000,-0.1758620
-10.792000,-0.1758086
-10.784000,-0.1758086
-10.776000,-0.1757553
-10.768000,-0.1758086
-10.760000,-0.1758620
-10.752000,-0.1758620
-10.744000,-0.1758620
-10.736000,-0.1758620
-10.728000,-0.1758620
-10.720000,-0.1758086
-10.712000,-0.1758086
-10.704000,-0.1757553
-10.696000,-0.1758620
-10.688000,-0.1759153
-10.680000,-0.1758620
-10.672000,-0.1758086
-10.664000,-0.1757020
-10.656000,-0.1757020
-10.648000,-0.1757553
-10.640000,-0.1758086
-10.632000,-0.1757553
-10.624000,-0.1757553
-10.616000,-0.1757553
-10.608000,-0.1758086
-10.600000,-0.1758620
-10.592000,-0.1758620
-10.584000,-0.1758086
-10.576000,-0.1758086
-10.568000,-0.1758086
-10.560000,-0.1757553
-10.552000,-0.1757020
-10.544000,-0.1757020
-10.536000,-0.1757553
-10.528000,-0.1757553
-10.520000,-0.1757020
-10.512000,-0.1757020
-10.504000,-0.1756486
-10.496000,-0.1757020
-10.488000,-0.1757020
-10.480000,-0.1756486
-10.472000,-0.1758086
-10.464000,-0.1758086
-10.456000,-0.1757553
-10.448000,-0.1757020
-10.440000,-0.1757020
-10.432000,-0.1757020
-10.424000,-0.1757020
-10.416000,-0.1756486
-10.408000,-0.1756486
-10.400000,-0.1757020
-10.392000,-0.1758086
-10.384000,-0.1758086
-10.376000,-0.1757020
-10.368000,-0.1756486
-10.360000,-0.1755953
-10.352000,-0.1757020
-10.344000,-0.1757020
-10.336000,-0.1757553
-10.328000,-0.1757553
-10.320000,-0.1756486
-10.312000,-0.1755419
-10.304000,-0.1755953
-10.296000,-0.1756486
-10.288000,-0.1756486
-10.280000,-0.1756486
-10.272000,-0.1756486
-10.264000,-0.1756486
-10.256000,-0.1757020
-10.248000,-0.1757020
-10.240000,-0.1755953
-10.232000,-0.1755953
-10.224000,-0.1755419
-10.216000,-0.1755953
-10.208000,-0.1755953
-10.200000,-0.1755419
-10.192000,-0.1755953
-10.184000,-0.1755953
-10.176000,-0.1754886
-10.168000,-0.1754886
-10.160000,-0.1755953
-10.152000,-0.1755953
-10.144000,-0.1755419
-10.136000,-0.1756486
-10.128000,-0.1757020
-10.120000,-0.1756486
-10.112000,-0.1756486
-10.104000,-0.1755953
-10.096000,-0.1755953
-10.088000,-0.1755419
-10.080000,-0.1755419
-10.072000,-0.1755953
-10.064000,-0.1755953
-10.056000,-0.1754353
-10.048000,-0.1753819
-10.040000,-0.1753819
-10.032000,-0.1754353
-10.024000,-0.1754353
-10.016000,-0.1753819
-10.008000,-0.1754353
-10.000000,-0.1754353
-9.992000,-0.1754353
-9.984000,-0.1754353
-9.976000,-0.1755419
-9.968000,-0.1755419
-9.960000,-0.1755419
-9.952000,-0.1754886
-9.944000,-0.1754353
-9.936000,-0.1754886
-9.928000,-0.1755419
-9.920000,-0.1755953
-9.912000,-0.1754886
-9.904000,-0.1754886
-9.896000,-0.1755419
-9.888000,-0.1754886
-9.880000,-0.1754886
-9.872000,-0.1755419
-9.864000,-0.1754886
-9.856000,-0.1754886
-9.848000,-0.1754353
-9.840000,-0.1753819
-9.832000,-0.1753819
-9.824000,-0.1754353
-9.816000,-0.1754353
-9.808000,-0.1754353
-9.800000,-0.1754353
-9.792000,-0.1754886
-9.784000,-0.1754886
-9.776000,-0.1754353
-9.768000,-0.1754353
-9.760000,-0.1755419
-9.752000,-0.1754886
-9.744000,-0.1754353
-9.736000,-0.1753819
-9.728000,-0.1753286
-9.720000,-0.1753819
-9.712000,-0.1753819
-9.704000,-0.1753819
-9.696000,-0.1754353
-9.688000,-0.1754353
-9.680000,-0.1753819
-9.672000,-0.1753819
-9.664000,-0.1754353
-9.656000,-0.1753286
-9.648000,-0.1753819
-9.640000,-0.1753819
-9.632000,-0.1753819
-9.624000,-0.1754353
-9.616000,-0.1753819
-9.608000,-0.1752752
-9.600000,-0.1752752
-9.592000,-0.1753819
-9.584000,-0.1753819
-9.576000,-0.1752752
-9.568000,-0.1752752
-9.560000,-0.1752752
-9.552000,-0.1752219
-9.544000,-0.1752752
-9.536000,-0.1754353
-9.528000,-0.1754886
-9.520000,-0.1754353
-9.512000,-0.1753286
-9.504000,-0.1753286
-9.496000,-0.1753286
-9.488000,-0.1753286
-9.480000,-0.1753286
-9.472000,-0.1753286
-9.464000,-0.1752752
-9.456000,-0.1751686
-9.448000,-0.1751686
-9.440000,-0.1753286
-9.432000,-0.1753819
-9.424000,-0.1753286
-9.416000,-0.1752752
-9.408000,-0.1752752
-9.400000,-0.1753286
-9.392000,-0.1753286
-9.384000,-0.1752752
-9.376000,-0.1752752
-9.368000,-0.1753286
-9.360000,-0.1753286
-9.352000,-0.1752752
-9.344000,-0.1752219
-9.336000,-0.1752219
-9.328000,-0.1751686
-9.320000,-0.1752219
-9.312000,-0.1753286
-9.304000,-0.1752752
-9.296000,-0.1752219
-9.288000,-0.1751686
-9.280000,-0.1751686
-9.272000,-0.1752219
-9.264000,-0.1752219
-9.256000,-0.1752752
-9.248000,-0.1752219
-9.240000,-0.1752219
-9.232000,-0.1752219
-9.224000,-0.1753286
-9.216000,-0.1752752
-9.208000,-0.1752752
-9.200000,-0.1751686
-9.192000,-0.1752219
-9.184000,-0.1752219
-9.176000,-0.1753286
-9.168000,-0.1752752
-9.160000,-0.1752219
-9.152000,-0.1751152
-9.144000,-0.1751152
-9.136000,-0.1751686
-9.128000,-0.1751686
-9.120000,-0.1751152
-9.112000,-0.1752219
-9.104000,-0.1752752
-9.096000,-0.1752219
-9.088000,-0.1751152
-9.080000,-0.1751152
-9.072000,-0.1751686
-9.064000,-0.1751686
-9.056000,-0.1751686
-9.048000,-0.1752219
-9.040000,-0.1750619
-9.032000,-0.1749819
-9.024000,-0.1751686
-9.016000,-0.1751686
-9.008000,-0.1752219
-9.000000,-0.1752219
-8.992000,-0.1751152
-8.984000,-0.1751152
-8.976000,-0.1751152
-8.968000,-0.1749819
-8.960000,-0.1749285
-8.952000,-0.1749819
-8.944000,-0.1750619
-8.936000,-0.1751152
-8.928000,-0.1750619
-8.920000,-0.1751686
-8.912000,-0.1751686
-8.904000,-0.1751152
-8.896000,-0.1749819
-8.888000,-0.1749819
-8.880000,-0.1749819
-8.872000,-0.1751152
-8.864000,-0.1751152
-8.856000,-0.1750619
-8.848000,-0.1749819
-8.840000,-0.1750619
-8.832000,-0.1750619
-8.824000,-0.1749819
-8.816000,-0.1749819
-8.808000,-0.1750619
-8.800000,-0.1750619
-8.792000,-0.1749819
-8.784000,-0.1750619
-8.776000,-0.1750619
-8.768000,-0.1749819
-8.760000,-0.1750619
-8.752000,-0.1749285
-8.744000,-0.1749819
-8.736000,-0.1749819
-8.728000,-0.1749285
-8.720000,-0.1749819
-8.712000,-0.1749285
-8.704000,-0.1748752
-8.696000,-0.1748752
-8.688000,-0.1749285
-8.680000,-0.1749819
-8.672000,-0.1749285
-8.664000,-0.1749285
-8.656000,-0.1748752
-8.648000,-0.1748752
-8.640000,-0.1749285
-8.632000,-0.1749285
-8.624000,-0.1749285
-8.616000,-0.1749819
-8.608000,-0.1749819
-8.600000,-0.1749285
-8.592000,-0.1749285
-8.584000,-0.1748752
-8.576000,-0.1749285
-8.568000,-0.1749285
-8.560000,-0.1748219
-8.552000,-0.1748752
-8.544000,-0.1749819
-8.536000,-0.1749819
-8.528000,-0.1749285
-8.520000,-0.1748752
-8.512000,-0.1748219
-8.504000,-0.1748752
-8.496000,-0.1747685
-8.488000,-0.1747685
-8.480000,-0.1748219
-8.472000,-0.1747685
-8.464000,-0.1748219
-8.456000,-0.1748752
-8.448000,-0.1748752
-8.440000,-0.1748752
-8.432000,-0.1748752
-8.424000,-0.1748752
-8.416000,-0.1748752
-8.408000,-0.1748752
-8.400000,-0.1749285
-8.392000,-0.1749285
-8.384000,-0.1748752
-8.376000,-0.1747685
-8.368000,-0.1748219
-8.360000,-0.1748219
-8.352000,-0.1747685
-8.344000,-0.1748219
-8.336000,-0.1748219
-8.328000,-0.1747685
-8.320000,-0.1747685
-8.312000,-0.1748752
-8.304000,-0.1749285
-8.296000,-0.1748752
-8.288000,-0.1748752
-8.280000,-0.1748219
-8.272000,-0.1748219
-8.264000,-0.1748219
-8.256000,-0.1748752
-8.248000,-0.1748219
-8.240000,-0.1748752
-8.232000,-0.1749285
-8.224000,-0.1748219
-8.216000,-0.1747685
-8.208000,-0.1747685
-8.200000,-0.1748219
-8.192000,-0.1747685
-8.184000,-0.1747152
-8.176000,-0.1747685
-8.168000,-0.1748752
-8.160000,-0.1748752
-8.152000,-0.1748219
-8.144000,-0.1748219
-8.136000,-0.1748219
-8.128000,-0.1748219
-8.120000,-0.1747685
-8.112000,-0.1747152
-8.104000,-0.1747685
-8.096000,-0.1747685
-8.088000,-0.1747685
-8.080000,-0.1748219
-8.072000,-0.1747152
-8.064000,-0.1746618
-8.056000,-0.1747152
-8.048000,-0.1747685
-8.040000,-0.1748219
-8.032000,-0.1747685
-8.024000,-0.1747152
-8.016000,-0.1746618
-8.008000,-0.1747152
-8.000000,-0.1747152
-7.992000,-0.1746618
-7.984000,-0.1746618
-7.976000,-0.1746085
-7.968000,-0.1746085
-7.960000,-0.1746085
-7.952000,-0.1746618
-7.944000,-0.1746618
-7.936000,-0.1747152
-7.928000,-0.1747152
-7.920000,-0.1746618
-7.912000,-0.1747152
-7.904000,-0.1746618
-7.896000,-0.1746085
-7.888000,-0.1745551
-7.880000,-0.1746085
-7.872000,-0.1746618
-7.864000,-0.1746085
-7.856000,-0.1746085
-7.848000,-0.1745551
-7.840000,-0.1746085
-7.832000,-0.1746618
-7.824000,-0.1746618
-7.816000,-0.1745551
-7.808000,-0.1745551
-7.800000,-0.1746085
-7.792000,-0.1746085
-7.784000,-0.1745018
-7.776000,-0.1745551
-7.768000,-0.1745551
-7.760000,-0.1745551
-7.752000,-0.1746085
-7.744000,-0.1745551
-7.736000,-0.1745551
-7.728000,-0.1746085
-7.720000,-0.1746085
-7.712000,-0.1746085
-7.704000,-0.1746618
-7.696000,-0.1746085
-7.688000,-0.1745551
-7.680000,-0.1745551
-7.672000,-0.1745551
-7.664000,-0.1745551
-7.656000,-0.1746085
-7.648000,-0.1745551
-7.640000,-0.1745018
-7.632000,-0.1745018
-7.624000,-0.1745018
-7.616000,-0.1745551
-7.608000,-0.1745018
-7.600000,-0.1745551
-7.592000,-0.1745551
-7.584000,-0.1745551
-7.576000,-0.1745018
-7.568000,-0.1745018
-7.560000,-0.1744485
-7.552000,-0.1744485
-7.544000,-0.1744485
-7.536000,-0.1744485
-7.528000,-0.1745018
-7.520000,-0.1745018
-7.512000,-0.1744485
-7.504000,-0.1745018
-7.496000,-0.1744485
-7.488000,-0.1745018
-7.480000,-0.1745018
-7.472000,-0.1744485
-7.464000,-0.1744485
-7.456000,-0.1745551
-7.448000,-0.1745018
-7.440000,-0.1744485
-7.432000,-0.1745018
-7.424000,-0.1745018
-7.416000,-0.1745551
-7.408000,-0.1745551
-7.400000,-0.1745018
-7.392000,-0.1743951
-7.384000,-0.1743951
-7.376000,-0.1744485
-7.368000,-0.1744485
-7.360000,-0.1743418
-7.352000,-0.1743418
-7.344000,-0.1743951
-7.336000,-0.1744485
-7.328000,-0.1743951
-7.320000,-0.1743418
-7.312000,-0.1743418
-7.304000,-0.1743951
-7.296000,-0.1744485
-7.288000,-0.1743951
-7.280000,-0.1743951
-7.272000,-0.1745551
-7.264000,-0.1743951
-7.256000,-0.1743418
-7.248000,-0.1743418
-7.240000,-0.1742885
-7.232000,-0.1743418
-7.224000,-0.1742885
-7.216000,-0.1741818
-7.208000,-0.1742885
-7.200000,-0.1743951
-7.192000,-0.1743418
-7.184000,-0.1743951
-7.176000,-0.1743951
-7.168000,-0.1743418
-7.160000,-0.1742885
-7.152000,-0.1742885
-7.144000,-0.1743418
-7.136000,-0.1742351
-7.128000,-0.1742351
-7.120000,-0.1742885
-7.112000,-0.1742885
-7.104000,-0.1743418
-7.096000,-0.1743418
-7.088000,-0.1742885
-7.080000,-0.1742885
-7.072000,-0.1742885
-7.064000,-0.1743418
-7.056000,-0.1742885
-7.048000,-0.1742351
-7.040000,-0.1742351
-7.032000,-0.1743418
-7.024000,-0.1743418
-7.016000,-0.1742885
-7.008000,-0.1742351
-7.000000,-0.1742885
-6.992000,-0.1743418
-6.984000,-0.1742885
-6.976000,-0.1743418
-6.968000,-0.1743418
-6.960000,-0.1743418
-6.952000,-0.1743418
-6.944000,-0.1742885
-6.936000,-0.1741284
-6.928000,-0.1741284
-6.920000,-0.1742351
-6.912000,-0.1742885
-6.904000,-0.1743418
-6.896000,-0.1743418
-6.888000,-0.1742885
-6.880000,-0.1742351
-6.872000,-0.1741818
-6.864000,-0.1741284
-6.856000,-0.1741818
-6.848000,-0.1741818
-6.840000,-0.1741818
-6.832000,-0.1741284
-6.824000,-0.1741284
-6.816000,-0.1741818
-6.808000,-0.1741818
-6.800000,-0.1742885
-6.792000,-0.1742885
-6.784000,-0.1741818
-6.776000,-0.1741818
-6.768000,-0.1741818
-6.760000,-0.1741818
-6.752000,-0.1741818
-6.744000,-0.1741284
-6.736000,-0.1741284
-6.728000,-0.1741284
-6.720000,-0.1741818
-6.712000,-0.1741818
-6.704000,-0.1741818
-6.696000,-0.1741818
-6.688000,-0.1741818
-6.680000,-0.1741284
-6.672000,-0.1741284
-6.664000,-0.1741284
-6.656000,-0.1741284
-6.648000,-0.1741818
-6.640000,-0.1741284
-6.632000,-0.1741818
-6.624000,-0.1740751
-6.616000,-0.1740751
-6.608000,-0.1740751
-6.600000,-0.1741284
-6.592000,-0.1741284
-6.584000,-0.1741818
-6.576000,-0.1741818
-6.568000,-0.1741284
-6.560000,-0.1741284
-6.552000,-0.1740751
-6.544000,-0.1740751
-6.536000,-0.1740751
-6.528000,-0.1740751
-6.520000,-0.1741284
-6.512000,-0.1741284
-6.504000,-0.1741284
-6.496000,-0.1741284
-6.488000,-0.1740751
-6.480000,-0.1740751
-6.472000,-0.1740751
-6.464000,-0.1740218
-6.456000,-0.1740218
-6.448000,-0.1740218
-6.440000,-0.1740218
-6.432000,-0.1739684
-6.424000,-0.1739151
-6.416000,-0.1740218
-6.408000,-0.1740218
-6.400000,-0.1740218
-6.392000,-0.1740218
-6.384000,-0.1740218
-6.376000,-0.1740218
-6.368000,-0.1740218
-6.360000,-0.1740218
-6.352000,-0.1739684
-6.344000,-0.1740218
-6.336000,-0.1740218
-6.328000,-0.1740218
-6.320000,-0.1739684
-6.312000,-0.1739684
-6.304000,-0.1739684
-6.296000,-0.1739684
-6.288000,-0.1739684
-6.280000,-0.1739151
-6.272000,-0.1739151
-6.264000,-0.1739684
-6.256000,-0.1739684
-6.248000,-0.1739684
-6.240000,-0.1739684
-6.232000,-0.1739684
-6.224000,-0.1739684
-6.216000,-0.1739151
-6.208000,-0.1739684
-6.200000,-0.1740218
-6.192000,-0.1739151
-6.184000,-0.1739151
-6.176000,-0.1739684
-6.168000,-0.1740218
-6.160000,-0.1739684
-6.152000,-0.1738617
-6.144000,-0.1739684
-6.136000,-0.1739684
-6.128000,-0.1739151
-6.120000,-0.1739151
-6.112000,-0.1738617
-6.104000,-0.1739151
-6.096000,-0.1739684
-6.088000,-0.1739151
-6.080000,-0.1739151
-6.072000,-0.1739684
-6.064000,-0.1739684
-6.056000,-0.1739684
-6.048000,-0.1738617
-6.040000,-0.1737550
-6.032000,-0.1738084
-6.024000,-0.1738617
-6.016000,-0.1739151
-6.008000,-0.1738617
-6.000000,-0.1738084
-5.992000,-0.1737550
-5.984000,-0.1738617
-5.976000,-0.1738617
-5.968000,-0.1738617
-5.960000,-0.1739151
-5.952000,-0.1738617
-5.944000,-0.1738084
-5.936000,-0.1738617
-5.928000,-0.1739151
-5.920000,-0.1738084
-5.912000,-0.1737550
-5.904000,-0.1738617
-5.896000,-0.1738617
-5.888000,-0.1738617
-5.880000,-0.1738084
-5.872000,-0.1738617
-5.864000,-0.1738084
-5.856000,-0.1737550
-5.848000,-0.1737550
-5.840000,-0.1738084
-5.832000,-0.1738617
-5.824000,-0.1738617
-5.816000,-0.1737550
-5.808000,-0.1737550
-5.800000,-0.1737550
-5.792000,-0.1738084
-5.784000,-0.1737550
-5.776000,-0.1737550
-5.768000,-0.1738084
-5.760000,-0.1738084
-5.752000,-0.1737550
-5.744000,-0.1736484
-5.736000,-0.1737017
-5.728000,-0.1737550
-5.720000,-0.1737017
-5.712000,-0.1737017
-5.704000,-0.1737550
-5.696000,-0.1737550
-5.688000,-0.1737017
-5.680000,-0.1737017
-5.672000,-0.1737017
-5.664000,-0.1737550
-5.656000,-0.1737550
-5.648000,-0.1737017
-5.640000,-0.1736484
-5.632000,-0.1736484
-5.624000,-0.1737017
-5.616000,-0.1736484
-5.608000,-0.1736484
-5.600000,-0.1736484
-5.592000,-0.1737017
-5.584000,-0.1737017
-5.576000,-0.1737017
-5.568000,-0.1737550
-5.560000,-0.1736484
-5.552000,-0.1735950
-5.544000,-0.1737017
-5.536000,-0.1737017
-5.528000,-0.1737017
-5.520000,-0.1737550
-5.512000,-0.1737550
-5.504000,-0.1737017
-5.496000,-0.1737017
-5.488000,-0.1737017
-5.480000,-0.1737017
-5.472000,-0.1735950
-5.464000,-0.1736484
-5.456000,-0.1735950
-5.448000,-0.1736484
-5.440000,-0.1736484
-5.432000,-0.1736484
-5.424000,-0.1736484
-5.416000,-0.1736484
-5.408000,-0.1737017
-5.400000,-0.1737017
-5.392000,-0.1735417
-5.384000,-0.1734884
-5.376000,-0.1735950
-5.368000,-0.1735950
-5.360000,-0.1735417
-5.352000,-0.1735950
-5.344000,-0.1735950
-5.336000,-0.1735417
-5.328000,-0.1735417
-5.320000,-0.1735950
-5.312000,-0.1735950
-5.304000,-0.1735950
-5.296000,-0.1735417
-5.288000,-0.1735950
-5.280000,-0.1737017
-5.272000,-0.1735950
-5.264000,-0.1734884
-5.256000,-0.1734884
-5.248000,-0.1735417
-5.240000,-0.1735417
-5.232000,-0.1735417
-5.224000,-0.1735417
-5.216000,-0.1735417
-5.208000,-0.1735417
-5.200000,-0.1735417
-5.192000,-0.1735417
-5.184000,-0.1735417
-5.176000,-0.1734350
-5.168000,-0.1734884
-5.160000,-0.1734884
-5.152000,-0.1735417
-5.144000,-0.1734884
-5.136000,-0.1734884
-5.128000,-0.1734884
-5.120000,-0.1734350
-5.112000,-0.1733817
-5.104000,-0.1734350
-5.096000,-0.1733817
-5.088000,-0.1733817
-5.080000,-0.1734884
-5.072000,-0.1735417
-5.064000,-0.1734884
-5.056000,-0.1734350
-5.048000,-0.1734350
-5.040000,-0.1733817
-5.032000,-0.1734350
-5.024000,-0.1733817
-5.016000,-0.1733817
-5.008000,-0.1733283
-5.000000,-0.1733817
-4.992000,-0.1734884
-4.984000,-0.1734350
-4.976000,-0.1733817
-4.968000,-0.1734884
-4.960000,-0.1734884
-4.952000,-0.1734350
-4.944000,-0.1734350
-4.936000,-0.1734350
-4.928000,-0.1734350
-4.920000,-0.1734350
-4.912000,-0.1733817
-4.904000,-0.1734350
-4.896000,-0.1734350
-4.888000,-0.1734350
-4.880000,-0.1734350
-4.872000,-0.1733817
-4.864000,-0.1734350
-4.856000,-0.1733817
-4.848000,-0.1734350
-4.840000,-0.1734350
-4.832000,-0.1734350
-4.824000,-0.1734350
-4.816000,-0.1733817
-4.808000,-0.1733283
-4.800000,-0.1733283
-4.792000,-0.1733817
-4.784000,-0.1733283
-4.776000,-0.1733817
-4.768000,-0.1733283
-4.760000,-0.1732750
-4.752000,-0.1732750
-4.744000,-0.1733283
-4.736000,-0.1732750
-4.728000,-0.1733283
-4.720000,-0.1733817
-4.712000,-0.1734350
-4.704000,-0.1733817
-4.696000,-0.1733283
-4.688000,-0.1733283
-4.680000,-0.1731683
-4.672000,-0.1732217
-4.664000,-0.1732750
-4.656000,-0.1733283
-4.648000,-0.1732750
-4.640000,-0.1732217
-4.632000,-0.1733283
-4.624000,-0.1733283
-4.616000,-0.1733283
-4.608000,-0.1732217
-4.600000,-0.1732750
-4.592000,-0.1732750
-4.584000,-0.1733283
-4.576000,-0.1732750
-4.568000,-0.1732217
-4.560000,-0.1732217
-4.552000,-0.1732217
-4.544000,-0.1731150
-4.536000,-0.1731683
-4.528000,-0.1731683
-4.520000,-0.1732750
-4.512000,-0.1732217
-4.504000,-0.1730616
-4.496000,-0.1731150
-4.488000,-0.1732217
-4.480000,-0.1732750
-4.472000,-0.1732217
-4.464000,-0.1732217
-4.456000,-0.1732217
-4.448000,-0.1732750
-4.440000,-0.1732750
-4.432000,-0.1732750
-4.424000,-0.1732750
-4.416000,-0.1732750
-4.408000,-0.1732217
-4.400000,-0.1731683
-4.392000,-0.1732750
-4.384000,-0.1732750
-4.376000,-0.1731683
-4.368000,-0.1731150
-4.360000,-0.1731683
-4.352000,-0.1731683
-4.344000,-0.1730616
-4.336000,-0.1730083
-4.328000,-0.1730616
-4.320000,-0.1731150
-4.312000,-0.1731150
-4.304000,-0.1732217
-4.296000,-0.1732217
-4.288000,-0.1731150
-4.280000,-0.1731150
-4.272000,-0.1731150
-4.264000,-0.1731150
-4.256000,-0.1731150
-4.248000,-0.1731150
-4.240000,-0.1731683
-4.232000,-0.1731683
-4.224000,-0.1731150
-4.216000,-0.1730616
-4.208000,-0.1730616
-4.200000,-0.1730616
-4.192000,-0.1731150
-4.184000,-0.1731150
-4.176000,-0.1730616
-4.168000,-0.1730083
-4.160000,-0.1730083
-4.152000,-0.1730616
-4.144000,-0.1730616
-4.136000,-0.1730616
-4.128000,-0.1731150
-4.120000,-0.1731683
-4.112000,-0.1730616
-4.104000,-0.1730083
-4.096000,-0.1730616
-4.088000,-0.1730616
-4.080000,-0.1730616
-4.072000,-0.1730616
-4.064000,-0.1730083
-4.056000,-0.1730616
-4.048000,-0.1731150
-4.040000,-0.1730616
-4.032000,-0.1730083
-4.024000,-0.1730083
-4.016000,-0.1730083
-4.008000,-0.1731150
-4.000000,-0.1730616
-3.992000,-0.1730616
-3.984000,-0.1730083
-3.976000,-0.1730083
-3.968000,-0.1730083
-3.960000,-0.1729549
-3.952000,-0.1729016
-3.944000,-0.1729549
-3.936000,-0.1729549
-3.928000,-0.1730083
-3.920000,-0.1730083
-3.912000,-0.1729549
-3.904000,-0.1729549
-3.896000,-0.1730083
-3.888000,-0.1729549
-3.880000,-0.1729549
-3.872000,-0.1729549
-3.864000,-0.1729549
-3.856000,-0.1730083
-3.848000,-0.1729549
-3.840000,-0.1729549
-3.832000,-0.1729549
-3.824000,-0.1729549
-3.816000,-0.1728483
-3.808000,-0.1728483
-3.800000,-0.1729016
-3.792000,-0.1729549
-3.784000,-0.1729016
-3.776000,-0.1729549
-3.768000,-0.1729016
-3.760000,-0.1729016
-3.752000,-0.1729549
-3.744000,-0.1729549
-3.736000,-0.1729549
-3.728000,-0.1729549
-3.720000,-0.1729016
-3.712000,-0.1729016
-3.704000,-0.1729016
-3.696000,-0.1729016
-3.688000,-0.1729549
-3.680000,-0.1729549
-3.672000,-0.1729016
-3.664000,-0.1727949
-3.656000,-0.1727949
-3.648000,-0.1729016
-3.640000,-0.1729016
-3.632000,-0.1729016
-3.624000,-0.1727416
-3.616000,-0.1727416
-3.608000,-0.1729016
-3.600000,-0.1728483
-3.592000,-0.1727949
-3.584000,-0.1727949
-3.576000,-0.1727949
-3.568000,-0.1727949
-3.560000,-0.1728483
-3.552000,-0.1728483
-3.544000,-0.1728483
-3.536000,-0.1727949
-3.528000,-0.1727416
-3.520000,-0.1727416
-3.512000,-0.1727416
-3.504000,-0.1727416
-3.496000,-0.1727949
-3.488000,-0.1727949
-3.480000,-0.1727416
-3.472000,-0.1726349
-3.464000,-0.1726349
-3.456000,-0.1726883
-3.448000,-0.1726883
-3.440000,-0.1726883
-3.432000,-0.1726349
-3.424000,-0.1726349
-3.416000,-0.1727416
-3.408000,-0.1727416
-3.400000,-0.1727949
-3.392000,-0.1727416
-3.384000,-0.1726883
-3.376000,-0.1726883
-3.368000,-0.1727416
-3.360000,-0.1726883
-3.352000,-0.1726349
-3.344000,-0.1726349
-3.336000,-0.1727416
-3.328000,-0.1727416
-3.320000,-0.1726883
-3.312000,-0.1726883
-3.304000,-0.1726349
-3.296000,-0.1726883
-3.288000,-0.1726883
-3.280000,-0.1726883
-3.272000,-0.1726349
-3.264000,-0.1726883
-3.256000,-0.1727416
-3.248000,-0.1726883
-3.240000,-0.1726349
-3.232000,-0.1725816
-3.224000,-0.1726883
-3.216000,-0.1727416
-3.208000,-0.1726883
-3.200000,-0.1726349
-3.192000,-0.1725816
-3.184000,-0.1726883
-3.176000,-0.1726883
-3.168000,-0.1726349
-3.160000,-0.1724749
-3.152000,-0.1725282
-3.144000,-0.1725816
-3.136000,-0.1726349
-3.128000,-0.1726349
-3.120000,-0.1725816
-3.112000,-0.1726349
-3.104000,-0.1726349
-3.096000,-0.1726349
-3.088000,-0.1727416
-3.080000,-0.1726883
-3.072000,-0.1726349
-3.064000,-0.1725816
-3.056000,-0.1726349
-3.048000,-0.1726349
-3.040000,-0.1726349
-3.032000,-0.1726349
-3.024000,-0.1726349
-3.016000,-0.1726349
-3.008000,-0.1725816
-3.000000,-0.1726349
-2.992000,-0.1726349
-2.984000,-0.1725282
-2.976000,-0.1724749
-2.968000,-0.1725282
-2.960000,-0.1725816
-2.952000,-0.1726349
-2.944000,-0.1725282
-2.936000,-0.1725282
-2.928000,-0.1724749
-2.920000,-0.1725282
-2.912000,-0.1724749
-2.904000,-0.1725282
-2.896000,-0.1725282
-2.888000,-0.1725282
-2.880000,-0.1725816
-2.872000,-0.1724749
-2.864000,-0.1725282
-2.856000,-0.1725282
-2.848000,-0.1724749
-2.840000,-0.1724216
-2.832000,-0.1724216
-2.824000,-0.1724749
-2.816000,-0.1725282
-2.808000,-0.1724749
-2.800000,-0.1724216
-2.792000,-0.1723682
-2.784000,-0.1723682
-2.776000,-0.1723682
-2.768000,-0.1724216
-2.760000,-0.1724749
-2.752000,-0.1724216
-2.744000,-0.1724216
-2.736000,-0.1724216
-2.728000,-0.1723682
-2.720000,-0.1724216
-2.712000,-0.1724216
-2.704000,-0.1724749
-2.696000,-0.1724216
-2.688000,-0.1724749
-2.680000,-0.1724216
-2.672000,-0.1723149
-2.664000,-0.1723682
-2.656000,-0.1724216
-2.648000,-0.1724216
-2.640000,-0.1724749
-2.632000,-0.1724216
-2.624000,-0.1724749
-2.616000,-0.1724749
-2.608000,-0.1723682
-2.600000,-0.1723149
-2.592000,-0.1723682
-2.584000,-0.1724216
-2.576000,-0.1724216
-2.568000,-0.1724216
-2.560000,-0.1723682
-2.552000,-0.1723149
-2.544000,-0.1723149
-2.536000,-0.1724749
-2.528000,-0.1725816
-2.520000,-0.1724749
-2.512000,-0.1723682
-2.504000,-0.1723149
-2.496000,-0.1722615
-2.488000,-0.1722615
-2.480000,-0.1722615
-2.472000,-0.1723149
-2.464000,-0.1723682
-2.456000,-0.1722615
-2.448000,-0.1722082
-2.440000,-0.1722082
-2.432000,-0.1722615
-2.424000,-0.1722615
-2.416000,-0.1723149
-2.408000,-0.1723682
-2.400000,-0.1723149
-2.392000,-0.1722615
-2.384000,-0.1722082
-2.376000,-0.1722615
-2.368000,-0.1722615
-2.360000,-0.1722615
-2.352000,-0.1722082
-2.344000,-0.1722615
-2.336000,-0.1723149
-2.328000,-0.1723149
-2.320000,-0.1723149
-2.312000,-0.1722615
-2.304000,-0.1722082
-2.296000,-0.1722615
-2.288000,-0.1723149
-2.280000,-0.1721548
-2.272000,-0.1721015
-2.264000,-0.1722082
-2.256000,-0.1722615
-2.248000,-0.1722615
-2.240000,-0.1722082
-2.232000,-0.1722615
-2.224000,-0.1723149
-2.216000,-0.1722082
-2.208000,-0.1721548
-2.200000,-0.1722082
-2.192000,-0.1722082
-2.184000,-0.1722082
-2.176000,-0.1721548
-2.168000,-0.1721548
-2.160000,-0.1721548
-2.152000,-0.1721548
-2.144000,-0.1721548
-2.136000,-0.1721548
-2.128000,-0.1721015
-2.120000,-0.1721015
-2.112000,-0.1721548
-2.104000,-0.1721548
-2.096000,-0.1721548
-2.088000,-0.1721548
-2.080000,-0.1721548
-2.072000,-0.1722082
-2.064000,-0.1721548
-2.056000,-0.1721548
-2.048000,-0.1721548
-2.040000,-0.1721548
-2.032000,-0.1721548
-2.024000,-0.1721015
-2.016000,-0.1721548
-2.008000,-0.1721548
-2.000000,-0.1722615
-1.992000,-0.1722082
-1.984000,-0.1721015
-1.976000,-0.1721015
-1.968000,-0.1721548
-1.960000,-0.1722082
-1.952000,-0.1721548
-1.944000,-0.1721015
-1.936000,-0.1719682
-1.928000,-0.1719682
-1.920000,-0.1719682
-1.912000,-0.1721015
-1.904000,-0.1720482
-1.896000,-0.1719682
-1.888000,-0.1720482
-1.880000,-0.1721015
-1.872000,-0.1721548
-1.864000,-0.1721548
-1.856000,-0.1721015
-1.848000,-0.1721015
-1.840000,-0.1721548
-1.832000,-0.1721015
-1.824000,-0.1720482
-1.816000,-0.1719682
-1.808000,-0.1721015
-1.800000,-0.1721015
-1.792000,-0.1721015
-1.784000,-0.1719682
-1.776000,-0.1719148
-1.768000,-0.1718615
-1.760000,-0.1719148
-1.752000,-0.1720482
-1.744000,-0.1719682
-1.736000,-0.1719148
-1.728000,-0.1719682
-1.720000,-0.1719682
-1.712000,-0.1719682
-1.704000,-0.1719682
-1.696000,-0.1719148
-1.688000,-0.1719682
-1.680000,-0.1720482
-1.672000,-0.1719682
-1.664000,-0.1718615
-1.656000,-0.1717548
-1.648000,-0.1718081
-1.640000,-0.1718615
-1.632000,-0.1719148
-1.624000,-0.1719148
-1.616000,-0.1718615
-1.608000,-0.1718615
-1.600000,-0.1719148
-1.592000,-0.1719148
-1.584000,-0.1719148
-1.576000,-0.1719682
-1.568000,-0.1718615
-1.560000,-0.1718615
-1.552000,-0.1719148
-1.544000,-0.1719148
-1.536000,-0.1719148
-1.528000,-0.1719148
-1.520000,-0.1719148
-1.512000,-0.1718615
-1.504000,-0.1718081
-1.496000,-0.1718081
-1.488000,-0.1717548
-1.480000,-0.1718081
-1.472000,-0.1718615
-1.464000,-0.1718615
-1.456000,-0.1718081
-1.448000,-0.1718615
-1.440000,-0.1718615
-1.432000,-0.1718081
-1.424000,-0.1718081
-1.416000,-0.1718081
-1.408000,-0.1717548
-1.400000,-0.1717548
-1.392000,-0.1717548
-1.384000,-0.1718081
-1.376000,-0.1718615
-1.368000,-0.1719148
-1.360000,-0.1718615
-1.352000,-0.1718081
-1.344000,-0.1717548
-1.336000,-0.1717015
-1.328000,-0.1717015
-1.320000,-0.1718081
-1.312000,-0.1718615
-1.304000,-0.1718615
-1.296000,-0.1718615
-1.288000,-0.1717548
-1.280000,-0.1717015
-1.272000,-0.1717015
-1.264000,-0.1716481
-1.256000,-0.1716481
-1.248000,-0.1717548
-1.240000,-0.1718081
-1.232000,-0.1718081
-1.224000,-0.1718081
-1.216000,-0.1718081
-1.208000,-0.1718081
-1.200000,-0.1716481
-1.192000,-0.1716481
-1.184000,-0.1717548
-1.176000,-0.1718081
-1.168000,-0.1718081
-1.160000,-0.1717548
-1.152000,-0.1716481
-1.144000,-0.1716481
-1.136000,-0.1715948
-1.128000,-0.1716481
-1.120000,-0.1716481
-1.112000,-0.1716481
-1.104000,-0.1717015
-1.096000,-0.1717015
-1.088000,-0.1716481
-1.080000,-0.1715948
-1.072000,-0.1715948
-1.064000,-0.1715948
-1.056000,-0.1716481
-1.048000,-0.1717015
-1.040000,-0.1717548
-1.032000,-0.1717548
-1.024000,-0.1717015
-1.016000,-0.1716481
-1.008000,-0.1717015
-1.000000,-0.1717015
-0.992000,-0.1715948
-0.984000,-0.1715948
-0.976000,-0.1715948
-0.968000,-0.1714881
-0.960000,-0.1715414
-0.952000,-0.1715414
-0.944000,-0.1715414
-0.936000,-0.1715414
-0.928000,-0.1715414
-0.920000,-0.1716481
-0.912000,-0.1717015
-0.904000,-0.1715948
-0.896000,-0.1715414
-0.888000,-0.1715948
-0.880000,-0.1715948
-0.872000,-0.1715414
-0.864000,-0.1715948
-0.856000,-0.1715948
-0.848000,-0.1716481
-0.840000,-0.1715948
-0.832000,-0.1715414
-0.824000,-0.1715414
-0.816000,-0.1714881
-0.808000,-0.1715414
-0.800000,-0.1716481
-0.792000,-0.1715948
-0.784000,-0.1715414
-0.776000,-0.1715414
-0.768000,-0.1715414
-0.760000,-0.1714881
-0.752000,-0.1714881
-0.744000,-0.1715414
-0.736000,-0.1715414
-0.728000,-0.1715414
-0.720000,-0.1715948
-0.712000,-0.1714881
-0.704000,-0.1714881
-0.696000,-0.1714348
-0.688000,-0.1713814
-0.680000,-0.1714881
-0.672000,-0.1714348
-0.664000,-0.1714348
-0.656000,-0.1714348
-0.648000,-0.1714348
-0.640000,-0.1713814
-0.632000,-0.1713814
-0.624000,-0.1713814
-0.616000,-0.1713814
-0.608000,-0.1713281
-0.600000,-0.1713281
-0.592000,-0.1712747
-0.584000,-0.1713814
-0.576000,-0.1713814
-0.568000,-0.1713814
-0.560000,-0.1713281
-0.552000,-0.1713281
-0.544000,-0.1713281
-0.536000,-0.1713814
-0.528000,-0.1713814
-0.520000,-0.1713281
-0.512000,-0.1712747
-0.504000,-0.1712214
-0.496000,-0.1711681
-0.488000,-0.1711147
-0.480000,-0.1711147
-0.472000,-0.1711147
-0.464000,-0.1710614
-0.456000,-0.1709547
-0.448000,-0.1709014
-0.440000,-0.1709014
-0.432000,-0.1709014
-0.424000,-0.1708480
-0.416000,-0.1707947
-0.408000,-0.1706880
-0.400000,-0.1705813
-0.392000,-0.1705280
-0.384000,-0.1704746
-0.376000,-0.1703680
-0.368000,-0.1703146
-0.360000,-0.1703146
-0.352000,-0.1703146
-0.344000,-0.1704213
-0.336000,-0.1710080
-0.328000,-0.1719148
-0.320000,-0.1726883
-0.312000,-0.1726883
-0.304000,-0.1717015
-0.296000,-0.1699412
-0.288000,-0.1676209
-0.280000,-0.1646072
-0.272000,-0.1612735
-0.264000,-0.1577797
-0.256000,-0.1542860
-0.248000,-0.1504988
-0.240000,-0.1469517
-0.232000,-0.1430846
-0.224000,-0.1384706
-0.216000,-0.1327633
-0.208000,-0.1261491
-0.200000,-0.1188148
-0.192000,-0.1109205
-0.184000,-0.1020928
-0.176000,-0.0920115
-0.168000,-0.0807301
-0.160000,-0.0683019
-0.152000,-0.0537134
-0.144000,-0.0338976
-0.136000,-0.0124816
-0.128000,0.0040805
-0.120000,0.0187757
-0.112000,0.0345377
-0.104000,0.0542735
-0.096000,0.0780631
-0.088000,0.1017994
-0.080000,0.1268159
-0.072000,0.1582864
-0.064000,0.1945576
-0.056000,0.2333092
-0.048000,0.2752344
-0.040000,0.3197733
-0.032000,0.3663125
-0.024000,0.4164254
-0.016000,0.4734992
-0.008000,0.5390540
-0.000000,0.6105563
0.008000,0.6844855
0.016000,0.7634821
0.024000,0.8520532
0.032000,0.9474518
0.040000,1.0458107
0.048000,1.1483302
0.056000,1.2561570
0.064000,1.3668375
0.072000,1.4502879
0.080000,1.4739709
0.088000,1.4739709
0.096000,1.4739709
0.104000,1.4739709
0.112000,1.4739709
0.120000,1.4739709
0.128000,1.4739709
0.136000,1.4739709
0.144000,1.4739709
0.152000,1.4739709
0.160000,1.4739709
0.168000,1.4739709
0.176000,1.4739709
0.184000,1.4739709
0.192000,1.4739709
0.200000,1.4739709
0.208000,1.4739709
0.216000,1.4739709
0.224000,1.4739709
0.232000,1.4739709
0.240000,1.4739709
0.248000,1.4739709
0.256000,1.4739709
0.264000,1.4739709
0.272000,1.4739709
0.280000,1.4739709
0.288000,1.4739709
0.296000,1.4739709
0.304000,1.4739709
0.312000,1.4739709
0.320000,1.4739709
0.328000,1.4739709
0.336000,1.4739709
0.344000,1.4739709
0.352000,1.4739709
0.360000,1.4739709
0.368000,1.4739709
0.376000,1.4739709
0.384000,1.4739709
0.392000,1.4739709
0.400000,1.4739709
0.408000,1.4739709
0.416000,1.4739709
0.424000,1.4739709
0.432000,1.4739709
0.440000,1.4739709
0.448000,1.4739709
0.456000,1.4739709
0.464000,1.4739709
0.472000,1.4739709
0.480000,1.4739709
0.488000,1.4739709
0.496000,1.4739709
0.504000,1.4739709
0.512000,1.4739709
0.520000,1.4739709
0.528000,1.4739709
0.536000,1.4739709
0.544000,1.4739709
0.552000,1.4739709
0.560000,1.4739709
0.568000,1.4739709
0.576000,1.4739709
0.584000,1.4739709
0.592000,1.4739709
0.600000,1.4739709
0.608000,1.4739709
0.616000,1.4739709
0.624000,1.4739709
0.632000,1.4739709
0.640000,1.4739709
0.648000,1.4739709
0.656000,1.4739709
0.664000,1.4739709
0.672000,1.4739709
0.680000,1.4739709
0.688000,1.4739709
0.696000,1.4739709
0.704000,1.4739709
0.712000,1.4739709
0.720000,1.4739709
0.728000,1.4739709
0.736000,1.4739709
0.744000,1.4739709
0.752000,1.4739709
0.760000,1.4739709
0.768000,1.4739709
0.776000,1.4739709
0.784000,1.4739709
0.792000,1.4739709
0.800000,1.4739709
0.808000,1.4739709
0.816000,1.4739709
0.824000,1.4739709
0.832000,1.4739709
0.840000,1.4739709
0.848000,1.4739709
0.856000,1.4739709
0.864000,1.4739709
0.872000,1.4739709
0.880000,1.4739709
0.888000,1.4739709
0.896000,1.4739709
0.904000,1.4739709
0.912000,1.4739709
0.920000,1.4739709
0.928000,1.4739709
0.936000,1.4739709
0.944000,1.4739709
0.952000,1.4739709
0.960000,1.4739709
0.968000,1.4739709
0.976000,1.4739709
0.984000,1.4739709
0.992000,1.4739709
1.000000,1.4739709
1.008000,1.4739709
1.016000,1.4739709
1.024000,1.4739709
1.032000,1.4739709
1.040000,1.4739709
1.048000,1.4739709
1.056000,1.4739709
1.064000,1.4739709
1.072000,1.4739709
1.080000,1.4739709
1.088000,1.4739709
1.096000,1.4739709
1.104000,1.4739709
1.112000,1.4739709
1.120000,1.4739709
1.128000,1.4739709
1.136000,1.4739709
1.144000,1.4739709
1.152000,1.4739709
1.160000,1.4739709
1.168000,1.4739709
1.176000,1.4739709
1.184000,1.4739709
1.192000,1.4739709
1.200000,1.4739709
1.208000,1.4739709
1.216000,1.4739709
1.224000,1.4739709
1.232000,1.4739709
1.240000,1.4739709
1.248000,1.4739709
1.256000,1.4739709
1.264000,1.4739709
1.272000,1.4739709
1.280000,1.4739709
1.288000,1.4739709
1.296000,1.4739709
1.304000,1.4739709
1.312000,1.4739709
1.320000,1.4739709
1.328000,1.4739709
1.336000,1.4739709
1.344000,1.4739709
1.352000,1.4739709
1.360000,1.4739709
1.368000,1.4739709
1.376000,1.4739709
1.384000,1.4739709
1.392000,1.4739709
1.400000,1.4739709
1.408000,1.4739709
1.416000,1.4739709
1.424000,1.4739709
1.432000,1.4739709
1.440000,1.4739709
1.448000,1.4739709
1.456000,1.4739709
1.464000,1.4739709
1.472000,1.4739709
1.480000,1.4739709
1.488000,1.4739709
1.496000,1.4739709
1.504000,1.4739709
1.512000,1.4739709
1.520000,1.4739709
1.528000,1.4739709
1.536000,1.4739709
1.544000,1.4739709
1.552000,1.4739709
1.560000,1.4739709
1.568000,1.4739709
1.576000,1.4739709
1.584000,1.4739709
1.592000,1.4739709
1.600000,1.4739709
1.608000,1.4739709
1.616000,1.4739709
1.624000,1.4739709
1.632000,1.4739709
1.640000,1.4739709
1.648000,1.4739709
1.656000,1.4739709
1.664000,1.4739709
1.672000,1.4739709
1.680000,1.4739709
1.688000,1.4739709
1.696000,1.4739709
1.704000,1.4739709
1.712000,1.4739709
1.720000,1.4739709
1.728000,1.4739709
1.736000,1.4739709
1.744000,1.4739709
1.752000,1.4739709
1.760000,1.4739709
1.768000,1.4739709
1.776000,1.4739709
1.784000,1.4739709
1.792000,1.4739709
1.800000,1.4739709
1.808000,1.4739709
1.816000,1.4739709
1.824000,1.4739709
1.832000,1.4739709
1.840000,1.4739709
1.848000,1.4739709
1.856000,1.4739709
1.864000,1.4739709
1.872000,1.4739709
1.880000,1.4739709
1.888000,1.4739709
1.896000,1.4739709
1.904000,1.4739709
1.912000,1.4739709
1.920000,1.4739709
1.928000,1.4739709
1.936000,1.4739709
1.944000,1.4739709
1.952000,1.4739709
1.960000,1.4739709
1.968000,1.4739709
1.976000,1.4739709
1.984000,1.4739709
1.992000,1.4739709
2.000000,1.4739709
2.008000,1.4739709
2.016000,1.4739709
2.024000,1.4739709
2.032000,1.4739709
2.040000,1.4739709
2.048000,1.4739709
2.056000,1.4739709
2.064000,1.4739709
2.072000,1.4739709
2.080000,1.4739709
2.088000,1.4739709
2.096000,1.4739709
2.104000,1.4739709
2.112000,1.4739709
2.120000,1.4739709
2.128000,1.4739709
2.136000,1.4739709
2.144000,1.4739709
2.152000,1.4739709
2.160000,1.4739709
2.168000,1.4739709
2.176000,1.4739709
2.184000,1.4739709
2.192000,1.4739709
2.200000,1.4739709
2.208000,1.4739709
2.216000,1.4739709
2.224000,1.4739709
2.232000,1.4739709
2.240000,1.4739709
2.248000,1.4739709
2.256000,1.4739709
2.264000,1.4739709
2.272000,1.4739709
2.280000,1.4739709
2.288000,1.4739709
2.296000,1.4739709
2.304000,1.4739709
2.312000,1.4739709
2.320000,1.4739709
2.328000,1.4739709
2.336000,1.4739709
2.344000,1.4739709
2.352000,1.4739709
2.360000,1.4739709
2.368000,1.4739709
2.376000,1.4739709
2.384000,1.4739709
2.392000,1.4739709
2.400000,1.4739709
2.408000,1.4739709
2.416000,1.4739709
2.424000,1.4739709
2.432000,1.4739709
2.440000,1.4739709
2.448000,1.4739709
2.456000,1.4739709
2.464000,1.4739709
2.472000,1.4739709
2.480000,1.4739709
2.488000,1.4739709
2.496000,1.4739709
2.504000,1.4739709
2.512000,1.4739709
2.520000,1.4739709
2.528000,1.4739709
2.536000,1.4739709
2.544000,1.4739709
2.552000,1.4739709
2.560000,1.4739709
2.568000,1.4739709
2.576000,1.4739709
2.584000,1.4739709
2.592000,1.4739709
2.600000,1.4739709
2.608000,1.4739709
2.616000,1.4739709
2.624000,1.4739709
2.632000,1.4739709
2.640000,1.4739709
2.648000,1.4739709
2.656000,1.4739709
2.664000,1.4739709
2.672000,1.4739709
2.680000,1.4739709
2.688000,1.4739709
2.696000,1.4739709
2.704000,1.4739709
2.712000,1.4739709
2.720000,1.4739709
2.728000,1.4739709
2.736000,1.4739709
2.744000,1.4739709
2.752000,1.4739709
2.760000,1.4739709
2.768000,1.4739709
2.776000,1.4739709
2.784000,1.4739709
2.792000,1.4739709
2.800000,1.4739709
2.808000,1.4739709
2.816000,1.4739709
2.824000,1.4739709
2.832000,1.4739709
2.840000,1.4739709
2.848000,1.4739709
2.856000,1.4739709
2.864000,1.4739709
2.872000,1.4739709
2.880000,1.4739709
2.888000,1.4739709
2.896000,1.4739709
2.904000,1.4739709
2.912000,1.4739709
2.920000,1.4739709
2.928000,1.4739709
2.936000,1.4739709
2.944000,1.4739709
2.952000,1.4739709
2.960000,1.4739709
2.968000,1.4739709
2.976000,1.4739709
2.984000,1.4739709
2.992000,1.4739709
3.000000,1.4739709
3.008000,1.4739709
3.016000,1.4739709
3.024000,1.4739709
3.032000,1.4739709
3.040000,1.4739709
3.048000,1.4739709
3.056000,1.4739709
3.064000,1.4739709
3.072000,1.4739709
3.080000,1.4739709
3.088000,1.4739709
3.096000,1.4739709
3.104000,1.4739709
3.112000,1.4739709
3.120000,1.4739709
3.128000,1.4739709
3.136000,1.4739709
3.144000,1.4739709
3.152000,1.4739709
3.160000,1.4739709
3.168000,1.4739709
3.176000,1.4739709
3.184000,1.4739709
3.192000,1.4739709
3.200000,1.4739709
3.208000,1.4739709
3.216000,1.4739709
3.224000,1.4739709
3.232000,1.4739709
3.240000,1.4739709
3.248000,1.4739709
3.256000,1.4739709
3.264000,1.4739709
3.272000,1.4739709
3.280000,1.4739709
3.288000,1.4739709
3.296000,1.4739709
3.304000,1.4739709
3.312000,1.4739709
3.320000,1.4739709
3.328000,1.4739709
3.336000,1.4739709
3.344000,1.4739709
3.352000,1.4739709
3.360000,1.4739709
3.368000,1.4739709
3.376000,1.4739709
3.384000,1.4739709
3.392000,1.4739709
3.400000,1.4739709
3.408000,1.4739709
3.416000,1.4739709
3.424000,1.4739709
3.432000,1.4739709
3.440000,1.4739709
3.448000,1.4739709
3.456000,1.4739709
3.464000,1.4739709
3.472000,1.4739709
3.480000,1.4739709
3.488000,1.4739709
3.496000,1.4739709
3.504000,1.4739709
3.512000,1.4739709
3.520000,1.4739709
3.528000,1.4739709
3.536000,1.4739709
3.544000,1.4739709
3.552000,1.4739709
3.560000,1.4739709
3.568000,1.4739709
3.576000,1.4739709
3.584000,1.4739709
3.592000,1.4739709
3.600000,1.4739709
3.608000,1.4739709
3.616000,1.4739709
3.624000,1.4739709
3.632000,1.4739709
3.640000,1.4739709
3.648000,1.4739709
3.656000,1.4739709
3.664000,1.4739709
3.672000,1.4739709
3.680000,1.4739709
3.688000,1.4739709
3.696000,1.4739709
3.704000,1.4739709
3.712000,1.4739709
3.720000,1.4739709
3.728000,1.4739709
3.736000,1.4739709
3.744000,1.4739709
3.752000,1.4739709
3.760000,1.4739709
3.768000,1.4739709
3.776000,1.4739709
3.784000,1.4739709
3.792000,1.4739709
3.800000,1.4739709
3.808000,1.4739709
3.816000,1.4739709
3.824000,1.4739709
3.832000,1.4739709
3.840000,1.4739709
3.848000,1.4739709
3.856000,1.4739709
3.864000,1.4739709
3.872000,1.4739709
3.880000,1.4739709
3.888000,1.4739709
3.896000,1.4739709
3.904000,1.4739709
3.912000,1.4739709
3.920000,1.4739709
3.928000,1.4739709
3.936000,1.4739709
3.944000,1.4739709
3.952000,1.4739709
3.960000,1.4739709
3.968000,1.4739709
3.976000,1.4739709
3.984000,1.4739709
3.992000,1.4739709
4.000000,1.4739709
4.008000,1.4739709
4.016000,1.4739709
4.024000,1.4739709
4.032000,1.4739709
4.040000,1.4739709
4.048000,1.4739709
4.056000,1.4739709
4.064000,1.4739709
4.072000,1.4739709
4.080000,1.4739709
4.088000,1.4739709
4.096000,1.4739709
4.104000,1.4739709
4.112000,1.4739709
4.120000,1.4739709
4.128000,1.4739709
4.136000,1.4739709
4.144000,1.4739709
4.152000,1.4739709
4.160000,1.4739709
4.168000,1.4739709
4.176000,1.4739709
4.184000,1.4739709
4.192000,1.4739709
4.200000,1.4739709
4.208000,1.4739709
4.216000,1.4739709
4.224000,1.4739709
4.232000,1.4739709
4.240000,1.4739709
4.248000,1.4739709
4.256000,1.4739709
4.264000,1.4739709
4.272000,1.4739709
4.280000,1.4739709
4.288000,1.4739709
4.296000,1.4739709
4.304000,1.4739709
4.312000,1.4739709
4.320000,1.4739709
4.328000,1.4739709
4.336000,1.4739709
4.344000,1.4739709
4.352000,1.4739709
4.360000,1.4739709
4.368000,1.4739709
4.376000,1.4739709
4.384000,1.4739709
4.392000,1.4739709
4.400000,1.4739709
4.408000,1.4739709
4.416000,1.4739709
4.424000,1.4739709
4.432000,1.4739709
4.440000,1.4739709
4.448000,1.4739709
4.456000,1.4739709
4.464000,1.4739709
4.472000,1.4739709
4.480000,1.4739709
4.488000,1.4739709
4.496000,1.4739709
4.504000,1.4739709
4.512000,1.4739709
4.520000,1.4739709
4.528000,1.4739709
4.536000,1.4739709
4.544000,1.4739709
4.552000,1.4739709
4.560000,1.4739709
4.568000,1.4739709
4.576000,1.4739709
4.584000,1.4739709
4.592000,1.4739709
4.600000,1.4739709
4.608000,1.4739709
4.616000,1.4739709
4.624000,1.4739709
4.632000,1.4739709
4.640000,1.4739709
4.648000,1.4739709
4.656000,1.4739709
4.664000,1.4739709
4.672000,1.4739709
4.680000,1.4739709
4.688000,1.4739709
4.696000,1.4739709
4.704000,1.4739709
4.712000,1.4739709
4.720000,1.4739709
4.728000,1.4739709
4.736000,1.4739709
4.744000,1.4739709
4.752000,1.4739709
4.760000,1.4739709
4.768000,1.4739709
4.776000,1.4739709
4.784000,1.4739709
4.792000,1.4739709
4.800000,1.4739709
4.808000,1.4739709
4.816000,1.4739709
4.824000,1.4739709
4.832000,1.4739709
4.840000,1.4739709
4.848000,1.4739709
4.856000,1.4739709
4.864000,1.4739709
4.872000,1.4739709
4.880000,1.4739709
4.888000,1.4739709
4.896000,1.4739709
4.904000,1.4739709
4.912000,1.4739709
4.920000,1.4739709
4.928000,1.4739709
4.936000,1.4739709
4.944000,1.4739709
4.952000,1.4739709
4.960000,1.4739709
4.968000,1.4739709
4.976000,1.4739709
4.984000,1.4739709
4.992000,1.4739709
5.000000,1.4739709
5.008000,1.4739709
5.016000,1.4739709
5.024000,1.4739709
5.032000,1.4739709
5.040000,1.4739709
5.048000,1.4739709
5.056000,1.4739709
5.064000,1.4739709
5.072000,1.4739709
5.080000,1.4739709
5.088000,1.4739709
5.096000,1.4739709
5.104000,1.4739709
5.112000,1.4739709
5.120000,1.4739709
5.128000,1.4739709
5.136000,1.4739709
5.144000,1.4739709
5.152000,1.4739709
5.160000,1.4739709
5.168000,1.4739709
5.176000,1.4739709
5.184000,1.4739709
5.192000,1.4739709
5.200000,1.4739709
5.208000,1.4739709
5.216000,1.4739709
5.224000,1.4739709
5.232000,1.4739709
5.240000,1.4739709
5.248000,1.4739709
5.256000,1.4739709
5.264000,1.4739709
5.272000,1.4739709
5.280000,1.4739709
5.288000,1.4739709
5.296000,1.4739709
5.304000,1.4739709
5.312000,1.4739709
5.320000,1.4739709
5.328000,1.4739709
5.336000,1.4739709
5.344000,1.4739709
5.352000,1.4739709
5.360000,1.4739709
5.368000,1.4739709
5.376000,1.4739709
5.384000,1.4739709
5.392000,1.4739709
5.400000,1.4739709
5.408000,1.4739709
5.416000,1.4739709
5.424000,1.4739709
5.432000,1.4739709
5.440000,1.4739709
5.448000,1.4739709
5.456000,1.4739709
5.464000,1.4739709
5.472000,1.4739709
5.480000,1.4739709
5.488000,1.4739709
5.496000,1.4739709
5.504000,1.4739709
5.512000,1.4739709
5.520000,1.4739709
5.528000,1.4739709
5.536000,1.4739709
5.544000,1.4739709
5.552000,1.4739709
5.560000,1.4739709
5.568000,1.4739709
5.576000,1.4739709
5.584000,1.4739709
5.592000,1.4739709
5.600000,1.4739709
5.608000,1.4739709
5.616000,1.4739709
5.624000,1.4739709
5.632000,1.4739709
5.640000,1.4739709
5.648000,1.4739709
5.656000,1.4739709
5.664000,1.4739709
5.672000,1.4739709
5.680000,1.4739709
5.688000,1.4739709
5.696000,1.4739709
5.704000,1.4739709
5.712000,1.4739709
5.720000,1.4739709
5.728000,1.4739709
5.736000,1.4739709
5.744000,1.4739709
5.752000,1.4739709
5.760000,1.4739709
5.768000,1.4739709
5.776000,1.4739709
5.784000,1.4739709
5.792000,1.4739709
5.800000,1.4739709
5.808000,1.4739709
5.816000,1.4739709
5.824000,1.4739709
5.832000,1.4739709
5.840000,1.4739709
5.848000,1.4739709
5.856000,1.4739709
5.864000,1.4739709
5.872000,1.4739709
5.880000,1.4739709
5.888000,1.4739709
5.896000,1.4739709
5.904000,1.4739709
5.912000,1.4739709
5.920000,1.4739709
5.928000,1.4739709
5.936000,1.4739709
5.944000,1.4739709
5.952000,1.4739709
5.960000,1.4739709
5.968000,1.4739709
5.976000,1.4739709
5.984000,1.4739709
5.992000,1.4739709
6.000000,1.4739709
6.008000,1.4739709
6.016000,1.4739709
6.024000,1.4739709
6.032000,1.4739709
6.040000,1.4739709
6.048000,1.4739709
6.056000,1.4739709
6.064000,1.4739709
6.072000,1.4739709
6.080000,1.4739709
6.088000,1.4739709
6.096000,1.4739709
6.104000,1.4739709
6.112000,1.4739709
6.120000,1.4739709
6.128000,1.4739709
6.136000,1.4739709
6.144000,1.4739709
6.152000,1.4739709
6.160000,1.4739709
6.168000,1.4739709
6.176000,1.4739709
6.184000,1.4739709
6.192000,1.4739709
6.200000,1.4739709
6.208000,1.4739709
6.216000,1.4739709
6.224000,1.4739709
6.232000,1.4739709
6.240000,1.4739709
6.248000,1.4739709
6.256000,1.4739709
6.264000,1.4739709
6.272000,1.4739709
6.280000,1.4739709
6.288000,1.4739709
6.296000,1.4739709
6.304000,1.4739709
6.312000,1.4739709
6.320000,1.4739709
6.328000,1.4739709
6.336000,1.4739709
6.344000,1.4739709
6.352000,1.4739709
6.360000,1.4739709
6.368000,1.4739709
6.376000,1.4739709
6.384000,1.4739709
6.392000,1.4739709
6.400000,1.4739709
6.408000,1.4739709
6.416000,1.4739709
6.424000,1.4739709
6.432000,1.4739709
6.440000,1.4739709
6.448000,1.4739709
6.456000,1.4739709
6.464000,1.4739709
6.472000,1.4739709
6.480000,1.4739709
6.488000,1.4739709
6.496000,1.4739709
6.504000,1.4739709
6.512000,1.4739709
6.520000,1.4739709
6.528000,1.4739709
6.536000,1.4739709
6.544000,1.4739709
6.552000,1.4739709
6.560000,1.4739709
6.568000,1.4739709
6.576000,1.4739709
6.584000,1.4739709
6.592000,1.4739709
6.600000,1.4739709
6.608000,1.4739709
6.616000,1.4739709
6.624000,1.4739709
6.632000,1.4739709
6.640000,1.4739709
6.648000,1.4739709
6.656000,1.4739709
6.664000,1.4739709
6.672000,1.4739709
6.680000,1.4739709
6.688000,1.4739709
6.696000,1.4739709
6.704000,1.4739709
6.712000,1.4739709
6.720000,1.4739709
6.728000,1.4739709
6.736000,1.4739709
6.744000,1.4739709
6.752000,1.4739709
6.760000,1.4739709
6.768000,1.4739709
6.776000,1.4739709
6.784000,1.4739709
6.792000,1.4739709
6.800000,1.4739709
6.808000,1.4739709
6.816000,1.4739709
6.824000,1.4739709
6.832000,1.4739709
6.840000,1.4739709
6.848000,1.4739709
6.856000,1.4739709
6.864000,1.4739709
6.872000,1.4739709
6.880000,1.4739709
6.888000,1.4739709
6.896000,1.4739709
6.904000,1.4739709
6.912000,1.4739709
6.920000,1.4739709
6.928000,1.4739709
6.936000,1.4739709
6.944000,1.4739709
6.952000,1.4739709
6.960000,1.4739709
6.968000,1.4739709
6.976000,1.4739709
6.984000,1.4739709
6.992000,1.4739709
7.000000,1.4739709
7.008000,1.4739709
7.016000,1.4739709
7.024000,1.4739709
7.032000,1.4739709
7.040000,1.4739709
7.048000,1.4739709
7.056000,1.4739709
7.064000,1.4739709
7.072000,1.4739709
7.080000,1.4739709
7.088000,1.4739709
7.096000,1.4739709
7.104000,1.4739709
7.112000,1.4739709
7.120000,1.4739709
7.128000,1.4739709
7.136000,1.4739709
7.144000,1.4739709
7.152000,1.4739709
7.160000,1.4739709
7.168000,1.4739709
7.176000,1.4739709
7.184000,1.4739709
7.192000,1.4739709
7.200000,1.4739709
7.208000,1.4739709
7.216000,1.4739709
7.224000,1.4739709
7.232000,1.4739709
7.240000,1.4739709
7.248000,1.4739709
7.256000,1.4739709
7.264000,1.4739709
7.272000,1.4739709
7.280000,1.4739709
7.288000,1.4739709
7.296000,1.4739709
7.304000,1.4739709
7.312000,1.4739709
7.320000,1.4739709
7.328000,1.4739709
7.336000,1.4739709
7.344000,1.4739709
7.352000,1.4739709
7.360000,1.4739709
7.368000,1.4739709
7.376000,1.4739709
7.384000,1.4739709
7.392000,1.4739709
7.400000,1.4739709
7.408000,1.4739709
7.416000,1.4739709
7.424000,1.4739709
7.432000,1.4739709
7.440000,1.4739709
7.448000,1.4739709
7.456000,1.4739709
7.464000,1.4739709
7.472000,1.4739709
7.480000,1.4739709
7.488000,1.4739709
7.496000,1.4739709
7.504000,1.4739709
7.512000,1.4739709
7.520000,1.4739709
7.528000,1.4739709
7.536000,1.4739709
7.544000,1.4739709
7.552000,1.4739709
7.560000,1.4739709
7.568000,1.4739709
7.576000,1.4739709
7.584000,1.4739709
7.592000,1.4739709
7.600000,1.4739709
7.608000,1.4739709
7.616000,1.4739709
7.624000,1.4739709
7.632000,1.4739709
7.640000,1.4739709
7.648000,1.4739709
7.656000,1.4739709
7.664000,1.4739709
7.672000,1.4739709
7.680000,1.4739709
7.688000,1.4739709
7.696000,1.4739709
7.704000,1.4739709
7.712000,1.4739709
7.720000,1.4739709
7.728000,1.4739709
7.736000,1.4739709
7.744000,1.4739709
7.752000,1.4739709
7.760000,1.4739709
7.768000,1.4739709
7.776000,1.4739709
7.784000,1.4739709
7.792000,1.4739709
7.800000,1.4739709
7.808000,1.4739709
7.816000,1.4739709
7.824000,1.4739709
7.832000,1.4739709
7.840000,1.4739709
7.848000,1.4739709
7.856000,1.4739709
7.864000,1.4739709
7.872000,1.4739709
7.880000,1.4739709
7.888000,1.4739709
7.896000,1.4739709
7.904000,1.4739709
7.912000,1.4739709
7.920000,1.4739709
7.928000,1.4739709
7.936000,1.4739709
7.944000,1.4739709
7.952000,1.4739709
7.960000,1.4739709
7.968000,1.4739709
7.976000,1.4739709
7.984000,1.4739709
7.992000,1.4739709
8.000000,1.4739709
8.008000,1.4739709
8.016000,1.4739709
8.024000,1.4739709
8.032000,1.4739709
8.040000,1.4739709
8.048000,1.4739709
8.056000,1.4739709
8.064000,1.4739709
8.072000,1.4739709
8.080000,1.4739709
8.088000,1.4739709
8.096000,1.4739709
8.104000,1.4739709
8.112000,1.4739709
8.120000,1.4739709
8.128000,1.4739709
8.136000,1.4739709
8.144000,1.4739709
8.152000,1.4739709
8.160000,1.4739709
8.168000,1.4739709
8.176000,1.4739709
8.184000,1.4739709
8.192000,1.4739709
8.200000,1.4739709
8.208000,1.4739709
8.216000,1.4739709
8.224000,1.4739709
8.232000,1.4739709
8.240000,1.4739709
8.248000,1.4739709
8.256000,1.4739709
8.264000,1.4739709
8.272000,1.4739709
8.280000,1.4739709
8.288000,1.4739709
8.296000,1.4739709
8.304000,1.4739709
8.312000,1.4739709
8.320000,1.4739709
8.328000,1.4739709
8.336000,1.4739709
8.344000,1.4739709
8.352000,1.4739709
8.360000,1.4739709
8.368000,1.4739709
8.376000,1.4739709
8.384000,1.4739709
8.392000,1.4739709
8.400000,1.4739709
8.408000,1.4739709
8.416000,1.4739709
8.424000,1.4739709
8.432000,1.4739709
8.440000,1.4739709
8.448000,1.4739709
8.456000,1.4739709
8.464000,1.4739709
8.472000,1.4739709
8.480000,1.4739709
8.488000,1.4739709
8.496000,1.4739709
8.504000,1.4739709
8.512000,1.4739709
8.520000,1.4739709
8.528000,1.4739709
8.536000,1.4739709
8.544000,1.4739709
8.552000,1.4739709
8.560000,1.4739709
8.568000,1.4739709
8.576000,1.4739709
8.584000,1.4739709
8.592000,1.4739709
8.600000,1.4739709
8.608000,1.4739709
8.616000,1.4739709
8.624000,1.4739709
8.632000,1.4739709
8.640000,1.4739709
8.648000,1.4739709
8.656000,1.4739709
8.664000,1.4739709
8.672000,1.4739709
8.680000,1.4739709
8.688000,1.4739709
8.696000,1.4739709
8.704000,1.4739709
8.712000,1.4739709
8.720000,1.4739709
8.728000,1.4739709
8.736000,1.4739709
8.744000,1.4739709
8.752000,1.4739709
8.760000,1.4739709
8.768000,1.4739709
8.776000,1.4739709
8.784000,1.4739709
8.792000,1.4739709
8.800000,1.4739709
8.808000,1.4739709
8.816000,1.4739709
8.824000,1.4739709
8.832000,1.4739709
8.840000,1.4739709
8.848000,1.4739709
8.856000,1.4739709
8.864000,1.4739709
8.872000,1.4739709
8.880000,1.4739709
8.888000,1.4739709
8.896000,1.4739709
8.904000,1.4739709
8.912000,1.4739709
8.920000,1.4739709
8.928000,1.4739709
8.936000,1.4739709
8.944000,1.4739709
8.952000,1.4739709
8.960000,1.4739709
8.968000,1.4739709
8.976000,1.4739709
8.984000,1.4739709
8.992000,1.4739709
9.000000,1.4739709
9.008000,1.4739709
9.016000,1.4739709
9.024000,1.4739709
9.032000,1.4739709
9.040000,1.4739709
9.048000,1.4739709
9.056000,1.4739709
9.064000,1.4739709
9.072000,1.4739709
9.080000,1.4739709
9.088000,1.4739709
9.096000,1.4739709
9.104000,1.4739709
9.112000,1.4739709
9.120000,1.4739709
9.128000,1.4739709
9.136000,1.4739709
9.144000,1.4739709
9.152000,1.4739709
9.160000,1.4739709
9.168000,1.4739709
9.176000,1.4739709
9.184000,1.4739709
9.192000,1.4739709
9.200000,1.4739709
9.208000,1.4739709
9.216000,1.4739709
9.224000,1.4739709
9.232000,1.4739709
9.240000,1.4739709
9.248000,1.4739709
9.256000,1.4739709
9.264000,1.4739709
9.272000,1.4739709
9.280000,1.4739709
9.288000,1.4739709
9.296000,1.4739709
9.304000,1.4739709
9.312000,1.4739709
9.320000,1.4739709
9.328000,1.4739709
9.336000,1.4739709
9.344000,1.4739709
9.352000,1.4739709
9.360000,1.4739709
9.368000,1.4739709
9.376000,1.4739709
9.384000,1.4739709
9.392000,1.4739709
9.400000,1.4739709
9.408000,1.4739709
9.416000,1.4739709
9.424000,1.4739709
9.432000,1.4739709
9.440000,1.4739709
9.448000,1.4739709
9.456000,1.4739709
9.464000,1.4739709
9.472000,1.4739709
9.480000,1.4739709
9.488000,1.4739709
9.496000,1.4739709
9.504000,1.4739709
9.512000,1.4739709
9.520000,1.4739709
9.528000,1.4739709
9.536000,1.4739709
9.544000,1.4739709
9.552000,1.4739709
9.560000,1.4739709
9.568000,1.4739709
9.576000,1.4739709
9.584000,1.4739709
9.592000,1.4739709
9.600000,1.4739709
9.608000,1.4739709
9.616000,1.4739709
9.624000,1.4739709
9.632000,1.4739709
9.640000,1.4739709
9.648000,1.4739709
9.656000,1.4739709
9.664000,1.4739709
9.672000,1.4739709
9.680000,1.4739709
9.688000,1.4739709
9.696000,1.4739709
9.704000,1.4739709
9.712000,1.4739709
9.720000,1.4739709
9.728000,1.4739709
9.736000,1.4739709
9.744000,1.4739709
9.752000,1.4739709
9.760000,1.4739709
9.768000,1.4739709
9.776000,1.4739709
9.784000,1.4739709
9.792000,1.4739709
9.800000,1.4739709
9.808000,1.4739709
9.816000,1.4739709
9.824000,1.4739709
9.832000,1.4739709
9.840000,1.4739709
9.848000,1.4739709
9.856000,1.4739709
9.864000,1.4739709
9.872000,1.4739709
9.880000,1.4739709
9.888000,1.4739709
9.896000,1.4739709
9.904000,1.4739709
9.912000,1.4739709
9.920000,1.4739709
9.928000,1.4739709
9.936000,1.4739709
9.944000,1.4739709
9.952000,1.4739709
9.960000,1.4739709
9.968000,1.4739709
9.976000,1.4739709
9.984000,1.4739709
9.992000,1.4739709
10.000000,1.4739709
10.008000,1.4739709
10.016000,1.4739709
10.024000,1.4739709
10.032000,1.4739709
10.040000,1.4739709
10.048000,1.4739709
10.056000,1.4739709
10.064000,1.4739709
10.072000,1.4739709
10.080000,1.4739709
10.088000,1.4739709
10.096000,1.4739709
10.104000,1.4739709
10.112000,1.4739709
10.120000,1.4739709
10.128000,1.4739709
10.136000,1.4739709
10.144000,1.4739709
10.152000,1.4739709
10.160000,1.4739709
10.168000,1.4739709
10.176000,1.4739709
10.184000,1.4739709
10.192000,1.4739709
10.200000,1.4739709
10.208000,1.4739709
10.216000,1.4739709
10.224000,1.4739709
10.232000,1.4739709
10.240000,1.4739709
10.248000,1.4739709
10.256000,1.4739709
10.264000,1.4739709
10.272000,1.4739709
10.280000,1.4739709
10.288000,1.4739709
10.296000,1.4739709
10.304000,1.4739709
10.312000,1.4739709
10.320000,1.4739709
10.328000,1.4739709
10.336000,1.4739709
10.344000,1.4739709
10.352000,1.4739709
10.360000,1.4739709
10.368000,1.4739709
10.376000,1.4739709
10.384000,1.4739709
10.392000,1.4739709
10.400000,1.4739709
10.408000,1.4739709
10.416000,1.4739709
10.424000,1.4739709
10.432000,1.4739709
10.440000,1.4739709
10.448000,1.4739709
10.456000,1.4739709
10.464000,1.4739709
10.472000,1.4739709
10.480000,1.4739709
10.488000,1.4739709
10.496000,1.4739709
10.504000,1.4739709
10.512000,1.4739709
10.520000,1.4739709
10.528000,1.4739709
10.536000,1.4739709
10.544000,1.4739709
10.552000,1.4739709
10.560000,1.4739709
10.568000,1.4739709
10.576000,1.4739709
10.584000,1.4739709
10.592000,1.4739709
10.600000,1.4739709
10.608000,1.4739709
10.616000,1.4739709
10.624000,1.4739709
10.632000,1.4739709
10.640000,1.4739709
10.648000,1.4739709
10.656000,1.4739709
10.664000,1.4739709
10.672000,1.4739709
10.680000,1.4739709
10.688000,1.4739709
10.696000,1.4739709
10.704000,1.4739709
10.712000,1.4739709
10.720000,1.4739709
10.728000,1.4739709
10.736000,1.4739709
10.744000,1.4739709
10.752000,1.4739709
10.760000,1.4739709
10.768000,1.4739709
10.776000,1.4739709
10.784000,1.4739709
10.792000,1.4739709
10.800000,1.4739709
10.808000,1.4739709
10.816000,1.4739709
10.824000,1.4739709
10.832000,1.4739709
10.840000,1.4739709
10.848000,1.4739709
10.856000,1.4739709
10.864000,1.4739709
10.872000,1.4739709
10.880000,1.4739709
10.888000,1.4739709
10.896000,1.4739709
10.904000,1.4739709
10.912000,1.4739709
10.920000,1.4739709
10.928000,1.4739709
10.936000,1.4739709
10.944000,1.4739709
10.952000,1.4739709
10.960000,1.4739709
10.968000,1.4739709
10.976000,1.4739709
10.984000,1.4739709
10.992000,1.4739709
11.000000,1.4739709
11.008000,1.4739709
11.016000,1.4739709
11.024000,1.4739709
11.032000,1.4739709
11.040000,1.4739709
11.048000,1.4739709
11.056000,1.4739709
11.064000,1.4739709
11.072000,1.4739709
11.080000,1.4739709
11.088000,1.4739709
11.096000,1.4739709
11.104000,1.4739709
11.112000,1.4739709
11.120000,1.4739709
11.128000,1.4739709
11.136000,1.4739709
11.144000,1.4739709
11.152000,1.4739709
11.160000,1.4739709
11.168000,1.4739709
11.176000,1.4739709
11.184000,1.4739709
11.192000,1.4739709
11.200000,1.4739709
11.208000,1.4739709
11.216000,1.4739709
11.224000,1.4739709
11.232000,1.4739709
11.240000,1.4739709
11.248000,1.4739709
11.256000,1.4739709
11.264000,1.4739709
11.272000,1.4739709
11.280000,1.4739709
11.288000,1.4739709
11.296000,1.4739709
11.304000,1.4739709
11.312000,1.4739709
11.320000,1.4739709
11.328000,1.4739709
11.336000,1.4739709
11.344000,1.4739709
11.352000,1.4739709
11.360000,1.4739709
11.368000,1.4739709
11.376000,1.4739709
11.384000,1.4739709
11.392000,1.4739709
11.400000,1.4739709
11.408000,1.4739709
11.416000,1.4739709
11.424000,1.4739709
11.432000,1.4739709
11.440000,1.4739709
11.448000,1.4739709
11.456000,1.4739709
11.464000,1.4739709
11.472000,1.4739709
11.480000,1.4739709
11.488000,1.4739709
11.496000,1.4739709
11.504000,1.4739709
11.512000,1.4739709
11.520000,1.4739709
11.528000,1.4739709
11.536000,1.4739709
11.544000,1.4739709
11.552000,1.4739709
11.560000,1.4739709
11.568000,1.4739709
11.576000,1.4739709
11.584000,1.4739709
11.592000,1.4739709
11.600000,1.4739709
11.608000,1.4739709
11.616000,1.4739709
11.624000,1.4739709
11.632000,1.4739709
11.640000,1.4739709
11.648000,1.4739709
11.656000,1.4739709
11.664000,1.4739709
11.672000,1.4739709
11.680000,1.4739709
11.688000,1.4739709
11.696000,1.4739709
11.704000,1.4739709
11.712000,1.4739709
11.720000,1.4739709
11.728000,1.4739709
11.736000,1.4739709
11.744000,1.4739709
11.752000,1.4739709
11.760000,1.4739709
11.768000,1.4739709
11.776000,1.4739709
11.784000,1.4739709
11.792000,1.4739709
11.800000,1.4739709
11.808000,1.4739709
11.816000,1.4739709
11.824000,1.4739709
11.832000,1.4739709
11.840000,1.4739709
11.848000,1.4739709
11.856000,1.4739709
11.864000,1.4739709
11.872000,1.4739709
11.880000,1.4739709
11.888000,1.4739709
11.896000,1.4739709
11.904000,1.4739709
11.912000,1.4739709
11.920000,1.4739709
11.928000,1.4739709
11.936000,1.4739709
11.944000,1.4739709
11.952000,1.4739709
11.960000,1.4739709
11.968000,1.4739709
11.976000,1.4739709
11.984000,1.4739709
11.992000,1.4739709
12.000000,1.4739709
12.008000,1.4739709
12.016000,1.4739709
12.024000,1.4739709
12.032000,1.4739709
12.040000,1.4739709
12.048000,1.4739709
12.056000,1.4739709
12.064000,1.4739709
12.072000,1.4739709
12.080000,1.4739709
12.088000,1.4739709
12.096000,1.4739709
12.104000,1.4739709
12.112000,1.4739709
12.120000,1.4739709
12.128000,1.4739709
12.136000,1.4739709
12.144000,1.4739709
12.152000,1.4739709
12.160000,1.4739709
12.168000,1.4739709
12.176000,1.4734375
12.184000,1.4672501
12.192000,1.4611159
12.200000,1.4549819
12.208000,1.4489011
12.216000,1.4427136
12.224000,1.4365262
12.232000,1.4304455
12.240000,1.4242580
12.248000,1.4180706
12.256000,1.4120965
12.264000,1.4060691
12.272000,1.4001483
12.280000,1.3942809
12.288000,1.3884669
12.296000,1.3826528
12.304000,1.3765721
12.312000,1.3707046
12.320000,1.3649173
12.328000,1.3589965
12.336000,1.3531291
12.344000,1.3473151
12.352000,1.3416610
12.360000,1.3359536
12.368000,1.3301929
12.376000,1.3245389
12.384000,1.3188582
12.392000,1.3133641
12.400000,1.3077634
12.408000,1.3022694
12.416000,1.2967221
12.424000,1.2911214
12.432000,1.2857074
12.440000,1.2801600
12.448000,1.2746126
12.456000,1.2692253
12.464000,1.2638113
12.472000,1.2584773
12.480000,1.2531966
12.488000,1.2478093
12.496000,1.2423953
12.504000,1.2370079
12.512000,1.2318340
12.520000,1.2266600
12.528000,1.2214060
12.536000,1.2162320
12.544000,1.2109513
12.552000,1.2057507
12.560000,1.2006301
12.568000,1.1955628
12.576000,1.1905755
12.584000,1.1855082
12.592000,1.1804409
12.600000,1.1755069
12.608000,1.1704930
12.616000,1.1654790
12.624000,1.1605984
12.632000,1.1555311
12.640000,1.1507038
12.648000,1.1458499
12.656000,1.1407826
12.664000,1.1360086
12.672000,1.1312614
12.680000,1.1262741
12.688000,1.1217402
12.696000,1.1171263
12.704000,1.1122190
12.712000,1.1075251
12.720000,1.1029645
12.728000,1.0982173
12.736000,1.0937100
12.744000,1.0892561
12.752000,1.0844555
12.760000,1.0797616
12.768000,1.0752544
12.776000,1.0706138
12.784000,1.0661066
12.792000,1.0617594
12.800000,1.0571721
12.808000,1.0528783
12.816000,1.0486111
12.824000,1.0440505
12.832000,1.0396233
12.840000,1.0353294
12.848000,1.0308488
12.856000,1.0267150
12.864000,1.0225278
12.872000,1.0181539
12.880000,1.0139667
12.888000,1.0097795
12.896000,1.0054057
12.904000,1.0011651
12.912000,0.9970579
12.920000,0.9928708
12.928000,0.9886836
12.936000,0.9847898
12.944000,0.9807626
12.952000,0.9765221
12.960000,0.9724149
12.968000,0.9684410
12.976000,0.9644672
12.984000,0.9604134
12.992000,0.9564395
13.000000,0.9525724
13.008000,0.9485986
13.016000,0.9446514
13.024000,0.9407842
13.032000,0.9369704
13.040000,0.9328633
13.048000,0.9290495
13.056000,0.9252890
13.064000,0.9214218
13.072000,0.9177414
13.080000,0.9140876
13.088000,0.9103271
13.096000,0.9064066
13.104000,0.9028062
13.112000,0.8991790
13.120000,0.8954719
13.128000,0.8917114
13.136000,0.8881643
13.144000,0.8847239
13.152000,0.8810701
13.160000,0.8773363
13.168000,0.8736825
13.176000,0.8701888
13.184000,0.8666417
13.192000,0.8630945
13.200000,0.8596541
13.208000,0.8562403
13.216000,0.8527999
13.224000,0.8494662
13.232000,0.8460257
13.240000,0.8426920
13.248000,0.8391982
13.256000,0.8358111
13.264000,0.8326374
13.272000,0.8293037
13.280000,0.8258899
13.288000,0.8226095
13.296000,0.8193291
13.304000,0.8160487
13.312000,0.8126616
13.320000,0.8092211
13.328000,0.8059407
13.336000,0.8027137
13.344000,0.7995933
13.352000,0.7962595
13.360000,0.7930858
13.368000,0.7900721
13.376000,0.7870050
13.384000,0.7837780
13.392000,0.7806576
13.400000,0.7776439
13.408000,0.7745768
13.416000,0.7714031
13.424000,0.7683360
13.432000,0.7653757
13.440000,0.7623086
13.448000,0.7593482
13.456000,0.7563345
13.464000,0.7533742
13.472000,0.7505738
13.480000,0.7477735
13.488000,0.7448131
13.496000,0.7416927
13.504000,0.7388390
13.512000,0.7359853
13.520000,0.7330783
13.528000,0.7300646
13.536000,0.7271576
13.544000,0.7243572
13.552000,0.7215569
13.560000,0.7188899
13.568000,0.7160895
13.576000,0.7131825
13.584000,0.7104355
13.592000,0.7077418
13.600000,0.7051015
13.608000,0.7023011
13.616000,0.6995008
13.624000,0.6968604
13.632000,0.6942201
13.640000,0.6917131
13.648000,0.6890728
13.656000,0.6863791
13.664000,0.6837921
13.672000,0.6811518
13.680000,0.6786715
13.688000,0.6760578
13.696000,0.6732575
13.704000,0.6706705
13.712000,0.6681902
13.720000,0.6657099
13.728000,0.6632296
13.736000,0.6605359
13.744000,0.6580289
13.752000,0.6556553
13.760000,0.6532283
13.768000,0.6509080
13.776000,0.6485077
13.784000,0.6459741
13.792000,0.6434938
13.800000,0.6411201
13.808000,0.6386932
13.816000,0.6363995
13.824000,0.6340259
13.832000,0.6315456
13.840000,0.6292253
13.848000,0.6270917
13.856000,0.6247714
13.864000,0.6225045
13.872000,0.6201308
13.880000,0.6178372
13.888000,0.6155703
13.896000,0.6134100
13.904000,0.6113031
13.912000,0.6091161
13.920000,0.6067425
13.928000,0.6043689
13.936000,0.6021553
13.944000,0.6000217
13.952000,0.5979681
13.960000,0.5959145
13.968000,0.5937809
13.976000,0.5914606
13.984000,0.5893003
13.992000,0.5874868
14.000000,0.5856465
14.008000,0.5835396
14.016000,0.5813527
14.024000,0.5791924
14.032000,0.5769254
14.040000,0.5749519
14.048000,0.5730049
14.056000,0.5710580
14.064000,0.5691911
14.072000,0.5671375
14.080000,0.5650840
14.088000,0.5630570
14.096000,0.5610568
14.104000,0.5591632
14.112000,0.5572963
14.120000,0.5554561
14.128000,0.5535359
14.136000,0.5515889
14.144000,0.5495887
14.152000,0.5476684
14.160000,0.5457749
14.168000,0.5439346
14.176000,0.5421211
14.184000,0.5403342
14.192000,0.5384673
14.200000,0.5364671
14.208000,0.5345201
14.216000,0.5327066
14.224000,0.5309197
14.232000,0.5291595
14.240000,0.5274259
14.248000,0.5255857
14.256000,0.5237721
14.264000,0.5219319
14.272000,0.5202250
14.280000,0.5185448
14.288000,0.5168913
14.296000,0.5152111
14.304000,0.5134775
14.312000,0.5118240
14.320000,0.5101438
14.328000,0.5082769
14.336000,0.5065433
14.344000,0.5049965
14.352000,0.5034763
14.360000,0.5018761
14.368000,0.5003559
14.376000,0.4985957
14.384000,0.4969688
14.392000,0.4953686
14.400000,0.4937417
14.408000,0.4921148
14.416000,0.4905146
14.424000,0.4889945
14.432000,0.4875543
14.440000,0.4860341
14.448000,0.4844872
14.456000,0.4828603
14.464000,0.4812601
14.472000,0.4796866
14.480000,0.4782464
14.488000,0.4767263
14.496000,0.4752861
14.504000,0.4738726
14.512000,0.4724857
14.520000,0.4710455
14.528000,0.4694720
14.536000,0.4680318
14.544000,0.4665116
14.552000,0.4651248
14.560000,0.4637113
14.568000,0.4622711
14.576000,0.4608043
14.584000,0.4594708
14.592000,0.4580573
14.600000,0.4566704
14.608000,0.4552569
14.616000,0.4538167
14.624000,0.4522965
14.632000,0.4511231
14.640000,0.4497362
14.648000,0.4483227
14.656000,0.4471492
14.664000,0.4459491
14.672000,0.4447222
14.680000,0.4434421
14.688000,0.4419752
14.696000,0.4406951
14.704000,0.4393349
14.712000,0.4380014
14.720000,0.4367479
14.728000,0.4355211
14.736000,0.4342943
14.744000,0.4330408
14.752000,0.4318140
14.760000,0.4305605
14.768000,0.4294403
14.776000,0.4282135
14.784000,0.4269600
14.792000,0.4256265
14.800000,0.4242664
14.808000,0.4230929
14.816000,0.4219727
14.824000,0.4208793
14.832000,0.4197058
14.840000,0.4186123
14.848000,0.4175989
14.856000,0.4164254
14.864000,0.4151186
14.872000,0.4139984
14.880000,0.4127716
14.888000,0.4116248
14.896000,0.4105046
14.904000,0.4094112
14.912000,0.4082910
14.920000,0.4072242
14.928000,0.4061841
14.936000,0.4051173
14.944000,0.4041572
14.952000,0.4030637
14.960000,0.4019436
14.968000,0.4009835
14.976000,0.3998900
14.984000,0.3986632
14.992000,0.3975430
15.000000,0.3963962
15.008000,0.3954361
15.016000,0.3943693
15.024000,0.3932758
15.032000,0.3922624
15.040000,0.3913022
15.048000,0.3904221
15.056000,0.3896220
15.064000,0.3886619
15.072000,0.3877285
15.080000,0.3866617
15.088000,0.3857015
15.096000,0.3847147
15.104000,0.3835946
15.112000,0.3826878
15.120000,0.3816477
15.128000,0.3807943
15.136000,0.3798341
15.144000,0.3789007
15.152000,0.3781539
15.160000,0.3772472
15.168000,0.3763937
15.176000,0.3753536
15.184000,0.3743935
15.192000,0.3735400
15.200000,0.3726599
15.208000,0.3718065
15.216000,0.3708463
15.224000,0.3699396
15.232000,0.3691661
15.240000,0.3683660
15.248000,0.3674059
15.256000,0.3665792
15.264000,0.3657790
15.272000,0.3649790
15.280000,0.3642322
15.288000,0.3634054
15.296000,0.3625520
15.304000,0.3617519
15.312000,0.3610051
15.320000,0.3602317
15.328000,0.3593783
15.336000,0.3584715
15.344000,0.3575380
15.352000,0.3567379
15.360000,0.3559378
15.368000,0.3551911
15.376000,0.3544176
15.384000,0.3536709
15.392000,0.3529241
15.400000,0.3521774
15.408000,0.3514839
15.416000,0.3508705
15.424000,0.3501238
15.432000,0.3492703
15.440000,0.3485236
15.448000,0.3477501
15.456000,0.3470034
15.464000,0.3463100
15.472000,0.3456699
15.480000,0.3450031
15.488000,0.3441497
15.496000,0.3423895
15.504000,0.3394291
15.512000,0.3395358
15.520000,0.3417760
15.528000,0.3418827
15.536000,0.3406559
15.544000,0.3395358
15.552000,0.3388690
15.560000,0.3382823
15.568000,0.3376422
15.576000,0.3368421
15.584000,0.3360153
15.592000,0.3354286
15.600000,0.3346818
15.608000,0.3339884
15.616000,0.3332950
15.624000,0.3327349
15.632000,0.3320948
15.640000,0.3312414
15.648000,0.3306547
15.656000,0.3299346
15.664000,0.3293478
15.672000,0.3287078
15.680000,0.3280143
15.688000,0.3274276
15.696000,0.3268142
15.704000,0.3261741
15.712000,0.3256407
15.720000,0.3248939
15.728000,0.3242539
15.736000,0.3236938
15.744000,0.3232137
15.752000,0.3226270
15.760000,0.3221469
15.768000,0.3215602
15.776000,0.3210268
15.784000,0.3204667
15.792000,0.3199333
15.800000,0.3193999
15.808000,0.3188132
15.816000,0.3182264
15.824000,0.3176664
15.832000,0.3170796
15.840000,0.3164929
15.848000,0.3158528
15.856000,0.3152661
15.864000,0.3147860
15.872000,0.3141193
15.880000,0.3135325
15.888000,0.3130525
15.896000,0.3125191
15.904000,0.3118790
15.912000,0.3113723
15.920000,0.3108922
15.928000,0.3105721
15.936000,0.3101454
15.944000,0.3096654
15.952000,0.3091853
15.960000,0.3087052
15.968000,0.3082519
15.976000,0.3078251
15.984000,0.3073984
15.992000,0.3068650
16.000000,0.3063850
16.008000,0.3058516
16.016000,0.3053982
16.024000,0.3049715
16.032000,0.3044381
16.040000,0.3038513
16.048000,0.3033179
16.056000,0.3028912
16.064000,0.3024378
16.072000,0.3019577
16.080000,0.3014243
16.088000,0.3009443
16.096000,0.3002509
16.104000,0.2991574
16.112000,0.2991574
16.120000,0.2997708
16.128000,0.2988374
16.136000,0.2979306
16.144000,0.2981439
16.152000,0.2983573
16.160000,0.2978239
16.168000,0.2971305
16.176000,0.2965971
16.184000,0.2960903
16.192000,0.2957703
16.200000,0.2953436
16.208000,0.2949702
16.216000,0.2945968
16.224000,0.2943301
16.232000,0.2940101
16.240000,0.2935834
16.248000,0.2931833
16.256000,0.2927566
16.264000,0.2923299
16.272000,0.2920098
16.280000,0.2915298
16.288000,0.2911564
16.296000,0.2907830
16.304000,0.2904630
16.312000,0.2900629
16.320000,0.2896895
16.328000,0.2893162
16.336000,0.2888894
16.344000,0.2884094
16.352000,0.2879827
16.360000,0.2875559
16.368000,0.2871559
16.376000,0.2868359
16.384000,0.2865158
16.392000,0.2861958
16.400000,0.2857691
16.408000,0.2854490
16.416000,0.2851823
16.424000,0.2848089
16.432000,0.2844889
16.440000,0.2842222
16.448000,0.2839288
16.456000,0.2835554
16.464000,0.2832354
16.472000,0.2828620
16.480000,0.2825953
16.488000,0.2822753
16.496000,0.2820619
16.504000,0.2817952
16.512000,0.2815285
16.520000,0.2811551
16.528000,0.2808084
16.536000,0.2805417
16.544000,0.2801684
16.552000,0.2799017
16.560000,0.2796883
16.568000,0.2794216
16.576000,0.2791016
16.584000,0.2786748
16.592000,0.2784081
16.600000,0.2780881
16.608000,0.2777947
16.616000,0.2774213
16.624000,0.2771546
16.632000,0.2768346
16.640000,0.2765679
16.648000,0.2762479
16.656000,0.2760345
16.664000,0.2757678
16.672000,0.2753944
16.680000,0.2751277
16.688000,0.2749677
16.696000,0.2746210
16.704000,0.2743009
16.712000,0.2740342
16.720000,0.2738209
16.728000,0.2735542
16.736000,0.2732875
16.744000,0.2730208
16.752000,0.2726474
16.760000,0.2724874
16.768000,0.2723274
16.776000,0.2721140
16.784000,0.2717140
16.792000,0.2713939
16.800000,0.2710739
16.808000,0.2709139
16.816000,0.2708072
16.824000,0.2705405
16.832000,0.2702204
16.840000,0.2699537
16.848000,0.2696337
16.856000,0.2695270
16.864000,0.2694203
16.872000,0.2691536
16.880000,0.2688869
16.888000,0.2687003
16.896000,0.2683802
16.904000,0.2682202
16.912000,0.2681135
16.920000,0.2679002
16.928000,0.2676868
16.936000,0.2674201
16.944000,0.2671534
16.952000,0.2669934
16.960000,0.2667800
16.968000,0.2665667
16.976000,0.2663533
16.984000,0.2661399
16.992000,0.2658732
17.000000,0.2656332
17.008000,0.2654198
17.016000,0.2652598
17.024000,0.2649931
17.032000,0.2648331
17.040000,0.2646731
17.048000,0.2644597
17.056000,0.2642464
17.064000,0.2640863
17.072000,0.2639797
17.080000,0.2637663
17.088000,0.2634996
17.096000,0.2633396
17.104000,0.2630729
17.112000,0.2628595
17.120000,0.2626728
17.128000,0.2625128
17.136000,0.2621928
17.144000,0.2618727
17.152000,0.2617127
17.160000,0.2615527
17.168000,0.2613927
17.176000,0.2611260
17.184000,0.2610193
17.192000,0.2608059
17.200000,0.2605926
17.208000,0.2604859
17.216000,0.2602725
17.224000,0.2600058
17.232000,0.2598458
17.240000,0.2596858
17.248000,0.2594458
17.256000,0.2591791
17.264000,0.2590190
17.272000,0.2589124
17.280000,0.2587523
17.288000,0.2585390
17.296000,0.2583790
17.304000,0.2582723
17.312000,0.2580589
17.320000,0.2580056
17.328000,0.2578989
17.336000,0.2576322
17.344000,0.2574188
17.352000,0.2573655
17.360000,0.2572055
17.368000,0.2570988
17.376000,0.2568321
17.384000,0.2566187
17.392000,0.2566187
17.400000,0.2564854
17.408000,0.2563254
17.416000,0.2561120
17.424000,0.2559520
17.432000,0.2558453
17.440000,0.2557386
17.448000,0.2555786
17.456000,0.2554186
17.464000,0.2553652
17.472000,0.2552052
17.480000,0.2550985
17.488000,0.2549385
17.496000,0.2548319
17.504000,0.2546718
17.512000,0.2545652
17.520000,0.2543518
17.528000,0.2542451
17.536000,0.2541918
17.544000,0.2539784
17.552000,0.2537650
17.560000,0.2536584
17.568000,0.2535517
17.576000,0.2535517
17.584000,0.2533650
17.592000,0.2532050
17.600000,0.2530450
17.608000,0.2528849
17.616000,0.2527783
17.624000,0.2527249
17.632000,0.2526182
17.640000,0.2524582
17.648000,0.2522982
17.656000,0.2521382
17.664000,0.2520315
17.672000,0.2519782
17.680000,0.2518715
17.688000,0.2517115
17.696000,0.2516048
17.704000,0.2514981
17.712000,0.2512847
17.720000,0.2511247
17.728000,0.2510180
17.736000,0.2509647
17.744000,0.2508047
17.752000,0.2506447
17.760000,0.2505380
17.768000,0.2504846
17.776000,0.2503513
17.784000,0.2502446
17.792000,0.2500846
17.800000,0.2499779
17.808000,0.2498712
17.816000,0.2498179
17.824000,0.2497112
17.832000,0.2495512
17.840000,0.2494445
17.848000,0.2493378
17.856000,0.2492312
17.864000,0.2491778
17.872000,0.2490711
17.880000,0.2489645
17.888000,0.2488578
17.896000,0.2488044
17.904000,0.2485377
17.912000,0.2483777
17.920000,0.2483244
17.928000,0.2483777
17.936000,0.2483244
17.944000,0.2481110
17.952000,0.2479510
17.960000,0.2478443
17.968000,0.2477376
17.976000,0.2476310
17.984000,0.2475776
17.992000,0.2474709
18.000000,0.2473376
18.008000,0.2472309
18.016000,0.2471242
18.024000,0.2470709
18.032000,0.2470175
18.040000,0.2469109
18.048000,0.2467508
18.056000,0.2466442
18.064000,0.2465908
18.072000,0.2464841
18.080000,0.2464308
18.088000,0.2462708
18.096000,0.2462174
18.104000,0.2461108
18.112000,0.2460041
18.120000,0.2458974
18.128000,0.2457907
18.136000,0.2456307
18.144000,0.2455240
18.152000,0.2454707
18.160000,0.2453107
18.168000,0.2451506
18.176000,0.2451506
18.184000,0.2451506
18.192000,0.2450973
18.200000,0.2450440
18.208000,0.2448839
18.216000,0.2447239
18.224000,0.2446706
18.232000,0.2445639
18.240000,0.2445639
18.248000,0.2443505
18.256000,0.2442705
18.264000,0.2442172
18.272000,0.2441639
18.280000,0.2441105
18.288000,0.2440038
18.296000,0.2439505
18.304000,0.2438438
18.312000,0.2437371
18.320000,0.2436838
18.328000,0.2436304
18.336000,0.2435771
18.344000,0.2435238
18.352000,0.2435238
18.360000,0.2434171
18.368000,0.2433104
18.376000,0.2432037
18.384000,0.2432037
18.392000,0.2431504
18.400000,0.2430437
18.408000,0.2429904
18.416000,0.2428837
18.424000,0.2427770
18.432000,0.2427237
18.440000,0.2426703
18.448000,0.2426703
18.456000,0.2425103
18.464000,0.2424570
18.472000,0.2423503
18.480000,0.2422436
18.488000,0.2421369
18.496000,0.2421369
18.504000,0.2420303
18.512000,0.2419769
18.520000,0.2419236
18.528000,0.2418702
18.536000,0.2419236
18.544000,0.2418169
18.552000,0.2416569
18.560000,0.2416569
18.568000,0.2416569
18.576000,0.2414969
18.584000,0.2414435
18.592000,0.2413902
18.600000,0.2413368
18.608000,0.2413368
18.616000,0.2412035
18.624000,0.2410435
18.632000,0.2410435
18.640000,0.2410435
18.648000,0.2409901
18.656000,0.2409368
18.664000,0.2408834
18.672000,0.2407234
18.680000,0.2406701
18.688000,0.2407234
18.696000,0.2407234
18.704000,0.2405634
18.712000,0.2404567
18.720000,0.2403500
18.728000,0.2402967
18.736000,0.2402967
18.744000,0.2402967
18.752000,0.2401367
18.760000,0.2401367
18.768000,0.2399767
18.776000,0.2399233
18.784000,0.2399767
18.792000,0.2399767
18.800000,0.2399233
18.808000,0.2398166
18.816000,0.2397633
18.824000,0.2397100
18.832000,0.2396033
18.840000,0.2396033
18.848000,0.2396033
18.856000,0.2394966
18.864000,0.2393899
18.872000,0.2393366
18.880000,0.2393366
18.888000,0.2392832
18.896000,0.2392832
18.904000,0.2392299
18.912000,0.2391232
18.920000,0.2391766
18.928000,0.2390699
18.936000,0.2389632
18.944000,0.2389099
18.952000,0.2388565
18.960000,0.2388565
18.968000,0.2387498
18.976000,0.2386432
18.984000,0.2385365
18.992000,0.2384298
19.000000,0.2384298
19.008000,0.2384831
19.016000,0.2384298
19.024000,0.2382698
19.032000,0.2382698
19.040000,0.2381898
19.048000,0.2381364
19.056000,0.2381364
19.064000,0.2381364
19.072000,0.2380298
19.080000,0.2379231
19.088000,0.2378697
19.096000,0.2378164
19.104000,0.2377097
19.112000,0.2376564
19.120000,0.2376030
19.128000,0.2376030
19.136000,0.2375497
19.144000,0.2374963
19.152000,0.2373897
19.160000,0.2372830
19.168000,0.2372830
19.176000,0.2372297
19.184000,0.2371763
19.192000,0.2370696
19.200000,0.2370696
19.208000,0.2370696
19.216000,0.2369630
19.224000,0.2369096
19.232000,0.2369096
19.240000,0.2369096
19.248000,0.2368029
19.256000,0.2366962
19.264000,0.2366429
19.272000,0.2365896
19.280000,0.2365362
19.288000,0.2364829
19.296000,0.2363229
19.304000,0.2362695
19.312000,0.2363762
19.320000,0.2363229
19.328000,0.2363229
19.336000,0.2362695
19.344000,0.2362162
19.352000,0.2361095
19.360000,0.2360028
19.368000,0.2360028
19.376000,0.2358961
19.384000,0.2358428
19.392000,0.2357895
19.400000,0.2356828
19.408000,0.2355761
19.416000,0.2356294
19.424000,0.2355761
19.432000,0.2355761
19.440000,0.2355228
19.448000,0.2354694
19.456000,0.2353628
19.464000,0.2353094
19.472000,0.2352561
19.480000,0.2352027
19.488000,0.2352027
19.496000,0.2352027
19.504000,0.2351227
19.512000,0.2350694
19.520000,0.2349627
19.528000,0.2348560
19.536000,0.2348560
19.544000,0.2348560
19.552000,0.2348027
19.560000,0.2346960
19.568000,0.2347493
19.576000,0.2346427
19.584000,0.2345360
19.592000,0.2344826
19.600000,0.2343760
19.608000,0.2342693
19.616000,0.2342693
19.624000,0.2343760
19.632000,0.2343760
19.640000,0.2342693
19.648000,0.2341093
19.656000,0.2340026
19.664000,0.2340559
19.672000,0.2340026
19.680000,0.2338959
19.688000,0.2339492
19.696000,0.2338426
19.704000,0.2338959
19.712000,0.2337892
19.720000,0.2336292
19.728000,0.2335759
19.736000,0.2334692
19.744000,0.2333625
19.752000,0.2333625
19.760000,0.2333092
19.768000,0.2332558
19.776000,0.2331491
19.784000,0.2331491
19.792000,0.2331491
19.800000,0.2330958
19.808000,0.2330425
19.816000,0.2329891
19.824000,0.2330425
19.832000,0.2329358
19.840000,0.2327758
19.848000,0.2326691
19.856000,0.2327224
19.864000,0.2327224
19.872000,0.2326157
19.880000,0.2325091
19.888000,0.2324557
19.896000,0.2324024
19.904000,0.2324024
19.912000,0.2323490
19.920000,0.2322957
19.928000,0.2322424
19.936000,0.2322424
19.944000,0.2320557
19.952000,0.2319490
19.960000,0.2318957
19.968000,0.2319490
19.976000,0.2319490
19.984000,0.2319490
19.992000,0.2318957
20.000000,0.2318423
20.008000,0.2318423
20.016000,0.2317356
20.024000,0.2316823
20.032000,0.2316290
20.040000,0.2315756
20.048000,0.2315223
20.056000,0.2314156
20.064000,0.2314689
20.072000,0.2314689
20.080000,0.2313089
20.088000,0.2312556
20.096000,0.2312022
20.104000,0.2312556
20.112000,0.2311489
20.120000,0.2310956
20.128000,0.2310956
20.136000,0.2309889
20.144000,0.2309355
20.152000,0.2309355
20.160000,0.2309355
20.168000,0.2309355
20.176000,0.2307755
20.184000,0.2307222
20.192000,0.2307222
20.200000,0.2306688
20.208000,0.2306688
20.216000,0.2304555
20.224000,0.2304555
20.232000,0.2304555
20.240000,0.2303488
20.248000,0.2303488
20.256000,0.2303488
20.264000,0.2302955
20.272000,0.2301888
20.280000,0.2301354
20.288000,0.2301354
20.296000,0.2301354
20.304000,0.2300821
20.312000,0.2299754
20.320000,0.2299221
20.328000,0.2298154
20.336000,0.2298154
20.344000,0.2298154
20.352000,0.2297620
20.360000,0.2297087
20.368000,0.2297087
20.376000,0.2296554
20.384000,0.2295487
20.392000,0.2293887
20.400000,0.2292820
20.408000,0.2292287
20.416000,0.2293353
20.424000,0.2292287
20.432000,0.2291753
20.440000,0.2292287
20.448000,0.2291220
20.456000,0.2289886
20.464000,0.2289886
20.472000,0.2288286
20.480000,0.2288819
20.488000,0.2288286
20.496000,0.2288286
20.504000,0.2287219
20.512000,0.2287219
20.520000,0.2287219
20.528000,0.2286686
20.536000,0.2286152
20.544000,0.2284552
20.552000,0.2283485
20.560000,0.2283485
20.568000,0.2284019
20.576000,0.2283485
20.584000,0.2282419
20.592000,0.2282419
20.600000,0.2281885
20.608000,0.2281885
20.616000,0.2280818
20.624000,0.2280285
20.632000,0.2279218
20.640000,0.2278685
20.648000,0.2279218
20.656000,0.2279218
20.664000,0.2278151
20.672000,0.2277618
20.680000,0.2277085
20.688000,0.2277085
20.696000,0.2276551
20.704000,0.2275484
20.712000,0.2275484
20.720000,0.2275484
20.728000,0.2274418
20.736000,0.2273884
20.744000,0.2274418
20.752000,0.2274418
20.760000,0.2273884
20.768000,0.2273351
20.776000,0.2272817
20.784000,0.2272284
20.792000,0.2271751
20.800000,0.2271751
20.808000,0.2270684
20.816000,0.2269617
20.824000,0.2269617
20.832000,0.2269617
20.840000,0.2269617
20.848000,0.2268550
20.856000,0.2268017
20.864000,0.2267483
20.872000,0.2266950
20.880000,0.2266950
20.888000,0.2266417
20.896000,0.2265350
20.904000,0.2264283
20.912000,0.2263750
20.920000,0.2263750
20.928000,0.2263216
20.936000,0.2262149
20.944000,0.2262149
20.952000,0.2262149
20.960000,0.2262149
20.968000,0.2261083
20.976000,0.2260549
20.984000,0.2261083
20.992000,0.2259216
21.000000,0.2259216
21.008000,0.2258682
21.016000,0.2258682
21.024000,0.2258149
21.032000,0.2258149
21.040000,0.2257616
21.048000,0.2256015
21.056000,0.2255482
21.064000,0.2255482
21.072000,0.2255482
21.080000,0.2254948
21.088000,0.2254948
21.096000,0.2254415
21.104000,0.2253882
21.112000,0.2252815
21.120000,0.2252282
21.128000,0.2252282
21.136000,0.2251215
21.144000,0.2250148
21.152000,0.2250148
21.160000,0.2250681
21.168000,0.2250681
21.176000,0.2249081
21.184000,0.2248548
21.192000,0.2247481
21.200000,0.2246414
21.208000,0.2246414
21.216000,0.2246414
21.224000,0.2246947
21.232000,0.2245881
21.240000,0.2245347
21.248000,0.2245347
21.256000,0.2244280
21.264000,0.2243214
21.272000,0.2242147
21.280000,0.2242147
21.288000,0.2242147
21.296000,0.2242147
21.304000,0.2241614
21.312000,0.2241614
21.320000,0.2241080
21.328000,0.2240547
21.336000,0.2239480
21.344000,0.2238413
21.352000,0.2237880
21.360000,0.2237346
21.368000,0.2236813
21.376000,0.2236279
21.384000,0.2236279
21.392000,0.2235746
21.400000,0.2235746
21.408000,0.2235213
21.416000,0.2234679
21.424000,0.2234146
21.432000,0.2234146
21.440000,0.2234146
21.448000,0.2232546
21.456000,0.2232012
21.464000,0.2231479
21.472000,0.2231479
21.480000,0.2231479
21.488000,0.2230946
21.496000,0.2230412
21.504000,0.2230412
21.512000,0.2229345
21.520000,0.2229345
21.528000,0.2228545
21.536000,0.2228012
21.544000,0.2226945
21.552000,0.2225878
21.560000,0.2226412
21.568000,0.2226412
21.576000,0.2225878
21.584000,0.2224278
21.592000,0.2223745
21.600000,0.2223211
21.608000,0.2222144
21.616000,0.2222144
21.624000,0.2222678
21.632000,0.2222678
21.640000,0.2221611
21.648000,0.2220544
21.656000,0.2220544
21.664000,0.2220011
21.672000,0.2218944
21.680000,0.2218944
21.688000,0.2218944
21.696000,0.2217877
21.704000,0.2217344
21.712000,0.2217344
21.720000,0.2216277
21.728000,0.2216277
21.736000,0.2215210
21.744000,0.2214143
21.752000,0.2214677
21.760000,0.2214677
21.768000,0.2214143
21.776000,0.2213610
21.784000,0.2213077
21.792000,0.2212010
21.800000,0.2211476
21.808000,0.2210943
21.816000,0.2210410
21.824000,0.2210410
21.832000,0.2208276
21.840000,0.2206676
21.848000,0.2207209
21.856000,0.2207743
21.864000,0.2206676
21.872000,0.2205609
21.880000,0.2205609
21.888000,0.2204542
21.896000,0.2203475
21.904000,0.2203475
21.912000,0.2202942
21.920000,0.2202409
21.928000,0.2202409
21.936000,0.2201342
21.944000,0.2200808
21.952000,0.2200808
21.960000,0.2200808
21.968000,0.2200275
21.976000,0.2200275
21.984000,0.2199208
21.992000,0.2197875
22.000000,0.2196808
22.008000,0.2196808
22.016000,0.2196808
22.024000,0.2195741
22.032000,0.2194674
22.040000,0.2194674
22.048000,0.2194141
22.056000,0.2194141
22.064000,0.2193607
22.072000,0.2192007
22.080000,0.2191474
22.088000,0.2190941
22.096000,0.2190941
22.104000,0.2190407
22.112000,0.2190407
22.120000,0.2189340
22.128000,0.2188274
22.136000,0.2188274
22.144000,0.2188807
22.152000,0.2186673
22.160000,0.2186140
22.168000,0.2187207
22.176000,0.2187207
22.184000,0.2185606
22.192000,0.2185606
22.200000,0.2186140
22.208000,0.2185073
22.216000,0.2184006
22.224000,0.2183473
22.232000,0.2182406
22.240000,0.2182406
22.248000,0.2182406
22.256000,0.2181339
22.264000,0.2180273
22.272000,0.2179739
22.280000,0.2180273
22.288000,0.2180273
22.296000,0.2179206
22.304000,0.2178139
22.312000,0.2178139
22.320000,0.2178139
22.328000,0.2177605
22.336000,0.2177605
22.344000,0.2176005
22.352000,0.2174939
22.360000,0.2175472
22.368000,0.2176005
22.376000,0.2175472
22.384000,0.2173338
22.392000,0.2172805
22.400000,0.2172805
22.408000,0.2172805
22.416000,0.2172272
22.424000,0.2171738
22.432000,0.2171205
22.440000,0.2170671
22.448000,0.2170138
22.456000,0.2170138
22.464000,0.2169604
22.472000,0.2168538
22.480000,0.2168004
22.488000,0.2167204
22.496000,0.2166137
22.504000,0.2166137
22.512000,0.2166671
22.520000,0.2166137
22.528000,0.2165071
22.536000,0.2164004
22.544000,0.2163470
22.552000,0.2162937
22.560000,0.2162937
22.568000,0.2161870
22.576000,0.2161870
22.584000,0.2161337
22.592000,0.2160270
22.600000,0.2160270
22.608000,0.2159737
22.616000,0.2158670
22.624000,0.2158670
22.632000,0.2159203
22.640000,0.2158670
22.648000,0.2157603
22.656000,0.2157070
22.664000,0.2156003
22.672000,0.2155469
22.680000,0.2156003
22.688000,0.2154936
22.696000,0.2154403
22.704000,0.2154403
22.712000,0.2153869
22.720000,0.2152802
22.728000,0.2151736
22.736000,0.2151736
22.744000,0.2151736
22.752000,0.2151736
22.760000,0.2150669
22.768000,0.2149602
22.776000,0.2149069
22.784000,0.2149069
22.792000,0.2149069
22.800000,0.2149069
22.808000,0.2148535
22.816000,0.2147468
22.824000,0.2147468
22.832000,0.2146935
22.840000,0.2146402
22.848000,0.2145868
22.856000,0.2145335
22.864000,0.2145335
22.872000,0.2144801
22.880000,0.2144801
22.888000,0.2144801
22.896000,0.2144268
22.904000,0.2143201
22.912000,0.2141601
22.920000,0.2141068
22.928000,0.2142134
22.936000,0.2141068
22.944000,0.2139467
22.952000,0.2140001
22.960000,0.2140534
22.968000,0.2139467
22.976000,0.2139467
22.984000,0.2138934
22.992000,0.2138934
23.000000,0.2137334
23.008000,0.2136534
23.016000,0.2136534
23.024000,0.2136534
23.032000,0.2136000
23.040000,0.2136000
23.048000,0.2136000
23.056000,0.2135467
23.064000,0.2134400
23.072000,0.2133333
23.080000,0.2133333
23.088000,0.2133333
23.096000,0.2132800
23.104000,0.2132266
23.112000,0.2131733
23.120000,0.2131733
23.128000,0.2131733
23.136000,0.2131200
23.144000,0.2129600
23.152000,0.2128533
23.160000,0.2129066
23.168000,0.2128533
23.176000,0.2126933
23.184000,0.2126933
23.192000,0.2126933
23.200000,0.2126933
23.208000,0.2126399
23.216000,0.2125332
23.224000,0.2123732
23.232000,0.2123732
23.240000,0.2124799
23.248000,0.2124799
23.256000,0.2123199
23.264000,0.2122665
23.272000,0.2123199
23.280000,0.2122665
23.288000,0.2122132
23.296000,0.2120532
23.304000,0.2119465
23.312000,0.2118932
23.320000,0.2119998
23.328000,0.2119465
23.336000,0.2118398
23.344000,0.2118398
23.352000,0.2117331
23.360000,0.2116798
23.368000,0.2116264
23.376000,0.2116798
23.384000,0.2115198
23.392000,0.2114664
23.400000,0.2114131
23.408000,0.2114131
23.416000,0.2113598
23.424000,0.2113598
23.432000,0.2113598
23.440000,0.2113064
23.448000,0.2112531
23.456000,0.2111997
23.464000,0.2110931
23.472000,0.2110931
23.480000,0.2110397
23.488000,0.2109330
23.496000,0.2109330
23.504000,0.2108263
23.512000,0.2107730
23.520000,0.2107730
23.528000,0.2107730
23.536000,0.2107197
23.544000,0.2106397
23.552000,0.2105863
23.560000,0.2105330
23.568000,0.2104796
23.576000,0.2104263
23.584000,0.2103730
23.592000,0.2103730
23.600000,0.2103730
23.608000,0.2102663
23.616000,0.2102129
23.624000,0.2102129
23.632000,0.2101596
23.640000,0.2101063
23.648000,0.2100529
23.656000,0.2099996
23.664000,0.2099462
23.672000,0.2098929
23.680000,0.2099462
23.688000,0.2098929
23.696000,0.2097862
23.704000,0.2097329
23.712000,0.2097329
23.720000,0.2096795
23.728000,0.2095729
23.736000,0.2095729
23.744000,0.2095195
23.752000,0.2095729
23.760000,0.2094662
23.768000,0.2094128
23.776000,0.2093595
23.784000,0.2093062
23.792000,0.2092528
23.800000,0.2092528
23.808000,0.2092528
23.816000,0.2091995
23.824000,0.2090928
23.832000,0.2090395
23.840000,0.2090395
23.848000,0.2090395
23.856000,0.2089328
23.864000,0.2088261
23.872000,0.2087728
23.880000,0.2087194
23.888000,0.2086661
23.896000,0.2086127
23.904000,0.2086127
23.912000,0.2086127
23.920000,0.2086127
23.928000,0.2085594
23.936000,0.2084527
23.944000,0.2083460
23.952000,0.2082927
23.960000,0.2082927
23.968000,0.2082394
23.976000,0.2081327
23.984000,0.2081327
23.992000,0.2080793
24.000000,0.2080793
24.008000,0.2080260
24.016000,0.2079727
24.024000,0.2079727
24.032000,0.2079193
24.040000,0.2079193
24.048000,0.2078126
24.056000,0.2077593
24.064000,0.2077593
24.072000,0.2076526
24.080000,0.2075193
24.088000,0.2074126
24.096000,0.2074659
24.104000,0.2074659
24.112000,0.2073592
24.120000,0.2073059
24.128000,0.2073059
24.136000,0.2073059
24.144000,0.2071992
24.152000,0.2070392
24.160000,0.2070926
24.168000,0.2071459
24.176000,0.2070926
24.184000,0.2069325
24.192000,0.2068259
24.200000,0.2068792
24.208000,0.2068259
24.216000,0.2068792
24.224000,0.2069325
24.232000,0.2068259
24.240000,0.2066658
24.248000,0.2065591
24.256000,0.2065591
24.264000,0.2064525
24.272000,0.2064525
24.280000,0.2064525
24.288000,0.2063991
24.296000,0.2063991
24.304000,0.2063458
24.312000,0.2062925
24.320000,0.2061858
24.328000,0.2061858
24.336000,0.2060791
24.344000,0.2059724
24.352000,0.2059724
24.360000,0.2060258
24.368000,0.2059191
24.376000,0.2058124
24.384000,0.2058657
24.392000,0.2058657
24.400000,0.2058657
24.408000,0.2057590
24.416000,0.2056524
24.424000,0.2055457
24.432000,0.2054390
24.440000,0.2054923
24.448000,0.2055457
24.456000,0.2054923
24.464000,0.2053857
24.472000,0.2053857
24.480000,0.2053857
24.488000,0.2053323
24.496000,0.2052257
24.504000,0.2051723
24.512000,0.2050656
24.520000,0.2050656
24.528000,0.2050123
24.536000,0.2049590
24.544000,0.2049056
24.552000,0.2049056
24.560000,0.2047989
24.568000,0.2047456
24.576000,0.2048523
24.584000,0.2047989
24.592000,0.2046922
24.600000,0.2046389
24.608000,0.2045856
24.616000,0.2045856
24.624000,0.2045856
24.632000,0.2044522
24.640000,0.2043989
24.648000,0.2043455
24.656000,0.2042922
24.664000,0.2042389
24.672000,0.2041322
24.680000,0.2040788
24.688000,0.2041322
24.696000,0.2040788
24.704000,0.2040255
24.712000,0.2039722
24.720000,0.2039722
24.728000,0.2039188
24.736000,0.2038655
24.744000,0.2038655
24.752000,0.2038121
24.760000,0.2037588
24.768000,0.2037588
24.776000,0.2037055
24.784000,0.2036521
24.792000,0.2035454
24.800000,0.2035454
24.808000,0.2034921
24.816000,0.2033321
24.824000,0.2033321
24.832000,0.2033321
24.840000,0.2033321
24.848000,0.2032787
24.856000,0.2033321
24.864000,0.2032254
24.872000,0.2031721
24.880000,0.2031187
24.888000,0.2030654
24.896000,0.2030120
24.904000,0.2029587
24.912000,0.2029054
24.920000,0.2029587
24.928000,0.2029587
24.936000,0.2029054
24.944000,0.2028520
24.952000,0.2027987
24.960000,0.2026920
24.968000,0.2026920
24.976000,0.2025853
24.984000,0.2025320
24.992000,0.2024786
25.000000,0.2025320
25.008000,0.2024786
25.016000,0.2024253
25.024000,0.2022653
25.032000,0.2021586
25.040000,0.2021586
25.048000,0.2022119
25.056000,0.2022119
25.064000,0.2021586
25.072000,0.2021586
25.080000,0.2020519
25.088000,0.2019986
25.096000,0.2019986
25.104000,0.2018919
25.112000,0.2017319
25.120000,0.2017852
25.128000,0.2018386
25.136000,0.2017852
25.144000,0.2017852
25.152000,0.2016785
25.160000,0.2016252
25.168000,0.2015719
25.176000,0.2015185
25.184000,0.2015719
25.192000,0.2015185
25.200000,0.2013852
25.208000,0.2013852
25.216000,0.2013852
25.224000,0.2013318
25.232000,0.2012785
25.240000,0.2013318
25.248000,0.2012785
25.256000,0.2012251
25.264000,0.2012251
25.272000,0.2011185
25.280000,0.2010651
25.288000,0.2010651
25.296000,0.2010651
25.304000,0.2010118
25.312000,0.2010118
25.320000,0.2009051
25.328000,0.2009051
25.336000,0.2008518
25.344000,0.2007451
25.352000,0.2007451
25.360000,0.2007984
25.368000,0.2006384
25.376000,0.2006384
25.384000,0.2006918
25.392000,0.2006384
25.400000,0.2005317
25.408000,0.2004250
25.416000,0.2004250
25.424000,0.2004250
25.432000,0.2003184
25.440000,0.2003717
25.448000,0.2004250
25.456000,0.2003717
25.464000,0.2002117
25.472000,0.2002117
25.480000,0.2002117
25.488000,0.2001584
25.496000,0.2001584
25.504000,0.2001584
25.512000,0.2001050
25.520000,0.2000517
25.528000,0.1999450
25.536000,0.1998917
25.544000,0.1998917
25.552000,0.1999450
25.560000,0.1998383
25.568000,0.1997850
25.576000,0.1996783
25.584000,0.1997316
25.592000,0.1996783
25.600000,0.1995716
25.608000,0.1995183
25.616000,0.1996249
25.624000,0.1995716
25.632000,0.1995183
25.640000,0.1995183
25.648000,0.1994649
25.656000,0.1994116
25.664000,0.1993583
25.672000,0.1993049
25.680000,0.1992516
25.688000,0.1991982
25.696000,0.1991982
25.704000,0.1991982
25.712000,0.1991982
25.720000,0.1991449
25.728000,0.1990916
25.736000,0.1990916
25.744000,0.1989849
25.752000,0.1989315
25.760000,0.1989315
25.768000,0.1989849
25.776000,0.1988782
25.784000,0.1988248
25.792000,0.1987715
25.800000,0.1987182
25.808000,0.1986648
25.816000,0.1986115
25.824000,0.1985582
25.832000,0.1985582
25.840000,0.1985582
25.848000,0.1985048
25.856000,0.1984515
25.864000,0.1984515
25.872000,0.1984515
25.880000,0.1983715
25.888000,0.1983181
25.896000,0.1982648
25.904000,0.1981048
25.912000,0.1981048
25.920000,0.1981581
25.928000,0.1981581
25.936000,0.1981048
25.944000,0.1979981
25.952000,0.1979447
25.960000,0.1979981
25.968000,0.1979447
25.976000,0.1979447
25.984000,0.1978914
25.992000,0.1978914
26.000000,0.1978381
26.008000,0.1977314
26.016000,0.1976247
26.024000,0.1976247
26.032000,0.1977314
26.040000,0.1976780
26.048000,0.1976247
26.056000,0.1976247
26.064000,0.1975714
26.072000,0.1975714
26.080000,0.1974647
26.088000,0.1974113
26.096000,0.1974113
26.104000,0.1974647
26.112000,0.1973580
26.120000,0.1972513
26.128000,0.1971980
26.136000,0.1972513
26.144000,0.1971980
26.152000,0.1971446
26.160000,0.1971446
26.168000,0.1970913
26.176000,0.1970380
26.184000,0.1970380
26.192000,0.1969846
26.200000,0.1968779
26.208000,0.1969313
26.216000,0.1968779
26.224000,0.1968246
26.232000,0.1967179
26.240000,0.1967179
26.248000,0.1967179
26.256000,0.1966646
26.264000,0.1966646
26.272000,0.1966646
26.280000,0.1966112
26.288000,0.1965046
26.296000,0.1965046
26.304000,0.1964512
26.312000,0.1963445
26.320000,0.1963979
26.328000,0.1963979
26.336000,0.1962912
26.344000,0.1962912
26.352000,0.1962379
26.360000,0.1961845
26.368000,0.1961312
26.376000,0.1960245
26.384000,0.1959712
26.392000,0.1960245
26.400000,0.1960245
26.408000,0.1960778
26.416000,0.1960778
26.424000,0.1959712
26.432000,0.1958645
26.440000,0.1958645
26.448000,0.1958111
26.456000,0.1958111
26.464000,0.1957578
26.472000,0.1957045
26.480000,0.1955978
26.488000,0.1955978
26.496000,0.1954911
26.504000,0.1953844
26.512000,0.1953844
26.520000,0.1955444
26.528000,0.1954911
26.536000,0.1953844
26.544000,0.1953044
26.552000,0.1951977
26.560000,0.1951444
26.568000,0.1951977
26.576000,0.1951977
26.584000,0.1950911
26.592000,0.1950911
26.600000,0.1950377
26.608000,0.1949844
26.616000,0.1948244
26.624000,0.1948244
26.632000,0.1948777
26.640000,0.1947710
26.648000,0.1947177
26.656000,0.1947177
26.664000,0.1946643
26.672000,0.1946643
26.680000,0.1946643
26.688000,0.1945576
26.696000,0.1945043
26.704000,0.1943976
26.712000,0.1943443
26.720000,0.1943976
26.728000,0.1943976
26.736000,0.1943976
26.744000,0.1942909
26.752000,0.1942909
26.760000,0.1942909
26.768000,0.1942909
26.776000,0.1942376
26.784000,0.1941843
26.792000,0.1940243
26.800000,0.1939709
26.808000,0.1939709
26.816000,0.1939709
26.824000,0.1940243
26.832000,0.1939709
26.840000,0.1939176
26.848000,0.1938642
26.856000,0.1938109
26.864000,0.1938109
26.872000,0.1938109
26.880000,0.1937042
26.888000,0.1936509
26.896000,0.1937042
26.904000,0.1937042
26.912000,0.1937042
26.920000,0.1937042
26.928000,0.1935975
26.936000,0.1935442
26.944000,0.1934375
26.952000,0.1932775
26.960000,0.1932242
26.968000,0.1932242
26.976000,0.1932775
26.984000,0.1932775
26.992000,0.1932242
27.000000,0.1931708
27.008000,0.1931175
27.016000,0.1931175
27.024000,0.1931175
27.032000,0.1931175
27.040000,0.1930641
27.048000,0.1929575
27.056000,0.1929041
27.064000,0.1929575
27.072000,0.1929041
27.080000,0.1927441
27.088000,0.1927441
27.096000,0.1926907
27.104000,0.1926374
27.112000,0.1926907
27.120000,0.1927441
27.128000,0.1926907
27.136000,0.1925841
27.144000,0.1925307
27.152000,0.1924774
27.160000,0.1925307
27.168000,0.1925841
27.176000,0.1925841
27.184000,0.1924241
27.192000,0.1923174
27.200000,0.1922374
27.208000,0.1922374
27.216000,0.1921840
27.224000,0.1921307
27.232000,0.1921307
27.240000,0.1921307
27.248000,0.1921840
27.256000,0.1921307
27.264000,0.1920773
27.272000,0.1920240
27.280000,0.1919173
27.288000,0.1919173
27.296000,0.1918640
27.304000,0.1918106
27.312000,0.1918106
27.320000,0.1917040
27.328000,0.1917040
27.336000,0.1917573
27.344000,0.1917040
27.352000,0.1915973
27.360000,0.1916506
27.368000,0.1916506
27.376000,0.1914906
27.384000,0.1913839
27.392000,0.1914373
27.400000,0.1914373
27.408000,0.1913306
27.416000,0.1913306
27.424000,0.1912772
27.432000,0.1912772
27.440000,0.1912239
27.448000,0.1911172
27.456000,0.1910639
27.464000,0.1911172
27.472000,0.1911706
27.480000,0.1910639
27.488000,0.1909572
27.496000,0.1909572
27.504000,0.1909039
27.512000,0.1908505
27.520000,0.1907972
27.528000,0.1907972
27.536000,0.1908505
27.544000,0.1907438
27.552000,0.1906905
27.560000,0.1906372
27.568000,0.1906372
27.576000,0.1906372
27.584000,0.1905305
27.592000,0.1904771
27.600000,0.1905305
27.608000,0.1905305
27.616000,0.1903705
27.624000,0.1903171
27.632000,0.1902638
27.640000,0.1902638
27.648000,0.1902638
27.656000,0.1902104
27.664000,0.1902104
27.672000,0.1901571
27.680000,0.1900504
27.688000,0.1901038
27.696000,0.1901038
27.704000,0.1899971
27.712000,0.1899971
27.720000,0.1899971
27.728000,0.1898371
27.736000,0.1898371
27.744000,0.1898904
27.752000,0.1898904
27.760000,0.1898371
27.768000,0.1897837
27.776000,0.1897837
27.784000,0.1897304
27.792000,0.1896770
27.800000,0.1897304
27.808000,0.1896770
27.816000,0.1896237
27.824000,0.1896237
27.832000,0.1896237
27.840000,0.1895704
27.848000,0.1895170
27.856000,0.1894637
27.864000,0.1893570
27.872000,0.1893037
27.880000,0.1893570
27.888000,0.1894103
27.896000,0.1893570
27.904000,0.1893037
27.912000,0.1892503
27.920000,0.1892503
27.928000,0.1892503
27.936000,0.1890636
27.944000,0.1890636
27.952000,0.1890103
27.960000,0.1889570
27.968000,0.1889570
27.976000,0.1889036
27.984000,0.1889570
27.992000,0.1889036
28.000000,0.1889036
28.008000,0.1889036
28.016000,0.1887969
28.024000,0.1886903
28.032000,0.1886903
28.040000,0.1886369
28.048000,0.1887436
28.056000,0.1886369
28.064000,0.1885302
28.072000,0.1884769
28.080000,0.1884769
28.088000,0.1884769
28.096000,0.1884235
28.104000,0.1884235
28.112000,0.1884235
28.120000,0.1883702
28.128000,0.1883702
28.136000,0.1883169
28.144000,0.1883169
28.152000,0.1883169
28.160000,0.1882635
28.168000,0.1881569
28.176000,0.1881569
28.184000,0.1881569
28.192000,0.1881569
28.200000,0.1881569
28.208000,0.1880502
28.216000,0.1880502
28.224000,0.1880502
28.232000,0.1880502
28.240000,0.1879435
28.248000,0.1878902
28.256000,0.1878368
28.264000,0.1879435
28.272000,0.1878368
28.280000,0.1877835
28.288000,0.1877835
28.296000,0.1877301
28.304000,0.1877301
28.312000,0.1876768
28.320000,0.1876768
28.328000,0.1876768
28.336000,0.1875168
28.344000,0.1874634
28.352000,0.1875168
28.360000,0.1875168
28.368000,0.1874634
28.376000,0.1873568
28.384000,0.1873568
28.392000,0.1874101
28.400000,0.1873568
28.408000,0.1872501
28.416000,0.1871434
28.424000,0.1871434
28.432000,0.1872501
28.440000,0.1871967
28.448000,0.1871434
28.456000,0.1870901
28.464000,0.1871434
28.472000,0.1870901
28.480000,0.1870367
28.488000,0.1870901
28.496000,0.1870367
28.504000,0.1869300
28.512000,0.1868767
28.520000,0.1869300
28.528000,0.1868767
28.536000,0.1867700
28.544000,0.1868767
28.552000,0.1868233
28.560000,0.1867700
28.568000,0.1867167
28.576000,0.1866100
28.584000,0.1865566
28.592000,0.1866633
28.600000,0.1866100
28.608000,0.1864500
28.616000,0.1864500
28.624000,0.1865033
28.632000,0.1865033
28.640000,0.1863966
28.648000,0.1863433
28.656000,0.1863433
28.664000,0.1863433
28.672000,0.1863433
28.680000,0.1862366
28.688000,0.1861833
28.696000,0.1861833
28.704000,0.1861033
28.712000,0.1861033
28.720000,0.1860499
28.728000,0.1860499
28.736000,0.1860499
28.744000,0.1859966
28.752000,0.1858366
28.760000,0.1858366
28.768000,0.1858899
28.776000,0.1858366
28.784000,0.1857832
28.792000,0.1857832
28.800000,0.1857832
28.808000,0.1857299
28.816000,0.1856232
28.824000,0.1856232
28.832000,0.1856232
28.840000,0.1855165
28.848000,0.1854632
28.856000,0.1854632
28.864000,0.1854632
28.872000,0.1854632
28.880000,0.1855165
28.888000,0.1854632
28.896000,0.1854098
28.904000,0.1853565
28.912000,0.1853032
28.920000,0.1851965
28.928000,0.1851965
28.936000,0.1852498
28.944000,0.1852498
28.952000,0.1850898
28.960000,0.1850365
28.968000,0.1850898
28.976000,0.1850365
28.984000,0.1849831
28.992000,0.1849298
29.000000,0.1849298
29.008000,0.1848764
29.016000,0.1848764
29.024000,0.1848231
29.032000,0.1847698
29.040000,0.1848231
29.048000,0.1848764
29.056000,0.1848231
29.064000,0.1848231
29.072000,0.1847698
29.080000,0.1847164
29.088000,0.1846097
29.096000,0.1845564
29.104000,0.1845031
29.112000,0.1845031
29.120000,0.1845031
29.128000,0.1844497
29.136000,0.1843430
29.144000,0.1843430
29.152000,0.1843430
29.160000,0.1843430
29.168000,0.1843430
29.176000,0.1843430
29.184000,0.1842364
29.192000,0.1841297
29.200000,0.1841830
29.208000,0.1841830
29.216000,0.1841297
29.224000,0.1840763
29.232000,0.1840763
29.240000,0.1840763
29.248000,0.1839697
29.256000,0.1839163
29.264000,0.1840230
29.272000,0.1839697
29.280000,0.1838630
29.288000,0.1838630
29.296000,0.1837563
29.304000,0.1837030
29.312000,0.1836496
29.320000,0.1836496
29.328000,0.1836496
29.336000,0.1836496
29.344000,0.1835963
29.352000,0.1836496
29.360000,0.1835963
29.368000,0.1835429
29.376000,0.1835429
29.384000,0.1834363
29.392000,0.1834363
29.400000,0.1834363
29.408000,0.1834363
29.416000,0.1833829
29.424000,0.1833829
29.432000,0.1833296
29.440000,0.1832762
29.448000,0.1832229
29.456000,0.1831696
29.464000,0.1831696
29.472000,0.1831696
29.480000,0.1832229
29.488000,0.1830895
29.496000,0.1830895
29.504000,0.1830895
29.512000,0.1830895
29.520000,0.1830362
29.528000,0.1830362
29.536000,0.1829829
29.544000,0.1828762
29.552000,0.1828762
29.560000,0.1829295
29.568000,0.1829829
29.576000,0.1828762
29.584000,0.1827695
29.592000,0.1827162
29.600000,0.1827695
29.608000,0.1827695
29.616000,0.1827695
29.624000,0.1826628
29.632000,0.1826628
29.640000,0.1826628
29.648000,0.1826095
29.656000,0.1826095
29.664000,0.1825562
29.672000,0.1825028
29.680000,0.1824495
29.688000,0.1824495
29.696000,0.1824495
29.704000,0.1823961
29.712000,0.1823961
29.720000,0.1822894
29.728000,0.1821828
29.736000,0.1821828
29.744000,0.1821828
29.752000,0.1821294
29.760000,0.1821294
29.768000,0.1821828
29.776000,0.1821294
29.784000,0.1821294
29.792000,0.1821294
29.800000,0.1821294
29.808000,0.1820228
29.816000,0.1818627
29.824000,0.1818627
29.832000,0.1819694
29.840000,0.1819161
29.848000,0.1818627
29.856000,0.1819161
29.864000,0.1819694
29.872000,0.1819161
29.880000,0.1819161
29.888000,0.1818094
29.896000,0.1817027
29.904000,0.1815960
29.912000,0.1815960
29.920000,0.1817027
29.928000,0.1817027
29.936000,0.1816494
29.944000,0.1815960
29.952000,0.1814893
29.960000,0.1814893
29.968000,0.1814893
29.976000,0.1814360
29.984000,0.1813827
29.992000,0.1814360
30.000000,0.1813827
30.008000,0.1813827
30.016000,0.1814360
30.024000,0.1812760
30.032000,0.1812227
30.040000,0.1811160
30.048000,0.1810626
30.056000,0.1810626
30.064000,0.1810626
30.072000,0.1810093
30.080000,0.1809560
30.088000,0.1809560
30.096000,0.1809560
30.104000,0.1810093
30.112000,0.1810093
30.120000,0.1809026
30.128000,0.1808493
30.136000,0.1807959
30.144000,0.1808493
30.152000,0.1807426
30.160000,0.1807426
30.168000,0.1806892
30.176000,0.1806359
30.184000,0.1806359
30.192000,0.1806892
30.200000,0.1806892
30.208000,0.1806359
30.216000,0.1805826
30.224000,0.1805292
30.232000,0.1805292
30.240000,0.1804226
30.248000,0.1804226
30.256000,0.1804226
30.264000,0.1803692
30.272000,0.1803692
30.280000,0.1802625
30.288000,0.1803692
30.296000,0.1803692
30.304000,0.1803159
30.312000,0.1802625
30.320000,0.1802092
30.328000,0.1801559
30.336000,0.1801559
30.344000,0.1801025
30.352000,0.1800225
30.360000,0.1800225
30.368000,0.1801025
30.376000,0.1801559
30.384000,0.1799158
30.392000,0.1798625
30.400000,0.1798625
30.408000,0.1798091
30.416000,0.1798091
30.424000,0.1798091
30.432000,0.1798091
30.440000,0.1797558
30.448000,0.1796491
30.456000,0.1797025
30.464000,0.1797025
30.472000,0.1796491
30.480000,0.1795958
30.488000,0.1795958
30.496000,0.1794891
30.504000,0.1794891
30.512000,0.1794358
30.520000,0.1794891
30.528000,0.1794891
30.536000,0.1794891
30.544000,0.1794358
30.552000,0.1793291
30.560000,0.1793291
30.568000,0.1792757
30.576000,0.1791691
30.584000,0.1792224
30.592000,0.1792224
30.600000,0.1792224
30.608000,0.1792224
30.616000,0.1791157
30.624000,0.1791157
30.632000,0.1791157
30.640000,0.1790624
30.648000,0.1790624
30.656000,0.1789557
30.664000,0.1789557
30.672000,0.1789024
30.680000,0.1788490
30.688000,0.1787957
30.696000,0.1788490
30.704000,0.1789024
30.712000,0.1789024
30.720000,0.1787957
30.728000,0.1787423
30.736000,0.1786890
30.744000,0.1786890
30.752000,0.1786890
30.760000,0.1785823
30.768000,0.1785290
30.776000,0.1784756
30.784000,0.1785290
30.792000,0.1784223
30.800000,0.1783156
30.808000,0.1784223
30.816000,0.1784756
30.824000,0.1783690
30.832000,0.1783690
30.840000,0.1783690
30.848000,0.1783690
30.856000,0.1782623
30.864000,0.1782089
30.872000,0.1781556
30.880000,0.1781556
30.888000,0.1781556
30.896000,0.1781556
30.904000,0.1781023
30.912000,0.1780489
30.920000,0.1780489
30.928000,0.1780489
30.936000,0.1781023
30.944000,0.1780489
30.952000,0.1779956
30.960000,0.1778889
30.968000,0.1778889
30.976000,0.1778889
30.984000,0.1777822
30.992000,0.1777822
31.000000,0.1777822
31.008000,0.1777289
31.016000,0.1777289
31.024000,0.1776755
31.032000,0.1775689
31.040000,0.1775689
31.048000,0.1775155
31.056000,0.1774622
31.064000,0.1774622
31.072000,0.1774622
31.080000,0.1774622
31.088000,0.1775155
31.096000,0.1775689
31.104000,0.1775155
31.112000,0.1774088
31.120000,0.1773555
31.128000,0.1773555
31.136000,0.1773555
31.144000,0.1773022
31.152000,0.1772488
31.160000,0.1771955
31.168000,0.1771421
31.176000,0.1771421
31.184000,0.1770888
31.192000,0.1770355
31.200000,0.1770355
31.208000,0.1770355
31.216000,0.1770355
31.224000,0.1769555
31.232000,0.1769555
31.240000,0.1770355
31.248000,0.1769021
31.256000,0.1768488
31.264000,0.1767421
31.272000,0.1767421
31.280000,0.1767954
31.288000,0.1767954
31.296000,0.1766888
31.304000,0.1766354
31.312000,0.1766354
31.320000,0.1766354
31.328000,0.1766354
31.336000,0.1765821
31.344000,0.1765287
31.352000,0.1764754
31.360000,0.1764754
31.368000,0.1764754
31.376000,0.1764754
31.384000,0.1765287
31.392000,0.1765287
31.400000,0.1763154
31.408000,0.1762620
31.416000,0.1762620
31.424000,0.1762620
31.432000,0.1762087
31.440000,0.1761554
31.448000,0.1761020
31.456000,0.1761554
31.464000,0.1761554
31.472000,0.1761020
31.480000,0.1760487
31.488000,0.1759953
31.496000,0.1759953
31.504000,0.1759420
31.512000,0.1759953
31.520000,0.1760487
31.528000,0.1760487
31.536000,0.1759953
31.544000,0.1759420
31.552000,0.1759420
31.560000,0.1758887
31.568000,0.1758353
31.576000,0.1757820
31.584000,0.1758353
31.592000,0.1758353
31.600000,0.1757286
31.608000,0.1757286
31.616000,0.1757286
31.624000,0.1757286
31.632000,0.1756219
31.640000,0.1755686
31.648000,0.1755153
31.656000,0.1755153
31.664000,0.1755686
31.672000,0.1755686
31.680000,0.1754086
31.688000,0.1753552
31.696000,0.1754086
31.704000,0.1753552
31.712000,0.1753552
31.720000,0.1753552
31.728000,0.1754086
31.736000,0.1754086
31.744000,0.1753019
31.752000,0.1751952
31.760000,0.1751952
31.768000,0.1751419
31.776000,0.1750886
31.784000,0.1751952
31.792000,0.1751419
31.800000,0.1751419
31.808000,0.1751419
31.816000,0.1749819
31.824000,0.1749819
31.832000,0.1749819
31.840000,0.1749819
31.848000,0.1749285
31.856000,0.1748752
31.864000,0.1748752
31.872000,0.1748752
31.880000,0.1748219
31.888000,0.1747685
31.896000,0.1747152
31.904000,0.1747685
31.912000,0.1747152
31.920000,0.1746085
31.928000,0.1746618
31.936000,0.1747152
31.944000,0.1747152
31.952000,0.1746618
31.960000,0.1746085
31.968000,0.1746085
31.976000,0.1745551
31.984000,0.1745551
31.992000,0.1746618
32.000000,0.1746085
32.008000,0.1744485
32.016000,0.1743951
32.024000,0.1743951
32.032000,0.1743951
32.040000,0.1743951
32.048000,0.1743951
32.056000,0.1743951
32.064000,0.1743418
32.072000,0.1743418
32.080000,0.1743418
32.088000,0.1742885
32.096000,0.1742885
32.104000,0.1742885
32.112000,0.1742885
32.120000,0.1741818
32.128000,0.1741284
32.136000,0.1741284
32.144000,0.1740751
32.152000,0.1740751
32.160000,0.1740218
32.168000,0.1739684
32.176000,0.1740218
32.184000,0.1739684
32.192000,0.1738884
32.200000,0.1738351
32.208000,0.1738884
32.216000,0.1738884
32.224000,0.1738351
32.232000,0.1737817
32.240000,0.1738351
32.248000,0.1738884
32.256000,0.1737284
32.264000,0.1736750
32.272000,0.1737284
32.280000,0.1737284
32.288000,0.1737284
32.296000,0.1736750
32.304000,0.1735684
32.312000,0.1736217
32.320000,0.1736217
32.328000,0.1735684
32.336000,0.1735150
32.344000,0.1735150
32.352000,0.1734617
32.360000,0.1734617
32.368000,0.1734617
32.376000,0.1734083
32.384000,0.1734083
32.392000,0.1734617
32.400000,0.1734617
32.408000,0.1734617
32.416000,0.1733550
32.424000,0.1733017
32.432000,0.1731950
32.440000,0.1731416
32.448000,0.1731950
32.456000,0.1731950
32.464000,0.1731950
32.472000,0.1731416
32.480000,0.1731416
32.488000,0.1730883
32.496000,0.1730350
32.504000,0.1729816
32.512000,0.1729283
32.520000,0.1729283
32.528000,0.1729816
32.536000,0.1729816
32.544000,0.1728749
32.552000,0.1728749
32.560000,0.1728749
32.568000,0.1728216
32.576000,0.1727683
32.584000,0.1727683
32.592000,0.1727683
32.600000,0.1727683
32.608000,0.1727149
32.616000,0.1727683
32.624000,0.1728216
32.632000,0.1726616
32.640000,0.1726082
32.648000,0.1726082
32.656000,0.1726616
32.664000,0.1726082
32.672000,0.1725549
32.680000,0.1725549
32.688000,0.1725016
32.696000,0.1725016
32.704000,0.1724482
32.712000,0.1725016
32.720000,0.1724482
32.728000,0.1723949
32.736000,0.1723415
32.744000,0.1722349
32.752000,0.1722349
32.760000,0.1722882
32.768000,0.1722349
32.776000,0.1722349
32.784000,0.1721815
32.792000,0.1721815
32.800000,0.1721282
32.808000,0.1721282
32.816000,0.1720748
32.824000,0.1720748
32.832000,0.1721815
32.840000,0.1721282
32.848000,0.1720748
32.856000,0.1720748
32.864000,0.1720748
32.872000,0.1720215
32.880000,0.1719682
32.888000,0.1719682
32.896000,0.1720215
32.904000,0.1719682
32.912000,0.1719148
32.920000,0.1719148
32.928000,0.1718615
32.936000,0.1718081
32.944000,0.1717015
32.952000,0.1717015
32.960000,0.1717015
32.968000,0.1717548
32.976000,0.1717548
32.984000,0.1717015
32.992000,0.1717015
33.000000,0.1715948
33.008000,0.1714881
33.016000,0.1715414
33.024000,0.1715948
33.032000,0.1715414
33.040000,0.1715414
33.048000,0.1715414
33.056000,0.1714881
33.064000,0.1714881
33.072000,0.1714348
33.080000,0.1714348
33.088000,0.1714348
33.096000,0.1713814
33.104000,0.1713281
33.112000,0.1713814
33.120000,0.1713814
33.128000,0.1713281
33.136000,0.1712747
33.144000,0.1712214
33.152000,0.1711681
33.160000,0.1711681
33.168000,0.1712747
33.176000,0.1712747
33.184000,0.1711681
33.192000,0.1711681
33.200000,0.1711681
33.208000,0.1711147
33.216000,0.1711147
33.224000,0.1710614
33.232000,0.1710080
33.240000,0.1709547
33.248000,0.1710080
33.256000,0.1709547
33.264000,0.1710080
33.272000,0.1709547
33.280000,0.1708214
33.288000,0.1709014
33.296000,0.1708214
33.304000,0.1707680
33.312000,0.1708214
33.320000,0.1708214
33.328000,0.1708214
33.336000,0.1707680
33.344000,0.1707680
33.352000,0.1707680
33.360000,0.1707147
33.368000,0.1706613
33.376000,0.1707147
33.384000,0.1706613
33.392000,0.1706080
33.400000,0.1706080
33.408000,0.1705547
33.416000,0.1705547
33.424000,0.1705547
33.432000,0.1704480
33.440000,0.1704480
33.448000,0.1703946
33.456000,0.1703413
33.464000,0.1702879
33.472000,0.1702879
33.480000,0.1702879
33.488000,0.1703413
33.496000,0.1703413
33.504000,0.1702346
33.512000,0.1702346
33.520000,0.1702346
33.528000,0.1701813
33.536000,0.1701813
33.544000,0.1701813
33.552000,0.1701279
33.560000,0.1701813
33.568000,0.1702346
33.576000,0.1701279
33.584000,0.1700746
33.592000,0.1701279
33.600000,0.1700746
33.608000,0.1700746
33.616000,0.1700746
33.624000,0.1700213
33.632000,0.1700746
33.640000,0.1700213
33.648000,0.1699146
33.656000,0.1699146
33.664000,0.1698612
33.672000,0.1699146
33.680000,0.1698612
33.688000,0.1698612
33.696000,0.1698612
33.704000,0.1698079
33.712000,0.1697546
33.720000,0.1697012
33.728000,0.1697012
33.736000,0.1696479
33.744000,0.1695412
33.752000,0.1695945
33.760000,0.1696479
33.768000,0.1695945
33.776000,0.1695945
33.784000,0.1695945
33.792000,0.1695945
33.800000,0.1695412
33.808000,0.1695412
33.816000,0.1695412
33.824000,0.1695412
33.832000,0.1693812
33.840000,0.1693812
33.848000,0.1694878
33.856000,0.1694878
33.864000,0.1693812
33.872000,0.1692745
33.880000,0.1692745
33.888000,0.1692212
33.896000,0.1692212
33.904000,0.1691678
33.912000,0.1691145
33.920000,0.1692212
33.928000,0.1692212
33.936000,0.1692212
33.944000,0.1691678
33.952000,0.1691678
33.960000,0.1691145
33.968000,0.1690611
33.976000,0.1690611
33.984000,0.1690611
33.992000,0.1690611
34.000000,0.1690078
34.008000,0.1689545
34.016000,0.1689011
34.024000,0.1687944
34.032000,0.1687944
34.040000,0.1689011
34.048000,0.1689545
34.056000,0.1689011
34.064000,0.1688478
34.072000,0.1688478
34.080000,0.1687944
34.088000,0.1686877
34.096000,0.1687411
34.104000,0.1687411
34.112000,0.1686877
34.120000,0.1685811
34.128000,0.1685811
34.136000,0.1685277
34.144000,0.1685811
34.152000,0.1685811
34.160000,0.1684211
34.168000,0.1684211
34.176000,0.1684744
34.184000,0.1684211
34.192000,0.1683144
34.200000,0.1684211
34.208000,0.1684211
34.216000,0.1683677
34.224000,0.1683677
34.232000,0.1683144
34.240000,0.1683144
34.248000,0.1683677
34.256000,0.1683144
34.264000,0.1682077
34.272000,0.1681010
34.280000,0.1682077
34.288000,0.1681544
34.296000,0.1681544
34.304000,0.1681544
34.312000,0.1681010
34.320000,0.1681010
34.328000,0.1681010
34.336000,0.1679943
34.344000,0.1679943
34.352000,0.1680477
34.360000,0.1679943
34.368000,0.1679410
34.376000,0.1680477
34.384000,0.1679943
34.392000,0.1679943
34.400000,0.1679410
34.408000,0.1679410
34.416000,0.1678876
34.424000,0.1677543
34.432000,0.1677010
34.440000,0.1676476
34.448000,0.1675409
34.456000,0.1675409
34.464000,0.1675409
34.472000,0.1676476
34.480000,0.1675943
34.488000,0.1674876
34.496000,0.1674343
34.504000,0.1674876
34.512000,0.1675409
34.520000,0.1675409
34.528000,0.1673809
34.536000,0.1673276
34.544000,0.1673809
34.552000,0.1674343
34.560000,0.1673809
34.568000,0.1673276
34.576000,0.1672209
34.584000,0.1672742
34.592000,0.1673276
34.600000,0.1672742
34.608000,0.1672742
34.616000,0.1672742
34.624000,0.1672742
34.632000,0.1672209
34.640000,0.1671676
34.648000,0.1671142
34.656000,0.1670609
34.664000,0.1670609
34.672000,0.1670609
34.680000,0.1670609
34.688000,0.1671142
34.696000,0.1670609
34.704000,0.1670075
34.712000,0.1670075
34.720000,0.1669542
34.728000,0.1669542
34.736000,0.1669542
34.744000,0.1669009
34.752000,0.1667942
34.760000,0.1667942
34.768000,0.1667942
34.776000,0.1667408
34.784000,0.1666875
34.792000,0.1666875
34.800000,0.1667408
34.808000,0.1667408
34.816000,0.1666875
34.824000,0.1666342
34.832000,0.1666342
34.840000,0.1666342
34.848000,0.1665808
34.856000,0.1666342
34.864000,0.1665808
34.872000,0.1665275
34.880000,0.1665275
34.888000,0.1665275
34.896000,0.1665808
34.904000,0.1664741
34.912000,0.1663675
34.920000,0.1662608
34.928000,0.1662608
34.936000,0.1662608
34.944000,0.1663141
34.952000,0.1663141
34.960000,0.1662074
34.968000,0.1662608
34.976000,0.1662608
34.984000,0.1664208
34.992000,0.1663141
35.000000,0.1662608
35.008000,0.1662074
35.016000,0.1662074
35.024000,0.1662074
35.032000,0.1661541
35.040000,0.1661008
35.048000,0.1661008
35.056000,0.1661541
35.064000,0.1661008
35.072000,0.1660474
35.080000,0.1660474
35.088000,0.1660474
35.096000,0.1659941
35.104000,0.1659407
35.112000,0.1659941
35.120000,0.1659407
35.128000,0.1659407
35.136000,0.1658874
35.144000,0.1658341
35.152000,0.1658874
35.160000,0.1658341
35.168000,0.1657807
35.176000,0.1657274
35.184000,0.1657274
35.192000,0.1657274
35.200000,0.1657274
35.208000,0.1656740
35.216000,0.1656740
35.224000,0.1655674
35.232000,0.1655140
35.240000,0.1655140
35.248000,0.1655140
35.256000,0.1655140
35.264000,0.1656207
35.272000,0.1656207
35.280000,0.1655674
35.288000,0.1655674
35.296000,0.1655140
35.304000,0.1654607
35.312000,0.1654073
35.320000,0.1654073
35.328000,0.1654073
35.336000,0.1653540
35.344000,0.1654073
35.352000,0.1654073
35.360000,0.1654073
35.368000,0.1652473
35.376000,0.1652473
35.384000,0.1653540
35.392000,0.1652473
35.400000,0.1652473
35.408000,0.1651940
35.416000,0.1651406
35.424000,0.1651940
35.432000,0.1651406
35.440000,0.1650873
35.448000,0.1650340
35.456000,0.1649273
35.464000,0.1649806
35.472000,0.1649806
35.480000,0.1648739
35.488000,0.1648739
35.496000,0.1648739
35.504000,0.1649273
35.512000,0.1648739
35.520000,0.1648739
35.528000,0.1649806
35.536000,0.1648739
35.544000,0.1648206
35.552000,0.1648206
35.560000,0.1648739
35.568000,0.1647673
35.576000,0.1646339
35.584000,0.1648206
35.592000,0.1648206
35.600000,0.1646873
35.608000,0.1645806
35.616000,0.1645806
35.624000,0.1645272
35.632000,0.1645272
35.640000,0.1644739
35.648000,0.1644739
35.656000,0.1644739
35.664000,0.1644205
35.672000,0.1645272
35.680000,0.1644739
35.688000,0.1644205
35.696000,0.1643672
35.704000,0.1643139
35.712000,0.1643139
35.720000,0.1642605
35.728000,0.1642072
35.736000,0.1643139
35.744000,0.1642605
35.752000,0.1642072
35.760000,0.1641538
35.768000,0.1641538
35.776000,0.1641538
35.784000,0.1641005
35.792000,0.1641005
35.800000,0.1641005
35.808000,0.1640472
35.816000,0.1639938
35.824000,0.1640472
35.832000,0.1639405
35.840000,0.1638872
35.848000,0.1639938
35.856000,0.1640472
35.864000,0.1639405
35.872000,0.1639405
35.880000,0.1638872
35.888000,0.1637271
35.896000,0.1637271
35.904000,0.1637805
35.912000,0.1638338
35.920000,0.1638338
35.928000,0.1637805
35.936000,0.1637271
35.944000,0.1637271
35.952000,0.1637805
35.960000,0.1636738
35.968000,0.1635138
35.976000,0.1635671
35.984000,0.1636205
35.992000,0.1635671
36.000000,0.1636205
36.008000,0.1635138
36.016000,0.1634604
36.024000,0.1635138
36.032000,0.1635138
36.040000,0.1634071
36.048000,0.1634071
36.056000,0.1634071
36.064000,0.1633537
36.072000,0.1634071
36.080000,0.1633537
36.088000,0.1632471
36.096000,0.1632471
36.104000,0.1632471
36.112000,0.1633004
36.120000,0.1632471
36.128000,0.1632471
36.136000,0.1631404
36.144000,0.1630871
36.152000,0.1631404
36.160000,0.1630871
36.168000,0.1629804
36.176000,0.1629804
36.184000,0.1629804
36.192000,0.1630871
36.200000,0.1630337
36.208000,0.1629270
36.216000,0.1629804
36.224000,0.1629804
36.232000,0.1629804
36.240000,0.1629804
36.248000,0.1628737
36.256000,0.1628737
36.264000,0.1629270
36.272000,0.1629270
36.280000,0.1628737
36.288000,0.1628737
36.296000,0.1627670
36.304000,0.1627137
36.312000,0.1628204
36.320000,0.1628204
36.328000,0.1627670
36.336000,0.1627137
36.344000,0.1626603
36.352000,0.1626070
36.360000,0.1626070
36.368000,0.1626070
36.376000,0.1626603
36.384000,0.1626070
36.392000,0.1625536
36.400000,0.1626070
36.408000,0.1625536
36.416000,0.1625536
36.424000,0.1626070
36.432000,0.1625003
36.440000,0.1623936
36.448000,0.1624470
36.456000,0.1624470
36.464000,0.1625003
36.472000,0.1625003
36.480000,0.1624470
36.488000,0.1623403
36.496000,0.1623403
36.504000,0.1623403
36.512000,0.1622870
36.520000,0.1622870
36.528000,0.1622336
36.536000,0.1622336
36.544000,0.1622336
36.552000,0.1621803
36.560000,0.1621803
36.568000,0.1621269
36.576000,0.1621269
36.584000,0.1620203
36.592000,0.1620203
36.600000,0.1619669
36.608000,0.1620203
36.616000,0.1620736
36.624000,0.1620736
36.632000,0.1620203
36.640000,0.1619669
36.648000,0.1619669
36.656000,0.1619136
36.664000,0.1619669
36.672000,0.1619136
36.680000,0.1619136
36.688000,0.1619669
36.696000,0.1618602
36.704000,0.1618602
36.712000,0.1617535
36.720000,0.1618069
36.728000,0.1617535
36.736000,0.1616202
36.744000,0.1617002
36.752000,0.1617002
36.760000,0.1617535
36.768000,0.1617002
36.776000,0.1617002
36.784000,0.1616202
36.792000,0.1615669
36.800000,0.1615669
36.808000,0.1616202
36.816000,0.1616202
36.824000,0.1615135
36.832000,0.1614602
36.840000,0.1615135
36.848000,0.1615135
36.856000,0.1614602
36.864000,0.1614602
36.872000,0.1614602
36.880000,0.1613535
36.888000,0.1613002
36.896000,0.1613002
36.904000,0.1613002
36.912000,0.1612468
36.920000,0.1612468
36.928000,0.1612468
36.936000,0.1612468
36.944000,0.1612468
36.952000,0.1612468
36.960000,0.1612468
36.968000,0.1612468
36.976000,0.1611935
36.984000,0.1612468
36.992000,0.1612468
37.000000,0.1611935
37.008000,0.1610868
37.016000,0.1610868
37.024000,0.1610335
37.032000,0.1611401
37.040000,0.1610335
37.048000,0.1610868
37.056000,0.1610335
37.064000,0.1610335
37.072000,0.1610335
37.080000,0.1610335
37.088000,0.1609801
37.096000,0.1608734
37.104000,0.1608201
37.112000,0.1608201
37.120000,0.1608201
37.128000,0.1607668
37.136000,0.1607134
37.144000,0.1607668
37.152000,0.1607668
37.160000,0.1606601
37.168000,0.1607134
37.176000,0.1606601
37.184000,0.1606067
37.192000,0.1606601
37.200000,0.1606601
37.208000,0.1606601
37.216000,0.1606067
37.224000,0.1605534
37.232000,0.1605534
37.240000,0.1605534
37.248000,0.1606067
37.256000,0.1605534
37.264000,0.1605534
37.272000,0.1605534
37.280000,0.1605534
37.288000,0.1605001
37.296000,0.1605001
37.304000,0.1605001
37.312000,0.1603934
37.320000,0.1603400
37.328000,0.1603400
37.336000,0.1603934
37.344000,0.1603934
37.352000,0.1602867
37.360000,0.1602867
37.368000,0.1602867
37.376000,0.1602867
37.384000,0.1602334
37.392000,0.1602334
37.400000,0.1602334
37.408000,0.1602334
37.416000,0.1602334
37.424000,0.1601800
37.432000,0.1601267
37.440000,0.1600733
37.448000,0.1600733
37.456000,0.1600733
37.464000,0.1600733
37.472000,0.1600200
37.480000,0.1599667
37.488000,0.1599133
37.496000,0.1599667
37.504000,0.1599667
37.512000,0.1599667
37.520000,0.1600200
37.528000,0.1599133
37.536000,0.1598066
37.544000,0.1598066
37.552000,0.1599133
37.560000,0.1598600
37.568000,0.1597000
37.576000,0.1596466
37.584000,0.1597000
37.592000,0.1597000
37.600000,0.1597000
37.608000,0.1597000
37.616000,0.1597000
37.624000,0.1597533
37.632000,0.1597533
37.640000,0.1597533
37.648000,0.1597000
37.656000,0.1595933
37.664000,0.1595933
37.672000,0.1595399
37.680000,0.1594866
37.688000,0.1594866
37.696000,0.1595399
37.704000,0.1594333
37.712000,0.1593799
37.720000,0.1594333
37.728000,0.1594333
37.736000,0.1593266
37.744000,0.1593266
37.752000,0.1593266
37.760000,0.1592732
37.768000,0.1593266
37.776000,0.1593266
37.784000,0.1593266
37.792000,0.1593266
37.800000,0.1592732
37.808000,0.1592732
37.816000,0.1592732
37.824000,0.1592732
37.832000,0.1592199
37.840000,0.1592732
37.848000,0.1592199
37.856000,0.1591666
37.864000,0.1590065
37.872000,0.1590599
37.880000,0.1591666
37.888000,0.1592199
37.896000,0.1592199
37.904000,0.1591132
37.912000,0.1590065
37.920000,0.1590599
37.928000,0.1591132
37.936000,0.1590065
37.944000,0.1588999
37.952000,0.1588999
37.960000,0.1588465
37.968000,0.1588999
37.976000,0.1588999
37.984000,0.1588999
37.992000,0.1588999
38.000000,0.1587932
38.008000,0.1588465
38.016000,0.1587932
38.024000,0.1586865
38.032000,0.1587932
38.040000,0.1587398
38.048000,0.1586865
38.056000,0.1586865
38.064000,0.1586865
38.072000,0.1586865
38.080000,0.1586865
38.088000,0.1587398
38.096000,0.1587398
38.104000,0.1587398
38.112000,0.1586865
38.120000,0.1584998
38.128000,0.1584465
38.136000,0.1585532
38.144000,0.1585532
38.152000,0.1585532
38.160000,0.1585532
38.168000,0.1584465
38.176000,0.1583931
38.184000,0.1584465
38.192000,0.1584998
38.200000,0.1583931
38.208000,0.1583931
38.216000,0.1583931
38.224000,0.1583931
38.232000,0.1583931
38.240000,0.1582864
38.248000,0.1582331
38.256000,0.1582331
38.264000,0.1582864
38.272000,0.1582864
38.280000,0.1582331
38.288000,0.1581798
38.296000,0.1582331
38.304000,0.1581798
38.312000,0.1580731
38.320000,0.1580731
38.328000,0.1581264
38.336000,0.1581264
38.344000,0.1580731
38.352000,0.1580731
38.360000,0.1581264
38.368000,0.1581798
38.376000,0.1580198
38.384000,0.1580198
38.392000,0.1580198
38.400000,0.1580198
38.408000,0.1580198
38.416000,0.1579664
38.424000,0.1579664
38.432000,0.1578597
38.440000,0.1579131
38.448000,0.1578597
38.456000,0.1578597
38.464000,0.1578064
38.472000,0.1578064
38.480000,0.1579131
38.488000,0.1578597
38.496000,0.1578597
38.504000,0.1578597
38.512000,0.1578064
38.520000,0.1578064
38.528000,0.1576997
38.536000,0.1576464
38.544000,0.1576997
38.552000,0.1576464
38.560000,0.1576464
38.568000,0.1576997
38.576000,0.1576464
38.584000,0.1576997
38.592000,0.1576464
38.600000,0.1576464
38.608000,0.1576464
38.616000,0.1575930
38.624000,0.1575930
38.632000,0.1575397
38.640000,0.1575397
38.648000,0.1575397
38.656000,0.1574863
38.664000,0.1574863
38.672000,0.1575397
38.680000,0.1575397
38.688000,0.1574330
38.696000,0.1575397
38.704000,0.1575397
38.712000,0.1574863
38.720000,0.1574863
38.728000,0.1574863
38.736000,0.1573797
38.744000,0.1572730
38.752000,0.1572197
38.760000,0.1572730
38.768000,0.1572730
38.776000,0.1573263
38.784000,0.1572730
38.792000,0.1572730
38.800000,0.1572197
38.808000,0.1572197
38.816000,0.1572197
38.824000,0.1571663
38.832000,0.1572730
38.840000,0.1571663
38.848000,0.1572197
38.856000,0.1572197
38.864000,0.1572197
38.872000,0.1571130
38.880000,0.1571130
38.888000,0.1570596
38.896000,0.1570596
38.904000,0.1571130
38.912000,0.1570596
38.920000,0.1570596
38.928000,0.1570596
38.936000,0.1570063
38.944000,0.1568996
38.952000,0.1568996
38.960000,0.1569530
38.968000,0.1568463
38.976000,0.1567396
38.984000,0.1568463
38.992000,0.1568996
39.000000,0.1568463
39.008000,0.1567929
39.016000,0.1567929
39.024000,0.1567396
39.032000,0.1566862
39.040000,0.1566862
39.048000,0.1566862
39.056000,0.1567396
39.064000,0.1566862
39.072000,0.1566329
39.080000,0.1566862
39.088000,0.1566329
39.096000,0.1566862
39.104000,0.1566862
39.112000,0.1565796
39.120000,0.1565796
39.128000,0.1565796
39.136000,0.1565796
39.144000,0.1565796
39.152000,0.1565796
39.160000,0.1565796
39.168000,0.1566329
39.176000,0.1565796
39.184000,0.1565262
39.192000,0.1565796
39.200000,0.1565262
39.208000,0.1565262
39.216000,0.1564729
39.224000,0.1564729
39.232000,0.1564729
39.240000,0.1564729
39.248000,0.1564195
39.256000,0.1563662
39.264000,0.1563129
39.272000,0.1562595
39.280000,0.1562595
39.288000,0.1562062
39.296000,0.1561529
39.304000,0.1562595
39.312000,0.1562595
39.320000,0.1562595
39.328000,0.1562062
39.336000,0.1561529
39.344000,0.1561529
39.352000,0.1560995
39.360000,0.1560995
39.368000,0.1561529
39.376000,0.1562062
39.384000,0.1561529
39.392000,0.1560995
39.400000,0.1560462
39.408000,0.1561529
39.416000,0.1560995
39.424000,0.1560995
39.432000,0.1560462
39.440000,0.1559928
39.448000,0.1559928
39.456000,0.1558328
39.464000,0.1557795
39.472000,0.1558328
39.480000,0.1558862
39.488000,0.1559395
39.496000,0.1558862
39.504000,0.1558862
39.512000,0.1558862
39.520000,0.1558862
39.528000,0.1557795
39.536000,0.1556728
39.544000,0.1557261
39.552000,0.1557261
39.560000,0.1557261
39.568000,0.1557261
39.576000,0.1556194
39.584000,0.1556194
39.592000,0.1556194
39.600000,0.1555394
39.608000,0.1556194
39.616000,0.1555394
39.624000,0.1556194
39.632000,0.1556194
39.640000,0.1555394
39.648000,0.1554861
39.656000,0.1554861
39.664000,0.1554861
39.672000,0.1554861
39.680000,0.1554861
39.688000,0.1554328
39.696000,0.1554328
39.704000,0.1553261
39.712000,0.1553794
39.720000,0.1554328
39.728000,0.1554328
39.736000,0.1554328
39.744000,0.1553794
39.752000,0.1553261
39.760000,0.1552727
39.768000,0.1552194
39.776000,0.1552194
39.784000,0.1552194
39.792000,0.1552194
39.800000,0.1552194
39.808000,0.1552194
39.816000,0.1551661
39.824000,0.1550594
39.832000,0.1550594
39.840000,0.1550594
39.848000,0.1551127
39.856000,0.1551661
39.864000,0.1551661
39.872000,0.1551127
39.880000,0.1550594
39.888000,0.1550060
39.896000,0.1549527
39.904000,0.1548994
39.912000,0.1549527
39.920000,0.1550060
39.928000,0.1549527
39.936000,0.1549527
39.944000,0.1549527
39.952000,0.1548994
39.960000,0.1548994
39.968000,0.1548460
39.976000,0.1548460
39.984000,0.1548994
39.992000,0.1547927
40.000000,0.1547927
40.008000,0.1548460
40.016000,0.1548460
40.024000,0.1548460
40.032000,0.1547927
40.040000,0.1547393
40.048000,0.1547927
40.056000,0.1547927
40.064000,0.1546860
40.072000,0.1546860
40.080000,0.1547927
40.088000,0.1547393
40.096000,0.1546860
40.104000,0.1546327
40.112000,0.1546327
40.120000,0.1545260
40.128000,0.1544726
40.136000,0.1544726
40.144000,0.1545260
40.152000,0.1545260
40.160000,0.1545260
40.168000,0.1544726
40.176000,0.1544726
40.184000,0.1545260
40.192000,0.1544726
40.200000,0.1544193
40.208000,0.1544193
40.216000,0.1543126
40.224000,0.1543126
40.232000,0.1544193
40.240000,0.1544193
40.248000,0.1544193
40.256000,0.1543126
40.264000,0.1542593
40.272000,0.1542593
40.280000,0.1542593
40.288000,0.1542593
40.296000,0.1542593
40.304000,0.1542593
40.312000,0.1541526
40.320000,0.1542059
40.328000,0.1542059
40.336000,0.1541526
40.344000,0.1540459
40.352000,0.1540459
40.360000,0.1540993
40.368000,0.1540993
40.376000,0.1540459
40.384000,0.1540993
40.392000,0.1541526
40.400000,0.1540993
40.408000,0.1540459
40.416000,0.1540993
40.424000,0.1540459
40.432000,0.1539926
40.440000,0.1538326
40.448000,0.1538859
40.456000,0.1538859
40.464000,0.1538326
40.472000,0.1538326
40.480000,0.1538326
40.488000,0.1538326
40.496000,0.1538326
40.504000,0.1538326
40.512000,0.1538859
40.520000,0.1538859
40.528000,0.1537259
40.536000,0.1536725
40.544000,0.1537259
40.552000,0.1537259
40.560000,0.1537792
40.568000,0.1537259
40.576000,0.1536192
40.584000,0.1536192
40.592000,0.1536725
40.600000,0.1537259
40.608000,0.1537792
40.616000,0.1538326
40.624000,0.1537792
40.632000,0.1536725
40.640000,0.1536192
40.648000,0.1535659
40.656000,0.1535659
40.664000,0.1535125
40.672000,0.1535125
40.680000,0.1535659
40.688000,0.1535125
40.696000,0.1534058
40.704000,0.1532992
40.712000,0.1532992
40.720000,0.1534592
40.728000,0.1534592
40.736000,0.1533525
40.744000,0.1534058
40.752000,0.1534058
40.760000,0.1533525
40.768000,0.1533525
40.776000,0.1533525
40.784000,0.1533525
40.792000,0.1532458
40.800000,0.1532458
40.808000,0.1531925
40.816000,0.1531925
40.824000,0.1531925
40.832000,0.1532458
40.840000,0.1532458
40.848000,0.1531925
40.856000,0.1531391
40.864000,0.1531391
40.872000,0.1531391
40.880000,0.1531391
40.888000,0.1530858
40.896000,0.1530325
40.904000,0.1530325
40.912000,0.1530325
40.920000,0.1530858
40.928000,0.1530325
40.936000,0.1530325
40.944000,0.1530858
40.952000,0.1530858
40.960000,0.1529791
40.968000,0.1529258
40.976000,0.1529791
40.984000,0.1529791
40.992000,0.1529791
41.000000,0.1529258
41.008000,0.1528724
41.016000,0.1528191
41.024000,0.1528724
41.032000,0.1528724
41.040000,0.1528724
41.048000,0.1527658
41.056000,0.1527658
41.064000,0.1527658
41.072000,0.1527658
41.080000,0.1527124
41.088000,0.1527124
41.096000,0.1527658
41.104000,0.1527124
41.112000,0.1526591
41.120000,0.1526057
41.128000,0.1526591
41.136000,0.1527124
41.144000,0.1526057
41.152000,0.1525524
41.160000,0.1526057
41.168000,0.1526057
41.176000,0.1526057
41.184000,0.1525524
41.192000,0.1524724
41.200000,0.1526057
41.208000,0.1525524
41.216000,0.1524724
41.224000,0.1524724
41.232000,0.1524191
41.240000,0.1523657
41.248000,0.1524724
41.256000,0.1524191
41.264000,0.1523657
41.272000,0.1522590
41.280000,0.1522590
41.288000,0.1523124
41.296000,0.1522590
41.304000,0.1522590
41.312000,0.1522590
41.320000,0.1522590
41.328000,0.1522057
41.336000,0.1522057
41.344000,0.1522057
41.352000,0.1522057
41.360000,0.1521523
41.368000,0.1520990
41.376000,0.1520990
41.384000,0.1521523
41.392000,0.1522057
41.400000,0.1522057
41.408000,0.1520990
41.416000,0.1520990
41.424000,0.1520457
41.432000,0.1520990
41.440000,0.1520990
41.448000,0.1520990
41.456000,0.1520990
41.464000,0.1520990
41.472000,0.1520990
41.480000,0.1519390
41.488000,0.1519923
41.496000,0.1519390
41.504000,0.1518857
41.512000,0.1519923
41.520000,0.1519923
41.528000,0.1519390
41.536000,0.1518857
41.544000,0.1518857
41.552000,0.1519390
41.560000,0.1518857
41.568000,0.1517790
41.576000,0.1517790
41.584000,0.1518323
41.592000,0.1518857
41.600000,0.1518857
41.608000,0.1518323
41.616000,0.1517790
41.624000,0.1517256
41.632000,0.1516723
41.640000,0.1516723
41.648000,0.1516190
41.656000,0.1515656
41.664000,0.1515123
41.672000,0.1515656
41.680000,0.1516723
41.688000,0.1516723
41.696000,0.1515123
41.704000,0.1514056
41.712000,0.1514056
41.720000,0.1514589
41.728000,0.1514589
41.736000,0.1515123
41.744000,0.1514589
41.752000,0.1514589
41.760000,0.1515123
41.768000,0.1515123
41.776000,0.1514056
41.784000,0.1512456
41.792000,0.1513522
41.800000,0.1514056
41.808000,0.1514589
41.816000,0.1514056
41.824000,0.1514056
41.832000,0.1513522
41.840000,0.1512989
41.848000,0.1512456
41.856000,0.1512456
41.864000,0.1512989
41.872000,0.1511922
41.880000,0.1510856
41.888000,0.1510856
41.896000,0.1510322
41.904000,0.1511389
41.912000,0.1510856
41.920000,0.1511389
41.928000,0.1510856
41.936000,0.1510856
41.944000,0.1511922
41.952000,0.1511389
41.960000,0.1510856
41.968000,0.1510322
41.976000,0.1510322
41.984000,0.1511389
41.992000,0.1510856
42.000000,0.1509255
42.008000,0.1509255
42.016000,0.1508722
42.024000,0.1508722
42.032000,0.1509255
42.040000,0.1508722
42.048000,0.1509255
42.056000,0.1508722
42.064000,0.1509255
42.072000,0.1508722
42.080000,0.1507122
42.088000,0.1506055
42.096000,0.1506588
42.104000,0.1507122
42.112000,0.1508189
42.120000,0.1508189
42.128000,0.1507122
42.136000,0.1507122
42.144000,0.1507122
42.152000,0.1507122
42.160000,0.1507122
42.168000,0.1506588
42.176000,0.1506055
42.184000,0.1506055
42.192000,0.1506055
42.200000,0.1505521
42.208000,0.1506055
42.216000,0.1506055
42.224000,0.1505521
42.232000,0.1504988
42.240000,0.1504455
42.248000,0.1504455
42.256000,0.1505521
42.264000,0.1504988
42.272000,0.1503921
42.280000,0.1504455
42.288000,0.1504988
42.296000,0.1503388
42.304000,0.1502321
42.312000,0.1503388
42.320000,0.1503921
42.328000,0.1503388
42.336000,0.1502855
42.344000,0.1503388
42.352000,0.1503921
42.360000,0.1503921
42.368000,0.1502321
42.376000,0.1501788
42.384000,0.1502321
42.392000,0.1502321
42.400000,0.1501254
42.408000,0.1501254
42.416000,0.1501788
42.424000,0.1501788
42.432000,0.1501254
42.440000,0.1501254
42.448000,0.1501788
42.456000,0.1500721
42.464000,0.1500188
42.472000,0.1500721
42.480000,0.1501788
42.488000,0.1500721
42.496000,0.1501254
42.504000,0.1500721
42.512000,0.1500188
42.520000,0.1499121
42.528000,0.1498587
42.536000,0.1499121
42.544000,0.1498587
42.552000,0.1498587
42.560000,0.1498587
42.568000,0.1498587
42.576000,0.1498054
42.584000,0.1498587
42.592000,0.1498587
42.600000,0.1498054
42.608000,0.1498054
42.616000,0.1498054
42.624000,0.1498054
42.632000,0.1497520
42.640000,0.1497520
42.648000,0.1497520
42.656000,0.1497520
42.664000,0.1497520
42.672000,0.1497520
42.680000,0.1497520
42.688000,0.1497520
42.696000,0.1497520
42.704000,0.1497520
42.712000,0.1496987
42.720000,0.1496454
42.728000,0.1496454
42.736000,0.1495387
42.744000,0.1495920
42.752000,0.1495920
42.760000,0.1496454
42.768000,0.1496454
42.776000,0.1496454
42.784000,0.1495920
42.792000,0.1494853
42.800000,0.1494053
42.808000,0.1494053
42.816000,0.1494853
42.824000,0.1494053
42.832000,0.1493520
42.840000,0.1492987
42.848000,0.1493520
42.856000,0.1493520
42.864000,0.1493520
42.872000,0.1494053
42.880000,0.1494053
42.888000,0.1494853
42.896000,0.1494853
42.904000,0.1492987
42.912000,0.1492987
42.920000,0.1492987
42.928000,0.1492453
42.936000,0.1492987
42.944000,0.1491386
42.952000,0.1490853
42.960000,0.1491386
42.968000,0.1492453
42.976000,0.1492453
42.984000,0.1491920
42.992000,0.1491386
43.000000,0.1491386
43.008000,0.1491386
43.016000,0.1490853
43.024000,0.1490320
43.032000,0.1490320
43.040000,0.1490853
43.048000,0.1490320
43.056000,0.1490853
43.064000,0.1490853
43.072000,0.1490320
43.080000,0.1490320
43.088000,0.1489786
43.096000,0.1489253
43.104000,0.1489253
43.112000,0.1489253
43.120000,0.1489786
43.128000,0.1490320
43.136000,0.1489253
43.144000,0.1488186
43.152000,0.1488186
43.160000,0.1488719
43.168000,0.1488719
43.176000,0.1488719
43.184000,0.1488719
43.192000,0.1487653
43.200000,0.1488186
43.208000,0.1488719
43.216000,0.1488186
43.224000,0.1488186
43.232000,0.1488719
43.240000,0.1488719
43.248000,0.1488186
43.256000,0.1488186
43.264000,0.1487653
43.272000,0.1487119
43.280000,0.1487119
43.288000,0.1487653
43.296000,0.1487653
43.304000,0.1487119
43.312000,0.1486052
43.320000,0.1485519
43.328000,0.1485519
43.336000,0.1486052
43.344000,0.1486586
43.352000,0.1487119
43.360000,0.1486052
43.368000,0.1485519
43.376000,0.1485519
43.384000,0.1484986
43.392000,0.1483919
43.400000,0.1483385
43.408000,0.1484452
43.416000,0.1485519
43.424000,0.1484986
43.432000,0.1484452
43.440000,0.1483919
43.448000,0.1484452
43.456000,0.1484986
43.464000,0.1484986
43.472000,0.1484986
43.480000,0.1484986
43.488000,0.1484452
43.496000,0.1483385
43.504000,0.1483385
43.512000,0.1483919
43.520000,0.1483919
43.528000,0.1483385
43.536000,0.1482852
43.544000,0.1482852
43.552000,0.1481785
43.560000,0.1481785
43.568000,0.1482852
43.576000,0.1482852
43.584000,0.1482852
43.592000,0.1482319
43.600000,0.1481785
43.608000,0.1481785
43.616000,0.1482319
43.624000,0.1481785
43.632000,0.1482319
43.640000,0.1481785
43.648000,0.1481785
43.656000,0.1481252
43.664000,0.1480718
43.672000,0.1480718
43.680000,0.1480185
43.688000,0.1481252
43.696000,0.1481252
43.704000,0.1480718
43.712000,0.1479652
43.720000,0.1479652
43.728000,0.1480185
43.736000,0.1479652
43.744000,0.1479652
43.752000,0.1478585
43.760000,0.1478051
43.768000,0.1479118
43.776000,0.1479118
43.784000,0.1479118
43.792000,0.1478585
43.800000,0.1478051
43.808000,0.1478051
43.816000,0.1478585
43.824000,0.1479118
43.832000,0.1478585
43.840000,0.1478585
43.848000,0.1479118
43.856000,0.1479652
43.864000,0.1479118
43.872000,0.1478051
43.880000,0.1477518
43.888000,0.1478051
43.896000,0.1477518
43.904000,0.1476985
43.912000,0.1477518
43.920000,0.1476985
43.928000,0.1475918
43.936000,0.1476451
43.944000,0.1476451
43.952000,0.1476451
43.960000,0.1476985
43.968000,0.1476451
43.976000,0.1475918
43.984000,0.1476451
43.992000,0.1476451
44.000000,0.1476451
44.008000,0.1475918
44.016000,0.1474851
44.024000,0.1474318
44.032000,0.1474851
44.040000,0.1474851
44.048000,0.1475384
44.056000,0.1475384
44.064000,0.1474851
44.072000,0.1474318
44.080000,0.1474318
44.088000,0.1473784
44.096000,0.1473784
44.104000,0.1473251
44.112000,0.1473251
44.120000,0.1473251
44.128000,0.1473251
44.136000,0.1473251
44.144000,0.1473251
44.152000,0.1473251
44.160000,0.1473251
44.168000,0.1473251
44.176000,0.1473251
44.184000,0.1472184
44.192000,0.1472184
44.200000,0.1472184
44.208000,0.1472184
44.216000,0.1472184
44.224000,0.1471651
44.232000,0.1471651
44.240000,0.1472184
44.248000,0.1472717
44.256000,0.1472184
44.264000,0.1471117
44.272000,0.1471651
44.280000,0.1471651
44.288000,0.1471651
44.296000,0.1470584
44.304000,0.1469517
44.312000,0.1469517
44.320000,0.1470050
44.328000,0.1470584
44.336000,0.1470050
44.344000,0.1470050
44.352000,0.1470050
44.360000,0.1470584
44.368000,0.1470584
44.376000,0.1470050
44.384000,0.1469517
44.392000,0.1469517
44.400000,0.1469517
44.408000,0.1469517
44.416000,0.1470050
44.424000,0.1470050
44.432000,0.1468450
44.440000,0.1468450
44.448000,0.1468984
44.456000,0.1469517
44.464000,0.1467917
44.472000,0.1467383
44.480000,0.1467917
44.488000,0.1467917
44.496000,0.1468450
44.504000,0.1467383
44.512000,0.1467383
44.520000,0.1467917
44.528000,0.1467917
44.536000,0.1467383
44.544000,0.1467383
44.552000,0.1466850
44.560000,0.1466850
44.568000,0.1466850
44.576000,0.1466317
44.584000,0.1466850
44.592000,0.1466850
44.600000,0.1466850
44.608000,0.1466850
44.616000,0.1466317
44.624000,0.1466317
44.632000,0.1465783
44.640000,0.1465783
44.648000,0.1466317
44.656000,0.1466317
44.664000,0.1465250
44.672000,0.1465250
44.680000,0.1465250
44.688000,0.1464716
44.696000,0.1464716
44.704000,0.1465250
44.712000,0.1464716
44.720000,0.1464716
44.728000,0.1465250
44.736000,0.1465250
44.744000,0.1464716
44.752000,0.1464183
44.760000,0.1463383
44.768000,0.1463383
44.776000,0.1462849
44.784000,0.1462849
44.792000,0.1463383
44.800000,0.1463383
44.808000,0.1463383
44.816000,0.1462849
44.824000,0.1462849
44.832000,0.1462849
44.840000,0.1462316
44.848000,0.1462849
44.856000,0.1462849
44.864000,0.1462316
44.872000,0.1462849
44.880000,0.1462849
44.888000,0.1462316
44.896000,0.1462316
44.904000,0.1462316
44.912000,0.1461249
44.920000,0.1460716
44.928000,0.1460716
44.936000,0.1460716
44.944000,0.1461783
44.952000,0.1461249
44.960000,0.1460716
44.968000,0.1460716
44.976000,0.1460716
44.984000,0.1461249
44.992000,0.1461249
45.000000,0.1460183
45.008000,0.1459649
45.016000,0.1459649
45.024000,0.1460183
45.032000,0.1459649
45.040000,0.1459116
45.048000,0.1459116
45.056000,0.1458582
45.064000,0.1457516
45.072000,0.1458049
45.080000,0.1458582
45.088000,0.1458582
45.096000,0.1458582
45.104000,0.1458582
45.112000,0.1458582
45.120000,0.1458582
45.128000,0.1458582
45.136000,0.1457516
45.144000,0.1456982
45.152000,0.1457516
45.160000,0.1458582
45.168000,0.1458582
45.176000,0.1458049
45.184000,0.1457516
45.192000,0.1458049
45.200000,0.1457516
45.208000,0.1456982
45.216000,0.1455915
45.224000,0.1456449
45.232000,0.1455915
45.240000,0.1456449
45.248000,0.1456982
45.256000,0.1456982
45.264000,0.1456449
45.272000,0.1455915
45.280000,0.1455915
45.288000,0.1455915
45.296000,0.1455382
45.304000,0.1454848
45.312000,0.1455382
45.320000,0.1455382
45.328000,0.1455915
45.336000,0.1455915
45.344000,0.1454315
45.352000,0.1454315
45.360000,0.1454315
45.368000,0.1454315
45.376000,0.1454315
45.384000,0.1453782
45.392000,0.1454315
45.400000,0.1454315
45.408000,0.1453782
45.416000,0.1453248
45.424000,0.1453782
45.432000,0.1454315
45.440000,0.1452715
45.448000,0.1453782
45.456000,0.1453248
45.464000,0.1453782
45.472000,0.1454315
45.480000,0.1453248
45.488000,0.1452715
45.496000,0.1452715
45.504000,0.1452715
45.512000,0.1452715
45.520000,0.1453248
45.528000,0.1453248
45.536000,0.1453248
45.544000,0.1452715
45.552000,0.1452181
45.560000,0.1451648
45.568000,0.1452181
45.576000,0.1451648
45.584000,0.1451115
45.592000,0.1451648
45.600000,0.1451648
45.608000,0.1451648
45.616000,0.1451648
45.624000,0.1451115
45.632000,0.1451115
45.640000,0.1451648
45.648000,0.1451648
45.656000,0.1451115
45.664000,0.1450581
45.672000,0.1450048
45.680000,0.1450048
45.688000,0.1450581
45.696000,0.1450581
45.704000,0.1450581
45.712000,0.1450048
45.720000,0.1449515
45.728000,0.1450048
45.736000,0.1450048
45.744000,0.1450048
45.752000,0.1450048
45.760000,0.1450581
45.768000,0.1450048
45.776000,0.1449515
45.784000,0.1450048
45.792000,0.1449515
45.800000,0.1448981
45.808000,0.1448448
45.816000,0.1448448
45.824000,0.1449515
45.832000,0.1449515
45.840000,0.1448981
45.848000,0.1448981
45.856000,0.1448981
45.864000,0.1447914
45.872000,0.1447914
45.880000,0.1447914
45.888000,0.1447381
45.896000,0.1447914
45.904000,0.1446848
45.912000,0.1447381
45.920000,0.1447914
45.928000,0.1447914
45.936000,0.1447381
45.944000,0.1447381
45.952000,0.1447914
45.960000,0.1447914
45.968000,0.1447914
45.976000,0.1447381
45.984000,0.1446848
45.992000,0.1445781
46.000000,0.1446314
46.008000,0.1446314
46.016000,0.1446314
46.024000,0.1446848
46.032000,0.1446314
46.040000,0.1446314
46.048000,0.1446848
46.056000,0.1446314
46.064000,0.1445247
46.072000,0.1445781
46.080000,0.1445247
46.088000,0.1445781
46.096000,0.1445781
46.104000,0.1445781
46.112000,0.1446314
46.120000,0.1446314
46.128000,0.1445781
46.136000,0.1444714
46.144000,0.1444180
46.152000,0.1444180
46.160000,0.1444714
46.168000,0.1445247
46.176000,0.1444714
46.184000,0.1443647
46.192000,0.1444180
46.200000,0.1444180
46.208000,0.1443647
46.216000,0.1443647
46.224000,0.1443647
46.232000,0.1443647
46.240000,0.1443114
46.248000,0.1443647
46.256000,0.1443647
46.264000,0.1442580
46.272000,0.1442580
46.280000,0.1442580
46.288000,0.1442580
46.296000,0.1443114
46.304000,0.1443114
46.312000,0.1443114
46.320000,0.1442047
46.328000,0.1440980
46.336000,0.1441514
46.344000,0.1442580
46.352000,0.1443114
46.360000,0.1442047
46.368000,0.1442047
46.376000,0.1442580
46.384000,0.1443114
46.392000,0.1442580
46.400000,0.1442047
46.408000,0.1441514
46.416000,0.1440980
46.424000,0.1440980
46.432000,0.1440980
46.440000,0.1440447
46.448000,0.1440980
46.456000,0.1440447
46.464000,0.1440980
46.472000,0.1440447
46.480000,0.1440447
46.488000,0.1440980
46.496000,0.1440447
46.504000,0.1439913
46.512000,0.1439380
46.520000,0.1438847
46.528000,0.1439380
46.536000,0.1439913
46.544000,0.1440447
46.552000,0.1439913
46.560000,0.1439380
46.568000,0.1438847
46.576000,0.1438313
46.584000,0.1438313
46.592000,0.1438313
46.600000,0.1439913
46.608000,0.1439380
46.616000,0.1438313
46.624000,0.1437780
46.632000,0.1438847
46.640000,0.1438313
46.648000,0.1437780
46.656000,0.1438313
46.664000,0.1438847
46.672000,0.1438313
46.680000,0.1437780
46.688000,0.1436713
46.696000,0.1437246
46.704000,0.1437780
46.712000,0.1437780
46.720000,0.1437246
46.728000,0.1437780
46.736000,0.1437246
46.744000,0.1437246
46.752000,0.1436179
46.760000,0.1435113
46.768000,0.1436179
46.776000,0.1436713
46.784000,0.1436179
46.792000,0.1436713
46.800000,0.1436179
46.808000,0.1435646
46.816000,0.1435646
46.824000,0.1436179
46.832000,0.1435646
46.840000,0.1436713
46.848000,0.1437246
46.856000,0.1436179
46.864000,0.1435113
46.872000,0.1434579
46.880000,0.1434579
46.888000,0.1434579
46.896000,0.1435113
46.904000,0.1434579
46.912000,0.1434579
46.920000,0.1434579
46.928000,0.1434046
46.936000,0.1434046
46.944000,0.1434046
46.952000,0.1434046
46.960000,0.1434046
46.968000,0.1434046
46.976000,0.1434579
46.984000,0.1433513
46.992000,0.1433513
47.000000,0.1433513
47.008000,0.1432712
47.016000,0.1432179
47.024000,0.1432712
47.032000,0.1432712
47.040000,0.1433513
47.048000,0.1432179
47.056000,0.1431646
47.064000,0.1431646
47.072000,0.1431646
47.080000,0.1431112
47.088000,0.1431112
47.096000,0.1431646
47.104000,0.1432179
47.112000,0.1432179
47.120000,0.1432179
47.128000,0.1431646
47.136000,0.1431112
47.144000,0.1431112
47.152000,0.1430579
47.160000,0.1431112
47.168000,0.1430579
47.176000,0.1430579
47.184000,0.1430579
47.192000,0.1430579
47.200000,0.1431112
47.208000,0.1431112
47.216000,0.1430579
47.224000,0.1430579
47.232000,0.1430579
47.240000,0.1430045
47.248000,0.1429512
47.256000,0.1430579
47.264000,0.1430045
47.272000,0.1429512
47.280000,0.1430045
47.288000,0.1430045
47.296000,0.1428979
47.304000,0.1427912
47.312000,0.1428445
47.320000,0.1429512
47.328000,0.1428979
47.336000,0.1428445
47.344000,0.1428445
47.352000,0.1428979
47.360000,0.1429512
47.368000,0.1428445
47.376000,0.1427378
47.384000,0.1427378
47.392000,0.1427378
47.400000,0.1427912
47.408000,0.1427378
47.416000,0.1427378
47.424000,0.1427378
47.432000,0.1427912
47.440000,0.1426845
47.448000,0.1426312
47.456000,0.1426845
47.464000,0.1426312
47.472000,0.1425778
47.480000,0.1425778
47.488000,0.1425778
47.496000,0.1425778
47.504000,0.1425778
47.512000,0.1425778
47.520000,0.1425778
47.528000,0.1426312
47.536000,0.1426312
47.544000,0.1426312
47.552000,0.1425778
47.560000,0.1425245
47.568000,0.1425778
47.576000,0.1425778
47.584000,0.1425778
47.592000,0.1424711
47.600000,0.1424178
47.608000,0.1424711
47.616000,0.1425245
47.624000,0.1425245
47.632000,0.1425245
47.640000,0.1425245
47.648000,0.1425245
47.656000,0.1424711
47.664000,0.1423645
47.672000,0.1423111
47.680000,0.1423645
47.688000,0.1424178
47.696000,0.1424178
47.704000,0.1423645
47.712000,0.1423645
47.720000,0.1423645
47.728000,0.1423645
47.736000,0.1423111
47.744000,0.1423111
47.752000,0.1423111
47.760000,0.1423111
47.768000,0.1423111
47.776000,0.1423645
47.784000,0.1423645
47.792000,0.1423111
47.800000,0.1422044
47.808000,0.1421511
47.816000,0.1422044
47.824000,0.1422044
47.832000,0.1422578
47.840000,0.1422578
47.848000,0.1421511
47.856000,0.1421511
47.864000,0.1421511
47.872000,0.1421511
47.880000,0.1421511
47.888000,0.1421511
47.896000,0.1421511
47.904000,0.1421511
47.912000,0.1420444
47.920000,0.1420978
47.928000,0.1420978
47.936000,0.1420444
47.944000,0.1419911
47.952000,0.1419911
47.960000,0.1420444
47.968000,0.1420444
47.976000,0.1420978
47.984000,0.1420978
47.992000,0.1419377
48.000000,0.1419377
48.008000,0.1419377
48.016000,0.1419377
48.024000,0.1419911
48.032000,0.1419911
48.040000,0.1419377
48.048000,0.1419911
48.056000,0.1418844
48.064000,0.1418311
48.072000,0.1418311
48.080000,0.1418311
48.088000,0.1418311
48.096000,0.1419377
48.104000,0.1418844
48.112000,0.1418311
48.120000,0.1418311
48.128000,0.1418844
48.136000,0.1418311
48.144000,0.1418311
48.152000,0.1418844
48.160000,0.1418311
48.168000,0.1418844
48.176000,0.1418844
48.184000,0.1417244
48.192000,0.1416177
48.200000,0.1417244
48.208000,0.1417777
48.216000,0.1417777
48.224000,0.1417777
48.232000,0.1417777
48.240000,0.1417777
48.248000,0.1417244
48.256000,0.1416710
48.264000,0.1416710
48.272000,0.1416710
48.280000,0.1416177
48.288000,0.1416710
48.296000,0.1415644
48.304000,0.1415644
48.312000,0.1416710
48.320000,0.1416177
48.328000,0.1415110
48.336000,0.1415110
48.344000,0.1415644
48.352000,0.1415644
48.360000,0.1415644
48.368000,0.1415110
48.376000,0.1414577
48.384000,0.1414577
48.392000,0.1415110
48.400000,0.1415644
48.408000,0.1415110
48.416000,0.1414043
48.424000,0.1414043
48.432000,0.1415110
48.440000,0.1414577
48.448000,0.1413510
48.456000,0.1413510
48.464000,0.1414043
48.472000,0.1414577
48.480000,0.1413510
48.488000,0.1413510
48.496000,0.1414043
48.504000,0.1412977
48.512000,0.1412977
48.520000,0.1413510
48.528000,0.1413510
48.536000,0.1413510
48.544000,0.1413510
48.552000,0.1413510
48.560000,0.1412977
48.568000,0.1413510
48.576000,0.1413510
48.584000,0.1413510
48.592000,0.1412443
48.600000,0.1412443
48.608000,0.1412443
48.616000,0.1411910
48.624000,0.1411910
48.632000,0.1411910
48.640000,0.1411376
48.648000,0.1411376
48.656000,0.1411376
48.664000,0.1410843
48.672000,0.1411376
48.680000,0.1412443
48.688000,0.1411376
48.696000,0.1411910
48.704000,0.1411910
48.712000,0.1411376
48.720000,0.1411910
48.728000,0.1411376
48.736000,0.1410843
48.744000,0.1410310
48.752000,0.1410310
48.760000,0.1409776
48.768000,0.1409776
48.776000,0.1409776
48.784000,0.1409243
48.792000,0.1409776
48.800000,0.1409776
48.808000,0.1409776
48.816000,0.1409776
48.824000,0.1409243
48.832000,0.1408709
48.840000,0.1409243
48.848000,0.1410310
48.856000,0.1409776
48.864000,0.1409243
48.872000,0.1409243
48.880000,0.1409776
48.888000,0.1408709
48.896000,0.1408709
48.904000,0.1409243
48.912000,0.1409243
48.920000,0.1409243
48.928000,0.1408709
48.936000,0.1408176
48.944000,0.1407643
48.952000,0.1407643
48.960000,0.1408176
48.968000,0.1407643
48.976000,0.1407109
48.984000,0.1407109
48.992000,0.1408176
49.000000,0.1408176
49.008000,0.1407643
49.016000,0.1407643
49.024000,0.1407109
49.032000,0.1407109
49.040000,0.1407643
49.048000,0.1406576
49.056000,0.1406576
49.064000,0.1406576
49.072000,0.1406042
49.080000,0.1406042
49.088000,0.1407109
49.096000,0.1407109
49.104000,0.1406576
49.112000,0.1406576
49.120000,0.1406042
49.128000,0.1406042
49.136000,0.1406042
49.144000,0.1406042
49.152000,0.1405509
49.160000,0.1406042
49.168000,0.1406042
49.176000,0.1406576
49.184000,0.1405509
49.192000,0.1404442
49.200000,0.1403909
49.208000,0.1404442
49.216000,0.1405509
49.224000,0.1404976
49.232000,0.1404442
49.240000,0.1404976
49.248000,0.1405509
49.256000,0.1404976
49.264000,0.1404442
49.272000,0.1404442
49.280000,0.1403909
49.288000,0.1403909
49.296000,0.1403909
49.304000,0.1403909
49.312000,0.1403909
49.320000,0.1404442
49.328000,0.1403375
49.336000,0.1403375
49.344000,0.1402842
49.352000,0.1402842
49.360000,0.1403375
49.368000,0.1402842
49.376000,0.1402842
49.384000,0.1402042
49.392000,0.1402842
49.400000,0.1403375
49.408000,0.1402042
49.416000,0.1402042
49.424000,0.1402042
49.432000,0.1402042
49.440000,0.1402842
49.448000,0.1402042
49.456000,0.1402842
49.464000,0.1402842
49.472000,0.1402042
49.480000,0.1402042
49.488000,0.1401508
49.496000,0.1401508
49.504000,0.1402042
49.512000,0.1401508
49.520000,0.1401508
49.528000,0.1401508
49.536000,0.1402042
49.544000,0.1402042
49.552000,0.1400975
49.560000,0.1400442
49.568000,0.1400975
49.576000,0.1400442
49.584000,0.1399908
49.592000,0.1400442
49.600000,0.1400975
49.608000,0.1400442
49.616000,0.1400442
49.624000,0.1400975
49.632000,0.1400442
49.640000,0.1400975
49.648000,0.1400975
49.656000,0.1399908
49.664000,0.1398842
49.672000,0.1399375
49.680000,0.1400442
49.688000,0.1400975
49.696000,0.1399908
49.704000,0.1399375
49.712000,0.1399375
49.720000,0.1399908
49.728000,0.1399375
49.736000,0.1398308
49.744000,0.1398842
49.752000,0.1398842
49.760000,0.1398842
49.768000,0.1398842
49.776000,0.1397775
49.784000,0.1397775
49.792000,0.1398308
49.800000,0.1398308
49.808000,0.1398842
49.816000,0.1398842
49.824000,0.1398308
49.832000,0.1397775
49.840000,0.1398308
49.848000,0.1398308
49.856000,0.1397775
49.864000,0.1397241
49.872000,0.1397241
49.880000,0.1397775
49.888000,0.1397775
49.896000,0.1396708
49.904000,0.1396708
49.912000,0.1396175
49.920000,0.1396708
49.928000,0.1396708
49.936000,0.1396175
49.944000,0.1395641
49.952000,0.1396708
49.960000,0.1396708
49.968000,0.1396175
49.976000,0.1396708
49.984000,0.1396708
49.992000,0.1396175
50.000000,0.1395641
50.008000,0.1395108
50.016000,0.1395641
50.024000,0.1395641
50.032000,0.1396175
50.040000,0.1396175
50.048000,0.1395108
50.056000,0.1394574
50.064000,0.1395641
50.072000,0.1395641
50.080000,0.1394574
50.088000,0.1394041
50.096000,0.1394041
50.104000,0.1393507
50.112000,0.1393507
50.120000,0.1393507
50.128000,0.1394041
50.136000,0.1395108
50.144000,0.1394574
50.152000,0.1394041
50.160000,0.1393507
50.168000,0.1392974
50.176000,0.1393507
50.184000,0.1393507
50.192000,0.1393507
50.200000,0.1392974
50.208000,0.1392441
50.216000,0.1392974
50.224000,0.1392441
50.232000,0.1392441
50.240000,0.1392974
50.248000,0.1392441
50.256000,0.1392974
50.264000,0.1393507
50.272000,0.1393507
50.280000,0.1392974
50.288000,0.1392974
50.296000,0.1392974
50.304000,0.1392441
50.312000,0.1392441
50.320000,0.1391907
50.328000,0.1391907
50.336000,0.1391907
50.344000,0.1391907
50.352000,0.1391374
50.360000,0.1391907
50.368000,0.1392441
50.376000,0.1391907
50.384000,0.1392441
50.392000,0.1391907
50.400000,0.1390841
50.408000,0.1391374
50.416000,0.1391907
50.424000,0.1390841
50.432000,0.1390307
50.440000,0.1390841
50.448000,0.1390307
50.456000,0.1390307
50.464000,0.1390307
50.472000,0.1389774
50.480000,0.1389240
50.488000,0.1389240
50.496000,0.1389774
50.504000,0.1390841
50.512000,0.1390307
50.520000,0.1389774
50.528000,0.1390307
50.536000,0.1389774
50.544000,0.1389240
50.552000,0.1389240
50.560000,0.1389240
50.568000,0.1388707
50.576000,0.1388707
50.584000,0.1389240
50.592000,0.1388707
50.600000,0.1388174
50.608000,0.1388174
50.616000,0.1388707
50.624000,0.1388174
50.632000,0.1388174
50.640000,0.1387640
50.648000,0.1387107
50.656000,0.1387640
50.664000,0.1388174
50.672000,0.1388174
50.680000,0.1388174
50.688000,0.1388174
50.696000,0.1387640
50.704000,0.1388174
50.712000,0.1387640
50.720000,0.1387107
50.728000,0.1387107
50.736000,0.1387107
50.744000,0.1387640
50.752000,0.1386040
50.760000,0.1386573
50.768000,0.1387107
50.776000,0.1387107
50.784000,0.1386573
50.792000,0.1386040
50.800000,0.1386040
50.808000,0.1386573
50.816000,0.1387107
50.824000,0.1387107
50.832000,0.1386040
50.840000,0.1386040
50.848000,0.1386573
50.856000,0.1386040
50.864000,0.1384973
50.872000,0.1386040
50.880000,0.1386040
50.888000,0.1385506
50.896000,0.1386040
50.904000,0.1386040
50.912000,0.1385506
50.920000,0.1384440
50.928000,0.1383906
50.936000,0.1384973
50.944000,0.1384440
50.952000,0.1384973
50.960000,0.1384440
50.968000,0.1384440
50.976000,0.1384973
50.984000,0.1384973
50.992000,0.1383906
51.000000,0.1383373
51.008000,0.1383906
51.016000,0.1383906
51.024000,0.1382839
51.032000,0.1382839
51.040000,0.1383373
51.048000,0.1383373
51.056000,0.1383373
51.064000,0.1382839
51.072000,0.1381773
51.080000,0.1381239
51.088000,0.1382839
51.096000,0.1383373
51.104000,0.1381773
51.112000,0.1381239
51.120000,0.1382306
51.128000,0.1382839
51.136000,0.1383373
51.144000,0.1382839
51.152000,0.1382306
51.160000,0.1381773
51.168000,0.1381239
51.176000,0.1382306
51.184000,0.1382839
51.192000,0.1382306
51.200000,0.1382306
51.208000,0.1382306
51.216000,0.1381239
51.224000,0.1380706
51.232000,0.1380706
51.240000,0.1380706
51.248000,0.1380706
51.256000,0.1380706
51.264000,0.1381773
51.272000,0.1381239
51.280000,0.1380706
51.288000,0.1380173
51.296000,0.1380173
51.304000,0.1380706
51.312000,0.1380706
51.320000,0.1379639
51.328000,0.1379106
51.336000,0.1378039
51.344000,0.1378572
51.352000,0.1379639
51.360000,0.1379639
51.368000,0.1379639
51.376000,0.1379639
51.384000,0.1378572
51.392000,0.1378572
51.400000,0.1379106
51.408000,0.1379106
51.416000,0.1379106
51.424000,0.1379106
51.432000,0.1378572
51.440000,0.1378572
51.448000,0.1379106
51.456000,0.1379106
51.464000,0.1378572
51.472000,0.1379106
51.480000,0.1377505
51.488000,0.1378039
51.496000,0.1378572
51.504000,0.1378572
51.512000,0.1378039
51.520000,0.1378572
51.528000,0.1379106
51.536000,0.1378039
51.544000,0.1377505
51.552000,0.1376972
51.560000,0.1377505
51.568000,0.1376972
51.576000,0.1375905
51.584000,0.1376439
51.592000,0.1376439
51.600000,0.1376439
51.608000,0.1376972
51.616000,0.1376972
51.624000,0.1376972
51.632000,0.1377505
51.640000,0.1376972
51.648000,0.1375905
51.656000,0.1375905
51.664000,0.1375905
51.672000,0.1375372
51.680000,0.1375905
51.688000,0.1375372
51.696000,0.1375372
51.704000,0.1376439
51.712000,0.1375905
51.720000,0.1374838
51.728000,0.1374305
51.736000,0.1374305
51.744000,0.1374838
51.752000,0.1375905
51.760000,0.1374838
51.768000,0.1375372
51.776000,0.1375372
51.784000,0.1375372
51.792000,0.1375372
51.800000,0.1375372
51.808000,0.1374838
51.816000,0.1374305
51.824000,0.1373772
51.832000,0.1373772
51.840000,0.1373238
51.848000,0.1373238
51.856000,0.1372705
51.864000,0.1372705
51.872000,0.1372705
51.880000,0.1372705
51.888000,0.1372705
51.896000,0.1373238
51.904000,0.1372705
51.912000,0.1372705
51.920000,0.1372172
51.928000,0.1372172
51.936000,0.1372705
51.944000,0.1372172
51.952000,0.1372172
51.960000,0.1372172
51.968000,0.1371371
51.976000,0.1371371
51.984000,0.1372705
51.992000,0.1372172
52.000000,0.1372705
52.008000,0.1372705
52.016000,0.1370305
52.024000,0.1370838
52.032000,0.1371371
52.040000,0.1370838
52.048000,0.1370838
52.056000,0.1370305
52.064000,0.1370305
52.072000,0.1370305
52.080000,0.1369771
52.088000,0.1369771
52.096000,0.1370305
52.104000,0.1370838
52.112000,0.1370305
52.120000,0.1369771
52.128000,0.1369771
52.136000,0.1369771
52.144000,0.1370305
52.152000,0.1370305
52.160000,0.1369771
52.168000,0.1369771
52.176000,0.1368704
52.184000,0.1368704
52.192000,0.1369771
52.200000,0.1370305
52.208000,0.1369771
52.216000,0.1369771
52.224000,0.1369238
52.232000,0.1369238
52.240000,0.1368171
52.248000,0.1368171
52.256000,0.1368704
52.264000,0.1368171
52.272000,0.1368171
52.280000,0.1369238
52.288000,0.1368704
52.296000,0.1367104
52.304000,0.1367104
52.312000,0.1368171
52.320000,0.1367638
52.328000,0.1368171
52.336000,0.1368704
52.344000,0.1368704
52.352000,0.1368171
52.360000,0.1368171
52.368000,0.1367638
52.376000,0.1368171
52.384000,0.1368171
52.392000,0.1368171
52.400000,0.1368171
52.408000,0.1367104
52.416000,0.1366571
52.424000,0.1366571
52.432000,0.1366571
52.440000,0.1367104
52.448000,0.1366571
52.456000,0.1366571
52.464000,0.1366037
52.472000,0.1366571
52.480000,0.1366571
52.488000,0.1366037
52.496000,0.1365504
52.504000,0.1364971
52.512000,0.1365504
52.520000,0.1366037
52.528000,0.1365504
52.536000,0.1365504
52.544000,0.1365504
52.552000,0.1365504
52.560000,0.1365504
52.568000,0.1364971
52.576000,0.1364437
52.584000,0.1364971
52.592000,0.1365504
52.600000,0.1364437
52.608000,0.1364437
52.616000,0.1364971
52.624000,0.1363904
52.632000,0.1363904
52.640000,0.1364971
52.648000,0.1364437
52.656000,0.1364437
52.664000,0.1364437
52.672000,0.1363370
52.680000,0.1363370
52.688000,0.1364437
52.696000,0.1364971
52.704000,0.1363904
52.712000,0.1363370
52.720000,0.1362837
52.728000,0.1362304
52.736000,0.1362837
52.744000,0.1363370
52.752000,0.1363370
52.760000,0.1363370
52.768000,0.1363370
52.776000,0.1363904
52.784000,0.1364437
52.792000,0.1363904
52.800000,0.1362837
52.808000,0.1362837
52.816000,0.1362304
52.824000,0.1361770
52.832000,0.1362304
52.840000,0.1362304
52.848000,0.1361770
52.856000,0.1360703
52.864000,0.1361237
52.872000,0.1361770
52.880000,0.1361770
52.888000,0.1361770
52.896000,0.1361770
52.904000,0.1361770
52.912000,0.1361770
52.920000,0.1361770
52.928000,0.1360703
52.936000,0.1361770
52.944000,0.1362837
52.952000,0.1361770
52.960000,0.1361237
52.968000,0.1361770
52.976000,0.1360703
52.984000,0.1360170
52.992000,0.1360703
53.000000,0.1361770
53.008000,0.1361770
53.016000,0.1360703
53.024000,0.1360703
53.032000,0.1360703
53.040000,0.1360703
53.048000,0.1360170
53.056000,0.1360170
53.064000,0.1360170
53.072000,0.1360170
53.080000,0.1360170
53.088000,0.1360170
53.096000,0.1360170
53.104000,0.1358570
53.112000,0.1359103
53.120000,0.1360170
53.128000,0.1359637
53.136000,0.1359637
53.144000,0.1359103
53.152000,0.1360170
53.160000,0.1359637
53.168000,0.1359103
53.176000,0.1358570
53.184000,0.1358570
53.192000,0.1358570
53.200000,0.1358570
53.208000,0.1357503
53.216000,0.1358570
53.224000,0.1359103
53.232000,0.1358036
53.240000,0.1358036
53.248000,0.1358036
53.256000,0.1358036
53.264000,0.1356970
53.272000,0.1357503
53.280000,0.1358570
53.288000,0.1358036
53.296000,0.1356970
53.304000,0.1357503
53.312000,0.1357503
53.320000,0.1356970
53.328000,0.1356970
53.336000,0.1358036
53.344000,0.1358036
53.352000,0.1358036
53.360000,0.1356970
53.368000,0.1356436
53.376000,0.1356970
53.384000,0.1357503
53.392000,0.1357503
53.400000,0.1356970
53.408000,0.1356436
53.416000,0.1355903
53.424000,0.1355903
53.432000,0.1355903
53.440000,0.1356436
53.448000,0.1356436
53.456000,0.1355903
53.464000,0.1354836
53.472000,0.1354303
53.480000,0.1354836
53.488000,0.1355369
53.496000,0.1355369
53.504000,0.1355903
53.512000,0.1355903
53.520000,0.1356436
53.528000,0.1356436
53.536000,0.1355903
53.544000,0.1355369
53.552000,0.1354836
53.560000,0.1354836
53.568000,0.1355369
53.576000,0.1355369
53.584000,0.1355369
53.592000,0.1354836
53.600000,0.1354836
53.608000,0.1354303
53.616000,0.1353769
53.624000,0.1353769
53.632000,0.1353769
53.640000,0.1353769
53.648000,0.1354303
53.656000,0.1354303
53.664000,0.1354303
53.672000,0.1353236
53.680000,0.1353236
53.688000,0.1353236
53.696000,0.1353236
53.704000,0.1353236
53.712000,0.1352169
53.720000,0.1352702
53.728000,0.1353769
53.736000,0.1353236
53.744000,0.1352702
53.752000,0.1353236
53.760000,0.1353236
53.768000,0.1352169
53.776000,0.1352702
53.784000,0.1352169
53.792000,0.1352169
53.800000,0.1352702
53.808000,0.1353236
53.816000,0.1352169
53.824000,0.1351636
53.832000,0.1351636
53.840000,0.1351636
53.848000,0.1352169
53.856000,0.1351636
53.864000,0.1351636
53.872000,0.1353236
53.880000,0.1352169
53.888000,0.1352169
53.896000,0.1352169
53.904000,0.1351102
53.912000,0.1351102
53.920000,0.1351102
53.928000,0.1350569
53.936000,0.1350569
53.944000,0.1351102
53.952000,0.1350569
53.960000,0.1351102
53.968000,0.1350569
53.976000,0.1350569
53.984000,0.1351102
53.992000,0.1350569
54.000000,0.1350035
54.008000,0.1350569
54.016000,0.1350035
54.024000,0.1350569
54.032000,0.1350569
54.040000,0.1350035
54.048000,0.1350035
54.056000,0.1350035
54.064000,0.1350035
54.072000,0.1349502
54.080000,0.1349502
54.088000,0.1349502
54.096000,0.1349502
54.104000,0.1349502
54.112000,0.1349502
54.120000,0.1348969
54.128000,0.1349502
54.136000,0.1349502
54.144000,0.1348969
54.152000,0.1349502
54.160000,0.1349502
54.168000,0.1348969
54.176000,0.1348969
54.184000,0.1349502
54.192000,0.1348969
54.200000,0.1348969
54.208000,0.1348969
54.216000,0.1348969
54.224000,0.1348969
54.232000,0.1348969
54.240000,0.1348435
54.248000,0.1348435
54.256000,0.1348969
54.264000,0.1348435
54.272000,0.1347902
54.280000,0.1347902
54.288000,0.1348435
54.296000,0.1348435
54.304000,0.1347902
54.312000,0.1347368
54.320000,0.1346835
54.328000,0.1347368
54.336000,0.1347902
54.344000,0.1347368
54.352000,0.1346835
54.360000,0.1347368
54.368000,0.1347368
54.376000,0.1346302
54.384000,0.1345768
54.392000,0.1346302
54.400000,0.1346835
54.408000,0.1347368
54.416000,0.1346835
54.424000,0.1346835
54.432000,0.1346302
54.440000,0.1345768
54.448000,0.1346302
54.456000,0.1346835
54.464000,0.1346302
54.472000,0.1346302
54.480000,0.1346302
54.488000,0.1346835
54.496000,0.1346302
54.504000,0.1346302
54.512000,0.1345768
54.520000,0.1345768
54.528000,0.1346302
54.536000,0.1345768
54.544000,0.1345768
54.552000,0.1345235
54.560000,0.1345235
54.568000,0.1345768
54.576000,0.1345768
54.584000,0.1345768
54.592000,0.1345768
54.600000,0.1345235
54.608000,0.1345235
54.616000,0.1345768
54.624000,0.1344701
54.632000,0.1343635
54.640000,0.1344701
54.648000,0.1344701
54.656000,0.1344701
54.664000,0.1344701
54.672000,0.1344701
54.680000,0.1344701
54.688000,0.1344701
54.696000,0.1344701
54.704000,0.1343635
54.712000,0.1343101
54.720000,0.1343101
54.728000,0.1343635
54.736000,0.1344168
54.744000,0.1344701
54.752000,0.1344168
54.760000,0.1343101
54.768000,0.1343101
54.776000,0.1342568
54.784000,0.1342568
54.792000,0.1343101
54.800000,0.1343101
54.808000,0.1342568
54.816000,0.1342568
54.824000,0.1342568
54.832000,0.1342568
54.840000,0.1343101
54.848000,0.1342034
54.856000,0.1342034
54.864000,0.1342568
54.872000,0.1342568
54.880000,0.1342568
54.888000,0.1342034
54.896000,0.1341501
54.904000,0.1341501
54.912000,0.1341501
54.920000,0.1341501
54.928000,0.1342034
54.936000,0.1342034
54.944000,0.1341501
54.952000,0.1340701
54.960000,0.1342034
54.968000,0.1342034
54.976000,0.1342034
54.984000,0.1342034
54.992000,0.1341501
55.000000,0.1341501
55.008000,0.1340701
55.016000,0.1340701
55.024000,0.1340167
55.032000,0.1340701
55.040000,0.1342034
55.048000,0.1342034
55.056000,0.1340167
55.064000,0.1339634
55.072000,0.1340167
55.080000,0.1340167
55.088000,0.1340167
55.096000,0.1341501
55.104000,0.1340701
55.112000,0.1340167
55.120000,0.1340167
55.128000,0.1339634
55.136000,0.1339634
55.144000,0.1340167
55.152000,0.1340701
55.160000,0.1340167
55.168000,0.1339634
55.176000,0.1339634
55.184000,0.1339101
55.192000,0.1339101
55.200000,0.1338034
55.208000,0.1338567
55.216000,0.1338567
55.224000,0.1338567
55.232000,0.1338567
55.240000,0.1339101
55.248000,0.1339101
55.256000,0.1339101
55.264000,0.1339101
55.272000,0.1338567
55.280000,0.1338034
55.288000,0.1338034
55.296000,0.1338034
55.304000,0.1338034
55.312000,0.1338034
55.320000,0.1338034
55.328000,0.1337501
55.336000,0.1337501
55.344000,0.1336967
55.352000,0.1335900
55.360000,0.1336967
55.368000,0.1337501
55.376000,0.1336434
55.384000,0.1335900
55.392000,0.1335900
55.400000,0.1336434
55.408000,0.1337501
55.416000,0.1336434
55.424000,0.1336434
55.432000,0.1336434
55.440000,0.1336434
55.448000,0.1336434
55.456000,0.1336434
55.464000,0.1335367
55.472000,0.1335367
55.480000,0.1336967
55.488000,0.1336967
55.496000,0.1335900
