sample_delay_us,ch1_V
-24.496000,-0.1818361
-24.488000,-0.1818894
-24.480000,-0.1819427
-24.472000,-0.1818361
-24.464000,-0.1817827
-24.456000,-0.1817827
-24.448000,-0.1817827
-24.440000,-0.1817294
-24.432000,-0.1817827
-24.424000,-0.1816760
-24.416000,-0.1816227
-24.408000,-0.1817294
-24.400000,-0.1817827
-24.392000,-0.1817294
-24.384000,-0.1816760
-24.376000,-0.1817294
-24.368000,-0.1817827
-24.360000,-0.1817294
-24.352000,-0.1816760
-24.344000,-0.1817294
-24.336000,-0.1817294
-24.328000,-0.1817294
-24.320000,-0.1817827
-24.312000,-0.1817294
-24.304000,-0.1817294
-24.296000,-0.1817294
-24.288000,-0.1817827
-24.280000,-0.1817294
-24.272000,-0.1817827
-24.264000,-0.1817827
-24.256000,-0.1817294
-24.248000,-0.1817294
-24.240000,-0.1817294
-24.232000,-0.1816760
-24.224000,-0.1816760
-24.216000,-0.1816760
-24.208000,-0.1816227
-24.200000,-0.1816227
-24.192000,-0.1815694
-24.184000,-0.1816227
-24.176000,-0.1816760
-24.168000,-0.1817294
-24.160000,-0.1816760
-24.152000,-0.1815694
-24.144000,-0.1815694
-24.136000,-0.1815694
-24.128000,-0.1816227
-24.120000,-0.1816227
-24.112000,-0.1816760
-24.104000,-0.1816760
-24.096000,-0.1816227
-24.088000,-0.1816227
-24.080000,-0.1815160
-24.072000,-0.1816227
-24.064000,-0.1815694
-24.056000,-0.1815160
-24.048000,-0.1814627
-24.040000,-0.1815694
-24.032000,-0.1816227
-24.024000,-0.1815694
-24.016000,-0.1815694
-24.008000,-0.1815694
-24.000000,-0.1816227
-23.992000,-0.1816227
-23.984000,-0.1815694
-23.976000,-0.1815160
-23.968000,-0.1815694
-23.960000,-0.1816227
-23.952000,-0.1817294
-23.944000,-0.1815694
-23.936000,-0.1815694
-23.928000,-0.1815160
-23.920000,-0.1815160
-23.912000,-0.1815160
-23.904000,-0.1815694
-23.896000,-0.1815694
-23.888000,-0.1815694
-23.880000,-0.1815694
-23.872000,-0.1816227
-23.864000,-0.1814627
-23.856000,-0.1814627
-23.848000,-0.1814627
-23.840000,-0.1815160
-23.832000,-0.1815160
-23.824000,-0.1814627
-23.816000,-0.1814627
-23.808000,-0.1815160
-23.800000,-0.1815160
-23.792000,-0.1815160
-23.784000,-0.1815160
-23.776000,-0.1814627
-23.768000,-0.1814093
-23.760000,-0.1814627
-23.752000,-0.1814627
-23.744000,-0.1815160
-23.736000,-0.1815160
-23.728000,-0.1815694
-23.720000,-0.1815160
-23.712000,-0.1814627
-23.704000,-0.1815160
-23.696000,-0.1814627
-23.688000,-0.1814627
-23.680000,-0.1814627
-23.672000,-0.1814627
-23.664000,-0.1814627
-23.656000,-0.1814093
-23.648000,-0.1814627
-23.640000,-0.1814627
-23.632000,-0.1814093
-23.624000,-0.1814093
-23.616000,-0.1814093
-23.608000,-0.1814093
-23.600000,-0.1814093
-23.592000,-0.1814627
-23.584000,-0.1813560
-23.576000,-0.1813560
-23.568000,-0.1813560
-23.560000,-0.1813560
-23.552000,-0.1814093
-23.544000,-0.1814093
-23.536000,-0.1813560
-23.528000,-0.1813560
-23.520000,-0.1813560
-23.512000,-0.1814093
-23.504000,-0.1814093
-23.496000,-0.1813560
-23.488000,-0.1813027
-23.480000,-0.1813560
-23.472000,-0.1813560
-23.464000,-0.1814093
-23.456000,-0.1814627
-23.448000,-0.1814093
-23.440000,-0.1813560
-23.432000,-0.1813560
-23.424000,-0.1812493
-23.416000,-0.1813027
-23.408000,-0.1812493
-23.400000,-0.1812493
-23.392000,-0.1812493
-23.384000,-0.1813027
-23.376000,-0.1813027
-23.368000,-0.1813027
-23.360000,-0.1812493
-23.352000,-0.1812493
-23.344000,-0.1811960
-23.336000,-0.1812493
-23.328000,-0.1812493
-23.320000,-0.1813027
-23.312000,-0.1812493
-23.304000,-0.1813027
-23.296000,-0.1811960
-23.288000,-0.1811960
-23.280000,-0.1812493
-23.272000,-0.1812493
-23.264000,-0.1811960
-23.256000,-0.1811160
-23.248000,-0.1811160
-23.240000,-0.1811960
-23.232000,-0.1812493
-23.224000,-0.1812493
-23.216000,-0.1811960
-23.208000,-0.1812493
-23.200000,-0.1811960
-23.192000,-0.1811960
-23.184000,-0.1811160
-23.176000,-0.1811160
-23.168000,-0.1811960
-23.160000,-0.1813560
-23.152000,-0.1813560
-23.144000,-0.1813027
-23.136000,-0.1811960
-23.128000,-0.1811960
-23.120000,-0.1811160
-23.112000,-0.1811160
-23.104000,-0.1811160
-23.096000,-0.1812493
-23.088000,-0.1812493
-23.080000,-0.1812493
-23.072000,-0.1812493
-23.064000,-0.1810626
-23.056000,-0.1810626
-23.048000,-0.1811160
-23.040000,-0.1811160
-23.032000,-0.1810093
-23.024000,-0.1810626
-23.016000,-0.1811960
-23.008000,-0.1812493
-23.000000,-0.1811960
-22.992000,-0.1810626
-22.984000,-0.1811160
-22.976000,-0.1811160
-22.968000,-0.1810626
-22.960000,-0.1811160
-22.952000,-0.1811160
-22.944000,-0.1810093
-22.936000,-0.1810093
-22.928000,-0.1810626
-22.920000,-0.1810626
-22.912000,-0.1811160
-22.904000,-0.1811160
-22.896000,-0.1811160
-22.888000,-0.1811160
-22.880000,-0.1811160
-22.872000,-0.1811160
-22.864000,-0.1811160
-22.856000,-0.1810626
-22.848000,-0.1810093
-22.840000,-0.1810093
-22.832000,-0.1809560
-22.824000,-0.1810093
-22.816000,-0.1811160
-22.808000,-0.1810626
-22.800000,-0.1809560
-22.792000,-0.1810093
-22.784000,-0.1809560
-22.776000,-0.1809026
-22.768000,-0.1809026
-22.760000,-0.1810626
-22.752000,-0.1810626
-22.744000,-0.1809560
-22.736000,-0.1810093
-22.728000,-0.1810093
-22.720000,-0.1810626
-22.712000,-0.1810093
-22.704000,-0.1810093
-22.696000,-0.1810093
-22.688000,-0.1810093
-22.680000,-0.1810093
-22.672000,-0.1810093
-22.664000,-0.1809560
-22.656000,-0.1810093
-22.648000,-0.1809560
-22.640000,-0.1810093
-22.632000,-0.1810093
-22.624000,-0.1809026
-22.616000,-0.1809026
-22.608000,-0.1809026
-22.600000,-0.1810093
-22.592000,-0.1810093
-22.584000,-0.1809560
-22.576000,-0.1809026
-22.568000,-0.1810093
-22.560000,-0.1809026
-22.552000,-0.1806892
-22.544000,-0.1807426
-22.536000,-0.1809026
-22.528000,-0.1809026
-22.520000,-0.1807959
-22.512000,-0.1806892
-22.504000,-0.1807959
-22.496000,-0.1808493
-22.488000,-0.1808493
-22.480000,-0.1808493
-22.472000,-0.1808493
-22.464000,-0.1807959
-22.456000,-0.1807959
-22.448000,-0.1807959
-22.440000,-0.1807959
-22.432000,-0.1808493
-22.424000,-0.1809026
-22.416000,-0.1807426
-22.408000,-0.1806892
-22.400000,-0.1807959
-22.392000,-0.1808493
-22.384000,-0.1808493
-22.376000,-0.1808493
-22.368000,-0.1808493
-22.360000,-0.1808493
-22.352000,-0.1808493
-22.344000,-0.1807959
-22.336000,-0.1807959
-22.328000,-0.1808493
-22.320000,-0.1808493
-22.312000,-0.1807426
-22.304000,-0.1806359
-22.296000,-0.1806892
-22.288000,-0.1807426
-22.280000,-0.1807426
-22.272000,-0.1806892
-22.264000,-0.1806359
-22.256000,-0.1806892
-22.248000,-0.1806892
-22.240000,-0.1807426
-22.232000,-0.1807959
-22.224000,-0.1807959
-22.216000,-0.1807959
-22.208000,-0.1807426
-22.200000,-0.1807426
-22.192000,-0.1807959
-22.184000,-0.1807426
-22.176000,-0.1806892
-22.168000,-0.1806892
-22.160000,-0.1806892
-22.152000,-0.1806892
-22.144000,-0.1807426
-22.136000,-0.1807426
-22.128000,-0.1807426
-22.120000,-0.1807426
-22.112000,-0.1807426
-22.104000,-0.1807426
-22.096000,-0.1806892
-22.088000,-0.1807426
-22.080000,-0.1807426
-22.072000,-0.1806359
-22.064000,-0.1806359
-22.056000,-0.1807959
-22.048000,-0.1807426
-22.040000,-0.1807426
-22.032000,-0.1807426
-22.024000,-0.1806359
-22.016000,-0.1806359
-22.008000,-0.1806359
-22.000000,-0.1806359
-21.992000,-0.1805826
-21.984000,-0.1805292
-21.976000,-0.1805292
-21.968000,-0.1806359
-21.960000,-0.1807426
-21.952000,-0.1806892
-21.944000,-0.1806892
-21.936000,-0.1806359
-21.928000,-0.1805826
-21.920000,-0.1805826
-21.912000,-0.1806359
-21.904000,-0.1806359
-21.896000,-0.1806359
-21.888000,-0.1806892
-21.880000,-0.1806892
-21.872000,-0.1806359
-21.864000,-0.1806359
-21.856000,-0.1805826
-21.848000,-0.1806359
-21.840000,-0.1806359
-21.832000,-0.1805292
-21.824000,-0.1805826
-21.816000,-0.1805826
-21.808000,-0.1805292
-21.800000,-0.1805292
-21.792000,-0.1805826
-21.784000,-0.1804759
-21.776000,-0.1804226
-21.768000,-0.1805292
-21.760000,-0.1805292
-21.752000,-0.1805826
-21.744000,-0.1805826
-21.736000,-0.1805826
-21.728000,-0.1805292
-21.720000,-0.1804226
-21.712000,-0.1805292
-21.704000,-0.1805826
-21.696000,-0.1804759
-21.688000,-0.1805292
-21.680000,-0.1805292
-21.672000,-0.1805826
-21.664000,-0.1805292
-21.656000,-0.1805292
-21.648000,-0.1804226
-21.640000,-0.1804759
-21.632000,-0.1804759
-21.624000,-0.1804759
-21.616000,-0.1804226
-21.608000,-0.1804759
-21.600000,-0.1805292
-21.592000,-0.1804759
-21.584000,-0.1804759
-21.576000,-0.1804226
-21.568000,-0.1804226
-21.560000,-0.1804226
-21.552000,-0.1804226
-21.544000,-0.1803692
-21.536000,-0.1803159
-21.528000,-0.1804226
-21.520000,-0.1804226
-21.512000,-0.1804226
-21.504000,-0.1804226
-21.496000,-0.1804226
-21.488000,-0.1804226
-21.480000,-0.1804759
-21.472000,-0.1804759
-21.464000,-0.1804226
-21.456000,-0.1804759
-21.448000,-0.1804759
-21.440000,-0.1804226
-21.432000,-0.1804759
-21.424000,-0.1804226
-21.416000,-0.1803692
-21.408000,-0.1803692
-21.400000,-0.1802625
-21.392000,-0.1802625
-21.384000,-0.1803692
-21.376000,-0.1803692
-21.368000,-0.1803692
-21.360000,-0.1803692
-21.352000,-0.1803692
-21.344000,-0.1804226
-21.336000,-0.1804226
-21.328000,-0.1803692
-21.320000,-0.1803159
-21.312000,-0.1803159
-21.304000,-0.1804226
-21.296000,-0.1804759
-21.288000,-0.1804226
-21.280000,-0.1803692
-21.272000,-0.1803692
-21.264000,-0.1803692
-21.256000,-0.1803159
-21.248000,-0.1803159
-21.240000,-0.1803159
-21.232000,-0.1803692
-21.224000,-0.1803159
-21.216000,-0.1802625
-21.208000,-0.1802625
-21.200000,-0.1802625
-21.192000,-0.1803159
-21.184000,-0.1803159
-21.176000,-0.1802625
-21.168000,-0.1802092
-21.160000,-0.1802092
-21.152000,-0.1803159
-21.144000,-0.1802625
-21.136000,-0.1802625
-21.128000,-0.1803159
-21.120000,-0.1803159
-21.112000,-0.1802625
-21.104000,-0.1802625
-21.096000,-0.1802625
-21.088000,-0.1802092
-21.080000,-0.1802625
-21.072000,-0.1803159
-21.064000,-0.1802625
-21.056000,-0.1802092
-21.048000,-0.1801559
-21.040000,-0.1801559
-21.032000,-0.1802092
-21.024000,-0.1801559
-21.016000,-0.1800492
-21.008000,-0.1801559
-21.000000,-0.1801559
-20.992000,-0.1801025
-20.984000,-0.1801559
-20.976000,-0.1802092
-20.968000,-0.1801025
-20.960000,-0.1801559
-20.952000,-0.1802625
-20.944000,-0.1802625
-20.936000,-0.1802625
-20.928000,-0.1801559
-20.920000,-0.1801025
-20.912000,-0.1801025
-20.904000,-0.1801559
-20.896000,-0.1802092
-20.888000,-0.1802092
-20.880000,-0.1802092
-20.872000,-0.1801559
-20.864000,-0.1801559
-20.856000,-0.1801025
-20.848000,-0.1801025
-20.840000,-0.1801559
-20.832000,-0.1801559
-20.824000,-0.1801559
-20.816000,-0.1801559
-20.808000,-0.1801559
-20.800000,-0.1801559
-20.792000,-0.1801559
-20.784000,-0.1801559
-20.776000,-0.1801559
-20.768000,-0.1801559
-20.760000,-0.1801559
-20.752000,-0.1801025
-20.744000,-0.1800492
-20.736000,-0.1801025
-20.728000,-0.1801025
-20.720000,-0.1801025
-20.712000,-0.1801025
-20.704000,-0.1800492
-20.696000,-0.1800492
-20.688000,-0.1799958
-20.680000,-0.1799958
-20.672000,-0.1800492
-20.664000,-0.1800492
-20.656000,-0.1800492
-20.648000,-0.1799425
-20.640000,-0.1799958
-20.632000,-0.1799958
-20.624000,-0.1800492
-20.616000,-0.1799958
-20.608000,-0.1799958
-20.600000,-0.1799958
-20.592000,-0.1800492
-20.584000,-0.1801025
-20.576000,-0.1801025
-20.568000,-0.1800492
-20.560000,-0.1800492
-20.552000,-0.1799958
-20.544000,-0.1799958
-20.536000,-0.1800492
-20.528000,-0.1799958
-20.520000,-0.1800492
-20.512000,-0.1800492
-20.504000,-0.1799958
-20.496000,-0.1799958
-20.488000,-0.1799425
-20.480000,-0.1799425
-20.472000,-0.1799425
-20.464000,-0.1799425
-20.456000,-0.1799425
-20.448000,-0.1799958
-20.440000,-0.1799425
-20.432000,-0.1798891
-20.424000,-0.1798358
-20.416000,-0.1798358
-20.408000,-0.1798891
-20.400000,-0.1799958
-20.392000,-0.1799425
-20.384000,-0.1798891
-20.376000,-0.1798891
-20.368000,-0.1798891
-20.360000,-0.1798358
-20.352000,-0.1798891
-20.344000,-0.1798891
-20.336000,-0.1798891
-20.328000,-0.1799425
-20.320000,-0.1798891
-20.312000,-0.1797291
-20.304000,-0.1798358
-20.296000,-0.1798891
-20.288000,-0.1798358
-20.280000,-0.1799425
-20.272000,-0.1799425
-20.264000,-0.1798891
-20.256000,-0.1798358
-20.248000,-0.1798358
-20.240000,-0.1797825
-20.232000,-0.1798358
-20.224000,-0.1798358
-20.216000,-0.1797825
-20.208000,-0.1798891
-20.200000,-0.1799425
-20.192000,-0.1798358
-20.184000,-0.1798358
-20.176000,-0.1798358
-20.168000,-0.1797825
-20.160000,-0.1797825
-20.152000,-0.1798358
-20.144000,-0.1797825
-20.136000,-0.1797825
-20.128000,-0.1798891
-20.120000,-0.1798358
-20.112000,-0.1797825
-20.104000,-0.1797825
-20.096000,-0.1797825
-20.088000,-0.1798358
-20.080000,-0.1797825
-20.072000,-0.1797291
-20.064000,-0.1797825
-20.056000,-0.1797825
-20.048000,-0.1797291
-20.040000,-0.1797825
-20.032000,-0.1798358
-20.024000,-0.1797825
-20.016000,-0.1797291
-20.008000,-0.1797291
-20.000000,-0.1797291
-19.992000,-0.1797825
-19.984000,-0.1797291
-19.976000,-0.1796758
-19.968000,-0.1796758
-19.960000,-0.1797291
-19.952000,-0.1797825
-19.944000,-0.1797825
-19.936000,-0.1797825
-19.928000,-0.1797291
-19.920000,-0.1796758
-19.912000,-0.1796758
-19.904000,-0.1796758
-19.896000,-0.1797825
-19.888000,-0.1798358
-19.880000,-0.1797825
-19.872000,-0.1797291
-19.864000,-0.1797291
-19.856000,-0.1797291
-19.848000,-0.1797291
-19.840000,-0.1796225
-19.832000,-0.1796225
-19.824000,-0.1796758
-19.816000,-0.1796758
-19.808000,-0.1796758
-19.800000,-0.1796225
-19.792000,-0.1795691
-19.784000,-0.1795158
-19.776000,-0.1795691
-19.768000,-0.1795691
-19.760000,-0.1796225
-19.752000,-0.1796225
-19.744000,-0.1796225
-19.736000,-0.1797291
-19.728000,-0.1797291
-19.720000,-0.1796758
-19.712000,-0.1796225
-19.704000,-0.1795691
-19.696000,-0.1795158
-19.688000,-0.1795691
-19.680000,-0.1796225
-19.672000,-0.1795691
-19.664000,-0.1795691
-19.656000,-0.1796225
-19.648000,-0.1795691
-19.640000,-0.1795158
-19.632000,-0.1796225
-19.624000,-0.1796758
-19.616000,-0.1797291
-19.608000,-0.1796225
-19.600000,-0.1795691
-19.592000,-0.1794624
-19.584000,-0.1795158
-19.576000,-0.1796225
-19.568000,-0.1796225
-19.560000,-0.1795691
-19.552000,-0.1795158
-19.544000,-0.1795158
-19.536000,-0.1795158
-19.528000,-0.1795691
-19.520000,-0.1795158
-19.512000,-0.1794624
-19.504000,-0.1795158
-19.496000,-0.1795691
-19.488000,-0.1795691
-19.480000,-0.1795691
-19.472000,-0.1795691
-19.464000,-0.1795691
-19.456000,-0.1795158
-19.448000,-0.1795158
-19.440000,-0.1795691
-19.432000,-0.1795691
-19.424000,-0.1795158
-19.416000,-0.1795691
-19.408000,-0.1796225
-19.400000,-0.1795158
-19.392000,-0.1794624
-19.384000,-0.1794624
-19.376000,-0.1794624
-19.368000,-0.1794091
-19.360000,-0.1794624
-19.352000,-0.1794624
-19.344000,-0.1794624
-19.336000,-0.1795158
-19.328000,-0.1795158
-19.320000,-0.1794624
-19.312000,-0.1794624
-19.304000,-0.1794091
-19.296000,-0.1794091
-19.288000,-0.1795691
-19.280000,-0.1795691
-19.272000,-0.1795158
-19.264000,-0.1794624
-19.256000,-0.1794624
-19.248000,-0.1794624
-19.240000,-0.1794091
-19.232000,-0.1794624
-19.224000,-0.1794091
-19.216000,-0.1794624
-19.208000,-0.1794624
-19.200000,-0.1794091
-19.192000,-0.1793024
-19.184000,-0.1793558
-19.176000,-0.1793558
-19.168000,-0.1793558
-19.160000,-0.1794091
-19.152000,-0.1794624
-19.144000,-0.1794091
-19.136000,-0.1792491
-19.128000,-0.1793558
-19.120000,-0.1794624
-19.112000,-0.1793558
-19.104000,-0.1793558
-19.096000,-0.1794091
-19.088000,-0.1794091
-19.080000,-0.1794624
-19.072000,-0.1794091
-19.064000,-0.1794091
-19.056000,-0.1793558
-19.048000,-0.1793558
-19.040000,-0.1793558
-19.032000,-0.1793024
-19.024000,-0.1792491
-19.016000,-0.1792491
-19.008000,-0.1793558
-19.000000,-0.1793024
-18.992000,-0.1793024
-18.984000,-0.1793024
-18.976000,-0.1793558
-18.968000,-0.1793024
-18.960000,-0.1793024
-18.952000,-0.1793024
-18.944000,-0.1793024
-18.936000,-0.1792491
-18.928000,-0.1792491
-18.920000,-0.1791957
-18.912000,-0.1791957
-18.904000,-0.1792491
-18.896000,-0.1792491
-18.888000,-0.1791957
-18.880000,-0.1792491
-18.872000,-0.1793558
-18.864000,-0.1793558
-18.856000,-0.1793024
-18.848000,-0.1793024
-18.840000,-0.1793024
-18.832000,-0.1792491
-18.824000,-0.1791957
-18.816000,-0.1792491
-18.808000,-0.1792491
-18.800000,-0.1792491
-18.792000,-0.1791957
-18.784000,-0.1791424
-18.776000,-0.1791424
-18.768000,-0.1792491
-18.760000,-0.1792491
-18.752000,-0.1791957
-18.744000,-0.1791957
-18.736000,-0.1791957
-18.728000,-0.1791424
-18.720000,-0.1790890
-18.712000,-0.1790890
-18.704000,-0.1791424
-18.696000,-0.1791957
-18.688000,-0.1792491
-18.680000,-0.1791424
-18.672000,-0.1790890
-18.664000,-0.1791424
-18.656000,-0.1791957
-18.648000,-0.1791957
-18.640000,-0.1791957
-18.632000,-0.1791957
-18.624000,-0.1792491
-18.616000,-0.1793024
-18.608000,-0.1791957
-18.600000,-0.1790890
-18.592000,-0.1791424
-18.584000,-0.1790890
-18.576000,-0.1790890
-18.568000,-0.1790357
-18.560000,-0.1790890
-18.552000,-0.1790890
-18.544000,-0.1790890
-18.536000,-0.1791424
-18.528000,-0.1791424
-18.520000,-0.1791424
-18.512000,-0.1791957
-18.504000,-0.1791957
-18.496000,-0.1792491
-18.488000,-0.1791957
-18.480000,-0.1791424
-18.472000,-0.1790357
-18.464000,-0.1790890
-18.456000,-0.1790890
-18.448000,-0.1790890
-18.440000,-0.1790890
-18.432000,-0.1790357
-18.424000,-0.1791424
-18.416000,-0.1790890
-18.408000,-0.1789290
-18.400000,-0.1789824
-18.392000,-0.1789824
-18.384000,-0.1789290
-18.376000,-0.1789290
-18.368000,-0.1790357
-18.360000,-0.1790357
-18.352000,-0.1790357
-18.344000,-0.1789824
-18.336000,-0.1790357
-18.328000,-0.1790357
-18.320000,-0.1790357
-18.312000,-0.1790357
-18.304000,-0.1790357
-18.296000,-0.1789824
-18.288000,-0.1789290
-18.280000,-0.1789824
-18.272000,-0.1789824
-18.264000,-0.1789824
-18.256000,-0.1789824
-18.248000,-0.1789290
-18.240000,-0.1788757
-18.232000,-0.1788757
-18.224000,-0.1789290
-18.216000,-0.1790357
-18.208000,-0.1789824
-18.200000,-0.1789824
-18.192000,-0.1789290
-18.184000,-0.1789824
-18.176000,-0.1789824
-18.168000,-0.1788757
-18.160000,-0.1788757
-18.152000,-0.1788757
-18.144000,-0.1788757
-18.136000,-0.1788223
-18.128000,-0.1788223
-18.120000,-0.1788757
-18.112000,-0.1788757
-18.104000,-0.1788223
-18.096000,-0.1788757
-18.088000,-0.1789290
-18.080000,-0.1788223
-18.072000,-0.1788223
-18.064000,-0.1789290
-18.056000,-0.1789824
-18.048000,-0.1789824
-18.040000,-0.1789290
-18.032000,-0.1789290
-18.024000,-0.1789290
-18.016000,-0.1789290
-18.008000,-0.1789290
-18.000000,-0.1789824
-17.992000,-0.1788757
-17.984000,-0.1788223
-17.976000,-0.1788223
-17.968000,-0.1788223
-17.960000,-0.1788223
-17.952000,-0.1787690
-17.944000,-0.1787157
-17.936000,-0.1787690
-17.928000,-0.1788757
-17.920000,-0.1788223
-17.912000,-0.1787690
-17.904000,-0.1786623
-17.896000,-0.1786623
-17.888000,-0.1787690
-17.880000,-0.1788223
-17.872000,-0.1787690
-17.864000,-0.1787690
-17.856000,-0.1788223
-17.848000,-0.1788223
-17.840000,-0.1787690
-17.832000,-0.1787690
-17.824000,-0.1788223
-17.816000,-0.1788223
-17.808000,-0.1788223
-17.800000,-0.1787157
-17.792000,-0.1787690
-17.784000,-0.1787157
-17.776000,-0.1787157
-17.768000,-0.1788223
-17.760000,-0.1788223
-17.752000,-0.1787157
-17.744000,-0.1786090
-17.736000,-0.1787690
-17.728000,-0.1788223
-17.720000,-0.1788223
-17.712000,-0.1787690
-17.704000,-0.1786623
-17.696000,-0.1786090
-17.688000,-0.1787157
-17.680000,-0.1787690
-17.672000,-0.1787157
-17.664000,-0.1787157
-17.656000,-0.1787690
-17.648000,-0.1787690
-17.640000,-0.1787690
-17.632000,-0.1787157
-17.624000,-0.1786623
-17.616000,-0.1786623
-17.608000,-0.1786623
-17.600000,-0.1786090
-17.592000,-0.1786090
-17.584000,-0.1786623
-17.576000,-0.1786623
-17.568000,-0.1786623
-17.560000,-0.1786090
-17.552000,-0.1786623
-17.544000,-0.1786090
-17.536000,-0.1786090
-17.528000,-0.1786623
-17.520000,-0.1786623
-17.512000,-0.1786623
-17.504000,-0.1786090
-17.496000,-0.1786623
-17.488000,-0.1786623
-17.480000,-0.1786623
-17.472000,-0.1786623
-17.464000,-0.1785557
-17.456000,-0.1785557
-17.448000,-0.1786090
-17.440000,-0.1786623
-17.432000,-0.1786090
-17.424000,-0.1786623
-17.416000,-0.1786090
-17.408000,-0.1785557
-17.400000,-0.1785023
-17.392000,-0.1786090
-17.384000,-0.1786090
-17.376000,-0.1785023
-17.368000,-0.1785557
-17.360000,-0.1786623
-17.352000,-0.1786623
-17.344000,-0.1786623
-17.336000,-0.1786090
-17.328000,-0.1785557
-17.320000,-0.1786090
-17.312000,-0.1785557
-17.304000,-0.1785557
-17.296000,-0.1785023
-17.288000,-0.1786090
-17.280000,-0.1786090
-17.272000,-0.1785557
-17.264000,-0.1785557
-17.256000,-0.1785557
-17.248000,-0.1785023
-17.240000,-0.1785023
-17.232000,-0.1785557
-17.224000,-0.1785023
-17.216000,-0.1784490
-17.208000,-0.1784490
-17.200000,-0.1785023
-17.192000,-0.1785023
-17.184000,-0.1785557
-17.176000,-0.1785023
-17.168000,-0.1784490
-17.160000,-0.1784490
-17.152000,-0.1784490
-17.144000,-0.1785023
-17.136000,-0.1785023
-17.128000,-0.1785023
-17.120000,-0.1784490
-17.112000,-0.1784490
-17.104000,-0.1784490
-17.096000,-0.1784490
-17.088000,-0.1784490
-17.080000,-0.1783956
-17.072000,-0.1783956
-17.064000,-0.1783956
-17.056000,-0.1783423
-17.048000,-0.1784490
-17.040000,-0.1785023
-17.032000,-0.1783956
-17.024000,-0.1783956
-17.016000,-0.1783956
-17.008000,-0.1783956
-17.000000,-0.1783956
-16.992000,-0.1783956
-16.984000,-0.1783423
-16.976000,-0.1783423
-16.968000,-0.1783423
-16.960000,-0.1783956
-16.952000,-0.1783956
-16.944000,-0.1784490
-16.936000,-0.1783956
-16.928000,-0.1783423
-16.920000,-0.1783956
-16.912000,-0.1783956
-16.904000,-0.1782890
-16.896000,-0.1782890
-16.888000,-0.1783956
-16.880000,-0.1782890
-16.872000,-0.1782356
-16.864000,-0.1782890
-16.856000,-0.1782356
-16.848000,-0.1783423
-16.840000,-0.1783423
-16.832000,-0.1783423
-16.824000,-0.1783423
-16.816000,-0.1783956
-16.808000,-0.1783423
-16.800000,-0.1782890
-16.792000,-0.1782356
-16.784000,-0.1782890
-16.776000,-0.1782890
-16.768000,-0.1782890
-16.760000,-0.1782890
-16.752000,-0.1782890
-16.744000,-0.1782890
-16.736000,-0.1782890
-16.728000,-0.1782890
-16.720000,-0.1782890
-16.712000,-0.1782356
-16.704000,-0.1781823
-16.696000,-0.1782356
-16.688000,-0.1782356
-16.680000,-0.1782890
-16.672000,-0.1783423
-16.664000,-0.1782890
-16.656000,-0.1781823
-16.648000,-0.1781823
-16.640000,-0.1781823
-16.632000,-0.1782356
-16.624000,-0.1782890
-16.616000,-0.1782890
-16.608000,-0.1782356
-16.600000,-0.1782356
-16.592000,-0.1782356
-16.584000,-0.1782356
-16.576000,-0.1782890
-16.568000,-0.1782890
-16.560000,-0.1782356
-16.552000,-0.1782356
-16.544000,-0.1782356
-16.536000,-0.1781823
-16.528000,-0.1782356
-16.520000,-0.1782356
-16.512000,-0.1781289
-16.504000,-0.1781289
-16.496000,-0.1781289
-16.488000,-0.1781823
-16.480000,-0.1780489
-16.472000,-0.1781289
-16.464000,-0.1781289
-16.456000,-0.1781823
-16.448000,-0.1780489
-16.440000,-0.1780489
-16.432000,-0.1780489
-16.424000,-0.1780489
-16.416000,-0.1781289
-16.408000,-0.1781823
-16.400000,-0.1782356
-16.392000,-0.1781289
-16.384000,-0.1780489
-16.376000,-0.1780489
-16.368000,-0.1781289
-16.360000,-0.1781823
-16.352000,-0.1781289
-16.344000,-0.1779956
-16.336000,-0.1780489
-16.328000,-0.1781289
-16.320000,-0.1781823
-16.312000,-0.1781823
-16.304000,-0.1781289
-16.296000,-0.1781289
-16.288000,-0.1781289
-16.280000,-0.1781289
-16.272000,-0.1780489
-16.264000,-0.1780489
-16.256000,-0.1780489
-16.248000,-0.1780489
-16.240000,-0.1781289
-16.232000,-0.1781289
-16.224000,-0.1781289
-16.216000,-0.1781289
-16.208000,-0.1780489
-16.200000,-0.1780489
-16.192000,-0.1780489
-16.184000,-0.1781289
-16.176000,-0.1779956
-16.168000,-0.1780489
-16.160000,-0.1780489
-16.152000,-0.1779422
-16.144000,-0.1779422
-16.136000,-0.1779422
-16.128000,-0.1780489
-16.120000,-0.1779956
-16.112000,-0.1780489
-16.104000,-0.1779956
-16.096000,-0.1779422
-16.088000,-0.1779422
-16.080000,-0.1779422
-16.072000,-0.1779422
-16.064000,-0.1778889
-16.056000,-0.1778889
-16.048000,-0.1779956
-16.040000,-0.1780489
-16.032000,-0.1780489
-16.024000,-0.1779956
-16.016000,-0.1779422
-16.008000,-0.1779422
-16.000000,-0.1779422
-15.992000,-0.1779422
-15.984000,-0.1778889
-15.976000,-0.1778356
-15.968000,-0.1779422
-15.960000,-0.1779956
-15.952000,-0.1778889
-15.944000,-0.1778356
-15.936000,-0.1778356
-15.928000,-0.1778889
-15.920000,-0.1778356
-15.912000,-0.1778356
-15.904000,-0.1779422
-15.896000,-0.1779422
-15.888000,-0.1778356
-15.880000,-0.1778356
-15.872000,-0.1779422
-15.864000,-0.1778889
-15.856000,-0.1778889
-15.848000,-0.1778889
-15.840000,-0.1778356
-15.832000,-0.1777289
-15.824000,-0.1777822
-15.816000,-0.1777289
-15.808000,-0.1777289
-15.800000,-0.1777289
-15.792000,-0.1777822
-15.784000,-0.1777822
-15.776000,-0.1776755
-15.768000,-0.1777289
-15.760000,-0.1777289
-15.752000,-0.1777822
-15.744000,-0.1776755
-15.736000,-0.1777289
-15.728000,-0.1777289
-15.720000,-0.1777822
-15.712000,-0.1777822
-15.704000,-0.1777289
-15.696000,-0.1777289
-15.688000,-0.1777289
-15.680000,-0.1777822
-15.672000,-0.1777822
-15.664000,-0.1777822
-15.656000,-0.1778356
-15.648000,-0.1777289
-15.640000,-0.1777289
-15.632000,-0.1777822
-15.624000,-0.1777289
-15.616000,-0.1776755
-15.608000,-0.1777289
-15.600000,-0.1778356
-15.592000,-0.1778356
-15.584000,-0.1778356
-15.576000,-0.1777822
-15.568000,-0.1777822
-15.560000,-0.1776755
-15.552000,-0.1776755
-15.544000,-0.1777289
-15.536000,-0.1777289
-15.528000,-0.1777289
-15.520000,-0.1777822
-15.512000,-0.1776755
-15.504000,-0.1776222
-15.496000,-0.1776222
-15.488000,-0.1776222
-15.480000,-0.1776755
-15.472000,-0.1777289
-15.464000,-0.1776222
-15.456000,-0.1776755
-15.448000,-0.1777289
-15.440000,-0.1777289
-15.432000,-0.1777289
-15.424000,-0.1777822
-15.416000,-0.1777822
-15.408000,-0.1776222
-15.400000,-0.1776222
-15.392000,-0.1776755
-15.384000,-0.1776755
-15.376000,-0.1776222
-15.368000,-0.1775155
-15.360000,-0.1776222
-15.352000,-0.1776755
-15.344000,-0.1777289
-15.336000,-0.1776755
-15.328000,-0.1775689
-15.320000,-0.1775689
-15.312000,-0.1775689
-15.304000,-0.1776222
-15.296000,-0.1776755
-15.288000,-0.1776222
-15.280000,-0.1776222
-15.272000,-0.1775155
-15.264000,-0.1775155
-15.256000,-0.1775689
-15.248000,-0.1775155
-15.240000,-0.1775689
-15.232000,-0.1775689
-15.224000,-0.1775689
-15.216000,-0.1776222
-15.208000,-0.1776222
-15.200000,-0.1775689
-15.192000,-0.1775155
-15.184000,-0.1776222
-15.176000,-0.1776755
-15.168000,-0.1776222
-15.160000,-0.1775689
-15.152000,-0.1775155
-15.144000,-0.1775155
-15.136000,-0.1775689
-15.128000,-0.1775155
-15.120000,-0.1774622
-15.112000,-0.1774622
-15.104000,-0.1774622
-15.096000,-0.1774088
-15.088000,-0.1774622
-15.080000,-0.1774622
-15.072000,-0.1774088
-15.064000,-0.1775155
-15.056000,-0.1775155
-15.048000,-0.1775155
-15.040000,-0.1774088
-15.032000,-0.1774622
-15.024000,-0.1774622
-15.016000,-0.1774088
-15.008000,-0.1774088
-15.000000,-0.1774088
-14.992000,-0.1774622
-14.984000,-0.1774622
-14.976000,-0.1774622
-14.968000,-0.1774622
-14.960000,-0.1774622
-14.952000,-0.1774088
-14.944000,-0.1774622
-14.936000,-0.1774622
-14.928000,-0.1774088
-14.920000,-0.1774088
-14.912000,-0.1774622
-14.904000,-0.1774622
-14.896000,-0.1774622
-14.888000,-0.1774088
-14.880000,-0.1773555
-14.872000,-0.1773555
-14.864000,-0.1773555
-14.856000,-0.1773022
-14.848000,-0.1773555
-14.840000,-0.1773555
-14.832000,-0.1773555
-14.824000,-0.1773022
-14.816000,-0.1773022
-14.808000,-0.1774088
-14.800000,-0.1774088
-14.792000,-0.1773022
-14.784000,-0.1773555
-14.776000,-0.1774088
-14.768000,-0.1774088
-14.760000,-0.1773555
-14.752000,-0.1773555
-14.744000,-0.1774088
-14.736000,-0.1773555
-14.728000,-0.1773555
-14.720000,-0.1774622
-14.712000,-0.1774622
-14.704000,-0.1774088
-14.696000,-0.1773022
-14.688000,-0.1772488
-14.680000,-0.1773022
-14.672000,-0.1773555
-14.664000,-0.1773022
-14.656000,-0.1772488
-14.648000,-0.1772488
-14.640000,-0.1772488
-14.632000,-0.1773022
-14.624000,-0.1773022
-14.616000,-0.1772488
-14.608000,-0.1772488
-14.600000,-0.1773555
-14.592000,-0.1773022
-14.584000,-0.1772488
-14.576000,-0.1772488
-14.568000,-0.1772488
-14.560000,-0.1772488
-14.552000,-0.1772488
-14.544000,-0.1772488
-14.536000,-0.1772488
-14.528000,-0.1771955
-14.520000,-0.1773022
-14.512000,-0.1772488
-14.504000,-0.1771955
-14.496000,-0.1772488
-14.488000,-0.1772488
-14.480000,-0.1771955
-14.472000,-0.1771955
-14.464000,-0.1771955
-14.456000,-0.1771421
-14.448000,-0.1771955
-14.440000,-0.1771955
-14.432000,-0.1772488
-14.424000,-0.1772488
-14.416000,-0.1773022
-14.408000,-0.1772488
-14.400000,-0.1771421
-14.392000,-0.1771955
-14.384000,-0.1771955
-14.376000,-0.1770888
-14.368000,-0.1771421
-14.360000,-0.1771955
-14.352000,-0.1771955
-14.344000,-0.1771421
-14.336000,-0.1771421
-14.328000,-0.1770888
-14.320000,-0.1770888
-14.312000,-0.1770888
-14.304000,-0.1771955
-14.296000,-0.1771421
-14.288000,-0.1771421
-14.280000,-0.1770355
-14.272000,-0.1770355
-14.264000,-0.1770888
-14.256000,-0.1770888
-14.248000,-0.1770355
-14.240000,-0.1770355
-14.232000,-0.1770355
-14.224000,-0.1770355
-14.216000,-0.1771421
-14.208000,-0.1771421
-14.200000,-0.1771421
-14.192000,-0.1771421
-14.184000,-0.1770355
-14.176000,-0.1770355
-14.168000,-0.1770355
-14.160000,-0.1770888
-14.152000,-0.1770355
-14.144000,-0.1769821
-14.136000,-0.1769821
-14.128000,-0.1770355
-14.120000,-0.1770355
-14.112000,-0.1769821
-14.104000,-0.1770355
-14.096000,-0.1769821
-14.088000,-0.1770355
-14.080000,-0.1771421
-14.072000,-0.1770355
-14.064000,-0.1769288
-14.056000,-0.1769288
-14.048000,-0.1769288
-14.040000,-0.1770355
-14.032000,-0.1770888
-14.024000,-0.1771421
-14.016000,-0.1770888
-14.008000,-0.1770355
-14.000000,-0.1770355
-13.992000,-0.1769288
-13.984000,-0.1769288
-13.976000,-0.1769288
-13.968000,-0.1768754
-13.960000,-0.1768754
-13.952000,-0.1769288
-13.944000,-0.1769288
-13.936000,-0.1769288
-13.928000,-0.1769288
-13.920000,-0.1768754
-13.912000,-0.1769288
-13.904000,-0.1769288
-13.896000,-0.1768754
-13.888000,-0.1768221
-13.880000,-0.1768754
-13.872000,-0.1768221
-13.864000,-0.1768221
-13.856000,-0.1768221
-13.848000,-0.1768221
-13.840000,-0.1768754
-13.832000,-0.1768221
-13.824000,-0.1768754
-13.816000,-0.1769288
-13.808000,-0.1769288
-13.800000,-0.1769288
-13.792000,-0.1769288
-13.784000,-0.1768754
-13.776000,-0.1768221
-13.768000,-0.1768754
-13.760000,-0.1768754
-13.752000,-0.1768754
-13.744000,-0.1768754
-13.736000,-0.1769288
-13.728000,-0.1769288
-13.720000,-0.1769288
-13.712000,-0.1769288
-13.704000,-0.1768754
-13.696000,-0.1768754
-13.688000,-0.1768221
-13.680000,-0.1767688
-13.672000,-0.1768221
-13.664000,-0.1769288
-13.656000,-0.1768754
-13.648000,-0.1768221
-13.640000,-0.1768754
-13.632000,-0.1767688
-13.624000,-0.1767154
-13.616000,-0.1767154
-13.608000,-0.1767688
-13.600000,-0.1767688
-13.592000,-0.1767154
-13.584000,-0.1767688
-13.576000,-0.1767154
-13.568000,-0.1767154
-13.560000,-0.1767688
-13.552000,-0.1767688
-13.544000,-0.1767154
-13.536000,-0.1767688
-13.528000,-0.1767688
-13.520000,-0.1767688
-13.512000,-0.1768221
-13.504000,-0.1767688
-13.496000,-0.1767154
-13.488000,-0.1767688
-13.480000,-0.1768221
-13.472000,-0.1767688
-13.464000,-0.1767688
-13.456000,-0.1768221
-13.448000,-0.1767688
-13.440000,-0.1767154
-13.432000,-0.1767688
-13.424000,-0.1768221
-13.416000,-0.1767154
-13.408000,-0.1766621
-13.400000,-0.1767154
-13.392000,-0.1767154
-13.384000,-0.1767154
-13.376000,-0.1766621
-13.368000,-0.1766087
-13.360000,-0.1766087
-13.352000,-0.1766621
-13.344000,-0.1766087
-13.336000,-0.1767154
-13.328000,-0.1767688
-13.320000,-0.1766621
-13.312000,-0.1766621
-13.304000,-0.1767154
-13.296000,-0.1766621
-13.288000,-0.1766621
-13.280000,-0.1766621
-13.272000,-0.1767154
-13.264000,-0.1766621
-13.256000,-0.1765554
-13.248000,-0.1766087
-13.240000,-0.1767154
-13.232000,-0.1766087
-13.224000,-0.1765554
-13.216000,-0.1764487
-13.208000,-0.1765554
-13.200000,-0.1765554
-13.192000,-0.1765554
-13.184000,-0.1765554
-13.176000,-0.1765554
-13.168000,-0.1765021
-13.160000,-0.1765021
-13.152000,-0.1765554
-13.144000,-0.1765021
-13.136000,-0.1765554
-13.128000,-0.1765554
-13.120000,-0.1766087
-13.112000,-0.1766087
-13.104000,-0.1765554
-13.096000,-0.1765554
-13.088000,-0.1765554
-13.080000,-0.1765554
-13.072000,-0.1765554
-13.064000,-0.1765554
-13.056000,-0.1765554
-13.048000,-0.1765554
-13.040000,-0.1765554
-13.032000,-0.1765554
-13.024000,-0.1765554
-13.016000,-0.1765554
-13.008000,-0.1765554
-13.000000,-0.1766087
-12.992000,-0.1765554
-12.984000,-0.1764487
-12.976000,-0.1764487
-12.968000,-0.1764487
-12.960000,-0.1765021
-12.952000,-0.1765021
-12.944000,-0.1765021
-12.936000,-0.1765021
-12.928000,-0.1765021
-12.920000,-0.1764487
-12.912000,-0.1763954
-12.904000,-0.1765021
-12.896000,-0.1765554
-12.888000,-0.1765021
-12.880000,-0.1764487
-12.872000,-0.1764487
-12.864000,-0.1764487
-12.856000,-0.1764487
-12.848000,-0.1765021
-12.840000,-0.1764487
-12.832000,-0.1763954
-12.824000,-0.1763954
-12.816000,-0.1763954
-12.808000,-0.1765021
-12.800000,-0.1764487
-12.792000,-0.1763954
-12.784000,-0.1764487
-12.776000,-0.1763954
-12.768000,-0.1763954
-12.760000,-0.1763420
-12.752000,-0.1762887
-12.744000,-0.1762887
-12.736000,-0.1763420
-12.728000,-0.1763420
-12.720000,-0.1763954
-12.712000,-0.1763420
-12.704000,-0.1763954
-12.696000,-0.1764487
-12.688000,-0.1764487
-12.680000,-0.1763954
-12.672000,-0.1763420
-12.664000,-0.1763420
-12.656000,-0.1763954
-12.648000,-0.1763420
-12.640000,-0.1762887
-12.632000,-0.1763420
-12.624000,-0.1764487
-12.616000,-0.1763420
-12.608000,-0.1762887
-12.600000,-0.1762887
-12.592000,-0.1762887
-12.584000,-0.1762887
-12.576000,-0.1762887
-12.568000,-0.1763420
-12.560000,-0.1762887
-12.552000,-0.1763420
-12.544000,-0.1763954
-12.536000,-0.1763420
-12.528000,-0.1763420
-12.520000,-0.1763954
-12.512000,-0.1762887
-12.504000,-0.1762887
-12.496000,-0.1762887
-12.488000,-0.1763420
-12.480000,-0.1763420
-12.472000,-0.1763420
-12.464000,-0.1762887
-12.456000,-0.1762354
-12.448000,-0.1762354
-12.440000,-0.1762354
-12.432000,-0.1762354
-12.424000,-0.1762887
-12.416000,-0.1762887
-12.408000,-0.1762354
-12.400000,-0.1761287
-12.392000,-0.1761287
-12.384000,-0.1762354
-12.376000,-0.1762887
-12.368000,-0.1762354
-12.360000,-0.1762354
-12.352000,-0.1762887
-12.344000,-0.1762887
-12.336000,-0.1762887
-12.328000,-0.1762354
-12.320000,-0.1762354
-12.312000,-0.1762354
-12.304000,-0.1763420
-12.296000,-0.1763420
-12.288000,-0.1761820
-12.280000,-0.1761820
-12.272000,-0.1762887
-12.264000,-0.1761820
-12.256000,-0.1761287
-12.248000,-0.1762887
-12.240000,-0.1762354
-12.232000,-0.1761287
-12.224000,-0.1761287
-12.216000,-0.1761287
-12.208000,-0.1761820
-12.200000,-0.1762354
-12.192000,-0.1762354
-12.184000,-0.1762354
-12.176000,-0.1762887
-12.168000,-0.1761820
-12.160000,-0.1761287
-12.152000,-0.1761287
-12.144000,-0.1760753
-12.136000,-0.1760753
-12.128000,-0.1761820
-12.120000,-0.1762354
-12.112000,-0.1762354
-12.104000,-0.1761287
-12.096000,-0.1761287
-12.088000,-0.1760753
-12.080000,-0.1760753
-12.072000,-0.1760753
-12.064000,-0.1760753
-12.056000,-0.1760753
-12.048000,-0.1761287
-12.040000,-0.1760753
-12.032000,-0.1760220
-12.024000,-0.1761287
-12.016000,-0.1761287
-12.008000,-0.1761820
-12.000000,-0.1761287
-11.992000,-0.1761287
-11.984000,-0.1761287
-11.976000,-0.1760753
-11.968000,-0.1760753
-11.960000,-0.1761287
-11.952000,-0.1761287
-11.944000,-0.1761287
-11.936000,-0.1761287
-11.928000,-0.1761287
-11.920000,-0.1761287
-11.912000,-0.1761287
-11.904000,-0.1761287
-11.896000,-0.1760220
-11.888000,-0.1760220
-11.880000,-0.1759687
-11.872000,-0.1760220
-11.864000,-0.1760753
-11.856000,-0.1760753
-11.848000,-0.1760220
-11.840000,-0.1759687
-11.832000,-0.1760220
-11.824000,-0.1760753
-11.816000,-0.1760753
-11.808000,-0.1760753
-11.800000,-0.1760220
-11.792000,-0.1759153
-11.784000,-0.1760220
-11.776000,-0.1760753
-11.768000,-0.1759687
-11.760000,-0.1759687
-11.752000,-0.1760220
-11.744000,-0.1760753
-11.736000,-0.1759687
-11.728000,-0.1759687
-11.720000,-0.1760220
-11.712000,-0.1759153
-11.704000,-0.1759153
-11.696000,-0.1759687
-11.688000,-0.1759153
-11.680000,-0.1758620
-11.672000,-0.1759153
-11.664000,-0.1758620
-11.656000,-0.1759153
-11.648000,-0.1759687
-11.640000,-0.1759153
-11.632000,-0.1759687
-11.624000,-0.1759687
-11.616000,-0.1759153
-11.608000,-0.1759153
-11.600000,-0.1759153
-11.592000,-0.1759153
-11.584000,-0.1758620
-11.576000,-0.1759153
-11.568000,-0.1759153
-11.560000,-0.1759153
-11.552000,-0.1759153
-11.544000,-0.1759153
-11.536000,-0.1759687
-11.528000,-0.1759687
-11.520000,-0.1759153
-11.512000,-0.1758620
-11.504000,-0.1758086
-11.496000,-0.1758086
-11.488000,-0.1758086
-11.480000,-0.1758620
-11.472000,-0.1758620
-11.464000,-0.1758620
-11.456000,-0.1758620
-11.448000,-0.1758620
-11.440000,-0.1759153
-11.432000,-0.1758620
-11.424000,-0.1758086
-11.416000,-0.1757553
-11.408000,-0.1758086
-11.400000,-0.1758086
-11.392000,-0.1758620
-11.384000,-0.1758086
-11.376000,-0.1758620
-11.368000,-0.1757553
-11.360000,-0.1758086
-11.352000,-0.1758086
-11.344000,-0.1758086
-11.336000,-0.1757553
-11.328000,-0.1758086
-11.320000,-0.1758086
-11.312000,-0.1758086
-11.304000,-0.1757553
-11.296000,-0.1757553
-11.288000,-0.1758086
-11.280000,-0.1758086
-11.272000,-0.1758620
-11.264000,-0.1758086
-11.256000,-0.1757553
-11.248000,-0.1757020
-11.240000,-0.1757553
-11.232000,-0.1758620
-11.224000,-0.1758086
-11.216000,-0.1757553
-11.208000,-0.1758086
-11.200000,-0.1758086
-11.192000,-0.1757553
-11.184000,-0.1757020
-11.176000,-0.1756486
-11.168000,-0.1757553
-11.160000,-0.1758086
-11.152000,-0.1757553
-11.144000,-0.1757553
-11.136000,-0.1757020
-11.128000,-0.1757020
-11.120000,-0.1756486
-11.112000,-0.1757020
-11.104000,-0.1758086
-11.096000,-0.1758086
-11.088000,-0.1756486
-11.080000,-0.1757020
-11.072000,-0.1757020
-11.064000,-0.1757553
-11.056000,-0.1757020
-11.048000,-0.1756486
-11.040000,-0.1755419
-11.032000,-0.1755419
-11.024000,-0.1755419
-11.016000,-0.1755953
-11.008000,-0.1755953
-11.000000,-0.1756486
-10.992000,-0.1757553
-10.984000,-0.1756486
-10.976000,-0.1755953
-10.968000,-0.1756486
-10.960000,-0.1756486
-10.952000,-0.1757020
-10.944000,-0.1757020
-10.936000,-0.1756486
-10.928000,-0.1755419
-10.920000,-0.1756486
-10.912000,-0.1757020
-10.904000,-0.1755953
-10.896000,-0.1754886
-10.888000,-0.1755419
-10.880000,-0.1755419
-10.872000,-0.1755419
-10.864000,-0.1755419
-10.856000,-0.1754886
-10.848000,-0.1755419
-10.840000,-0.1756486
-10.832000,-0.1755953
-10.824000,-0.1755419
-10.816000,-0.1755419
-10.808000,-0.1755419
-10.800000,-0.1755953
-10.792000,-0.1756486
-10.784000,-0.1757020
-10.776000,-0.1755953
-10.768000,-0.1755419
-10.760000,-0.1754886
-10.752000,-0.1754886
-10.744000,-0.1755419
-10.736000,-0.1755419
-10.728000,-0.1755953
-10.720000,-0.1756486
-10.712000,-0.1755419
-10.704000,-0.1754886
-10.696000,-0.1755953
-10.688000,-0.1755419
-10.680000,-0.1755419
-10.672000,-0.1755419
-10.664000,-0.1754886
-10.656000,-0.1754353
-10.648000,-0.1753819
-10.640000,-0.1753819
-10.632000,-0.1754353
-10.624000,-0.1754353
-10.616000,-0.1754886
-10.608000,-0.1754353
-10.600000,-0.1753819
-10.592000,-0.1754353
-10.584000,-0.1754886
-10.576000,-0.1754886
-10.568000,-0.1754353
-10.560000,-0.1754353
-10.552000,-0.1754353
-10.544000,-0.1754353
-10.536000,-0.1753819
-10.528000,-0.1754886
-10.520000,-0.1753819
-10.512000,-0.1753819
-10.504000,-0.1754886
-10.496000,-0.1754886
-10.488000,-0.1754353
-10.480000,-0.1753819
-10.472000,-0.1754353
-10.464000,-0.1754886
-10.456000,-0.1754353
-10.448000,-0.1753819
-10.440000,-0.1753286
-10.432000,-0.1753819
-10.424000,-0.1753819
-10.416000,-0.1753819
-10.408000,-0.1753286
-10.400000,-0.1753819
-10.392000,-0.1753819
-10.384000,-0.1754353
-10.376000,-0.1754886
-10.368000,-0.1754886
-10.360000,-0.1753819
-10.352000,-0.1753819
-10.344000,-0.1753819
-10.336000,-0.1753286
-10.328000,-0.1753286
-10.320000,-0.1753819
-10.312000,-0.1753819
-10.304000,-0.1753286
-10.296000,-0.1752752
-10.288000,-0.1753286
-10.280000,-0.1754353
-10.272000,-0.1753819
-10.264000,-0.1753819
-10.256000,-0.1754353
-10.248000,-0.1753819
-10.240000,-0.1753286
-10.232000,-0.1753286
-10.224000,-0.1753286
-10.216000,-0.1753286
-10.208000,-0.1753286
-10.200000,-0.1753286
-10.192000,-0.1753286
-10.184000,-0.1753286
-10.176000,-0.1752219
-10.168000,-0.1752752
-10.160000,-0.1753286
-10.152000,-0.1752752
-10.144000,-0.1753286
-10.136000,-0.1753286
-10.128000,-0.1753286
-10.120000,-0.1752752
-10.112000,-0.1752752
-10.104000,-0.1752219
-10.096000,-0.1752752
-10.088000,-0.1752752
-10.080000,-0.1752752
-10.072000,-0.1752219
-10.064000,-0.1751686
-10.056000,-0.1751686
-10.048000,-0.1752219
-10.040000,-0.1752752
-10.032000,-0.1752752
-10.024000,-0.1753286
-10.016000,-0.1752752
-10.008000,-0.1752219
-10.000000,-0.1750619
-9.992000,-0.1749819
-9.984000,-0.1751152
-9.976000,-0.1752752
-9.968000,-0.1751686
-9.960000,-0.1750619
-9.952000,-0.1751686
-9.944000,-0.1751686
-9.936000,-0.1752219
-9.928000,-0.1752219
-9.920000,-0.1752219
-9.912000,-0.1752752
-9.904000,-0.1752219
-9.896000,-0.1751152
-9.888000,-0.1751686
-9.880000,-0.1751152
-9.872000,-0.1751686
-9.864000,-0.1751686
-9.856000,-0.1751152
-9.848000,-0.1751686
-9.840000,-0.1752219
-9.832000,-0.1751686
-9.824000,-0.1751686
-9.816000,-0.1752219
-9.808000,-0.1752219
-9.800000,-0.1751686
-9.792000,-0.1752219
-9.784000,-0.1751686
-9.776000,-0.1749285
-9.768000,-0.1749285
-9.760000,-0.1750619
-9.752000,-0.1750619
-9.744000,-0.1751152
-9.736000,-0.1751152
-9.728000,-0.1751152
-9.720000,-0.1751152
-9.712000,-0.1751152
-9.704000,-0.1750619
-9.696000,-0.1750619
-9.688000,-0.1751152
-9.680000,-0.1749819
-9.672000,-0.1750619
-9.664000,-0.1751152
-9.656000,-0.1751152
-9.648000,-0.1751686
-9.640000,-0.1751686
-9.632000,-0.1751152
-9.624000,-0.1749819
-9.616000,-0.1749819
-9.608000,-0.1750619
-9.600000,-0.1750619
-9.592000,-0.1750619
-9.584000,-0.1751152
-9.576000,-0.1751152
-9.568000,-0.1750619
-9.560000,-0.1749819
-9.552000,-0.1749819
-9.544000,-0.1749819
-9.536000,-0.1750619
-9.528000,-0.1749819
-9.520000,-0.1749819
-9.512000,-0.1749819
-9.504000,-0.1749285
-9.496000,-0.1749285
-9.488000,-0.1749819
-9.480000,-0.1749819
-9.472000,-0.1749285
-9.464000,-0.1748752
-9.456000,-0.1749285
-9.448000,-0.1749819
-9.440000,-0.1750619
-9.432000,-0.1749819
-9.424000,-0.1749285
-9.416000,-0.1748752
-9.408000,-0.1748752
-9.400000,-0.1748752
-9.392000,-0.1749285
-9.384000,-0.1749285
-9.376000,-0.1749285
-9.368000,-0.1749819
-9.360000,-0.1749819
-9.352000,-0.1749285
-9.344000,-0.1749819
-9.336000,-0.1749819
-9.328000,-0.1749819
-9.320000,-0.1749285
-9.312000,-0.1748752
-9.304000,-0.1749285
-9.296000,-0.1748752
-9.288000,-0.1748752
-9.280000,-0.1748752
-9.272000,-0.1749285
-9.264000,-0.1748752
-9.256000,-0.1748219
-9.248000,-0.1748219
-9.240000,-0.1748219
-9.232000,-0.1748219
-9.224000,-0.1748219
-9.216000,-0.1748752
-9.208000,-0.1748752
-9.200000,-0.1748752
-9.192000,-0.1749285
-9.184000,-0.1748219
-9.176000,-0.1748219
-9.168000,-0.1748752
-9.160000,-0.1748752
-9.152000,-0.1748752
-9.144000,-0.1748219
-9.136000,-0.1748219
-9.128000,-0.1748752
-9.120000,-0.1747685
-9.112000,-0.1748219
-9.104000,-0.1747685
-9.096000,-0.1748219
-9.088000,-0.1747685
-9.080000,-0.1747152
-9.072000,-0.1747685
-9.064000,-0.1748219
-9.056000,-0.1748219
-9.048000,-0.1748752
-9.040000,-0.1749285
-9.032000,-0.1748752
-9.024000,-0.1748752
-9.016000,-0.1748752
-9.008000,-0.1748752
-9.000000,-0.1747685
-8.992000,-0.1747152
-8.984000,-0.1748219
-8.976000,-0.1748219
-8.968000,-0.1748219
-8.960000,-0.1747685
-8.952000,-0.1746618
-8.944000,-0.1747152
-8.936000,-0.1747152
-8.928000,-0.1747685
-8.920000,-0.1748219
-8.912000,-0.1747685
-8.904000,-0.1747152
-8.896000,-0.1747152
-8.888000,-0.1747152
-8.880000,-0.1747152
-8.872000,-0.1747685
-8.864000,-0.1748219
-8.856000,-0.1748219
-8.848000,-0.1748219
-8.840000,-0.1748219
-8.832000,-0.1748752
-8.824000,-0.1747685
-8.816000,-0.1747152
-8.808000,-0.1746618
-8.800000,-0.1747152
-8.792000,-0.1747685
-8.784000,-0.1748219
-8.776000,-0.1748219
-8.768000,-0.1747685
-8.760000,-0.1746618
-8.752000,-0.1746618
-8.744000,-0.1747152
-8.736000,-0.1746618
-8.728000,-0.1747685
-8.720000,-0.1747685
-8.712000,-0.1747152
-8.704000,-0.1746085
-8.696000,-0.1745551
-8.688000,-0.1746085
-8.680000,-0.1746085
-8.672000,-0.1746618
-8.664000,-0.1746085
-8.656000,-0.1746085
-8.648000,-0.1746618
-8.640000,-0.1746618
-8.632000,-0.1746618
-8.624000,-0.1746618
-8.616000,-0.1747152
-8.608000,-0.1747152
-8.600000,-0.1746618
-8.592000,-0.1746618
-8.584000,-0.1746085
-8.576000,-0.1747152
-8.568000,-0.1747685
-8.560000,-0.1746618
-8.552000,-0.1746085
-8.544000,-0.1746085
-8.536000,-0.1746618
-8.528000,-0.1746085
-8.520000,-0.1744485
-8.512000,-0.1745018
-8.504000,-0.1745551
-8.496000,-0.1746085
-8.488000,-0.1745551
-8.480000,-0.1745018
-8.472000,-0.1745018
-8.464000,-0.1745551
-8.456000,-0.1746085
-8.448000,-0.1745551
-8.440000,-0.1745018
-8.432000,-0.1744485
-8.424000,-0.1745018
-8.416000,-0.1746085
-8.408000,-0.1745551
-8.400000,-0.1745551
-8.392000,-0.1745551
-8.384000,-0.1745551
-8.376000,-0.1745018
-8.368000,-0.1745018
-8.360000,-0.1745551
-8.352000,-0.1745551
-8.344000,-0.1746085
-8.336000,-0.1746085
-8.328000,-0.1745551
-8.320000,-0.1744485
-8.312000,-0.1745018
-8.304000,-0.1746085
-8.296000,-0.1745018
-8.288000,-0.1745551
-8.280000,-0.1744485
-8.272000,-0.1744485
-8.264000,-0.1745018
-8.256000,-0.1745551
-8.248000,-0.1745551
-8.240000,-0.1745551
-8.232000,-0.1745551
-8.224000,-0.1744485
-8.216000,-0.1745018
-8.208000,-0.1745551
-8.200000,-0.1745551
-8.192000,-0.1745018
-8.184000,-0.1745018
-8.176000,-0.1745018
-8.168000,-0.1744485
-8.160000,-0.1743951
-8.152000,-0.1744485
-8.144000,-0.1745018
-8.136000,-0.1743951
-8.128000,-0.1745018
-8.120000,-0.1744485
-8.112000,-0.1743951
-8.104000,-0.1743951
-8.096000,-0.1744485
-8.088000,-0.1744485
-8.080000,-0.1744485
-8.072000,-0.1743951
-8.064000,-0.1743951
-8.056000,-0.1743951
-8.048000,-0.1743951
-8.040000,-0.1743951
-8.032000,-0.1743951
-8.024000,-0.1743951
-8.016000,-0.1743951
-8.008000,-0.1743951
-8.000000,-0.1744485
-7.992000,-0.1743951
-7.984000,-0.1743951
-7.976000,-0.1743418
-7.968000,-0.1742885
-7.960000,-0.1742885
-7.952000,-0.1743418
-7.944000,-0.1742885
-7.936000,-0.1743418
-7.928000,-0.1743951
-7.920000,-0.1743951
-7.912000,-0.1742885
-7.904000,-0.1743418
-7.896000,-0.1742885
-7.888000,-0.1742351
-7.880000,-0.1743418
-7.872000,-0.1743418
-7.864000,-0.1743418
-7.856000,-0.1743418
-7.848000,-0.1742885
-7.840000,-0.1741818
-7.832000,-0.1742351
-7.824000,-0.1742885
-7.816000,-0.1742885
-7.808000,-0.1742885
-7.800000,-0.1742885
-7.792000,-0.1742885
-7.784000,-0.1742885
-7.776000,-0.1743418
-7.768000,-0.1743951
-7.760000,-0.1744485
-7.752000,-0.1743951
-7.744000,-0.1742885
-7.736000,-0.1742351
-7.728000,-0.1741818
-7.720000,-0.1742885
-7.712000,-0.1742885
-7.704000,-0.1742885
-7.696000,-0.1743418
-7.688000,-0.1743418
-7.680000,-0.1742885
-7.672000,-0.1742351
-7.664000,-0.1742351
-7.656000,-0.1742885
-7.648000,-0.1742885
-7.640000,-0.1742885
-7.632000,-0.1742885
-7.624000,-0.1742885
-7.616000,-0.1742351
-7.608000,-0.1742885
-7.600000,-0.1742351
-7.592000,-0.1741818
-7.584000,-0.1741818
-7.576000,-0.1741284
-7.568000,-0.1741818
-7.560000,-0.1742351
-7.552000,-0.1741818
-7.544000,-0.1742351
-7.536000,-0.1742351
-7.528000,-0.1742351
-7.520000,-0.1741818
-7.512000,-0.1741818
-7.504000,-0.1741818
-7.496000,-0.1741818
-7.488000,-0.1741818
-7.480000,-0.1742351
-7.472000,-0.1742885
-7.464000,-0.1742885
-7.456000,-0.1742351
-7.448000,-0.1741284
-7.440000,-0.1741818
-7.432000,-0.1741818
-7.424000,-0.1741818
-7.416000,-0.1741818
-7.408000,-0.1741818
-7.400000,-0.1742351
-7.392000,-0.1741818
-7.384000,-0.1741284
-7.376000,-0.1740751
-7.368000,-0.1740751
-7.360000,-0.1740751
-7.352000,-0.1741284
-7.344000,-0.1741284
-7.336000,-0.1740751
-7.328000,-0.1741284
-7.320000,-0.1741818
-7.312000,-0.1741818
-7.304000,-0.1741284
-7.296000,-0.1740218
-7.288000,-0.1740218
-7.280000,-0.1740218
-7.272000,-0.1740751
-7.264000,-0.1740751
-7.256000,-0.1741284
-7.248000,-0.1741284
-7.240000,-0.1740751
-7.232000,-0.1740751
-7.224000,-0.1740751
-7.216000,-0.1740218
-7.208000,-0.1740751
-7.200000,-0.1741284
-7.192000,-0.1741284
-7.184000,-0.1740751
-7.176000,-0.1740218
-7.168000,-0.1739684
-7.160000,-0.1740218
-7.152000,-0.1740218
-7.144000,-0.1740751
-7.136000,-0.1740751
-7.128000,-0.1740751
-7.120000,-0.1740751
-7.112000,-0.1740218
-7.104000,-0.1739684
-7.096000,-0.1740751
-7.088000,-0.1741284
-7.080000,-0.1740751
-7.072000,-0.1741284
-7.064000,-0.1740218
-7.056000,-0.1739684
-7.048000,-0.1740218
-7.040000,-0.1741284
-7.032000,-0.1741284
-7.024000,-0.1740218
-7.016000,-0.1740218
-7.008000,-0.1740218
-7.000000,-0.1739684
-6.992000,-0.1740218
-6.984000,-0.1740751
-6.976000,-0.1740218
-6.968000,-0.1740218
-6.960000,-0.1739684
-6.952000,-0.1739151
-6.944000,-0.1739684
-6.936000,-0.1739684
-6.928000,-0.1739684
-6.920000,-0.1739684
-6.912000,-0.1740218
-6.904000,-0.1740218
-6.896000,-0.1739684
-6.888000,-0.1739684
-6.880000,-0.1739151
-6.872000,-0.1739151
-6.864000,-0.1739684
-6.856000,-0.1739684
-6.848000,-0.1739684
-6.840000,-0.1739684
-6.832000,-0.1739684
-6.824000,-0.1739151
-6.816000,-0.1739151
-6.808000,-0.1739684
-6.800000,-0.1739151
-6.792000,-0.1739151
-6.784000,-0.1738617
-6.776000,-0.1738617
-6.768000,-0.1738617
-6.760000,-0.1739151
-6.752000,-0.1739684
-6.744000,-0.1739151
-6.736000,-0.1738617
-6.728000,-0.1739684
-6.720000,-0.1739151
-6.712000,-0.1738617
-6.704000,-0.1738084
-6.696000,-0.1738084
-6.688000,-0.1738084
-6.680000,-0.1738617
-6.672000,-0.1738617
-6.664000,-0.1738617
-6.656000,-0.1739151
-6.648000,-0.1739151
-6.640000,-0.1738617
-6.632000,-0.1738617
-6.624000,-0.1738617
-6.616000,-0.1738617
-6.608000,-0.1738084
-6.600000,-0.1737550
-6.592000,-0.1738084
-6.584000,-0.1738084
-6.576000,-0.1738084
-6.568000,-0.1737550
-6.560000,-0.1737550
-6.552000,-0.1737017
-6.544000,-0.1737017
-6.536000,-0.1737550
-6.528000,-0.1738617
-6.520000,-0.1738084
-6.512000,-0.1738084
-6.504000,-0.1737017
-6.496000,-0.1736484
-6.488000,-0.1737550
-6.480000,-0.1738084
-6.472000,-0.1738084
-6.464000,-0.1738084
-6.456000,-0.1738084
-6.448000,-0.1737550
-6.440000,-0.1737550
-6.432000,-0.1737550
-6.424000,-0.1737550
-6.416000,-0.1737017
-6.408000,-0.1737017
-6.400000,-0.1737017
-6.392000,-0.1736484
-6.384000,-0.1736484
-6.376000,-0.1737017
-6.368000,-0.1737550
-6.360000,-0.1737550
-6.352000,-0.1737017
-6.344000,-0.1735950
-6.336000,-0.1737017
-6.328000,-0.1737017
-6.320000,-0.1737017
-6.312000,-0.1737550
-6.304000,-0.1737550
-6.296000,-0.1736484
-6.288000,-0.1737017
-6.280000,-0.1737017
-6.272000,-0.1737017
-6.264000,-0.1735950
-6.256000,-0.1736484
-6.248000,-0.1736484
-6.240000,-0.1737017
-6.232000,-0.1737017
-6.224000,-0.1735950
-6.216000,-0.1735950
-6.208000,-0.1736484
-6.200000,-0.1737017
-6.192000,-0.1736484
-6.184000,-0.1736484
-6.176000,-0.1736484
-6.168000,-0.1736484
-6.160000,-0.1736484
-6.152000,-0.1737017
-6.144000,-0.1737017
-6.136000,-0.1736484
-6.128000,-0.1734884
-6.120000,-0.1735950
-6.112000,-0.1736484
-6.104000,-0.1736484
-6.096000,-0.1736484
-6.088000,-0.1736484
-6.080000,-0.1735950
-6.072000,-0.1735950
-6.064000,-0.1736484
-6.056000,-0.1735950
-6.048000,-0.1735417
-6.040000,-0.1735950
-6.032000,-0.1735950
-6.024000,-0.1735417
-6.016000,-0.1735417
-6.008000,-0.1735417
-6.000000,-0.1735417
-5.992000,-0.1735417
-5.984000,-0.1735950
-5.976000,-0.1735950
-5.968000,-0.1735950
-5.960000,-0.1735950
-5.952000,-0.1735950
-5.944000,-0.1735950
-5.936000,-0.1736484
-5.928000,-0.1735950
-5.920000,-0.1735417
-5.912000,-0.1735417
-5.904000,-0.1735417
-5.896000,-0.1735417
-5.888000,-0.1735417
-5.880000,-0.1735950
-5.872000,-0.1734350
-5.864000,-0.1733817
-5.856000,-0.1734884
-5.848000,-0.1735417
-5.840000,-0.1735417
-5.832000,-0.1735417
-5.824000,-0.1735417
-5.816000,-0.1735417
-5.808000,-0.1734884
-5.800000,-0.1735950
-5.792000,-0.1735950
-5.784000,-0.1735417
-5.776000,-0.1734884
-5.768000,-0.1734350
-5.760000,-0.1734884
-5.752000,-0.1735417
-5.744000,-0.1735417
-5.736000,-0.1734884
-5.728000,-0.1734884
-5.720000,-0.1735417
-5.712000,-0.1735417
-5.704000,-0.1735417
-5.696000,-0.1735417
-5.688000,-0.1734884
-5.680000,-0.1734884
-5.672000,-0.1735417
-5.664000,-0.1735417
-5.656000,-0.1734884
-5.648000,-0.1734884
-5.640000,-0.1733817
-5.632000,-0.1733817
-5.624000,-0.1733283
-5.616000,-0.1733817
-5.608000,-0.1734350
-5.600000,-0.1734884
-5.592000,-0.1734884
-5.584000,-0.1734350
-5.576000,-0.1733817
-5.568000,-0.1733283
-5.560000,-0.1733817
-5.552000,-0.1733283
-5.544000,-0.1733283
-5.536000,-0.1733283
-5.528000,-0.1733817
-5.520000,-0.1733817
-5.512000,-0.1734350
-5.504000,-0.1734350
-5.496000,-0.1733817
-5.488000,-0.1733817
-5.480000,-0.1733283
-5.472000,-0.1732750
-5.464000,-0.1732750
-5.456000,-0.1733817
-5.448000,-0.1733817
-5.440000,-0.1733283
-5.432000,-0.1733817
-5.424000,-0.1733817
-5.416000,-0.1733817
-5.408000,-0.1732750
-5.400000,-0.1732750
-5.392000,-0.1733283
-5.384000,-0.1733283
-5.376000,-0.1733283
-5.368000,-0.1733817
-5.360000,-0.1733283
-5.352000,-0.1733283
-5.344000,-0.1732750
-5.336000,-0.1732750
-5.328000,-0.1732217
-5.320000,-0.1732217
-5.312000,-0.1732750
-5.304000,-0.1733283
-5.296000,-0.1733817
-5.288000,-0.1732750
-5.280000,-0.1732217
-5.272000,-0.1732750
-5.264000,-0.1733283
-5.256000,-0.1733283
-5.248000,-0.1733283
-5.240000,-0.1732750
-5.232000,-0.1732750
-5.224000,-0.1733283
-5.216000,-0.1733817
-5.208000,-0.1733283
-5.200000,-0.1733283
-5.192000,-0.1733283
-5.184000,-0.1732750
-5.176000,-0.1732217
-5.168000,-0.1732750
-5.160000,-0.1732750
-5.152000,-0.1732750
-5.144000,-0.1733283
-5.136000,-0.1733283
-5.128000,-0.1732217
-5.120000,-0.1732217
-5.112000,-0.1732217
-5.104000,-0.1732217
-5.096000,-0.1732217
-5.088000,-0.1732217
-5.080000,-0.1731683
-5.072000,-0.1731683
-5.064000,-0.1731150
-5.056000,-0.1731150
-5.048000,-0.1731683
-5.040000,-0.1732217
-5.032000,-0.1732217
-5.024000,-0.1733283
-5.016000,-0.1733283
-5.008000,-0.1732750
-5.000000,-0.1731683
-4.992000,-0.1731683
-4.984000,-0.1732217
-4.976000,-0.1732750
-4.968000,-0.1732217
-4.960000,-0.1731150
-4.952000,-0.1731683
-4.944000,-0.1731150
-4.936000,-0.1730616
-4.928000,-0.1731150
-4.920000,-0.1730616
-4.912000,-0.1731150
-4.904000,-0.1731150
-4.896000,-0.1731150
-4.888000,-0.1730616
-4.880000,-0.1730616
-4.872000,-0.1730616
-4.864000,-0.1730083
-4.856000,-0.1730083
-4.848000,-0.1730083
-4.840000,-0.1731150
-4.832000,-0.1731683
-4.824000,-0.1731150
-4.816000,-0.1730616
-4.808000,-0.1730616
-4.800000,-0.1730083
-4.792000,-0.1730083
-4.784000,-0.1730616
-4.776000,-0.1730616
-4.768000,-0.1729549
-4.760000,-0.1729549
-4.752000,-0.1730083
-4.744000,-0.1730083
-4.736000,-0.1729549
-4.728000,-0.1729549
-4.720000,-0.1729549
-4.712000,-0.1730083
-4.704000,-0.1730083
-4.696000,-0.1729549
-4.688000,-0.1730083
-4.680000,-0.1730083
-4.672000,-0.1729549
-4.664000,-0.1729549
-4.656000,-0.1730083
-4.648000,-0.1730083
-4.640000,-0.1730083
-4.632000,-0.1729549
-4.624000,-0.1729549
-4.616000,-0.1730083
-4.608000,-0.1730616
-4.600000,-0.1729549
-4.592000,-0.1730083
-4.584000,-0.1729549
-4.576000,-0.1729016
-4.568000,-0.1729549
-4.560000,-0.1729549
-4.552000,-0.1729549
-4.544000,-0.1729549
-4.536000,-0.1729016
-4.528000,-0.1729016
-4.520000,-0.1728483
-4.512000,-0.1729016
-4.504000,-0.1729549
-4.496000,-0.1730083
-4.488000,-0.1730083
-4.480000,-0.1729549
-4.472000,-0.1729016
-4.464000,-0.1728483
-4.456000,-0.1729549
-4.448000,-0.1730083
-4.440000,-0.1729549
-4.432000,-0.1729549
-4.424000,-0.1729549
-4.416000,-0.1729549
-4.408000,-0.1729549
-4.400000,-0.1730083
-4.392000,-0.1730083
-4.384000,-0.1730083
-4.376000,-0.1729549
-4.368000,-0.1729549
-4.360000,-0.1728483
-4.352000,-0.1728483
-4.344000,-0.1728483
-4.336000,-0.1728483
-4.328000,-0.1727949
-4.320000,-0.1727416
-4.312000,-0.1727949
-4.304000,-0.1729016
-4.296000,-0.1729016
-4.288000,-0.1728483
-4.280000,-0.1728483
-4.272000,-0.1728483
-4.264000,-0.1728483
-4.256000,-0.1728483
-4.248000,-0.1728483
-4.240000,-0.1729016
-4.232000,-0.1728483
-4.224000,-0.1728483
-4.216000,-0.1728483
-4.208000,-0.1729016
-4.200000,-0.1727949
-4.192000,-0.1728483
-4.184000,-0.1729016
-4.176000,-0.1727949
-4.168000,-0.1727949
-4.160000,-0.1727949
-4.152000,-0.1727949
-4.144000,-0.1727949
-4.136000,-0.1727949
-4.128000,-0.1728483
-4.120000,-0.1729549
-4.112000,-0.1728483
-4.104000,-0.1727949
-4.096000,-0.1727416
-4.088000,-0.1726883
-4.080000,-0.1727416
-4.072000,-0.1727949
-4.064000,-0.1727416
-4.056000,-0.1727949
-4.048000,-0.1727949
-4.040000,-0.1727416
-4.032000,-0.1726349
-4.024000,-0.1725816
-4.016000,-0.1726883
-4.008000,-0.1726883
-4.000000,-0.1726883
-3.992000,-0.1726883
-3.984000,-0.1726883
-3.976000,-0.1726883
-3.968000,-0.1727416
-3.960000,-0.1727416
-3.952000,-0.1726883
-3.944000,-0.1726349
-3.936000,-0.1726349
-3.928000,-0.1727416
-3.920000,-0.1727416
-3.912000,-0.1727416
-3.904000,-0.1727416
-3.896000,-0.1726883
-3.888000,-0.1727416
-3.880000,-0.1726883
-3.872000,-0.1726349
-3.864000,-0.1726349
-3.856000,-0.1726349
-3.848000,-0.1725816
-3.840000,-0.1725816
-3.832000,-0.1725816
-3.824000,-0.1726349
-3.816000,-0.1726349
-3.808000,-0.1726349
-3.800000,-0.1727416
-3.792000,-0.1726883
-3.784000,-0.1725816
-3.776000,-0.1726349
-3.768000,-0.1726349
-3.760000,-0.1725816
-3.752000,-0.1724749
-3.744000,-0.1725282
-3.736000,-0.1725816
-3.728000,-0.1726349
-3.720000,-0.1725282
-3.712000,-0.1725282
-3.704000,-0.1726349
-3.696000,-0.1726883
-3.688000,-0.1725816
-3.680000,-0.1725816
-3.672000,-0.1725282
-3.664000,-0.1725282
-3.656000,-0.1724749
-3.648000,-0.1725282
-3.640000,-0.1726349
-3.632000,-0.1726349
-3.624000,-0.1725816
-3.616000,-0.1725816
-3.608000,-0.1725816
-3.600000,-0.1725816
-3.592000,-0.1725816
-3.584000,-0.1725816
-3.576000,-0.1725816
-3.568000,-0.1725282
-3.560000,-0.1725816
-3.552000,-0.1726349
-3.544000,-0.1725282
-3.536000,-0.1725282
-3.528000,-0.1725282
-3.520000,-0.1725282
-3.512000,-0.1725816
-3.504000,-0.1725282
-3.496000,-0.1724749
-3.488000,-0.1724749
-3.480000,-0.1724749
-3.472000,-0.1725282
-3.464000,-0.1724216
-3.456000,-0.1723682
-3.448000,-0.1724749
-3.440000,-0.1724749
-3.432000,-0.1724216
-3.424000,-0.1724216
-3.416000,-0.1724749
-3.408000,-0.1724749
-3.400000,-0.1724749
-3.392000,-0.1725282
-3.384000,-0.1725282
-3.376000,-0.1724749
-3.368000,-0.1724216
-3.360000,-0.1723682
-3.352000,-0.1724749
-3.344000,-0.1723682
-3.336000,-0.1724216
-3.328000,-0.1724749
-3.320000,-0.1724749
-3.312000,-0.1725282
-3.304000,-0.1724749
-3.296000,-0.1724216
-3.288000,-0.1724749
-3.280000,-0.1724749
-3.272000,-0.1723682
-3.264000,-0.1723682
-3.256000,-0.1724216
-3.248000,-0.1724216
-3.240000,-0.1723682
-3.232000,-0.1723149
-3.224000,-0.1722615
-3.216000,-0.1723149
-3.208000,-0.1723682
-3.200000,-0.1723149
-3.192000,-0.1723149
-3.184000,-0.1723682
-3.176000,-0.1723149
-3.168000,-0.1723682
-3.160000,-0.1723682
-3.152000,-0.1723149
-3.144000,-0.1723682
-3.136000,-0.1724216
-3.128000,-0.1723682
-3.120000,-0.1723149
-3.112000,-0.1723149
-3.104000,-0.1722615
-3.096000,-0.1722082
-3.088000,-0.1722082
-3.080000,-0.1723149
-3.072000,-0.1723682
-3.064000,-0.1723682
-3.056000,-0.1723149
-3.048000,-0.1722615
-3.040000,-0.1722082
-3.032000,-0.1722615
-3.024000,-0.1723149
-3.016000,-0.1723149
-3.008000,-0.1722615
-3.000000,-0.1722615
-2.992000,-0.1722615
-2.984000,-0.1723682
-2.976000,-0.1723149
-2.968000,-0.1722082
-2.960000,-0.1723149
-2.952000,-0.1723682
-2.944000,-0.1721548
-2.936000,-0.1721548
-2.928000,-0.1722082
-2.920000,-0.1722082
-2.912000,-0.1722082
-2.904000,-0.1722615
-2.896000,-0.1722082
-2.888000,-0.1722082
-2.880000,-0.1722615
-2.872000,-0.1722615
-2.864000,-0.1722082
-2.856000,-0.1722615
-2.848000,-0.1722615
-2.840000,-0.1723149
-2.832000,-0.1722615
-2.824000,-0.1722615
-2.816000,-0.1721548
-2.808000,-0.1721548
-2.800000,-0.1721548
-2.792000,-0.1721548
-2.784000,-0.1722615
-2.776000,-0.1722615
-2.768000,-0.1722615
-2.760000,-0.1723149
-2.752000,-0.1722615
-2.744000,-0.1722615
-2.736000,-0.1721548
-2.728000,-0.1721015
-2.720000,-0.1721015
-2.712000,-0.1721548
-2.704000,-0.1722615
-2.696000,-0.1722082
-2.688000,-0.1721548
-2.680000,-0.1721015
-2.672000,-0.1720482
-2.664000,-0.1721015
-2.656000,-0.1722082
-2.648000,-0.1721548
-2.640000,-0.1721548
-2.632000,-0.1722615
-2.624000,-0.1722082
-2.616000,-0.1721548
-2.608000,-0.1721548
-2.600000,-0.1721015
-2.592000,-0.1720482
-2.584000,-0.1720482
-2.576000,-0.1721015
-2.568000,-0.1720482
-2.560000,-0.1719682
-2.552000,-0.1720482
-2.544000,-0.1721015
-2.536000,-0.1720482
-2.528000,-0.1721015
-2.520000,-0.1721548
-2.512000,-0.1721015
-2.504000,-0.1721015
-2.496000,-0.1720482
-2.488000,-0.1719682
-2.480000,-0.1720482
-2.472000,-0.1720482
-2.464000,-0.1719682
-2.456000,-0.1719682
-2.448000,-0.1720482
-2.440000,-0.1720482
-2.432000,-0.1720482
-2.424000,-0.1719682
-2.416000,-0.1719682
-2.408000,-0.1719682
-2.400000,-0.1720482
-2.392000,-0.1720482
-2.384000,-0.1719682
-2.376000,-0.1719682
-2.368000,-0.1719682
-2.360000,-0.1719148
-2.352000,-0.1719682
-2.344000,-0.1719682
-2.336000,-0.1719148
-2.328000,-0.1721015
-2.320000,-0.1720482
-2.312000,-0.1719148
-2.304000,-0.1719682
-2.296000,-0.1720482
-2.288000,-0.1719148
-2.280000,-0.1718615
-2.272000,-0.1718615
-2.264000,-0.1718615
-2.256000,-0.1719682
-2.248000,-0.1719682
-2.240000,-0.1719682
-2.232000,-0.1719148
-2.224000,-0.1719682
-2.216000,-0.1719148
-2.208000,-0.1719682
-2.200000,-0.1719682
-2.192000,-0.1718615
-2.184000,-0.1718081
-2.176000,-0.1719148
-2.168000,-0.1718615
-2.160000,-0.1719148
-2.152000,-0.1719682
-2.144000,-0.1719148
-2.136000,-0.1718615
-2.128000,-0.1718081
-2.120000,-0.1717548
-2.112000,-0.1717548
-2.104000,-0.1718081
-2.096000,-0.1719148
-2.088000,-0.1718615
-2.080000,-0.1718081
-2.072000,-0.1717548
-2.064000,-0.1717015
-2.056000,-0.1718081
-2.048000,-0.1718081
-2.040000,-0.1718081
-2.032000,-0.1717548
-2.024000,-0.1718081
-2.016000,-0.1718615
-2.008000,-0.1719148
-2.000000,-0.1718081
-1.992000,-0.1717548
-1.984000,-0.1718081
-1.976000,-0.1718081
-1.968000,-0.1718081
-1.960000,-0.1718081
-1.952000,-0.1717548
-1.944000,-0.1717015
-1.936000,-0.1718081
-1.928000,-0.1717548
-1.920000,-0.1717548
-1.912000,-0.1718081
-1.904000,-0.1717548
-1.896000,-0.1718615
-1.888000,-0.1718081
-1.880000,-0.1717548
-1.872000,-0.1717015
-1.864000,-0.1717015
-1.856000,-0.1717548
-1.848000,-0.1717548
-1.840000,-0.1717015
-1.832000,-0.1717015
-1.824000,-0.1717015
-1.816000,-0.1717015
-1.808000,-0.1717015
-1.800000,-0.1717548
-1.792000,-0.1718081
-1.784000,-0.1717015
-1.776000,-0.1717015
-1.768000,-0.1717015
-1.760000,-0.1717015
-1.752000,-0.1717015
-1.744000,-0.1716481
-1.736000,-0.1716481
-1.728000,-0.1716481
-1.720000,-0.1716481
-1.712000,-0.1716481
-1.704000,-0.1716481
-1.696000,-0.1715948
-1.688000,-0.1716481
-1.680000,-0.1718081
-1.672000,-0.1717015
-1.664000,-0.1716481
-1.656000,-0.1716481
-1.648000,-0.1717015
-1.640000,-0.1717015
-1.632000,-0.1716481
-1.624000,-0.1715948
-1.616000,-0.1715948
-1.608000,-0.1716481
-1.600000,-0.1715948
-1.592000,-0.1715948
-1.584000,-0.1716481
-1.576000,-0.1715948
-1.568000,-0.1715948
-1.560000,-0.1715948
-1.552000,-0.1715948
-1.544000,-0.1715414
-1.536000,-0.1715948
-1.528000,-0.1716481
-1.520000,-0.1716481
-1.512000,-0.1715948
-1.504000,-0.1715948
-1.496000,-0.1716481
-1.488000,-0.1715948
-1.480000,-0.1715414
-1.472000,-0.1714881
-1.464000,-0.1714881
-1.456000,-0.1715414
-1.448000,-0.1715948
-1.440000,-0.1715414
-1.432000,-0.1715414
-1.424000,-0.1714881
-1.416000,-0.1714348
-1.408000,-0.1714881
-1.400000,-0.1714881
-1.392000,-0.1715414
-1.384000,-0.1715414
-1.376000,-0.1714881
-1.368000,-0.1714348
-1.360000,-0.1714348
-1.352000,-0.1715414
-1.344000,-0.1714881
-1.336000,-0.1713814
-1.328000,-0.1714348
-1.320000,-0.1715414
-1.312000,-0.1715414
-1.304000,-0.1715414
-1.296000,-0.1714881
-1.288000,-0.1714348
-1.280000,-0.1714348
-1.272000,-0.1714881
-1.264000,-0.1714881
-1.256000,-0.1714881
-1.248000,-0.1714348
-1.240000,-0.1713281
-1.232000,-0.1713814
-1.224000,-0.1714348
-1.216000,-0.1713814
-1.208000,-0.1714348
-1.200000,-0.1714348
-1.192000,-0.1714881
-1.184000,-0.1714348
-1.176000,-0.1713281
-1.168000,-0.1713814
-1.160000,-0.1714348
-1.152000,-0.1713814
-1.144000,-0.1714348
-1.136000,-0.1714348
-1.128000,-0.1714348
-1.120000,-0.1714348
-1.112000,-0.1713814
-1.104000,-0.1714881
-1.096000,-0.1714881
-1.088000,-0.1714348
-1.080000,-0.1713814
-1.072000,-0.1713281
-1.064000,-0.1713281
-1.056000,-0.1712747
-1.048000,-0.1713281
-1.040000,-0.1713281
-1.032000,-0.1713814
-1.024000,-0.1714881
-1.016000,-0.1714348
-1.008000,-0.1714348
-1.000000,-0.1713814
-0.992000,-0.1713814
-0.984000,-0.1713814
-0.976000,-0.1713814
-0.968000,-0.1713814
-0.960000,-0.1713814
-0.952000,-0.1713814
-0.944000,-0.1712747
-0.936000,-0.1712747
-0.928000,-0.1713814
-0.920000,-0.1713281
-0.912000,-0.1712747
-0.904000,-0.1712747
-0.896000,-0.1712747
-0.888000,-0.1712747
-0.880000,-0.1713281
-0.872000,-0.1712747
-0.864000,-0.1712747
-0.856000,-0.1712747
-0.848000,-0.1712747
-0.840000,-0.1712747
-0.832000,-0.1712747
-0.824000,-0.1713281
-0.816000,-0.1713281
-0.808000,-0.1713281
-0.800000,-0.1712747
-0.792000,-0.1712214
-0.784000,-0.1712214
-0.776000,-0.1712747
-0.768000,-0.1712747
-0.760000,-0.1712214
-0.752000,-0.1712214
-0.744000,-0.1712214
-0.736000,-0.1711681
-0.728000,-0.1711681
-0.720000,-0.1712747
-0.712000,-0.1711681
-0.704000,-0.1711147
-0.696000,-0.1712214
-0.688000,-0.1712214
-0.680000,-0.1712214
-0.672000,-0.1712214
-0.664000,-0.1712214
-0.656000,-0.1712214
-0.648000,-0.1711681
-0.640000,-0.1711681
-0.632000,-0.1712214
-0.624000,-0.1712214
-0.616000,-0.1711147
-0.608000,-0.1711147
-0.600000,-0.1711681
-0.592000,-0.1711681
-0.584000,-0.1711681
-0.576000,-0.1711147
-0.568000,-0.1710614
-0.560000,-0.1710080
-0.552000,-0.1711147
-0.544000,-0.1710614
-0.536000,-0.1710080
-0.528000,-0.1710080
-0.520000,-0.1709547
-0.512000,-0.1709547
-0.504000,-0.1709014
-0.496000,-0.1709547
-0.488000,-0.1709547
-0.480000,-0.1708480
-0.472000,-0.1707947
-0.464000,-0.1707947
-0.456000,-0.1706880
-0.448000,-0.1706880
-0.440000,-0.1706347
-0.432000,-0.1705813
-0.424000,-0.1704746
-0.416000,-0.1704746
-0.408000,-0.1704746
-0.400000,-0.1703680
-0.392000,-0.1703680
-0.384000,-0.1703680
-0.376000,-0.1702079
-0.368000,-0.1700479
-0.360000,-0.1698879
-0.352000,-0.1698879
-0.344000,-0.1701013
-0.336000,-0.1706880
-0.328000,-0.1717015
-0.320000,-0.1724216
-0.312000,-0.1724216
-0.304000,-0.1714881
-0.296000,-0.1697279
-0.288000,-0.1673543
-0.280000,-0.1643939
-0.272000,-0.1611135
-0.264000,-0.1575130
-0.256000,-0.1538592
-0.248000,-0.1501254
-0.240000,-0.1466317
-0.232000,-0.1428178
-0.224000,-0.1381773
-0.216000,-0.1325499
-0.208000,-0.1259091
-0.200000,-0.1184948
-0.192000,-0.1103071
-0.184000,-0.1013193
-0.176000,-0.0912647
-0.168000,-0.0799033
-0.160000,-0.0674218
-0.152000,-0.0528066
-0.144000,-0.0332042
-0.136000,-0.0113081
-0.128000,0.0060808
-0.120000,0.0209360
-0.112000,0.0366979
-0.104000,0.0561670
-0.096000,0.0802767
-0.088000,0.1043330
-0.080000,0.1293495
-0.072000,0.1605534
-0.064000,0.1969313
-0.056000,0.2360028
-0.048000,0.2781414
-0.040000,0.3230004
-0.032000,0.3699929
-0.024000,0.4202392
-0.016000,0.4773930
-0.008000,0.5427612
-0.000000,0.6143701
0.008000,0.6886461
0.016000,0.7678560
0.024000,0.8562403
0.032000,0.9518790
0.040000,1.0506113
0.048000,1.1533708
0.056000,1.2615443
0.064000,1.3718515
0.072000,1.4528749
0.080000,1.4739709
0.088000,1.4739709
0.096000,1.4739709
0.104000,1.4739709
0.112000,1.4739709
0.120000,1.4739709
0.128000,1.4739709
0.136000,1.4739709
0.144000,1.4739709
0.152000,1.4739709
0.160000,1.4739709
0.168000,1.4739709
0.176000,1.4739709
0.184000,1.4739709
0.192000,1.4739709
0.200000,1.4739709
0.208000,1.4739709
0.216000,1.4739709
0.224000,1.4739709
0.232000,1.4739709
0.240000,1.4739709
0.248000,1.4739709
0.256000,1.4739709
0.264000,1.4739709
0.272000,1.4739709
0.280000,1.4739709
0.288000,1.4739709
0.296000,1.4739709
0.304000,1.4739709
0.312000,1.4739709
0.320000,1.4739709
0.328000,1.4739709
0.336000,1.4739709
0.344000,1.4739709
0.352000,1.4739709
0.360000,1.4739709
0.368000,1.4739709
0.376000,1.4739709
0.384000,1.4739709
0.392000,1.4739709
0.400000,1.4739709
0.408000,1.4739709
0.416000,1.4739709
0.424000,1.4739709
0.432000,1.4739709
0.440000,1.4739709
0.448000,1.4739709
0.456000,1.4739709
0.464000,1.4739709
0.472000,1.4739709
0.480000,1.4739709
0.488000,1.4739709
0.496000,1.4739709
0.504000,1.4739709
0.512000,1.4739709
0.520000,1.4739709
0.528000,1.4739709
0.536000,1.4739709
0.544000,1.4739709
0.552000,1.4739709
0.560000,1.4739709
0.568000,1.4739709
0.576000,1.4739709
0.584000,1.4739709
0.592000,1.4739709
0.600000,1.4739709
0.608000,1.4739709
0.616000,1.4739709
0.624000,1.4739709
0.632000,1.4739709
0.640000,1.4739709
0.648000,1.4739709
0.656000,1.4739709
0.664000,1.4739709
0.672000,1.4739709
0.680000,1.4739709
0.688000,1.4739709
0.696000,1.4739709
0.704000,1.4739709
0.712000,1.4739709
0.720000,1.4739709
0.728000,1.4739709
0.736000,1.4739709
0.744000,1.4739709
0.752000,1.4739709
0.760000,1.4739709
0.768000,1.4739709
0.776000,1.4739709
0.784000,1.4739709
0.792000,1.4739709
0.800000,1.4739709
0.808000,1.4739709
0.816000,1.4739709
0.824000,1.4739709
0.832000,1.4739709
0.840000,1.4739709
0.848000,1.4739709
0.856000,1.4739709
0.864000,1.4739709
0.872000,1.4739709
0.880000,1.4739709
0.888000,1.4739709
0.896000,1.4739709
0.904000,1.4739709
0.912000,1.4739709
0.920000,1.4739709
0.928000,1.4739709
0.936000,1.4739709
0.944000,1.4739709
0.952000,1.4739709
0.960000,1.4739709
0.968000,1.4739709
0.976000,1.4739709
0.984000,1.4739709
0.992000,1.4739709
1.000000,1.4739709
1.008000,1.4739709
1.016000,1.4739709
1.024000,1.4739709
1.032000,1.4739709
1.040000,1.4739709
1.048000,1.4739709
1.056000,1.4739709
1.064000,1.4739709
1.072000,1.4739709
1.080000,1.4739709
1.088000,1.4739709
1.096000,1.4739709
1.104000,1.4739709
1.112000,1.4739709
1.120000,1.4739709
1.128000,1.4739709
1.136000,1.4739709
1.144000,1.4739709
1.152000,1.4739709
1.160000,1.4739709
1.168000,1.4739709
1.176000,1.4739709
1.184000,1.4739709
1.192000,1.4739709
1.200000,1.4739709
1.208000,1.4739709
1.216000,1.4739709
1.224000,1.4739709
1.232000,1.4739709
1.240000,1.4739709
1.248000,1.4739709
1.256000,1.4739709
1.264000,1.4739709
1.272000,1.4739709
1.280000,1.4739709
1.288000,1.4739709
1.296000,1.4739709
1.304000,1.4739709
1.312000,1.4739709
1.320000,1.4739709
1.328000,1.4739709
1.336000,1.4739709
1.344000,1.4739709
1.352000,1.4739709
1.360000,1.4739709
1.368000,1.4739709
1.376000,1.4739709
1.384000,1.4739709
1.392000,1.4739709
1.400000,1.4739709
1.408000,1.4739709
1.416000,1.4739709
1.424000,1.4739709
1.432000,1.4739709
1.440000,1.4739709
1.448000,1.4739709
1.456000,1.4739709
1.464000,1.4739709
1.472000,1.4739709
1.480000,1.4739709
1.488000,1.4739709
1.496000,1.4739709
1.504000,1.4739709
1.512000,1.4739709
1.520000,1.4739709
1.528000,1.4739709
1.536000,1.4739709
1.544000,1.4739709
1.552000,1.4739709
1.560000,1.4739709
1.568000,1.4739709
1.576000,1.4739709
1.584000,1.4739709
1.592000,1.4739709
1.600000,1.4739709
1.608000,1.4739709
1.616000,1.4739709
1.624000,1.4739709
1.632000,1.4739709
1.640000,1.4739709
1.648000,1.4739709
1.656000,1.4739709
1.664000,1.4739709
1.672000,1.4739709
1.680000,1.4739709
1.688000,1.4739709
1.696000,1.4739709
1.704000,1.4739709
1.712000,1.4739709
1.720000,1.4739709
1.728000,1.4739709
1.736000,1.4739709
1.744000,1.4739709
1.752000,1.4739709
1.760000,1.4739709
1.768000,1.4739709
1.776000,1.4739709
1.784000,1.4739709
1.792000,1.4739709
1.800000,1.4739709
1.808000,1.4739709
1.816000,1.4739709
1.824000,1.4739709
1.832000,1.4739709
1.840000,1.4739709
1.848000,1.4739709
1.856000,1.4739709
1.864000,1.4739709
1.872000,1.4739709
1.880000,1.4739709
1.888000,1.4739709
1.896000,1.4739709
1.904000,1.4739709
1.912000,1.4739709
1.920000,1.4739709
1.928000,1.4739709
1.936000,1.4739709
1.944000,1.4739709
1.952000,1.4739709
1.960000,1.4739709
1.968000,1.4739709
1.976000,1.4739709
1.984000,1.4739709
1.992000,1.4739709
2.000000,1.4739709
2.008000,1.4739709
2.016000,1.4739709
2.024000,1.4739709
2.032000,1.4739709
2.040000,1.4739709
2.048000,1.4739709
2.056000,1.4739709
2.064000,1.4739709
2.072000,1.4739709
2.080000,1.4739709
2.088000,1.4739709
2.096000,1.4739709
2.104000,1.4739709
2.112000,1.4739709
2.120000,1.4739709
2.128000,1.4739709
2.136000,1.4739709
2.144000,1.4739709
2.152000,1.4739709
2.160000,1.4739709
2.168000,1.4739709
2.176000,1.4739709
2.184000,1.4739709
2.192000,1.4739709
2.200000,1.4739709
2.208000,1.4739709
2.216000,1.4739709
2.224000,1.4739709
2.232000,1.4739709
2.240000,1.4739709
2.248000,1.4739709
2.256000,1.4739709
2.264000,1.4739709
2.272000,1.4739709
2.280000,1.4739709
2.288000,1.4739709
2.296000,1.4739709
2.304000,1.4739709
2.312000,1.4739709
2.320000,1.4739709
2.328000,1.4739709
2.336000,1.4739709
2.344000,1.4739709
2.352000,1.4739709
2.360000,1.4739709
2.368000,1.4739709
2.376000,1.4739709
2.384000,1.4739709
2.392000,1.4739709
2.400000,1.4739709
2.408000,1.4739709
2.416000,1.4739709
2.424000,1.4739709
2.432000,1.4739709
2.440000,1.4739709
2.448000,1.4739709
2.456000,1.4739709
2.464000,1.4739709
2.472000,1.4739709
2.480000,1.4739709
2.488000,1.4739709
2.496000,1.4739709
2.504000,1.4739709
2.512000,1.4739709
2.520000,1.4739709
2.528000,1.4739709
2.536000,1.4739709
2.544000,1.4739709
2.552000,1.4739709
2.560000,1.4739709
2.568000,1.4739709
2.576000,1.4739709
2.584000,1.4739709
2.592000,1.4739709
2.600000,1.4739709
2.608000,1.4739709
2.616000,1.4739709
2.624000,1.4739709
2.632000,1.4739709
2.640000,1.4739709
2.648000,1.4739709
2.656000,1.4739709
2.664000,1.4739709
2.672000,1.4739709
2.680000,1.4739709
2.688000,1.4739709
2.696000,1.4739709
2.704000,1.4739709
2.712000,1.4739709
2.720000,1.4739709
2.728000,1.4739709
2.736000,1.4739709
2.744000,1.4739709
2.752000,1.4739709
2.760000,1.4739709
2.768000,1.4739709
2.776000,1.4739709
2.784000,1.4739709
2.792000,1.4739709
2.800000,1.4739709
2.808000,1.4739709
2.816000,1.4739709
2.824000,1.4739709
2.832000,1.4739709
2.840000,1.4739709
2.848000,1.4739709
2.856000,1.4739709
2.864000,1.4739709
2.872000,1.4739709
2.880000,1.4739709
2.888000,1.4739709
2.896000,1.4739709
2.904000,1.4739709
2.912000,1.4739709
2.920000,1.4739709
2.928000,1.4739709
2.936000,1.4739709
2.944000,1.4739709
2.952000,1.4739709
2.960000,1.4739709
2.968000,1.4739709
2.976000,1.4739709
2.984000,1.4739709
2.992000,1.4739709
3.000000,1.4739709
3.008000,1.4739709
3.016000,1.4739709
3.024000,1.4739709
3.032000,1.4739709
3.040000,1.4739709
3.048000,1.4739709
3.056000,1.4739709
3.064000,1.4739709
3.072000,1.4739709
3.080000,1.4739709
3.088000,1.4739709
3.096000,1.4739709
3.104000,1.4739709
3.112000,1.4739709
3.120000,1.4739709
3.128000,1.4739709
3.136000,1.4739709
3.144000,1.4739709
3.152000,1.4739709
3.160000,1.4739709
3.168000,1.4739709
3.176000,1.4739709
3.184000,1.4739709
3.192000,1.4739709
3.200000,1.4739709
3.208000,1.4739709
3.216000,1.4739709
3.224000,1.4739709
3.232000,1.4739709
3.240000,1.4739709
3.248000,1.4739709
3.256000,1.4739709
3.264000,1.4739709
3.272000,1.4739709
3.280000,1.4739709
3.288000,1.4739709
3.296000,1.4739709
3.304000,1.4739709
3.312000,1.4739709
3.320000,1.4739709
3.328000,1.4739709
3.336000,1.4739709
3.344000,1.4739709
3.352000,1.4739709
3.360000,1.4739709
3.368000,1.4739709
3.376000,1.4739709
3.384000,1.4739709
3.392000,1.4739709
3.400000,1.4739709
3.408000,1.4739709
3.416000,1.4739709
3.424000,1.4739709
3.432000,1.4739709
3.440000,1.4739709
3.448000,1.4739709
3.456000,1.4739709
3.464000,1.4739709
3.472000,1.4739709
3.480000,1.4739709
3.488000,1.4739709
3.496000,1.4739709
3.504000,1.4739709
3.512000,1.4739709
3.520000,1.4739709
3.528000,1.4739709
3.536000,1.4739709
3.544000,1.4739709
3.552000,1.4739709
3.560000,1.4739709
3.568000,1.4739709
3.576000,1.4739709
3.584000,1.4739709
3.592000,1.4739709
3.600000,1.4739709
3.608000,1.4739709
3.616000,1.4739709
3.624000,1.4739709
3.632000,1.4739709
3.640000,1.4739709
3.648000,1.4739709
3.656000,1.4739709
3.664000,1.4739709
3.672000,1.4739709
3.680000,1.4739709
3.688000,1.4739709
3.696000,1.4739709
3.704000,1.4739709
3.712000,1.4739709
3.720000,1.4739709
3.728000,1.4739709
3.736000,1.4739709
3.744000,1.4739709
3.752000,1.4739709
3.760000,1.4739709
3.768000,1.4739709
3.776000,1.4739709
3.784000,1.4739709
3.792000,1.4739709
3.800000,1.4739709
3.808000,1.4739709
3.816000,1.4739709
3.824000,1.4739709
3.832000,1.4739709
3.840000,1.4739709
3.848000,1.4739709
3.856000,1.4739709
3.864000,1.4739709
3.872000,1.4739709
3.880000,1.4739709
3.888000,1.4739709
3.896000,1.4739709
3.904000,1.4739709
3.912000,1.4739709
3.920000,1.4739709
3.928000,1.4739709
3.936000,1.4739709
3.944000,1.4739709
3.952000,1.4739709
3.960000,1.4739709
3.968000,1.4739709
3.976000,1.4739709
3.984000,1.4739709
3.992000,1.4739709
4.000000,1.4739709
4.008000,1.4739709
4.016000,1.4739709
4.024000,1.4739709
4.032000,1.4739709
4.040000,1.4739709
4.048000,1.4739709
4.056000,1.4739709
4.064000,1.4739709
4.072000,1.4739709
4.080000,1.4739709
4.088000,1.4739709
4.096000,1.4739709
4.104000,1.4739709
4.112000,1.4739709
4.120000,1.4739709
4.128000,1.4739709
4.136000,1.4739709
4.144000,1.4739709
4.152000,1.4739709
4.160000,1.4739709
4.168000,1.4739709
4.176000,1.4739709
4.184000,1.4739709
4.192000,1.4739709
4.200000,1.4739709
4.208000,1.4739709
4.216000,1.4739709
4.224000,1.4739709
4.232000,1.4739709
4.240000,1.4739709
4.248000,1.4739709
4.256000,1.4739709
4.264000,1.4739709
4.272000,1.4739709
4.280000,1.4739709
4.288000,1.4739709
4.296000,1.4739709
4.304000,1.4739709
4.312000,1.4739709
4.320000,1.4739709
4.328000,1.4739709
4.336000,1.4739709
4.344000,1.4739709
4.352000,1.4739709
4.360000,1.4739709
4.368000,1.4739709
4.376000,1.4739709
4.384000,1.4739709
4.392000,1.4739709
4.400000,1.4739709
4.408000,1.4739709
4.416000,1.4739709
4.424000,1.4739709
4.432000,1.4739709
4.440000,1.4739709
4.448000,1.4739709
4.456000,1.4739709
4.464000,1.4739709
4.472000,1.4739709
4.480000,1.4739709
4.488000,1.4739709
4.496000,1.4739709
4.504000,1.4739709
4.512000,1.4739709
4.520000,1.4739709
4.528000,1.4739709
4.536000,1.4739709
4.544000,1.4739709
4.552000,1.4739709
4.560000,1.4739709
4.568000,1.4739709
4.576000,1.4739709
4.584000,1.4739709
4.592000,1.4739709
4.600000,1.4739709
4.608000,1.4739709
4.616000,1.4739709
4.624000,1.4739709
4.632000,1.4739709
4.640000,1.4739709
4.648000,1.4739709
4.656000,1.4739709
4.664000,1.4739709
4.672000,1.4739709
4.680000,1.4739709
4.688000,1.4739709
4.696000,1.4739709
4.704000,1.4739709
4.712000,1.4739709
4.720000,1.4739709
4.728000,1.4739709
4.736000,1.4739709
4.744000,1.4739709
4.752000,1.4739709
4.760000,1.4739709
4.768000,1.4739709
4.776000,1.4739709
4.784000,1.4739709
4.792000,1.4739709
4.800000,1.4739709
4.808000,1.4739709
4.816000,1.4739709
4.824000,1.4739709
4.832000,1.4739709
4.840000,1.4739709
4.848000,1.4739709
4.856000,1.4739709
4.864000,1.4739709
4.872000,1.4739709
4.880000,1.4739709
4.888000,1.4739709
4.896000,1.4739709
4.904000,1.4739709
4.912000,1.4739709
4.920000,1.4739709
4.928000,1.4739709
4.936000,1.4739709
4.944000,1.4739709
4.952000,1.4739709
4.960000,1.4739709
4.968000,1.4739709
4.976000,1.4739709
4.984000,1.4739709
4.992000,1.4739709
5.000000,1.4739709
5.008000,1.4739709
5.016000,1.4739709
5.024000,1.4739709
5.032000,1.4739709
5.040000,1.4739709
5.048000,1.4739709
5.056000,1.4739709
5.064000,1.4739709
5.072000,1.4739709
5.080000,1.4739709
5.088000,1.4739709
5.096000,1.4739709
5.104000,1.4739709
5.112000,1.4739709
5.120000,1.4739709
5.128000,1.4739709
5.136000,1.4739709
5.144000,1.4739709
5.152000,1.4739709
5.160000,1.4739709
5.168000,1.4739709
5.176000,1.4739709
5.184000,1.4739709
5.192000,1.4739709
5.200000,1.4739709
5.208000,1.4739709
5.216000,1.4739709
5.224000,1.4739709
5.232000,1.4739709
5.240000,1.4739709
5.248000,1.4739709
5.256000,1.4739709
5.264000,1.4739709
5.272000,1.4739709
5.280000,1.4739709
5.288000,1.4739709
5.296000,1.4739709
5.304000,1.4739709
5.312000,1.4739709
5.320000,1.4739709
5.328000,1.4739709
5.336000,1.4739709
5.344000,1.4739709
5.352000,1.4739709
5.360000,1.4739709
5.368000,1.4739709
5.376000,1.4739709
5.384000,1.4739709
5.392000,1.4739709
5.400000,1.4739709
5.408000,1.4739709
5.416000,1.4739709
5.424000,1.4739709
5.432000,1.4739709
5.440000,1.4739709
5.448000,1.4739709
5.456000,1.4739709
5.464000,1.4739709
5.472000,1.4739709
5.480000,1.4739709
5.488000,1.4739709
5.496000,1.4739709
5.504000,1.4739709
5.512000,1.4739709
5.520000,1.4739709
5.528000,1.4739709
5.536000,1.4739709
5.544000,1.4739709
5.552000,1.4739709
5.560000,1.4739709
5.568000,1.4739709
5.576000,1.4739709
5.584000,1.4739709
5.592000,1.4739709
5.600000,1.4739709
5.608000,1.4739709
5.616000,1.4739709
5.624000,1.4739709
5.632000,1.4739709
5.640000,1.4739709
5.648000,1.4739709
5.656000,1.4739709
5.664000,1.4739709
5.672000,1.4739709
5.680000,1.4739709
5.688000,1.4739709
5.696000,1.4739709
5.704000,1.4739709
5.712000,1.4739709
5.720000,1.4739709
5.728000,1.4739709
5.736000,1.4739709
5.744000,1.4739709
5.752000,1.4739709
5.760000,1.4739709
5.768000,1.4739709
5.776000,1.4739709
5.784000,1.4739709
5.792000,1.4739709
5.800000,1.4739709
5.808000,1.4739709
5.816000,1.4739709
5.824000,1.4739709
5.832000,1.4739709
5.840000,1.4739709
5.848000,1.4739709
5.856000,1.4739709
5.864000,1.4739709
5.872000,1.4739709
5.880000,1.4739709
5.888000,1.4739709
5.896000,1.4739709
5.904000,1.4739709
5.912000,1.4739709
5.920000,1.4739709
5.928000,1.4739709
5.936000,1.4739709
5.944000,1.4739709
5.952000,1.4739709
5.960000,1.4739709
5.968000,1.4739709
5.976000,1.4739709
5.984000,1.4739709
5.992000,1.4739709
6.000000,1.4739709
6.008000,1.4739709
6.016000,1.4739709
6.024000,1.4739709
6.032000,1.4739709
6.040000,1.4739709
6.048000,1.4739709
6.056000,1.4739709
6.064000,1.4739709
6.072000,1.4739709
6.080000,1.4739709
6.088000,1.4739709
6.096000,1.4739709
6.104000,1.4739709
6.112000,1.4739709
6.120000,1.4739709
6.128000,1.4739709
6.136000,1.4739709
6.144000,1.4739709
6.152000,1.4739709
6.160000,1.4739709
6.168000,1.4739709
6.176000,1.4739709
6.184000,1.4739709
6.192000,1.4739709
6.200000,1.4739709
6.208000,1.4739709
6.216000,1.4739709
6.224000,1.4739709
6.232000,1.4739709
6.240000,1.4739709
6.248000,1.4739709
6.256000,1.4739709
6.264000,1.4739709
6.272000,1.4739709
6.280000,1.4739709
6.288000,1.4739709
6.296000,1.4739709
6.304000,1.4739709
6.312000,1.4739709
6.320000,1.4739709
6.328000,1.4739709
6.336000,1.4739709
6.344000,1.4739709
6.352000,1.4739709
6.360000,1.4739709
6.368000,1.4739709
6.376000,1.4739709
6.384000,1.4739709
6.392000,1.4739709
6.400000,1.4739709
6.408000,1.4739709
6.416000,1.4739709
6.424000,1.4739709
6.432000,1.4739709
6.440000,1.4739709
6.448000,1.4739709
6.456000,1.4739709
6.464000,1.4739709
6.472000,1.4739709
6.480000,1.4739709
6.488000,1.4739709
6.496000,1.4739709
6.504000,1.4739709
6.512000,1.4739709
6.520000,1.4739709
6.528000,1.4739709
6.536000,1.4739709
6.544000,1.4739709
6.552000,1.4739709
6.560000,1.4739709
6.568000,1.4739709
6.576000,1.4739709
6.584000,1.4739709
6.592000,1.4739709
6.600000,1.4739709
6.608000,1.4739709
6.616000,1.4739709
6.624000,1.4739709
6.632000,1.4739709
6.640000,1.4739709
6.648000,1.4739709
6.656000,1.4739709
6.664000,1.4739709
6.672000,1.4739709
6.680000,1.4739709
6.688000,1.4739709
6.696000,1.4739709
6.704000,1.4739709
6.712000,1.4739709
6.720000,1.4739709
6.728000,1.4739709
6.736000,1.4739709
6.744000,1.4739709
6.752000,1.4739709
6.760000,1.4739709
6.768000,1.4739709
6.776000,1.4739709
6.784000,1.4739709
6.792000,1.4739709
6.800000,1.4739709
6.808000,1.4739709
6.816000,1.4739709
6.824000,1.4739709
6.832000,1.4739709
6.840000,1.4739709
6.848000,1.4739709
6.856000,1.4739709
6.864000,1.4739709
6.872000,1.4739709
6.880000,1.4739709
6.888000,1.4739709
6.896000,1.4739709
6.904000,1.4739709
6.912000,1.4739709
6.920000,1.4739709
6.928000,1.4739709
6.936000,1.4739709
6.944000,1.4739709
6.952000,1.4739709
6.960000,1.4739709
6.968000,1.4739709
6.976000,1.4739709
6.984000,1.4739709
6.992000,1.4739709
7.000000,1.4739709
7.008000,1.4739709
7.016000,1.4739709
7.024000,1.4739709
7.032000,1.4739709
7.040000,1.4739709
7.048000,1.4739709
7.056000,1.4739709
7.064000,1.4739709
7.072000,1.4739709
7.080000,1.4739709
7.088000,1.4739709
7.096000,1.4739709
7.104000,1.4739709
7.112000,1.4739709
7.120000,1.4739709
7.128000,1.4739709
7.136000,1.4739709
7.144000,1.4739709
7.152000,1.4739709
7.160000,1.4739709
7.168000,1.4739709
7.176000,1.4739709
7.184000,1.4739709
7.192000,1.4739709
7.200000,1.4739709
7.208000,1.4739709
7.216000,1.4739709
7.224000,1.4739709
7.232000,1.4739709
7.240000,1.4739709
7.248000,1.4739709
7.256000,1.4739709
7.264000,1.4739709
7.272000,1.4739709
7.280000,1.4739709
7.288000,1.4739709
7.296000,1.4739709
7.304000,1.4739709
7.312000,1.4739709
7.320000,1.4739709
7.328000,1.4739709
7.336000,1.4739709
7.344000,1.4739709
7.352000,1.4739709
7.360000,1.4739709
7.368000,1.4739709
7.376000,1.4739709
7.384000,1.4739709
7.392000,1.4739709
7.400000,1.4739709
7.408000,1.4739709
7.416000,1.4739709
7.424000,1.4739709
7.432000,1.4739709
7.440000,1.4739709
7.448000,1.4739709
7.456000,1.4739709
7.464000,1.4739709
7.472000,1.4739709
7.480000,1.4739709
7.488000,1.4739709
7.496000,1.4739709
7.504000,1.4739709
7.512000,1.4739709
7.520000,1.4739709
7.528000,1.4739709
7.536000,1.4739709
7.544000,1.4739709
7.552000,1.4739709
7.560000,1.4739709
7.568000,1.4739709
7.576000,1.4739709
7.584000,1.4739709
7.592000,1.4739709
7.600000,1.4739709
7.608000,1.4739709
7.616000,1.4739709
7.624000,1.4739709
7.632000,1.4739709
7.640000,1.4739709
7.648000,1.4739709
7.656000,1.4739709
7.664000,1.4739709
7.672000,1.4739709
7.680000,1.4739709
7.688000,1.4739709
7.696000,1.4739709
7.704000,1.4739709
7.712000,1.4739709
7.720000,1.4739709
7.728000,1.4739709
7.736000,1.4739709
7.744000,1.4739709
7.752000,1.4739709
7.760000,1.4739709
7.768000,1.4739709
7.776000,1.4739709
7.784000,1.4739709
7.792000,1.4739709
7.800000,1.4739709
7.808000,1.4739709
7.816000,1.4739709
7.824000,1.4739709
7.832000,1.4739709
7.840000,1.4739709
7.848000,1.4739709
7.856000,1.4739709
7.864000,1.4739709
7.872000,1.4739709
7.880000,1.4739709
7.888000,1.4739709
7.896000,1.4739709
7.904000,1.4739709
7.912000,1.4739709
7.920000,1.4739709
7.928000,1.4739709
7.936000,1.4739709
7.944000,1.4739709
7.952000,1.4739709
7.960000,1.4739709
7.968000,1.4739709
7.976000,1.4739709
7.984000,1.4739709
7.992000,1.4739709
8.000000,1.4739709
8.008000,1.4739709
8.016000,1.4739709
8.024000,1.4739709
8.032000,1.4739709
8.040000,1.4739709
8.048000,1.4739709
8.056000,1.4739709
8.064000,1.4739709
8.072000,1.4739709
8.080000,1.4739709
8.088000,1.4739709
8.096000,1.4739709
8.104000,1.4739709
8.112000,1.4739709
8.120000,1.4739709
8.128000,1.4739709
8.136000,1.4739709
8.144000,1.4739709
8.152000,1.4739709
8.160000,1.4739709
8.168000,1.4739709
8.176000,1.4739709
8.184000,1.4739709
8.192000,1.4739709
8.200000,1.4739709
8.208000,1.4739709
8.216000,1.4739709
8.224000,1.4739709
8.232000,1.4739709
8.240000,1.4739709
8.248000,1.4739709
8.256000,1.4739709
8.264000,1.4739709
8.272000,1.4739709
8.280000,1.4739709
8.288000,1.4739709
8.296000,1.4739709
8.304000,1.4739709
8.312000,1.4739709
8.320000,1.4739709
8.328000,1.4739709
8.336000,1.4739709
8.344000,1.4739709
8.352000,1.4739709
8.360000,1.4739709
8.368000,1.4739709
8.376000,1.4739709
8.384000,1.4739709
8.392000,1.4739709
8.400000,1.4739709
8.408000,1.4739709
8.416000,1.4739709
8.424000,1.4739709
8.432000,1.4739709
8.440000,1.4739709
8.448000,1.4739709
8.456000,1.4739709
8.464000,1.4739709
8.472000,1.4739709
8.480000,1.4739709
8.488000,1.4739709
8.496000,1.4739709
8.504000,1.4739709
8.512000,1.4739709
8.520000,1.4739709
8.528000,1.4739709
8.536000,1.4739709
8.544000,1.4739709
8.552000,1.4739709
8.560000,1.4739709
8.568000,1.4739709
8.576000,1.4739709
8.584000,1.4739709
8.592000,1.4739709
8.600000,1.4739709
8.608000,1.4739709
8.616000,1.4739709
8.624000,1.4739709
8.632000,1.4739709
8.640000,1.4739709
8.648000,1.4739709
8.656000,1.4739709
8.664000,1.4739709
8.672000,1.4739709
8.680000,1.4739709
8.688000,1.4739709
8.696000,1.4739709
8.704000,1.4739709
8.712000,1.4739709
8.720000,1.4739709
8.728000,1.4739709
8.736000,1.4739709
8.744000,1.4739709
8.752000,1.4739709
8.760000,1.4739709
8.768000,1.4739709
8.776000,1.4739709
8.784000,1.4739709
8.792000,1.4739709
8.800000,1.4739709
8.808000,1.4739709
8.816000,1.4739709
8.824000,1.4739709
8.832000,1.4739709
8.840000,1.4739709
8.848000,1.4739709
8.856000,1.4739709
8.864000,1.4739709
8.872000,1.4739709
8.880000,1.4739709
8.888000,1.4739709
8.896000,1.4739709
8.904000,1.4739709
8.912000,1.4739709
8.920000,1.4739709
8.928000,1.4739709
8.936000,1.4739709
8.944000,1.4739709
8.952000,1.4739709
8.960000,1.4739709
8.968000,1.4739709
8.976000,1.4739709
8.984000,1.4739709
8.992000,1.4739709
9.000000,1.4739709
9.008000,1.4739709
9.016000,1.4739709
9.024000,1.4739709
9.032000,1.4739709
9.040000,1.4739709
9.048000,1.4739709
9.056000,1.4739709
9.064000,1.4739709
9.072000,1.4739709
9.080000,1.4739709
9.088000,1.4739709
9.096000,1.4739709
9.104000,1.4739709
9.112000,1.4739709
9.120000,1.4739709
9.128000,1.4739709
9.136000,1.4739709
9.144000,1.4739709
9.152000,1.4739709
9.160000,1.4739709
9.168000,1.4739709
9.176000,1.4739709
9.184000,1.4739709
9.192000,1.4739709
9.200000,1.4739709
9.208000,1.4739709
9.216000,1.4739709
9.224000,1.4739709
9.232000,1.4739709
9.240000,1.4739709
9.248000,1.4739709
9.256000,1.4739709
9.264000,1.4739709
9.272000,1.4739709
9.280000,1.4739709
9.288000,1.4739709
9.296000,1.4739709
9.304000,1.4739709
9.312000,1.4739709
9.320000,1.4739709
9.328000,1.4739709
9.336000,1.4739709
9.344000,1.4739709
9.352000,1.4739709
9.360000,1.4739709
9.368000,1.4739709
9.376000,1.4739709
9.384000,1.4739709
9.392000,1.4739709
9.400000,1.4739709
9.408000,1.4739709
9.416000,1.4739709
9.424000,1.4739709
9.432000,1.4739709
9.440000,1.4739709
9.448000,1.4739709
9.456000,1.4739709
9.464000,1.4739709
9.472000,1.4739709
9.480000,1.4739709
9.488000,1.4739709
9.496000,1.4739709
9.504000,1.4739709
9.512000,1.4739709
9.520000,1.4739709
9.528000,1.4739709
9.536000,1.4739709
9.544000,1.4739709
9.552000,1.4739709
9.560000,1.4739709
9.568000,1.4739709
9.576000,1.4739709
9.584000,1.4739709
9.592000,1.4739709
9.600000,1.4739709
9.608000,1.4739709
9.616000,1.4739709
9.624000,1.4739709
9.632000,1.4739709
9.640000,1.4739709
9.648000,1.4739709
9.656000,1.4739709
9.664000,1.4739709
9.672000,1.4739709
9.680000,1.4739709
9.688000,1.4739709
9.696000,1.4739709
9.704000,1.4739709
9.712000,1.4739709
9.720000,1.4739709
9.728000,1.4739709
9.736000,1.4739709
9.744000,1.4739709
9.752000,1.4739709
9.760000,1.4739709
9.768000,1.4739709
9.776000,1.4739709
9.784000,1.4739709
9.792000,1.4739709
9.800000,1.4739709
9.808000,1.4739709
9.816000,1.4739709
9.824000,1.4739709
9.832000,1.4739709
9.840000,1.4739709
9.848000,1.4739709
9.856000,1.4739709
9.864000,1.4739709
9.872000,1.4739709
9.880000,1.4739709
9.888000,1.4739709
9.896000,1.4739709
9.904000,1.4739709
9.912000,1.4739709
9.920000,1.4739709
9.928000,1.4739709
9.936000,1.4739709
9.944000,1.4739709
9.952000,1.4739709
9.960000,1.4739709
9.968000,1.4739709
9.976000,1.4739709
9.984000,1.4739709
9.992000,1.4739709
10.000000,1.4739709
10.008000,1.4739709
10.016000,1.4739709
10.024000,1.4739709
10.032000,1.4739709
10.040000,1.4739709
10.048000,1.4739709
10.056000,1.4739709
10.064000,1.4739709
10.072000,1.4739709
10.080000,1.4739709
10.088000,1.4739709
10.096000,1.4739709
10.104000,1.4739709
10.112000,1.4739709
10.120000,1.4739709
10.128000,1.4739709
10.136000,1.4739709
10.144000,1.4739709
10.152000,1.4739709
10.160000,1.4739709
10.168000,1.4739709
10.176000,1.4739709
10.184000,1.4739709
10.192000,1.4739709
10.200000,1.4739709
10.208000,1.4739709
10.216000,1.4739709
10.224000,1.4739709
10.232000,1.4739709
10.240000,1.4739709
10.248000,1.4739709
10.256000,1.4739709
10.264000,1.4739709
10.272000,1.4739709
10.280000,1.4739709
10.288000,1.4739709
10.296000,1.4739709
10.304000,1.4739709
10.312000,1.4739709
10.320000,1.4739709
10.328000,1.4739709
10.336000,1.4739709
10.344000,1.4739709
10.352000,1.4739709
10.360000,1.4739709
10.368000,1.4739709
10.376000,1.4739709
10.384000,1.4739709
10.392000,1.4739709
10.400000,1.4739709
10.408000,1.4739709
10.416000,1.4739709
10.424000,1.4739709
10.432000,1.4739709
10.440000,1.4739709
10.448000,1.4739709
10.456000,1.4739709
10.464000,1.4739709
10.472000,1.4739709
10.480000,1.4739709
10.488000,1.4739709
10.496000,1.4739709
10.504000,1.4739709
10.512000,1.4739709
10.520000,1.4739709
10.528000,1.4739709
10.536000,1.4739709
10.544000,1.4739709
10.552000,1.4739709
10.560000,1.4739709
10.568000,1.4739709
10.576000,1.4739709
10.584000,1.4739709
10.592000,1.4739709
10.600000,1.4739709
10.608000,1.4739709
10.616000,1.4739709
10.624000,1.4739709
10.632000,1.4739709
10.640000,1.4739709
10.648000,1.4739709
10.656000,1.4739709
10.664000,1.4739709
10.672000,1.4739709
10.680000,1.4739709
10.688000,1.4739709
10.696000,1.4739709
10.704000,1.4739709
10.712000,1.4739709
10.720000,1.4739709
10.728000,1.4739709
10.736000,1.4739709
10.744000,1.4739709
10.752000,1.4739709
10.760000,1.4739709
10.768000,1.4739709
10.776000,1.4739709
10.784000,1.4739709
10.792000,1.4739709
10.800000,1.4739709
10.808000,1.4739709
10.816000,1.4739709
10.824000,1.4739709
10.832000,1.4739709
10.840000,1.4739709
10.848000,1.4739709
10.856000,1.4739709
10.864000,1.4739709
10.872000,1.4739709
10.880000,1.4739709
10.888000,1.4739709
10.896000,1.4739709
10.904000,1.4739709
10.912000,1.4739709
10.920000,1.4739709
10.928000,1.4739709
10.936000,1.4739709
10.944000,1.4739709
10.952000,1.4739709
10.960000,1.4739709
10.968000,1.4739709
10.976000,1.4739709
10.984000,1.4739709
10.992000,1.4739709
11.000000,1.4739709
11.008000,1.4739709
11.016000,1.4739709
11.024000,1.4739709
11.032000,1.4739709
11.040000,1.4739709
11.048000,1.4739709
11.056000,1.4739709
11.064000,1.4739709
11.072000,1.4739709
11.080000,1.4739709
11.088000,1.4739709
11.096000,1.4739709
11.104000,1.4739709
11.112000,1.4739709
11.120000,1.4739709
11.128000,1.4739709
11.136000,1.4739709
11.144000,1.4739709
11.152000,1.4739709
11.160000,1.4739709
11.168000,1.4739709
11.176000,1.4739709
11.184000,1.4739709
11.192000,1.4739709
11.200000,1.4739709
11.208000,1.4739709
11.216000,1.4739709
11.224000,1.4739709
11.232000,1.4739709
11.240000,1.4739709
11.248000,1.4739709
11.256000,1.4739709
11.264000,1.4739709
11.272000,1.4739709
11.280000,1.4739709
11.288000,1.4739709
11.296000,1.4739709
11.304000,1.4739709
11.312000,1.4739709
11.320000,1.4739709
11.328000,1.4739709
11.336000,1.4739709
11.344000,1.4739709
11.352000,1.4739709
11.360000,1.4739709
11.368000,1.4739709
11.376000,1.4739709
11.384000,1.4739709
11.392000,1.4739709
11.400000,1.4739709
11.408000,1.4739709
11.416000,1.4739709
11.424000,1.4739709
11.432000,1.4739709
11.440000,1.4739709
11.448000,1.4739709
11.456000,1.4739709
11.464000,1.4739709
11.472000,1.4739709
11.480000,1.4739709
11.488000,1.4739709
11.496000,1.4739709
11.504000,1.4739709
11.512000,1.4739709
11.520000,1.4739709
11.528000,1.4739709
11.536000,1.4739709
11.544000,1.4739709
11.552000,1.4739709
11.560000,1.4739709
11.568000,1.4739709
11.576000,1.4739709
11.584000,1.4739709
11.592000,1.4739709
11.600000,1.4739709
11.608000,1.4739709
11.616000,1.4739709
11.624000,1.4739709
11.632000,1.4739709
11.640000,1.4739709
11.648000,1.4739709
11.656000,1.4739709
11.664000,1.4739709
11.672000,1.4739709
11.680000,1.4739709
11.688000,1.4739709
11.696000,1.4739709
11.704000,1.4739709
11.712000,1.4739709
11.720000,1.4739709
11.728000,1.4739709
11.736000,1.4739709
11.744000,1.4739709
11.752000,1.4739709
11.760000,1.4739709
11.768000,1.4739709
11.776000,1.4739709
11.784000,1.4739709
11.792000,1.4739709
11.800000,1.4739709
11.808000,1.4736509
11.816000,1.4665566
11.824000,1.4591157
11.832000,1.4518081
11.840000,1.4445005
11.848000,1.4371663
11.856000,1.4299120
11.864000,1.4224711
11.872000,1.4152169
11.880000,1.4080160
11.888000,1.4008418
11.896000,1.3937475
11.904000,1.3867067
11.912000,1.3798525
11.920000,1.3727582
11.928000,1.3656107
11.936000,1.3586231
11.944000,1.3515023
11.952000,1.3445681
11.960000,1.3375805
11.968000,1.3305663
11.976000,1.3238455
11.984000,1.3171780
11.992000,1.3104571
12.000000,1.3037363
12.008000,1.2970421
12.016000,1.2902679
12.024000,1.2834404
12.032000,1.2767196
12.040000,1.2701054
12.048000,1.2634646
12.056000,1.2569571
12.064000,1.2504496
12.072000,1.2440488
12.080000,1.2375413
12.088000,1.2310339
12.096000,1.2245797
12.104000,1.2181256
12.112000,1.2117248
12.120000,1.2053506
12.128000,1.1990565
12.136000,1.1927624
12.144000,1.1864683
12.152000,1.1803342
12.160000,1.1742001
12.168000,1.1679593
12.176000,1.1619319
12.184000,1.1557978
12.192000,1.1496637
12.200000,1.1435296
12.208000,1.1375022
12.216000,1.1314214
12.224000,1.1253940
12.232000,1.1195799
12.240000,1.1137925
12.248000,1.1080318
12.256000,1.1021111
12.264000,1.0961903
12.272000,1.0904296
12.280000,1.0845622
12.288000,1.0786948
12.296000,1.0727741
12.304000,1.0671200
12.312000,1.0614660
12.320000,1.0557853
12.328000,1.0502379
12.336000,1.0446372
12.344000,1.0390365
12.352000,1.0334358
12.360000,1.0280218
12.368000,1.0227412
12.376000,1.0172471
12.384000,1.0117531
12.392000,1.0062591
12.400000,1.0007384
12.408000,0.9954044
12.416000,0.9900704
12.424000,0.9848431
12.432000,0.9796424
12.440000,0.9742551
12.448000,0.9690278
12.456000,0.9638271
12.464000,0.9586532
12.472000,0.9534792
12.480000,0.9481985
12.488000,0.9430512
12.496000,0.9380906
12.504000,0.9330233
12.512000,0.9280893
12.520000,0.9230754
12.528000,0.9180881
12.536000,0.9131808
12.544000,0.9081668
12.552000,0.9032862
12.560000,0.8984856
12.568000,0.8935517
12.576000,0.8887511
12.584000,0.8840038
12.592000,0.8789632
12.600000,0.8741093
12.608000,0.8694953
12.616000,0.8646947
12.624000,0.8601342
12.632000,0.8555469
12.640000,0.8507730
12.648000,0.8462391
12.656000,0.8418919
12.664000,0.8371446
12.672000,0.8325307
12.680000,0.8280502
12.688000,0.8233829
12.696000,0.8189024
12.704000,0.8145551
12.712000,0.8099146
12.720000,0.8054607
12.728000,0.8009801
12.736000,0.7965262
12.744000,0.7922057
12.752000,0.7879118
12.760000,0.7834579
12.768000,0.7791907
12.776000,0.7749502
12.784000,0.7706297
12.792000,0.7664425
12.800000,0.7622553
12.808000,0.7579881
12.816000,0.7537475
12.824000,0.7497204
12.832000,0.7457199
12.840000,0.7414260
12.848000,0.7372922
12.856000,0.7331316
12.864000,0.7290511
12.872000,0.7249706
12.880000,0.7209701
12.888000,0.7171030
12.896000,0.7130758
12.904000,0.7091820
12.912000,0.7052615
12.920000,0.7011810
12.928000,0.6972871
12.936000,0.6935267
12.944000,0.6896595
12.952000,0.6856324
12.960000,0.6818452
12.968000,0.6781381
12.976000,0.6742709
12.984000,0.6703505
12.992000,0.6666167
13.000000,0.6630695
13.008000,0.6592557
13.016000,0.6555486
13.024000,0.6518948
13.032000,0.6482677
13.040000,0.6445606
13.048000,0.6410134
13.056000,0.6374663
13.064000,0.6339192
13.072000,0.6302121
13.080000,0.6266917
13.088000,0.6231979
13.096000,0.6196508
13.104000,0.6161037
13.112000,0.6127699
13.120000,0.6092762
13.128000,0.6058357
13.136000,0.6023686
13.144000,0.5989815
13.152000,0.5956478
13.160000,0.5923140
13.168000,0.5888736
13.176000,0.5855398
13.184000,0.5823128
13.192000,0.5792457
13.200000,0.5760187
13.208000,0.5727916
13.216000,0.5695112
13.224000,0.5663375
13.232000,0.5629504
13.240000,0.5598833
13.248000,0.5568163
13.256000,0.5536959
13.264000,0.5504688
13.272000,0.5472151
13.280000,0.5440413
13.288000,0.5411343
13.296000,0.5380672
13.304000,0.5347868
13.312000,0.5316665
13.320000,0.5287061
13.328000,0.5258524
13.336000,0.5227320
13.344000,0.5195583
13.352000,0.5166512
13.360000,0.5138776
13.368000,0.5109172
13.376000,0.5079035
13.384000,0.5049965
13.392000,0.5021428
13.400000,0.4993424
13.408000,0.4963820
13.416000,0.4933683
13.424000,0.4906747
13.432000,0.4879810
13.440000,0.4852873
13.448000,0.4823270
13.456000,0.4794199
13.464000,0.4768329
13.472000,0.4743259
13.480000,0.4715789
13.488000,0.4687786
13.496000,0.4660316
13.504000,0.4634446
13.512000,0.4606976
13.520000,0.4580573
13.528000,0.4554169
13.536000,0.4526966
13.544000,0.4501096
13.552000,0.4476293
13.560000,0.4451490
13.568000,0.4426687
13.576000,0.4400283
13.584000,0.4374147
13.592000,0.4348810
13.600000,0.4324007
13.608000,0.4300271
13.616000,0.4276534
13.624000,0.4251465
13.632000,0.4226128
13.640000,0.4201859
13.648000,0.4178656
13.656000,0.4154919
13.664000,0.4130383
13.672000,0.4106113
13.680000,0.4083977
13.688000,0.4059707
13.696000,0.4035704
13.704000,0.4013035
13.712000,0.3988765
13.720000,0.3963962
13.728000,0.3940759
13.736000,0.3919423
13.744000,0.3897820
13.752000,0.3876218
13.760000,0.3852215
13.768000,0.3829545
13.776000,0.3808476
13.784000,0.3786873
13.792000,0.3766604
13.800000,0.3745535
13.808000,0.3722865
13.816000,0.3700463
13.824000,0.3679393
13.832000,0.3658857
13.840000,0.3638055
13.848000,0.3618052
13.856000,0.3598050
13.864000,0.3576180
13.872000,0.3554044
13.880000,0.3532975
13.888000,0.3514039
13.896000,0.3494837
13.904000,0.3474834
13.912000,0.3455632
13.920000,0.3434563
13.928000,0.3414027
13.936000,0.3394291
13.944000,0.3375355
13.952000,0.3355886
13.960000,0.3337217
13.968000,0.3317748
13.976000,0.3297212
13.984000,0.3278010
13.992000,0.3258541
14.000000,0.3240405
14.008000,0.3222003
14.016000,0.3203067
14.024000,0.3185465
14.032000,0.3166529
14.040000,0.3147060
14.048000,0.3129458
14.056000,0.3112656
14.064000,0.3095054
14.072000,0.3077185
14.080000,0.3061183
14.088000,0.3042247
14.096000,0.3023311
14.104000,0.3005176
14.112000,0.2989440
14.120000,0.2972372
14.128000,0.2955569
14.136000,0.2939567
14.144000,0.2922765
14.152000,0.2906763
14.160000,0.2889428
14.168000,0.2871559
14.176000,0.2855557
14.184000,0.2838755
14.192000,0.2823820
14.200000,0.2809151
14.208000,0.2791549
14.216000,0.2774213
14.224000,0.2759812
14.232000,0.2743543
14.240000,0.2727541
14.248000,0.2711806
14.256000,0.2695804
14.264000,0.2681135
14.272000,0.2666733
14.280000,0.2651531
14.288000,0.2637130
14.296000,0.2620861
14.304000,0.2603259
14.312000,0.2587523
14.320000,0.2573122
14.328000,0.2558987
14.336000,0.2545652
14.344000,0.2532050
14.352000,0.2517115
14.360000,0.2502446
14.368000,0.2489111
14.376000,0.2474176
14.384000,0.2460041
14.392000,0.2446172
14.400000,0.2431504
14.408000,0.2418169
14.416000,0.2405101
14.424000,0.2392832
14.432000,0.2379764
14.440000,0.2366429
14.448000,0.2352027
14.456000,0.2337892
14.464000,0.2324024
14.472000,0.2310422
14.480000,0.2298154
14.488000,0.2285086
14.496000,0.2272817
14.504000,0.2261083
14.512000,0.2247481
14.520000,0.2235746
14.528000,0.2223211
14.536000,0.2209876
14.544000,0.2196275
14.552000,0.2184006
14.560000,0.2171738
14.568000,0.2159737
14.576000,0.2147468
14.584000,0.2136000
14.592000,0.2124799
14.600000,0.2114131
14.608000,0.2102129
14.616000,0.2090395
14.624000,0.2077593
14.632000,0.2065058
14.640000,0.2053857
14.648000,0.2042389
14.656000,0.2030654
14.664000,0.2019452
14.672000,0.2008518
14.680000,0.1998383
14.688000,0.1988782
14.696000,0.1977847
14.704000,0.1967179
14.712000,0.1957045
14.720000,0.1945576
14.728000,0.1934375
14.736000,0.1922374
14.744000,0.1911172
14.752000,0.1901038
14.760000,0.1890103
14.768000,0.1879435
14.776000,0.1869834
14.784000,0.1860499
14.792000,0.1849298
14.800000,0.1839697
14.808000,0.1829829
14.816000,0.1819694
14.824000,0.1811160
14.832000,0.1801559
14.840000,0.1790624
14.848000,0.1781023
14.856000,0.1771421
14.864000,0.1760487
14.872000,0.1749819
14.880000,0.1740218
14.888000,0.1731416
14.896000,0.1722882
14.904000,0.1713814
14.912000,0.1705013
14.920000,0.1696479
14.928000,0.1687411
14.936000,0.1678343
14.944000,0.1669009
14.952000,0.1659941
14.960000,0.1650873
14.968000,0.1641005
14.976000,0.1633537
14.984000,0.1625003
14.992000,0.1615669
15.000000,0.1607134
15.008000,0.1599133
15.016000,0.1590065
15.024000,0.1581264
15.032000,0.1573797
15.040000,0.1566862
15.048000,0.1558862
15.056000,0.1550060
15.064000,0.1542059
15.072000,0.1533525
15.080000,0.1525524
15.088000,0.1517790
15.096000,0.1508722
15.104000,0.1500188
15.112000,0.1492453
15.120000,0.1485519
15.128000,0.1477518
15.136000,0.1469517
15.144000,0.1461783
15.152000,0.1455382
15.160000,0.1448448
15.168000,0.1441514
15.176000,0.1434579
15.184000,0.1427378
15.192000,0.1419377
15.200000,0.1411910
15.208000,0.1405509
15.216000,0.1397775
15.224000,0.1390841
15.232000,0.1383373
15.240000,0.1375905
15.248000,0.1367638
15.256000,0.1360703
15.264000,0.1354303
15.272000,0.1347902
15.280000,0.1340701
15.288000,0.1333767
15.296000,0.1326833
15.304000,0.1320432
15.312000,0.1315631
15.320000,0.1310831
15.328000,0.1304163
15.336000,0.1298296
15.344000,0.1291895
15.352000,0.1285494
15.360000,0.1278827
15.368000,0.1272959
15.376000,0.1266558
15.384000,0.1260158
15.392000,0.1253757
15.400000,0.1247089
15.408000,0.1240688
15.416000,0.1234288
15.424000,0.1227887
15.432000,0.1220419
15.440000,0.1215352
15.448000,0.1208951
15.456000,0.1202017
15.464000,0.1196149
15.472000,0.1190816
15.480000,0.1185215
15.488000,0.1180414
15.496000,0.1166546
15.504000,0.1136409
15.512000,0.1140676
15.520000,0.1167613
15.528000,0.1168146
15.536000,0.1158011
15.544000,0.1148677
15.552000,0.1144410
15.560000,0.1139609
15.568000,0.1134809
15.576000,0.1127874
15.584000,0.1122807
15.592000,0.1117473
15.600000,0.1109472
15.608000,0.1103605
15.616000,0.1098804
15.624000,0.1093737
15.632000,0.1089470
15.640000,0.1083602
15.648000,0.1079335
15.656000,0.1075601
15.664000,0.1070267
15.672000,0.1066000
15.680000,0.1060399
15.688000,0.1056665
15.696000,0.1053465
15.704000,0.1048664
15.712000,0.1044397
15.720000,0.1040130
15.728000,0.1035863
15.736000,0.1031329
15.744000,0.1027595
15.752000,0.1024395
15.760000,0.1020127
15.768000,0.1015327
15.776000,0.1012127
15.784000,0.1007859
15.792000,0.1003325
15.800000,0.1000125
15.808000,0.0995324
15.816000,0.0991057
15.824000,0.0987857
15.832000,0.0984123
15.840000,0.0980389
15.848000,0.0976655
15.856000,0.0973188
15.864000,0.0968921
15.872000,0.0963587
15.880000,0.0959853
15.888000,0.0956653
15.896000,0.0952919
15.904000,0.0948652
15.912000,0.0944918
15.920000,0.0941984
15.928000,0.0938784
15.936000,0.0935050
15.944000,0.0932383
15.952000,0.0928649
15.960000,0.0924382
15.968000,0.0921182
15.976000,0.0918515
15.984000,0.0914248
15.992000,0.0910781
16.000000,0.0908113
16.008000,0.0904913
16.016000,0.0901713
16.024000,0.0899046
16.032000,0.0896379
16.040000,0.0893178
16.048000,0.0891045
16.056000,0.0888378
16.064000,0.0885177
16.072000,0.0882510
16.080000,0.0878510
16.088000,0.0875843
16.096000,0.0871042
16.104000,0.0860908
16.112000,0.0860374
16.120000,0.0867842
16.128000,0.0863041
16.136000,0.0858241
16.144000,0.0860374
16.152000,0.0860908
16.160000,0.0857174
16.168000,0.0852907
16.176000,0.0849440
16.184000,0.0846772
16.192000,0.0844106
16.200000,0.0840905
16.208000,0.0838238
16.216000,0.0834504
16.224000,0.0832371
16.232000,0.0831304
16.240000,0.0828104
16.248000,0.0824370
16.256000,0.0822236
16.264000,0.0819836
16.272000,0.0818236
16.280000,0.0815569
16.288000,0.0812902
16.296000,0.0809701
16.304000,0.0807568
16.312000,0.0805434
16.320000,0.0803834
16.328000,0.0801700
16.336000,0.0799567
16.344000,0.0796366
16.352000,0.0794233
16.360000,0.0791566
16.368000,0.0788632
16.376000,0.0786498
16.384000,0.0785965
16.392000,0.0784365
16.400000,0.0782231
16.408000,0.0780098
16.416000,0.0779031
16.424000,0.0777431
16.432000,0.0775297
16.440000,0.0773697
16.448000,0.0771563
16.456000,0.0770496
16.464000,0.0769429
16.472000,0.0766763
16.480000,0.0765162
16.488000,0.0764096
16.496000,0.0763562
16.504000,0.0761428
16.512000,0.0759028
16.520000,0.0757961
16.528000,0.0756895
16.536000,0.0755828
16.544000,0.0753694
16.552000,0.0752094
16.560000,0.0751561
16.568000,0.0750494
16.576000,0.0748360
16.584000,0.0746227
16.592000,0.0744093
16.600000,0.0743560
16.608000,0.0741959
16.616000,0.0740893
16.624000,0.0739292
16.632000,0.0736625
16.640000,0.0735559
16.648000,0.0735025
16.656000,0.0734492
16.664000,0.0733425
16.672000,0.0732892
16.680000,0.0730225
16.688000,0.0727824
16.696000,0.0727824
16.704000,0.0727291
16.712000,0.0725691
16.720000,0.0724091
16.728000,0.0723024
16.736000,0.0721957
16.744000,0.0721957
16.752000,0.0720890
16.760000,0.0718756
16.768000,0.0717690
16.776000,0.0716623
16.784000,0.0716090
16.792000,0.0715023
16.800000,0.0713956
16.808000,0.0712356
16.816000,0.0711822
16.824000,0.0710222
16.832000,0.0709155
16.840000,0.0709155
16.848000,0.0708622
16.856000,0.0708089
16.864000,0.0707555
16.872000,0.0705955
16.880000,0.0704888
16.888000,0.0703821
16.896000,0.0703821
16.904000,0.0703288
16.912000,0.0701688
16.920000,0.0700621
16.928000,0.0699021
16.936000,0.0698221
16.944000,0.0697687
16.952000,0.0697154
16.960000,0.0696620
16.968000,0.0696087
16.976000,0.0695020
16.984000,0.0693420
16.992000,0.0692887
17.000000,0.0693420
17.008000,0.0692887
17.016000,0.0692353
17.024000,0.0691286
17.032000,0.0690220
17.040000,0.0689686
17.048000,0.0690220
17.056000,0.0689153
17.064000,0.0688619
17.072000,0.0688619
17.080000,0.0688086
17.088000,0.0687019
17.096000,0.0685419
17.104000,0.0684352
17.112000,0.0684886
17.120000,0.0684352
17.128000,0.0682752
17.136000,0.0682752
17.144000,0.0683285
17.152000,0.0682219
17.160000,0.0681685
17.168000,0.0681152
17.176000,0.0680618
17.184000,0.0681152
17.192000,0.0680618
17.200000,0.0679018
17.208000,0.0678485
17.216000,0.0679018
17.224000,0.0677951
17.232000,0.0678485
17.240000,0.0677951
17.248000,0.0677418
17.256000,0.0677418
17.264000,0.0677951
17.272000,0.0677418
17.280000,0.0676885
17.288000,0.0676885
17.296000,0.0676351
17.304000,0.0676351
17.312000,0.0675818
17.320000,0.0675284
17.328000,0.0674751
17.336000,0.0675284
17.344000,0.0675284
17.352000,0.0674751
17.360000,0.0674751
17.368000,0.0675284
17.376000,0.0674751
17.384000,0.0673684
17.392000,0.0673151
17.400000,0.0673684
17.408000,0.0674751
17.416000,0.0674218
17.424000,0.0673151
17.432000,0.0673151
17.440000,0.0672617
17.448000,0.0673151
17.456000,0.0673684
17.464000,0.0673684
17.472000,0.0673684
17.480000,0.0673151
17.488000,0.0672617
17.496000,0.0672617
17.504000,0.0673151
17.512000,0.0672617
17.520000,0.0672084
17.528000,0.0672617
17.536000,0.0672617
17.544000,0.0672617
17.552000,0.0672084
17.560000,0.0673151
17.568000,0.0673684
17.576000,0.0673684
17.584000,0.0673684
17.592000,0.0673684
17.600000,0.0674218
17.608000,0.0673151
17.616000,0.0673151
17.624000,0.0673151
17.632000,0.0673151
17.640000,0.0673684
17.648000,0.0674218
17.656000,0.0673684
17.664000,0.0673684
17.672000,0.0674218
17.680000,0.0674218
17.688000,0.0675284
17.696000,0.0675818
17.704000,0.0676351
17.712000,0.0675818
17.720000,0.0674218
17.728000,0.0674218
17.736000,0.0674751
17.744000,0.0675284
17.752000,0.0675284
17.760000,0.0676351
17.768000,0.0676351
17.776000,0.0676351
17.784000,0.0676885
17.792000,0.0676885
17.800000,0.0676885
17.808000,0.0677418
17.816000,0.0676885
17.824000,0.0676885
17.832000,0.0677951
17.840000,0.0678485
17.848000,0.0679018
17.856000,0.0678485
17.864000,0.0678485
17.872000,0.0679018
17.880000,0.0680085
17.888000,0.0680085
17.896000,0.0679552
17.904000,0.0679018
17.912000,0.0680085
17.920000,0.0680618
17.928000,0.0681152
17.936000,0.0681152
17.944000,0.0681152
17.952000,0.0681685
17.960000,0.0682219
17.968000,0.0683819
17.976000,0.0684886
17.984000,0.0683819
17.992000,0.0683819
18.000000,0.0684352
18.008000,0.0684886
18.016000,0.0685952
18.024000,0.0685419
18.032000,0.0685952
18.040000,0.0685952
18.048000,0.0685952
18.056000,0.0686486
18.064000,0.0687553
18.072000,0.0687019
18.080000,0.0687019
18.088000,0.0687553
18.096000,0.0688086
18.104000,0.0688619
18.112000,0.0689153
18.120000,0.0689686
18.128000,0.0689686
18.136000,0.0690220
18.144000,0.0690753
18.152000,0.0691286
18.160000,0.0691820
18.168000,0.0691820
18.176000,0.0692887
18.184000,0.0692887
18.192000,0.0693953
18.200000,0.0694487
18.208000,0.0695020
18.216000,0.0695020
18.224000,0.0695020
18.232000,0.0695554
18.240000,0.0696620
18.248000,0.0696620
18.256000,0.0697154
18.264000,0.0697154
18.272000,0.0698221
18.280000,0.0698221
18.288000,0.0699021
18.296000,0.0699554
18.304000,0.0700087
18.312000,0.0700621
18.320000,0.0701688
18.328000,0.0702221
18.336000,0.0702221
18.344000,0.0702755
18.352000,0.0702755
18.360000,0.0702755
18.368000,0.0703288
18.376000,0.0703821
18.384000,0.0703821
18.392000,0.0705421
18.400000,0.0705955
18.408000,0.0706488
18.416000,0.0707555
18.424000,0.0708089
18.432000,0.0708622
18.440000,0.0708089
18.448000,0.0709155
18.456000,0.0710222
18.464000,0.0710756
18.472000,0.0710756
18.480000,0.0712356
18.488000,0.0711822
18.496000,0.0712889
18.504000,0.0713422
18.512000,0.0713422
18.520000,0.0713422
18.528000,0.0715023
18.536000,0.0716090
18.544000,0.0716090
18.552000,0.0717156
18.560000,0.0717690
18.568000,0.0716623
18.576000,0.0717156
18.584000,0.0718223
18.592000,0.0718756
18.600000,0.0719290
18.608000,0.0719290
18.616000,0.0719823
18.624000,0.0720890
18.632000,0.0721957
18.640000,0.0721957
18.648000,0.0723024
18.656000,0.0723024
18.664000,0.0723557
18.672000,0.0724624
18.680000,0.0725157
18.688000,0.0726224
18.696000,0.0726224
18.704000,0.0726224
18.712000,0.0726224
18.720000,0.0727291
18.728000,0.0728358
18.736000,0.0728891
18.744000,0.0728891
18.752000,0.0729691
18.760000,0.0730225
18.768000,0.0731291
18.776000,0.0731825
18.784000,0.0731825
18.792000,0.0732892
18.800000,0.0733425
18.808000,0.0733958
18.816000,0.0734492
18.824000,0.0735559
18.832000,0.0735025
18.840000,0.0735559
18.848000,0.0737692
18.856000,0.0737159
18.864000,0.0736625
18.872000,0.0738226
18.880000,0.0739292
18.888000,0.0740359
18.896000,0.0740359
18.904000,0.0740893
18.912000,0.0741426
18.920000,0.0741959
18.928000,0.0742493
18.936000,0.0743560
18.944000,0.0744626
18.952000,0.0744626
18.960000,0.0744093
18.968000,0.0745160
18.976000,0.0746760
18.984000,0.0747293
18.992000,0.0747293
19.000000,0.0747293
19.008000,0.0748360
19.016000,0.0749427
19.024000,0.0750494
19.032000,0.0751027
19.040000,0.0751027
19.048000,0.0751561
19.056000,0.0752094
19.064000,0.0752627
19.072000,0.0753694
19.080000,0.0754228
19.088000,0.0754228
19.096000,0.0754761
19.104000,0.0756361
19.112000,0.0756895
19.120000,0.0756895
19.128000,0.0757961
19.136000,0.0758495
19.144000,0.0759028
19.152000,0.0759828
19.160000,0.0760362
19.168000,0.0761428
19.176000,0.0762495
19.184000,0.0761428
19.192000,0.0761428
19.200000,0.0761962
19.208000,0.0763562
19.216000,0.0764096
19.224000,0.0763562
19.232000,0.0764629
19.240000,0.0766229
19.248000,0.0766763
19.256000,0.0767296
19.264000,0.0767829
19.272000,0.0768363
19.280000,0.0768896
19.288000,0.0769429
19.296000,0.0769963
19.304000,0.0769963
19.312000,0.0769963
19.320000,0.0770496
19.328000,0.0771563
19.336000,0.0772630
19.344000,0.0772630
19.352000,0.0773697
19.360000,0.0774230
19.368000,0.0774763
19.376000,0.0774763
19.384000,0.0775830
19.392000,0.0776897
19.400000,0.0776364
19.408000,0.0776897
19.416000,0.0777431
19.424000,0.0777964
19.432000,0.0779564
19.440000,0.0779564
19.448000,0.0780098
19.456000,0.0779564
19.464000,0.0781164
19.472000,0.0781698
19.480000,0.0781698
19.488000,0.0782764
19.496000,0.0783298
19.504000,0.0783831
19.512000,0.0785965
19.520000,0.0787032
19.528000,0.0787032
19.536000,0.0786498
19.544000,0.0787565
19.552000,0.0788632
19.560000,0.0789165
19.568000,0.0789165
19.576000,0.0789165
19.584000,0.0789165
19.592000,0.0791032
19.600000,0.0792632
19.608000,0.0792632
19.616000,0.0792632
19.624000,0.0793166
19.632000,0.0794766
19.640000,0.0794766
19.648000,0.0794766
19.656000,0.0794766
19.664000,0.0795833
19.672000,0.0797433
19.680000,0.0797966
19.688000,0.0797966
19.696000,0.0798500
19.704000,0.0799567
19.712000,0.0799567
19.720000,0.0800100
19.728000,0.0800633
19.736000,0.0800633
19.744000,0.0801167
19.752000,0.0802234
19.760000,0.0802767
19.768000,0.0803300
19.776000,0.0804367
19.784000,0.0805967
19.792000,0.0805434
19.800000,0.0805967
19.808000,0.0807034
19.816000,0.0808101
19.824000,0.0808101
19.832000,0.0808634
19.840000,0.0808634
19.848000,0.0809701
19.856000,0.0809701
19.864000,0.0809701
19.872000,0.0810235
19.880000,0.0811301
19.888000,0.0812368
19.896000,0.0812368
19.904000,0.0812368
19.912000,0.0813435
19.920000,0.0813968
19.928000,0.0814502
19.936000,0.0815035
19.944000,0.0815569
19.952000,0.0816635
19.960000,0.0817169
19.968000,0.0817169
19.976000,0.0817702
19.984000,0.0819302
19.992000,0.0819836
20.000000,0.0820369
20.008000,0.0820369
20.016000,0.0821169
20.024000,0.0822770
20.032000,0.0823303
20.040000,0.0823303
20.048000,0.0823303
20.056000,0.0824370
20.064000,0.0825436
20.072000,0.0825436
20.080000,0.0825970
20.088000,0.0827037
20.096000,0.0827037
20.104000,0.0826503
20.112000,0.0828104
20.120000,0.0829170
20.128000,0.0830770
20.136000,0.0831304
20.144000,0.0831304
20.152000,0.0830770
20.160000,0.0831837
20.168000,0.0832904
20.176000,0.0833438
20.184000,0.0833438
20.192000,0.0833971
20.200000,0.0835038
20.208000,0.0836105
20.216000,0.0836105
20.224000,0.0836638
20.232000,0.0836638
20.240000,0.0837705
20.248000,0.0838238
20.256000,0.0838238
20.264000,0.0840372
20.272000,0.0840372
20.280000,0.0840372
20.288000,0.0840905
20.296000,0.0841972
20.304000,0.0842505
20.312000,0.0843039
20.320000,0.0843572
20.328000,0.0844106
20.336000,0.0844106
20.344000,0.0844639
20.352000,0.0845172
20.360000,0.0846239
20.368000,0.0846772
20.376000,0.0847306
20.384000,0.0847306
20.392000,0.0847306
20.400000,0.0847306
20.408000,0.0848373
20.416000,0.0848906
20.424000,0.0848906
20.432000,0.0850506
20.440000,0.0851840
20.448000,0.0852373
20.456000,0.0852373
20.464000,0.0851840
20.472000,0.0851840
20.480000,0.0852907
20.488000,0.0853440
20.496000,0.0854507
20.504000,0.0854507
20.512000,0.0855574
20.520000,0.0856107
20.528000,0.0857174
20.536000,0.0856640
20.544000,0.0857174
20.552000,0.0857707
20.560000,0.0857707
20.568000,0.0858241
20.576000,0.0859841
20.584000,0.0859307
20.592000,0.0859307
20.600000,0.0860374
20.608000,0.0860374
20.616000,0.0861441
20.624000,0.0861441
20.632000,0.0861441
20.640000,0.0863041
20.648000,0.0863575
20.656000,0.0863041
20.664000,0.0864108
20.672000,0.0864641
20.680000,0.0864641
20.688000,0.0865708
20.696000,0.0865175
20.704000,0.0865708
20.712000,0.0866242
20.720000,0.0867308
20.728000,0.0867842
20.736000,0.0866775
20.744000,0.0867308
20.752000,0.0868375
20.760000,0.0868909
20.768000,0.0869442
20.776000,0.0869975
20.784000,0.0870509
20.792000,0.0871576
20.800000,0.0871576
20.808000,0.0872642
20.816000,0.0872642
20.824000,0.0872109
20.832000,0.0872109
20.840000,0.0872109
20.848000,0.0872642
20.856000,0.0873709
20.864000,0.0874776
20.872000,0.0875309
20.880000,0.0875309
20.888000,0.0875309
20.896000,0.0876376
20.904000,0.0877976
20.912000,0.0877443
20.920000,0.0876376
20.928000,0.0877443
20.936000,0.0877976
20.944000,0.0879043
20.952000,0.0880110
20.960000,0.0879577
20.968000,0.0880110
20.976000,0.0880110
20.984000,0.0881177
20.992000,0.0881710
21.000000,0.0881710
21.008000,0.0883044
21.016000,0.0883044
21.024000,0.0883044
21.032000,0.0883577
21.040000,0.0884644
21.048000,0.0885177
21.056000,0.0885711
21.064000,0.0885177
21.072000,0.0886777
21.080000,0.0887844
21.088000,0.0887311
21.096000,0.0887844
21.104000,0.0887844
21.112000,0.0887311
21.120000,0.0887844
21.128000,0.0888378
21.136000,0.0888911
21.144000,0.0889445
21.152000,0.0888911
21.160000,0.0889445
21.168000,0.0890511
21.176000,0.0890511
21.184000,0.0889978
21.192000,0.0890511
21.200000,0.0891578
21.208000,0.0892112
21.216000,0.0893178
21.224000,0.0892645
21.232000,0.0892645
21.240000,0.0892645
21.248000,0.0893178
21.256000,0.0893178
21.264000,0.0893712
21.272000,0.0894245
21.280000,0.0894778
21.288000,0.0895312
21.296000,0.0895845
21.304000,0.0895845
21.312000,0.0896912
21.320000,0.0897446
21.328000,0.0896912
21.336000,0.0897979
21.344000,0.0897979
21.352000,0.0898512
21.360000,0.0899046
21.368000,0.0899046
21.376000,0.0899579
21.384000,0.0900113
21.392000,0.0900113
21.400000,0.0900113
21.408000,0.0900113
21.416000,0.0900113
21.424000,0.0901179
21.432000,0.0901179
21.440000,0.0901179
21.448000,0.0901713
21.456000,0.0902779
21.464000,0.0902779
21.472000,0.0902779
21.480000,0.0902779
21.488000,0.0903313
21.496000,0.0903846
21.504000,0.0904380
21.512000,0.0905447
21.520000,0.0905447
21.528000,0.0904913
21.536000,0.0905447
21.544000,0.0905980
21.552000,0.0906513
21.560000,0.0907047
21.568000,0.0907047
21.576000,0.0908113
21.584000,0.0907580
21.592000,0.0907580
21.600000,0.0907580
21.608000,0.0908113
21.616000,0.0909180
21.624000,0.0909180
21.632000,0.0909714
21.640000,0.0910247
21.648000,0.0909714
21.656000,0.0910781
21.664000,0.0910781
21.672000,0.0910781
21.680000,0.0910781
21.688000,0.0911847
21.696000,0.0912381
21.704000,0.0912381
21.712000,0.0912381
21.720000,0.0912381
21.728000,0.0913181
21.736000,0.0914248
21.744000,0.0914248
21.752000,0.0914248
21.760000,0.0914781
21.768000,0.0915848
21.776000,0.0916381
21.784000,0.0916381
21.792000,0.0916915
21.800000,0.0917448
21.808000,0.0918515
21.816000,0.0917981
21.824000,0.0917981
21.832000,0.0917981
21.840000,0.0918515
21.848000,0.0919048
21.856000,0.0919048
21.864000,0.0918515
21.872000,0.0919582
21.880000,0.0919582
21.888000,0.0921182
21.896000,0.0921182
21.904000,0.0920648
21.912000,0.0921715
21.920000,0.0923315
21.928000,0.0923849
21.936000,0.0923315
21.944000,0.0923315
21.952000,0.0923315
21.960000,0.0923315
21.968000,0.0923849
21.976000,0.0924916
21.984000,0.0924916
21.992000,0.0924916
22.000000,0.0924382
22.008000,0.0924382
22.016000,0.0925449
22.024000,0.0925982
22.032000,0.0926516
22.040000,0.0927049
22.048000,0.0927583
22.056000,0.0927583
22.064000,0.0927049
22.072000,0.0927583
22.080000,0.0928116
22.088000,0.0928649
22.096000,0.0928649
22.104000,0.0929183
22.112000,0.0928649
22.120000,0.0929716
22.128000,0.0929716
22.136000,0.0929183
22.144000,0.0929716
22.152000,0.0931316
22.160000,0.0931316
22.168000,0.0930783
22.176000,0.0930783
22.184000,0.0931850
22.192000,0.0932917
22.200000,0.0932917
22.208000,0.0933450
22.216000,0.0933450
22.224000,0.0933450
22.232000,0.0932917
22.240000,0.0933450
22.248000,0.0934517
22.256000,0.0934517
22.264000,0.0934517
22.272000,0.0934517
22.280000,0.0935584
22.288000,0.0936117
22.296000,0.0936117
22.304000,0.0935584
22.312000,0.0936117
22.320000,0.0936650
22.328000,0.0937717
22.336000,0.0936650
22.344000,0.0937184
22.352000,0.0937717
22.360000,0.0938251
22.368000,0.0938251
22.376000,0.0938251
22.384000,0.0938784
22.392000,0.0938251
22.400000,0.0939317
22.408000,0.0939851
22.416000,0.0939317
22.424000,0.0939317
22.432000,0.0938784
22.440000,0.0939851
22.448000,0.0940384
22.456000,0.0941451
22.464000,0.0941451
22.472000,0.0940918
22.480000,0.0940918
22.488000,0.0941451
22.496000,0.0942518
22.504000,0.0941984
22.512000,0.0941984
22.520000,0.0942518
22.528000,0.0943051
22.536000,0.0943851
22.544000,0.0943851
22.552000,0.0944385
22.560000,0.0944385
22.568000,0.0944918
22.576000,0.0944918
22.584000,0.0944918
22.592000,0.0944918
22.600000,0.0946518
22.608000,0.0945985
22.616000,0.0945985
22.624000,0.0945985
22.632000,0.0947052
22.640000,0.0948119
22.648000,0.0948119
22.656000,0.0945985
22.664000,0.0945452
22.672000,0.0945985
22.680000,0.0947052
22.688000,0.0948652
22.696000,0.0948652
22.704000,0.0948119
22.712000,0.0947585
22.720000,0.0948652
22.728000,0.0950252
22.736000,0.0949719
22.744000,0.0949185
22.752000,0.0949185
22.760000,0.0949185
22.768000,0.0949719
22.776000,0.0950785
22.784000,0.0951852
22.792000,0.0950785
22.800000,0.0950785
22.808000,0.0950785
22.816000,0.0951319
22.824000,0.0951852
22.832000,0.0951852
22.840000,0.0951852
22.848000,0.0951319
22.856000,0.0951852
22.864000,0.0952919
22.872000,0.0952919
22.880000,0.0952919
22.888000,0.0953453
22.896000,0.0953453
22.904000,0.0953453
22.912000,0.0953986
22.920000,0.0953453
22.928000,0.0953986
22.936000,0.0953986
22.944000,0.0954519
22.952000,0.0955053
22.960000,0.0955586
22.968000,0.0955586
22.976000,0.0955586
22.984000,0.0955586
22.992000,0.0955586
23.000000,0.0956120
23.008000,0.0956120
23.016000,0.0956653
23.024000,0.0957186
23.032000,0.0958786
23.040000,0.0958786
23.048000,0.0957720
23.056000,0.0957720
23.064000,0.0957720
23.072000,0.0957186
23.080000,0.0957186
23.088000,0.0957720
23.096000,0.0959320
23.104000,0.0959320
23.112000,0.0959853
23.120000,0.0959853
23.128000,0.0959853
23.136000,0.0959853
23.144000,0.0960920
23.152000,0.0960387
23.160000,0.0960920
23.168000,0.0960920
23.176000,0.0961454
23.184000,0.0960920
23.192000,0.0960920
23.200000,0.0960920
23.208000,0.0960920
23.216000,0.0961987
23.224000,0.0961987
23.232000,0.0961987
23.240000,0.0962520
23.248000,0.0962520
23.256000,0.0963587
23.264000,0.0963587
23.272000,0.0963587
23.280000,0.0963054
23.288000,0.0963587
23.296000,0.0964654
23.304000,0.0964654
23.312000,0.0965187
23.320000,0.0965187
23.328000,0.0964654
23.336000,0.0964120
23.344000,0.0964654
23.352000,0.0964654
23.360000,0.0964654
23.368000,0.0965721
23.376000,0.0965721
23.384000,0.0965721
23.392000,0.0965721
23.400000,0.0966788
23.408000,0.0967321
23.416000,0.0966788
23.424000,0.0967321
23.432000,0.0967321
23.440000,0.0967854
23.448000,0.0967854
23.456000,0.0967854
23.464000,0.0968388
23.472000,0.0968921
23.480000,0.0968921
23.488000,0.0969988
23.496000,0.0970521
23.504000,0.0968921
23.512000,0.0967854
23.520000,0.0968921
23.528000,0.0969455
23.536000,0.0969455
23.544000,0.0969455
23.552000,0.0970521
23.560000,0.0971055
23.568000,0.0971055
23.576000,0.0971055
23.584000,0.0971055
23.592000,0.0972121
23.600000,0.0972121
23.608000,0.0971588
23.616000,0.0971588
23.624000,0.0971588
23.632000,0.0971588
23.640000,0.0972121
23.648000,0.0971588
23.656000,0.0971588
23.664000,0.0971588
23.672000,0.0973188
23.680000,0.0973722
23.688000,0.0974522
23.696000,0.0973722
23.704000,0.0973722
23.712000,0.0974522
23.720000,0.0974522
23.728000,0.0974522
23.736000,0.0973722
23.744000,0.0975055
23.752000,0.0976122
23.760000,0.0976122
23.768000,0.0976122
23.776000,0.0975589
23.784000,0.0975055
23.792000,0.0975589
23.800000,0.0976122
23.808000,0.0977189
23.816000,0.0976655
23.824000,0.0976655
23.832000,0.0976655
23.840000,0.0976655
23.848000,0.0976655
23.856000,0.0975589
23.864000,0.0976122
23.872000,0.0976655
23.880000,0.0976655
23.888000,0.0976655
23.896000,0.0977722
23.904000,0.0977722
23.912000,0.0977722
23.920000,0.0977722
23.928000,0.0977189
23.936000,0.0978256
23.944000,0.0978789
23.952000,0.0978256
23.960000,0.0979322
23.968000,0.0979322
23.976000,0.0979322
23.984000,0.0979322
23.992000,0.0979322
24.000000,0.0979322
24.008000,0.0980389
24.016000,0.0980389
24.024000,0.0980389
24.032000,0.0980389
24.040000,0.0979856
24.048000,0.0980389
24.056000,0.0980923
24.064000,0.0980389
24.072000,0.0979856
24.080000,0.0980923
24.088000,0.0981456
24.096000,0.0981456
24.104000,0.0981989
24.112000,0.0981456
24.120000,0.0981456
24.128000,0.0981456
24.136000,0.0981989
24.144000,0.0982523
24.152000,0.0981456
24.160000,0.0981456
24.168000,0.0983056
24.176000,0.0983590
24.184000,0.0983590
24.192000,0.0984123
24.200000,0.0984123
24.208000,0.0983590
24.216000,0.0983590
24.224000,0.0983590
24.232000,0.0984656
24.240000,0.0984656
24.248000,0.0983590
24.256000,0.0984656
24.264000,0.0984656
24.272000,0.0984656
24.280000,0.0985190
24.288000,0.0985723
24.296000,0.0985190
24.304000,0.0984656
24.312000,0.0985190
24.320000,0.0984656
24.328000,0.0985723
24.336000,0.0985723
24.344000,0.0984656
24.352000,0.0984656
24.360000,0.0985723
24.368000,0.0985723
24.376000,0.0985723
24.384000,0.0985723
24.392000,0.0985723
24.400000,0.0985723
24.408000,0.0986790
24.416000,0.0986257
24.424000,0.0986790
24.432000,0.0987323
24.440000,0.0986790
24.448000,0.0986790
24.456000,0.0987323
24.464000,0.0987323
24.472000,0.0986257
24.480000,0.0986257
24.488000,0.0986790
24.496000,0.0987323
24.504000,0.0987857
24.512000,0.0987857
24.520000,0.0988924
24.528000,0.0988924
24.536000,0.0988390
24.544000,0.0988924
24.552000,0.0988924
24.560000,0.0987857
24.568000,0.0988924
24.576000,0.0988924
24.584000,0.0988390
24.592000,0.0988924
24.600000,0.0988924
24.608000,0.0988924
24.616000,0.0989457
24.624000,0.0989457
24.632000,0.0989990
24.640000,0.0989990
24.648000,0.0991057
24.656000,0.0990524
24.664000,0.0990524
24.672000,0.0990524
24.680000,0.0991591
24.688000,0.0991057
24.696000,0.0991057
24.704000,0.0991057
24.712000,0.0991057
24.720000,0.0991591
24.728000,0.0992124
24.736000,0.0992124
24.744000,0.0992657
24.752000,0.0993191
24.760000,0.0992657
24.768000,0.0992657
24.776000,0.0993191
24.784000,0.0993191
24.792000,0.0992657
24.800000,0.0992657
24.808000,0.0993724
24.816000,0.0993191
24.824000,0.0993191
24.832000,0.0993724
24.840000,0.0993724
24.848000,0.0993724
24.856000,0.0993724
24.864000,0.0994791
24.872000,0.0994258
24.880000,0.0994258
24.888000,0.0993724
24.896000,0.0993191
24.904000,0.0994258
24.912000,0.0994791
24.920000,0.0994258
24.928000,0.0994258
24.936000,0.0994791
24.944000,0.0994791
24.952000,0.0994791
24.960000,0.0995858
24.968000,0.0995858
24.976000,0.0995858
24.984000,0.0995324
24.992000,0.0995858
25.000000,0.0995324
25.008000,0.0995324
25.016000,0.0995858
25.024000,0.0995324
25.032000,0.0995858
25.040000,0.0996391
25.048000,0.0996925
25.056000,0.0996391
25.064000,0.0996391
25.072000,0.0996391
25.080000,0.0995858
25.088000,0.0996391
25.096000,0.0996391
25.104000,0.0996391
25.112000,0.0996391
25.120000,0.0996925
25.128000,0.0997458
25.136000,0.0997991
25.144000,0.0997458
25.152000,0.0997991
25.160000,0.0998525
25.168000,0.0998525
25.176000,0.0998525
25.184000,0.0997991
25.192000,0.0998525
25.200000,0.0998525
25.208000,0.0998525
25.216000,0.0998525
25.224000,0.0999058
25.232000,0.0999058
25.240000,0.0998525
25.248000,0.0998525
25.256000,0.0999592
25.264000,0.0999058
25.272000,0.0998525
25.280000,0.0999058
25.288000,0.0999058
25.296000,0.1000125
25.304000,0.1000658
25.312000,0.1000658
25.320000,0.1000658
25.328000,0.1000658
25.336000,0.1000125
25.344000,0.0999592
25.352000,0.0999592
25.360000,0.1000125
25.368000,0.1000658
25.376000,0.1000658
25.384000,0.1000125
25.392000,0.1000658
25.400000,0.1000658
25.408000,0.1000658
25.416000,0.1001192
25.424000,0.1001725
25.432000,0.1001192
25.440000,0.1001725
25.448000,0.1002259
25.456000,0.1002259
25.464000,0.1001725
25.472000,0.1001192
25.480000,0.1001725
25.488000,0.1002259
25.496000,0.1002259
25.504000,0.1001725
25.512000,0.1002259
25.520000,0.1002259
25.528000,0.1002259
25.536000,0.1002792
25.544000,0.1002792
25.552000,0.1003325
25.560000,0.1002792
25.568000,0.1002792
25.576000,0.1002792
25.584000,0.1003859
25.592000,0.1004392
25.600000,0.1003859
25.608000,0.1003325
25.616000,0.1003325
25.624000,0.1003859
25.632000,0.1003859
25.640000,0.1004392
25.648000,0.1003859
25.656000,0.1003859
25.664000,0.1004392
25.672000,0.1004392
25.680000,0.1004392
25.688000,0.1005192
25.696000,0.1005192
25.704000,0.1004392
25.712000,0.1004392
25.720000,0.1005726
25.728000,0.1005726
25.736000,0.1006259
25.744000,0.1005726
25.752000,0.1004392
25.760000,0.1005192
25.768000,0.1005726
25.776000,0.1005192
25.784000,0.1005726
25.792000,0.1005726
25.800000,0.1005192
25.808000,0.1006259
25.816000,0.1007326
25.824000,0.1007326
25.832000,0.1005726
25.840000,0.1005726
25.848000,0.1005726
25.856000,0.1006259
25.864000,0.1007326
25.872000,0.1007859
25.880000,0.1007326
25.888000,0.1007326
25.896000,0.1007326
25.904000,0.1007859
25.912000,0.1007859
25.920000,0.1007859
25.928000,0.1007859
25.936000,0.1007859
25.944000,0.1007326
25.952000,0.1007859
25.960000,0.1008393
25.968000,0.1007859
25.976000,0.1008926
25.984000,0.1008393
25.992000,0.1007859
26.000000,0.1008393
26.008000,0.1008393
26.016000,0.1008393
26.024000,0.1008393
26.032000,0.1008926
26.040000,0.1009993
26.048000,0.1009993
26.056000,0.1009460
26.064000,0.1008393
26.072000,0.1008926
26.080000,0.1008926
26.088000,0.1009460
26.096000,0.1009993
26.104000,0.1008926
26.112000,0.1009993
26.120000,0.1010526
26.128000,0.1009993
26.136000,0.1010526
26.144000,0.1010526
26.152000,0.1009460
26.160000,0.1009993
26.168000,0.1010526
26.176000,0.1010526
26.184000,0.1010526
26.192000,0.1010526
26.200000,0.1010526
26.208000,0.1010526
26.216000,0.1011060
26.224000,0.1011593
26.232000,0.1011060
26.240000,0.1011060
26.248000,0.1010526
26.256000,0.1010526
26.264000,0.1011060
26.272000,0.1011060
26.280000,0.1011060
26.288000,0.1010526
26.296000,0.1011593
26.304000,0.1011593
26.312000,0.1011060
26.320000,0.1011060
26.328000,0.1012127
26.336000,0.1012660
26.344000,0.1012127
26.352000,0.1011593
26.360000,0.1011593
26.368000,0.1011060
26.376000,0.1012127
26.384000,0.1012127
26.392000,0.1012660
26.400000,0.1013727
26.408000,0.1013727
26.416000,0.1013727
26.424000,0.1014260
26.432000,0.1014260
26.440000,0.1013727
26.448000,0.1012660
26.456000,0.1012660
26.464000,0.1013727
26.472000,0.1013727
26.480000,0.1013193
26.488000,0.1013727
26.496000,0.1013727
26.504000,0.1014260
26.512000,0.1014793
26.520000,0.1013727
26.528000,0.1013193
26.536000,0.1013193
26.544000,0.1013727
26.552000,0.1014793
26.560000,0.1015327
26.568000,0.1015327
26.576000,0.1014793
26.584000,0.1014793
26.592000,0.1015327
26.600000,0.1015327
26.608000,0.1015860
26.616000,0.1015327
26.624000,0.1014793
26.632000,0.1014793
26.640000,0.1014793
26.648000,0.1015860
26.656000,0.1015860
26.664000,0.1015327
26.672000,0.1015327
26.680000,0.1015327
26.688000,0.1015860
26.696000,0.1015327
26.704000,0.1015327
26.712000,0.1015860
26.720000,0.1016394
26.728000,0.1016394
26.736000,0.1015860
26.744000,0.1016394
26.752000,0.1016394
26.760000,0.1016927
26.768000,0.1017461
26.776000,0.1017461
26.784000,0.1016927
26.792000,0.1016394
26.800000,0.1016927
26.808000,0.1016927
26.816000,0.1017461
26.824000,0.1016927
26.832000,0.1017461
26.840000,0.1017994
26.848000,0.1017994
26.856000,0.1017994
26.864000,0.1017994
26.872000,0.1017994
26.880000,0.1017994
26.888000,0.1017461
26.896000,0.1017461
26.904000,0.1016927
26.912000,0.1017994
26.920000,0.1017994
26.928000,0.1017994
26.936000,0.1017461
26.944000,0.1017994
26.952000,0.1018527
26.960000,0.1017994
26.968000,0.1017994
26.976000,0.1017461
26.984000,0.1017994
26.992000,0.1018527
27.000000,0.1017994
27.008000,0.1017461
27.016000,0.1017461
27.024000,0.1019594
27.032000,0.1020127
27.040000,0.1019061
27.048000,0.1019061
27.056000,0.1020127
27.064000,0.1019594
27.072000,0.1019594
27.080000,0.1019594
27.088000,0.1019061
27.096000,0.1019594
27.104000,0.1020661
27.112000,0.1020661
27.120000,0.1020127
27.128000,0.1019594
27.136000,0.1019594
27.144000,0.1020127
27.152000,0.1019594
27.160000,0.1020127
27.168000,0.1020127
27.176000,0.1021194
27.184000,0.1020127
27.192000,0.1019594
27.200000,0.1019594
27.208000,0.1019594
27.216000,0.1020127
27.224000,0.1020661
27.232000,0.1020127
27.240000,0.1020661
27.248000,0.1021194
27.256000,0.1021728
27.264000,0.1021194
27.272000,0.1021194
27.280000,0.1021728
27.288000,0.1021728
27.296000,0.1021728
27.304000,0.1021728
27.312000,0.1021194
27.320000,0.1021194
27.328000,0.1021728
27.336000,0.1022261
27.344000,0.1021728
27.352000,0.1020661
27.360000,0.1020661
27.368000,0.1021728
27.376000,0.1022261
27.384000,0.1022261
27.392000,0.1022261
27.400000,0.1022261
27.408000,0.1021728
27.416000,0.1022261
27.424000,0.1022795
27.432000,0.1022261
27.440000,0.1021728
27.448000,0.1021728
27.456000,0.1022261
27.464000,0.1022795
27.472000,0.1022261
27.480000,0.1021728
27.488000,0.1022261
27.496000,0.1022795
27.504000,0.1023328
27.512000,0.1022795
27.520000,0.1022795
27.528000,0.1022261
27.536000,0.1022261
27.544000,0.1022261
27.552000,0.1022795
27.560000,0.1022795
27.568000,0.1022261
27.576000,0.1023328
27.584000,0.1023861
27.592000,0.1023861
27.600000,0.1023861
27.608000,0.1023861
27.616000,0.1023328
27.624000,0.1023861
27.632000,0.1023328
27.640000,0.1023861
27.648000,0.1024395
27.656000,0.1024395
27.664000,0.1024395
27.672000,0.1024395
27.680000,0.1023328
27.688000,0.1023861
27.696000,0.1024928
27.704000,0.1023861
27.712000,0.1023328
27.720000,0.1024395
27.728000,0.1023861
27.736000,0.1023328
27.744000,0.1024395
27.752000,0.1025462
27.760000,0.1024395
27.768000,0.1024928
27.776000,0.1025462
27.784000,0.1024928
27.792000,0.1024928
27.800000,0.1024928
27.808000,0.1025462
27.816000,0.1025462
27.824000,0.1025462
27.832000,0.1025462
27.840000,0.1026528
27.848000,0.1026528
27.856000,0.1025462
27.864000,0.1025462
27.872000,0.1025995
27.880000,0.1026528
27.888000,0.1025995
27.896000,0.1025995
27.904000,0.1025995
27.912000,0.1025462
27.920000,0.1025995
27.928000,0.1026528
27.936000,0.1025995
27.944000,0.1025462
27.952000,0.1026528
27.960000,0.1026528
27.968000,0.1026528
27.976000,0.1025995
27.984000,0.1026528
27.992000,0.1026528
28.000000,0.1026528
28.008000,0.1026528
28.016000,0.1026528
28.024000,0.1027062
28.032000,0.1027062
28.040000,0.1027062
28.048000,0.1027062
28.056000,0.1027062
28.064000,0.1027595
28.072000,0.1028128
28.080000,0.1027595
28.088000,0.1027062
28.096000,0.1027595
28.104000,0.1028128
28.112000,0.1028128
28.120000,0.1026528
28.128000,0.1026528
28.136000,0.1026528
28.144000,0.1027062
28.152000,0.1027595
28.160000,0.1027595
28.168000,0.1028128
28.176000,0.1027595
28.184000,0.1028128
28.192000,0.1027595
28.200000,0.1028128
28.208000,0.1028128
28.216000,0.1028128
28.224000,0.1027595
28.232000,0.1027595
28.240000,0.1027595
28.248000,0.1028662
28.256000,0.1028128
28.264000,0.1028128
28.272000,0.1028128
28.280000,0.1028662
28.288000,0.1028662
28.296000,0.1028662
28.304000,0.1029195
28.312000,0.1029195
28.320000,0.1029195
28.328000,0.1029195
28.336000,0.1029195
28.344000,0.1029729
28.352000,0.1029729
28.360000,0.1029195
28.368000,0.1029729
28.376000,0.1029195
28.384000,0.1028662
28.392000,0.1028128
28.400000,0.1028662
28.408000,0.1029195
28.416000,0.1029729
28.424000,0.1029195
28.432000,0.1029195
28.440000,0.1029195
28.448000,0.1029729
28.456000,0.1029729
28.464000,0.1029195
28.472000,0.1029195
28.480000,0.1029729
28.488000,0.1029195
28.496000,0.1029729
28.504000,0.1029729
28.512000,0.1030262
28.520000,0.1030262
28.528000,0.1030262
28.536000,0.1030262
28.544000,0.1030796
28.552000,0.1030796
28.560000,0.1030796
28.568000,0.1030262
28.576000,0.1030796
28.584000,0.1031329
28.592000,0.1031329
28.600000,0.1030796
28.608000,0.1029729
28.616000,0.1030262
28.624000,0.1030796
28.632000,0.1031862
28.640000,0.1031862
28.648000,0.1031862
28.656000,0.1031862
28.664000,0.1031862
28.672000,0.1031329
28.680000,0.1031329
28.688000,0.1030796
28.696000,0.1031329
28.704000,0.1031329
28.712000,0.1031329
28.720000,0.1031862
28.728000,0.1031862
28.736000,0.1031862
28.744000,0.1031329
28.752000,0.1031862
28.760000,0.1031862
28.768000,0.1032396
28.776000,0.1031862
28.784000,0.1031862
28.792000,0.1031329
28.800000,0.1031862
28.808000,0.1031862
28.816000,0.1030796
28.824000,0.1030262
28.832000,0.1030796
28.840000,0.1031329
28.848000,0.1031862
28.856000,0.1032396
28.864000,0.1031862
28.872000,0.1032396
28.880000,0.1032396
28.888000,0.1032929
28.896000,0.1033463
28.904000,0.1032929
28.912000,0.1032929
28.920000,0.1032396
28.928000,0.1032396
28.936000,0.1031862
28.944000,0.1032396
28.952000,0.1032396
28.960000,0.1032929
28.968000,0.1033463
28.976000,0.1032929
28.984000,0.1032396
28.992000,0.1032929
29.000000,0.1033463
29.008000,0.1033463
29.016000,0.1033463
29.024000,0.1032929
29.032000,0.1033996
29.040000,0.1033996
29.048000,0.1033996
29.056000,0.1033996
29.064000,0.1034529
29.072000,0.1033996
29.080000,0.1033996
29.088000,0.1033463
29.096000,0.1032929
29.104000,0.1032396
29.112000,0.1032929
29.120000,0.1033996
29.128000,0.1033996
29.136000,0.1033463
29.144000,0.1033996
29.152000,0.1033996
29.160000,0.1033996
29.168000,0.1033463
29.176000,0.1034529
29.184000,0.1033996
29.192000,0.1033996
29.200000,0.1034529
29.208000,0.1034529
29.216000,0.1033996
29.224000,0.1033463
29.232000,0.1033463
29.240000,0.1033996
29.248000,0.1033996
29.256000,0.1033996
29.264000,0.1033996
29.272000,0.1034529
29.280000,0.1035863
29.288000,0.1035863
29.296000,0.1034529
29.304000,0.1033463
29.312000,0.1033996
29.320000,0.1033996
29.328000,0.1035329
29.336000,0.1035329
29.344000,0.1035863
29.352000,0.1035863
29.360000,0.1035329
29.368000,0.1035329
29.376000,0.1035863
29.384000,0.1035863
29.392000,0.1035863
29.400000,0.1035329
29.408000,0.1035863
29.416000,0.1035329
29.424000,0.1035329
29.432000,0.1035329
29.440000,0.1035863
29.448000,0.1036396
29.456000,0.1036396
29.464000,0.1036930
29.472000,0.1036396
29.480000,0.1035863
29.488000,0.1035863
29.496000,0.1036396
29.504000,0.1036930
29.512000,0.1036396
29.520000,0.1035863
29.528000,0.1036396
29.536000,0.1036930
29.544000,0.1036930
29.552000,0.1036396
29.560000,0.1035863
29.568000,0.1036930
29.576000,0.1036396
29.584000,0.1036396
29.592000,0.1036396
29.600000,0.1036930
29.608000,0.1036930
29.616000,0.1037463
29.624000,0.1037463
29.632000,0.1036930
29.640000,0.1037463
29.648000,0.1037996
29.656000,0.1037463
29.664000,0.1036930
29.672000,0.1037463
29.680000,0.1037463
29.688000,0.1037463
29.696000,0.1036930
29.704000,0.1036930
29.712000,0.1037463
29.720000,0.1036930
29.728000,0.1036930
29.736000,0.1036930
29.744000,0.1037463
29.752000,0.1038530
29.760000,0.1037463
29.768000,0.1036930
29.776000,0.1037996
29.784000,0.1037996
29.792000,0.1037463
29.800000,0.1036930
29.808000,0.1037996
29.816000,0.1037996
29.824000,0.1037463
29.832000,0.1037996
29.840000,0.1038530
29.848000,0.1037996
29.856000,0.1037463
29.864000,0.1036930
29.872000,0.1037463
29.880000,0.1037996
29.888000,0.1038530
29.896000,0.1038530
29.904000,0.1038530
29.912000,0.1037996
29.920000,0.1038530
29.928000,0.1038530
29.936000,0.1039063
29.944000,0.1039063
29.952000,0.1039063
29.960000,0.1039063
29.968000,0.1039063
29.976000,0.1039063
29.984000,0.1038530
29.992000,0.1037996
30.000000,0.1038530
30.008000,0.1038530
30.016000,0.1039063
30.024000,0.1038530
30.032000,0.1039063
30.040000,0.1039597
30.048000,0.1039063
30.056000,0.1039597
30.064000,0.1040130
30.072000,0.1040663
30.080000,0.1040130
30.088000,0.1039597
30.096000,0.1039597
30.104000,0.1039063
30.112000,0.1039063
30.120000,0.1039597
30.128000,0.1039597
30.136000,0.1039597
30.144000,0.1040130
30.152000,0.1040130
30.160000,0.1039597
30.168000,0.1039597
30.176000,0.1039597
30.184000,0.1040130
30.192000,0.1040130
30.200000,0.1040663
30.208000,0.1041197
30.216000,0.1040663
30.224000,0.1040130
30.232000,0.1039597
30.240000,0.1040130
30.248000,0.1040130
30.256000,0.1039597
30.264000,0.1039597
30.272000,0.1039597
30.280000,0.1040130
30.288000,0.1040130
30.296000,0.1040663
30.304000,0.1040663
30.312000,0.1040663
30.320000,0.1040130
30.328000,0.1040130
30.336000,0.1039597
30.344000,0.1039597
30.352000,0.1040130
30.360000,0.1039597
30.368000,0.1039597
30.376000,0.1040130
30.384000,0.1040663
30.392000,0.1041197
30.400000,0.1040663
30.408000,0.1040663
30.416000,0.1040663
30.424000,0.1041197
30.432000,0.1041730
30.440000,0.1041197
30.448000,0.1040663
30.456000,0.1040663
30.464000,0.1040130
30.472000,0.1040663
30.480000,0.1041197
30.488000,0.1041197
30.496000,0.1040663
30.504000,0.1040130
30.512000,0.1040130
30.520000,0.1040663
30.528000,0.1041730
30.536000,0.1041730
30.544000,0.1041197
30.552000,0.1041197
30.560000,0.1040663
30.568000,0.1040663
30.576000,0.1041730
30.584000,0.1042264
30.592000,0.1042264
30.600000,0.1041730
30.608000,0.1041197
30.616000,0.1041197
30.624000,0.1041730
30.632000,0.1041730
30.640000,0.1041730
30.648000,0.1042264
30.656000,0.1042264
30.664000,0.1041730
30.672000,0.1042264
30.680000,0.1041197
30.688000,0.1041197
30.696000,0.1041730
30.704000,0.1042264
30.712000,0.1042264
30.720000,0.1041730
30.728000,0.1041730
30.736000,0.1042264
30.744000,0.1042264
30.752000,0.1042797
30.760000,0.1043330
30.768000,0.1042797
30.776000,0.1042264
30.784000,0.1042264
30.792000,0.1041730
30.800000,0.1041197
30.808000,0.1041197
30.816000,0.1041197
30.824000,0.1041730
30.832000,0.1042797
30.840000,0.1042797
30.848000,0.1041730
30.856000,0.1041730
30.864000,0.1042264
30.872000,0.1042797
30.880000,0.1043330
30.888000,0.1043330
30.896000,0.1042264
30.904000,0.1042264
30.912000,0.1042797
30.920000,0.1042797
30.928000,0.1042797
30.936000,0.1043330
30.944000,0.1043864
30.952000,0.1044397
30.960000,0.1044397
30.968000,0.1043864
30.976000,0.1043330
30.984000,0.1043330
30.992000,0.1043330
31.000000,0.1042797
31.008000,0.1043330
31.016000,0.1043330
31.024000,0.1043330
31.032000,0.1043330
31.040000,0.1043330
31.048000,0.1043330
31.056000,0.1043330
31.064000,0.1043330
31.072000,0.1043330
31.080000,0.1043330
31.088000,0.1043330
31.096000,0.1043330
31.104000,0.1042797
31.112000,0.1043330
31.120000,0.1044397
31.128000,0.1044397
31.136000,0.1044397
31.144000,0.1044397
31.152000,0.1044397
31.160000,0.1044397
31.168000,0.1043864
31.176000,0.1043864
31.184000,0.1044397
31.192000,0.1044397
31.200000,0.1044397
31.208000,0.1044397
31.216000,0.1044931
31.224000,0.1045464
31.232000,0.1044931
31.240000,0.1044397
31.248000,0.1044931
31.256000,0.1044931
31.264000,0.1044397
31.272000,0.1044931
31.280000,0.1044931
31.288000,0.1043864
31.296000,0.1043864
31.304000,0.1044397
31.312000,0.1044931
31.320000,0.1044397
31.328000,0.1044397
31.336000,0.1044397
31.344000,0.1044931
31.352000,0.1044397
31.360000,0.1044931
31.368000,0.1044931
31.376000,0.1044397
31.384000,0.1043864
31.392000,0.1044397
31.400000,0.1044931
31.408000,0.1045464
31.416000,0.1045464
31.424000,0.1045997
31.432000,0.1045997
31.440000,0.1044931
31.448000,0.1045464
31.456000,0.1045997
31.464000,0.1045464
31.472000,0.1045464
31.480000,0.1045997
31.488000,0.1045997
31.496000,0.1045464
31.504000,0.1045997
31.512000,0.1045464
31.520000,0.1045464
31.528000,0.1045997
31.536000,0.1045997
31.544000,0.1046531
31.552000,0.1045464
31.560000,0.1045997
31.568000,0.1045464
31.576000,0.1045464
31.584000,0.1046531
31.592000,0.1046531
31.600000,0.1045997
31.608000,0.1045464
31.616000,0.1045464
31.624000,0.1045464
31.632000,0.1045464
31.640000,0.1045997
31.648000,0.1045997
31.656000,0.1046531
31.664000,0.1047064
31.672000,0.1047064
31.680000,0.1047064
31.688000,0.1047064
31.696000,0.1046531
31.704000,0.1046531
31.712000,0.1046531
31.720000,0.1047598
31.728000,0.1047064
31.736000,0.1045997
31.744000,0.1046531
31.752000,0.1047064
31.760000,0.1046531
31.768000,0.1045997
31.776000,0.1045997
31.784000,0.1046531
31.792000,0.1045997
31.800000,0.1045997
31.808000,0.1045997
31.816000,0.1045997
31.824000,0.1046531
31.832000,0.1046531
31.840000,0.1046531
31.848000,0.1047598
31.856000,0.1047064
31.864000,0.1047064
31.872000,0.1047598
31.880000,0.1047064
31.888000,0.1047064
31.896000,0.1046531
31.904000,0.1046531
31.912000,0.1046531
31.920000,0.1047064
31.928000,0.1045997
31.936000,0.1046531
31.944000,0.1046531
31.952000,0.1045997
31.960000,0.1047064
31.968000,0.1047064
31.976000,0.1046531
31.984000,0.1046531
31.992000,0.1047064
32.000000,0.1047064
32.008000,0.1046531
32.016000,0.1047064
32.024000,0.1048131
32.032000,0.1047598
32.040000,0.1047064
32.048000,0.1047064
32.056000,0.1047064
32.064000,0.1048131
32.072000,0.1047598
32.080000,0.1048131
32.088000,0.1048131
32.096000,0.1048131
32.104000,0.1047598
32.112000,0.1048131
32.120000,0.1047598
32.128000,0.1047598
32.136000,0.1047064
32.144000,0.1047598
32.152000,0.1047598
32.160000,0.1048131
32.168000,0.1047598
32.176000,0.1047598
32.184000,0.1047064
32.192000,0.1047064
32.200000,0.1048131
32.208000,0.1048131
32.216000,0.1048131
32.224000,0.1048664
32.232000,0.1048664
32.240000,0.1048131
32.248000,0.1048131
32.256000,0.1048131
32.264000,0.1048664
32.272000,0.1047598
32.280000,0.1048664
32.288000,0.1049198
32.296000,0.1049198
32.304000,0.1049731
32.312000,0.1049198
32.320000,0.1048664
32.328000,0.1048131
32.336000,0.1048131
32.344000,0.1048664
32.352000,0.1048664
32.360000,0.1049198
32.368000,0.1049198
32.376000,0.1048664
32.384000,0.1048131
32.392000,0.1049198
32.400000,0.1048664
32.408000,0.1047598
32.416000,0.1048131
32.424000,0.1048131
32.432000,0.1049198
32.440000,0.1048664
32.448000,0.1049198
32.456000,0.1049731
32.464000,0.1048664
32.472000,0.1048131
32.480000,0.1048664
32.488000,0.1048131
32.496000,0.1049198
32.504000,0.1049731
32.512000,0.1049198
32.520000,0.1048664
32.528000,0.1049731
32.536000,0.1049731
32.544000,0.1049198
32.552000,0.1049198
32.560000,0.1049198
32.568000,0.1048664
32.576000,0.1048131
32.584000,0.1049198
32.592000,0.1049198
32.600000,0.1049198
32.608000,0.1049198
32.616000,0.1048664
32.624000,0.1049198
32.632000,0.1049731
32.640000,0.1049198
32.648000,0.1049198
32.656000,0.1050265
32.664000,0.1049731
32.672000,0.1049198
32.680000,0.1049731
32.688000,0.1049198
32.696000,0.1049198
32.704000,0.1049731
32.712000,0.1049198
32.720000,0.1049198
32.728000,0.1049731
32.736000,0.1050265
32.744000,0.1049198
32.752000,0.1048664
32.760000,0.1049198
32.768000,0.1050265
32.776000,0.1050265
32.784000,0.1050265
32.792000,0.1049731
32.800000,0.1049731
32.808000,0.1049731
32.816000,0.1049731
32.824000,0.1050265
32.832000,0.1050798
32.840000,0.1050798
32.848000,0.1050265
32.856000,0.1049731
32.864000,0.1050265
32.872000,0.1050798
32.880000,0.1050798
32.888000,0.1050798
32.896000,0.1050265
32.904000,0.1050265
32.912000,0.1050265
32.920000,0.1050798
32.928000,0.1050265
32.936000,0.1049731
32.944000,0.1050265
32.952000,0.1050798
32.960000,0.1050798
32.968000,0.1050798
32.976000,0.1050798
32.984000,0.1050798
32.992000,0.1050798
33.000000,0.1050798
33.008000,0.1050798
33.016000,0.1050265
33.024000,0.1049731
33.032000,0.1049731
33.040000,0.1049731
33.048000,0.1050265
33.056000,0.1050798
33.064000,0.1050798
33.072000,0.1050798
33.080000,0.1050265
33.088000,0.1049731
33.096000,0.1050798
33.104000,0.1050798
33.112000,0.1049731
33.120000,0.1049731
33.128000,0.1050798
33.136000,0.1051331
33.144000,0.1050798
33.152000,0.1050798
33.160000,0.1050798
33.168000,0.1050798
33.176000,0.1050265
33.184000,0.1051331
33.192000,0.1050265
33.200000,0.1049731
33.208000,0.1050798
33.216000,0.1051865
33.224000,0.1050798
33.232000,0.1049731
33.240000,0.1049731
33.248000,0.1051331
33.256000,0.1051865
33.264000,0.1050798
33.272000,0.1050265
33.280000,0.1050798
33.288000,0.1050798
33.296000,0.1050798
33.304000,0.1050798
33.312000,0.1051331
33.320000,0.1051865
33.328000,0.1051865
33.336000,0.1051865
33.344000,0.1051865
33.352000,0.1051331
33.360000,0.1051331
33.368000,0.1051331
33.376000,0.1051331
33.384000,0.1051331
33.392000,0.1050798
33.400000,0.1051331
33.408000,0.1050798
33.416000,0.1050798
33.424000,0.1051331
33.432000,0.1052398
33.440000,0.1051865
33.448000,0.1051331
33.456000,0.1051331
33.464000,0.1051865
33.472000,0.1051331
33.480000,0.1051331
33.488000,0.1051331
33.496000,0.1051865
33.504000,0.1051865
33.512000,0.1051331
33.520000,0.1050798
33.528000,0.1051331
33.536000,0.1050798
33.544000,0.1051331
33.552000,0.1051331
33.560000,0.1050798
33.568000,0.1051331
33.576000,0.1051865
33.584000,0.1051331
33.592000,0.1051331
33.600000,0.1051331
33.608000,0.1051865
33.616000,0.1052398
33.624000,0.1052398
33.632000,0.1051331
33.640000,0.1051865
33.648000,0.1052398
33.656000,0.1051865
33.664000,0.1050798
33.672000,0.1051865
33.680000,0.1051865
33.688000,0.1050798
33.696000,0.1051865
33.704000,0.1052398
33.712000,0.1051865
33.720000,0.1051865
33.728000,0.1051331
33.736000,0.1052398
33.744000,0.1052932
33.752000,0.1052932
33.760000,0.1051865
33.768000,0.1051331
33.776000,0.1052398
33.784000,0.1052398
33.792000,0.1052398
33.800000,0.1052932
33.808000,0.1053465
33.816000,0.1053465
33.824000,0.1053998
33.832000,0.1052932
33.840000,0.1052398
33.848000,0.1052398
33.856000,0.1052398
33.864000,0.1052932
33.872000,0.1052398
33.880000,0.1052398
33.888000,0.1052398
33.896000,0.1052932
33.904000,0.1053465
33.912000,0.1052398
33.920000,0.1052398
33.928000,0.1053998
33.936000,0.1053998
33.944000,0.1052932
33.952000,0.1052932
33.960000,0.1052932
33.968000,0.1052932
33.976000,0.1052398
33.984000,0.1052398
33.992000,0.1052398
34.000000,0.1052932
34.008000,0.1053465
34.016000,0.1052932
34.024000,0.1052932
34.032000,0.1053998
34.040000,0.1053465
34.048000,0.1052398
34.056000,0.1052398
34.064000,0.1052932
34.072000,0.1053465
34.080000,0.1053465
34.088000,0.1052932
34.096000,0.1053465
34.104000,0.1052932
34.112000,0.1053465
34.120000,0.1053465
34.128000,0.1052932
34.136000,0.1052932
34.144000,0.1053998
34.152000,0.1053465
34.160000,0.1052932
34.168000,0.1052932
34.176000,0.1053465
34.184000,0.1053465
34.192000,0.1052932
34.200000,0.1053465
34.208000,0.1053998
34.216000,0.1053465
34.224000,0.1053465
34.232000,0.1053465
34.240000,0.1052932
34.248000,0.1052398
34.256000,0.1052932
34.264000,0.1052932
34.272000,0.1053465
34.280000,0.1053465
34.288000,0.1053465
34.296000,0.1053465
34.304000,0.1052398
34.312000,0.1051865
34.320000,0.1053465
34.328000,0.1053998
34.336000,0.1053465
34.344000,0.1053465
34.352000,0.1052932
34.360000,0.1053465
34.368000,0.1053465
34.376000,0.1053998
34.384000,0.1053998
34.392000,0.1053998
34.400000,0.1053465
34.408000,0.1053998
34.416000,0.1054532
34.424000,0.1053998
34.432000,0.1053998
34.440000,0.1053998
34.448000,0.1053465
34.456000,0.1053465
34.464000,0.1053465
34.472000,0.1052932
34.480000,0.1053465
34.488000,0.1054532
34.496000,0.1053998
34.504000,0.1052932
34.512000,0.1052932
34.520000,0.1053465
34.528000,0.1053465
34.536000,0.1053465
34.544000,0.1053465
34.552000,0.1053465
34.560000,0.1053998
34.568000,0.1054532
34.576000,0.1055065
34.584000,0.1053998
34.592000,0.1053465
34.600000,0.1053998
34.608000,0.1054532
34.616000,0.1053998
34.624000,0.1052932
34.632000,0.1052932
34.640000,0.1052932
34.648000,0.1053465
34.656000,0.1053998
34.664000,0.1052932
34.672000,0.1052932
34.680000,0.1052932
34.688000,0.1052932
34.696000,0.1053998
34.704000,0.1054532
34.712000,0.1054532
34.720000,0.1053998
34.728000,0.1053465
34.736000,0.1052932
34.744000,0.1052932
34.752000,0.1052932
34.760000,0.1053998
34.768000,0.1053998
34.776000,0.1054532
34.784000,0.1054532
34.792000,0.1054532
34.800000,0.1054532
34.808000,0.1054532
34.816000,0.1055065
34.824000,0.1055065
34.832000,0.1055065
34.840000,0.1053998
34.848000,0.1052398
34.856000,0.1053998
34.864000,0.1053998
34.872000,0.1053998
34.880000,0.1055065
34.888000,0.1053998
34.896000,0.1053998
34.904000,0.1054532
34.912000,0.1054532
34.920000,0.1055065
34.928000,0.1055065
34.936000,0.1055065
34.944000,0.1055065
34.952000,0.1054532
34.960000,0.1054532
34.968000,0.1053998
34.976000,0.1053998
34.984000,0.1053998
34.992000,0.1054532
35.000000,0.1053998
35.008000,0.1054532
35.016000,0.1054532
35.024000,0.1055065
35.032000,0.1053998
35.040000,0.1053998
35.048000,0.1053998
35.056000,0.1053998
35.064000,0.1053998
35.072000,0.1054532
35.080000,0.1054532
35.088000,0.1054532
35.096000,0.1055065
35.104000,0.1055065
35.112000,0.1055599
35.120000,0.1055065
35.128000,0.1055065
35.136000,0.1054532
35.144000,0.1053998
35.152000,0.1054532
35.160000,0.1054532
35.168000,0.1054532
35.176000,0.1053998
35.184000,0.1054532
35.192000,0.1055065
35.200000,0.1054532
35.208000,0.1054532
35.216000,0.1053998
35.224000,0.1055065
35.232000,0.1055065
35.240000,0.1054532
35.248000,0.1055065
35.256000,0.1055065
35.264000,0.1054532
35.272000,0.1054532
35.280000,0.1053998
35.288000,0.1054532
35.296000,0.1055599
35.304000,0.1055599
35.312000,0.1055065
35.320000,0.1055599
35.328000,0.1055599
35.336000,0.1055065
35.344000,0.1055065
35.352000,0.1055065
35.360000,0.1054532
35.368000,0.1053998
35.376000,0.1055065
35.384000,0.1055065
35.392000,0.1054532
35.400000,0.1053998
35.408000,0.1054532
35.416000,0.1055065
35.424000,0.1054532
35.432000,0.1053998
35.440000,0.1053998
35.448000,0.1054532
35.456000,0.1055065
35.464000,0.1055599
35.472000,0.1055065
35.480000,0.1053998
35.488000,0.1055065
35.496000,0.1055065
35.504000,0.1055065
35.512000,0.1055065
35.520000,0.1055065
35.528000,0.1054532
35.536000,0.1054532
35.544000,0.1055065
35.552000,0.1055599
35.560000,0.1055599
35.568000,0.1055065
35.576000,0.1055065
35.584000,0.1055599
35.592000,0.1055065
35.600000,0.1053998
35.608000,0.1053998
35.616000,0.1054532
35.624000,0.1054532
35.632000,0.1054532
35.640000,0.1055065
35.648000,0.1055065
35.656000,0.1054532
35.664000,0.1055599
35.672000,0.1056132
35.680000,0.1055599
35.688000,0.1054532
35.696000,0.1055599
35.704000,0.1056132
35.712000,0.1055599
35.720000,0.1056132
35.728000,0.1056132
35.736000,0.1055599
35.744000,0.1055065
35.752000,0.1056132
35.760000,0.1056665
35.768000,0.1055599
35.776000,0.1055065
35.784000,0.1053998
35.792000,0.1054532
35.800000,0.1056132
35.808000,0.1055599
35.816000,0.1056132
35.824000,0.1056132
35.832000,0.1055065
35.840000,0.1054532
35.848000,0.1055065
35.856000,0.1055599
35.864000,0.1055065
35.872000,0.1055065
35.880000,0.1055065
35.888000,0.1055065
35.896000,0.1055065
35.904000,0.1055599
35.912000,0.1056132
35.920000,0.1055599
35.928000,0.1055599
35.936000,0.1055065
35.944000,0.1054532
35.952000,0.1055065
35.960000,0.1055599
35.968000,0.1055599
35.976000,0.1055065
35.984000,0.1055065
35.992000,0.1054532
36.000000,0.1054532
36.008000,0.1054532
36.016000,0.1055065
36.024000,0.1056132
36.032000,0.1056132
36.040000,0.1055599
36.048000,0.1055065
36.056000,0.1055599
36.064000,0.1056132
36.072000,0.1055599
36.080000,0.1055599
36.088000,0.1055599
36.096000,0.1056132
36.104000,0.1056132
36.112000,0.1055599
36.120000,0.1055599
36.128000,0.1055599
36.136000,0.1055065
36.144000,0.1055065
36.152000,0.1055599
36.160000,0.1056132
36.168000,0.1055599
36.176000,0.1055599
36.184000,0.1055599
36.192000,0.1055599
36.200000,0.1055599
36.208000,0.1056132
36.216000,0.1056132
36.224000,0.1056132
36.232000,0.1055599
36.240000,0.1055065
36.248000,0.1054532
36.256000,0.1054532
36.264000,0.1055065
36.272000,0.1055065
36.280000,0.1055065
36.288000,0.1055065
36.296000,0.1055065
36.304000,0.1056132
36.312000,0.1056665
36.320000,0.1056132
36.328000,0.1055599
36.336000,0.1054532
36.344000,0.1055599
36.352000,0.1056665
36.360000,0.1056665
36.368000,0.1056132
36.376000,0.1055599
36.384000,0.1056132
36.392000,0.1056132
36.400000,0.1056132
36.408000,0.1056132
36.416000,0.1056665
36.424000,0.1056665
36.432000,0.1055065
36.440000,0.1055065
36.448000,0.1055599
36.456000,0.1056132
36.464000,0.1056665
36.472000,0.1056132
36.480000,0.1056132
36.488000,0.1056132
36.496000,0.1055599
36.504000,0.1056132
36.512000,0.1056132
36.520000,0.1056132
36.528000,0.1055599
36.536000,0.1055599
36.544000,0.1055065
36.552000,0.1055599
36.560000,0.1056132
36.568000,0.1056132
36.576000,0.1055065
36.584000,0.1055065
36.592000,0.1055599
36.600000,0.1055599
36.608000,0.1055065
36.616000,0.1056665
36.624000,0.1056665
36.632000,0.1056132
36.640000,0.1056132
36.648000,0.1056665
36.656000,0.1056665
36.664000,0.1056132
36.672000,0.1056132
36.680000,0.1056665
36.688000,0.1056665
36.696000,0.1056665
36.704000,0.1056665
36.712000,0.1056132
36.720000,0.1056132
36.728000,0.1056665
36.736000,0.1056132
36.744000,0.1055599
36.752000,0.1055599
36.760000,0.1056132
36.768000,0.1057199
36.776000,0.1056665
36.784000,0.1056132
36.792000,0.1056132
36.800000,0.1057199
36.808000,0.1056665
36.816000,0.1056132
36.824000,0.1056132
36.832000,0.1056132
36.840000,0.1056665
36.848000,0.1056665
36.856000,0.1056132
36.864000,0.1055599
36.872000,0.1055599
36.880000,0.1056132
36.888000,0.1056132
36.896000,0.1056132
36.904000,0.1055599
36.912000,0.1056132
36.920000,0.1056665
36.928000,0.1056665
36.936000,0.1056132
36.944000,0.1055599
36.952000,0.1055599
36.960000,0.1056665
36.968000,0.1056132
36.976000,0.1056665
36.984000,0.1056665
36.992000,0.1056665
37.000000,0.1056132
37.008000,0.1056132
37.016000,0.1056665
37.024000,0.1056665
37.032000,0.1057199
37.040000,0.1057199
37.048000,0.1057199
37.056000,0.1056665
37.064000,0.1056132
37.072000,0.1056665
37.080000,0.1056665
37.088000,0.1056665
37.096000,0.1056132
37.104000,0.1056132
37.112000,0.1055599
37.120000,0.1055599
37.128000,0.1056665
37.136000,0.1056665
37.144000,0.1056665
37.152000,0.1056132
37.160000,0.1056132
37.168000,0.1056132
37.176000,0.1056665
37.184000,0.1056665
37.192000,0.1057199
37.200000,0.1056665
37.208000,0.1056132
37.216000,0.1056132
37.224000,0.1055599
37.232000,0.1055599
37.240000,0.1056665
37.248000,0.1056665
37.256000,0.1056665
37.264000,0.1056665
37.272000,0.1056132
37.280000,0.1055599
37.288000,0.1056665
37.296000,0.1056665
37.304000,0.1056132
37.312000,0.1055599
37.320000,0.1056132
37.328000,0.1056132
37.336000,0.1056132
37.344000,0.1057199
37.352000,0.1057732
37.360000,0.1057199
37.368000,0.1056132
37.376000,0.1056132
37.384000,0.1056132
37.392000,0.1055599
37.400000,0.1055599
37.408000,0.1055599
37.416000,0.1056132
37.424000,0.1056665
37.432000,0.1057732
37.440000,0.1057199
37.448000,0.1056132
37.456000,0.1055599
37.464000,0.1055599
37.472000,0.1056132
37.480000,0.1055599
37.488000,0.1055599
37.496000,0.1056665
37.504000,0.1055065
37.512000,0.1055065
37.520000,0.1055599
37.528000,0.1056132
37.536000,0.1056665
37.544000,0.1056132
37.552000,0.1056132
37.560000,0.1056665
37.568000,0.1055599
37.576000,0.1055599
37.584000,0.1056665
37.592000,0.1057732
37.600000,0.1056665
37.608000,0.1056132
37.616000,0.1056665
37.624000,0.1056665
37.632000,0.1056132
37.640000,0.1056665
37.648000,0.1056132
37.656000,0.1056132
37.664000,0.1056665
37.672000,0.1056132
37.680000,0.1055599
37.688000,0.1055599
37.696000,0.1055599
37.704000,0.1056665
37.712000,0.1056665
37.720000,0.1056665
37.728000,0.1057199
37.736000,0.1057199
37.744000,0.1056665
37.752000,0.1056132
37.760000,0.1056132
37.768000,0.1056132
37.776000,0.1056665
37.784000,0.1057199
37.792000,0.1057199
37.800000,0.1057199
37.808000,0.1056132
37.816000,0.1055599
37.824000,0.1056665
37.832000,0.1056665
37.840000,0.1056132
37.848000,0.1056132
37.856000,0.1056665
37.864000,0.1057199
37.872000,0.1057199
37.880000,0.1056132
37.888000,0.1055599
37.896000,0.1056132
37.904000,0.1055599
37.912000,0.1054532
37.920000,0.1055599
37.928000,0.1055599
37.936000,0.1056132
37.944000,0.1055599
37.952000,0.1055599
37.960000,0.1056132
37.968000,0.1055599
37.976000,0.1056132
37.984000,0.1057199
37.992000,0.1057732
38.000000,0.1057732
38.008000,0.1056665
38.016000,0.1056132
38.024000,0.1056665
38.032000,0.1056665
38.040000,0.1056132
38.048000,0.1057199
38.056000,0.1056665
38.064000,0.1055599
38.072000,0.1056665
38.080000,0.1056665
38.088000,0.1056132
38.096000,0.1055599
38.104000,0.1055065
38.112000,0.1055599
38.120000,0.1056665
38.128000,0.1057199
38.136000,0.1057199
38.144000,0.1057199
38.152000,0.1055599
38.160000,0.1055599
38.168000,0.1057199
38.176000,0.1057199
38.184000,0.1056665
38.192000,0.1056665
38.200000,0.1057199
38.208000,0.1057199
38.216000,0.1056665
38.224000,0.1056132
38.232000,0.1056132
38.240000,0.1056132
38.248000,0.1056665
38.256000,0.1056665
38.264000,0.1057199
38.272000,0.1057732
38.280000,0.1057199
38.288000,0.1056132
38.296000,0.1056132
38.304000,0.1056132
38.312000,0.1055599
38.320000,0.1055599
38.328000,0.1056132
38.336000,0.1056665
38.344000,0.1057199
38.352000,0.1057199
38.360000,0.1057199
38.368000,0.1057199
38.376000,0.1057199
38.384000,0.1056665
38.392000,0.1057199
38.400000,0.1057199
38.408000,0.1057199
38.416000,0.1057199
38.424000,0.1057199
38.432000,0.1056132
38.440000,0.1055599
38.448000,0.1056132
38.456000,0.1056665
38.464000,0.1056132
38.472000,0.1056132
38.480000,0.1056132
38.488000,0.1056665
38.496000,0.1057199
38.504000,0.1057199
38.512000,0.1056665
38.520000,0.1056132
38.528000,0.1056665
38.536000,0.1057199
38.544000,0.1056665
38.552000,0.1056132
38.560000,0.1056665
38.568000,0.1056665
38.576000,0.1056665
38.584000,0.1056665
38.592000,0.1056665
38.600000,0.1057199
38.608000,0.1056665
38.616000,0.1057199
38.624000,0.1057199
38.632000,0.1056132
38.640000,0.1055599
38.648000,0.1056132
38.656000,0.1056665
38.664000,0.1056665
38.672000,0.1056132
38.680000,0.1055065
38.688000,0.1055599
38.696000,0.1056665
38.704000,0.1056665
38.712000,0.1056132
38.720000,0.1056665
38.728000,0.1056665
38.736000,0.1056665
38.744000,0.1056132
38.752000,0.1056132
38.760000,0.1056665
38.768000,0.1056665
38.776000,0.1056665
38.784000,0.1056665
38.792000,0.1056665
38.800000,0.1056132
38.808000,0.1056665
38.816000,0.1056665
38.824000,0.1057199
38.832000,0.1056132
38.840000,0.1055599
38.848000,0.1055065
38.856000,0.1055599
38.864000,0.1056665
38.872000,0.1056132
38.880000,0.1055599
38.888000,0.1055599
38.896000,0.1055599
38.904000,0.1056665
38.912000,0.1057199
38.920000,0.1057199
38.928000,0.1057199
38.936000,0.1057199
38.944000,0.1056665
38.952000,0.1056665
38.960000,0.1056132
38.968000,0.1056132
38.976000,0.1056132
38.984000,0.1056132
38.992000,0.1056665
39.000000,0.1056665
39.008000,0.1056132
39.016000,0.1056132
39.024000,0.1056665
39.032000,0.1057732
39.040000,0.1057199
39.048000,0.1056665
39.056000,0.1055599
39.064000,0.1056132
39.072000,0.1056132
39.080000,0.1056132
39.088000,0.1056665
39.096000,0.1057199
39.104000,0.1057199
39.112000,0.1056665
39.120000,0.1055599
39.128000,0.1055065
39.136000,0.1055065
39.144000,0.1055065
39.152000,0.1055599
39.160000,0.1056132
39.168000,0.1056665
39.176000,0.1056132
39.184000,0.1055599
39.192000,0.1056132
39.200000,0.1055599
39.208000,0.1055599
39.216000,0.1056665
39.224000,0.1056665
39.232000,0.1057199
39.240000,0.1057732
39.248000,0.1056665
39.256000,0.1056132
39.264000,0.1055599
39.272000,0.1056665
39.280000,0.1056665
39.288000,0.1056132
39.296000,0.1055599
39.304000,0.1055599
39.312000,0.1055599
39.320000,0.1056132
39.328000,0.1056665
39.336000,0.1056665
39.344000,0.1056132
39.352000,0.1056132
39.360000,0.1056132
39.368000,0.1056132
39.376000,0.1056132
39.384000,0.1056665
39.392000,0.1056665
39.400000,0.1055599
39.408000,0.1055065
39.416000,0.1055599
39.424000,0.1055599
39.432000,0.1056665
39.440000,0.1057732
39.448000,0.1057732
39.456000,0.1056665
39.464000,0.1056132
39.472000,0.1056132
39.480000,0.1056132
39.488000,0.1056132
39.496000,0.1056132
39.504000,0.1056132
39.512000,0.1056665
39.520000,0.1057732
39.528000,0.1056665
39.536000,0.1056132
39.544000,0.1055599
39.552000,0.1056132
39.560000,0.1056132
39.568000,0.1056132
39.576000,0.1056132
39.584000,0.1055599
39.592000,0.1056132
39.600000,0.1056665
39.608000,0.1056132
39.616000,0.1056665
39.624000,0.1056132
39.632000,0.1056132
39.640000,0.1057199
39.648000,0.1056665
39.656000,0.1057199
39.664000,0.1057732
39.672000,0.1057199
39.680000,0.1056132
39.688000,0.1055599
39.696000,0.1055599
39.704000,0.1055599
39.712000,0.1056132
39.720000,0.1056665
39.728000,0.1057199
39.736000,0.1056665
39.744000,0.1056665
39.752000,0.1056665
39.760000,0.1055599
39.768000,0.1055599
39.776000,0.1055599
39.784000,0.1056132
39.792000,0.1056132
39.800000,0.1056665
39.808000,0.1056665
39.816000,0.1057199
39.824000,0.1057199
39.832000,0.1056665
39.840000,0.1056132
39.848000,0.1056132
39.856000,0.1056665
39.864000,0.1056132
39.872000,0.1056132
39.880000,0.1057199
39.888000,0.1057732
39.896000,0.1056132
39.904000,0.1056132
39.912000,0.1056132
39.920000,0.1056132
39.928000,0.1055065
39.936000,0.1055599
39.944000,0.1057199
39.952000,0.1057199
39.960000,0.1056665
39.968000,0.1056665
39.976000,0.1057199
39.984000,0.1056665
39.992000,0.1056665
40.000000,0.1057199
40.008000,0.1056665
40.016000,0.1056132
40.024000,0.1055065
40.032000,0.1055065
40.040000,0.1056132
40.048000,0.1056132
40.056000,0.1057199
40.064000,0.1056132
40.072000,0.1055599
40.080000,0.1056132
40.088000,0.1056665
40.096000,0.1056665
40.104000,0.1056665
40.112000,0.1057199
40.120000,0.1057199
40.128000,0.1057199
40.136000,0.1056132
40.144000,0.1056132
40.152000,0.1056665
40.160000,0.1056132
40.168000,0.1056132
40.176000,0.1055599
40.184000,0.1055599
40.192000,0.1055599
40.200000,0.1056132
40.208000,0.1056665
40.216000,0.1057199
40.224000,0.1056665
40.232000,0.1056132
40.240000,0.1055599
40.248000,0.1056132
40.256000,0.1056132
40.264000,0.1056665
40.272000,0.1057199
40.280000,0.1057199
40.288000,0.1057199
40.296000,0.1056132
40.304000,0.1056132
40.312000,0.1056132
40.320000,0.1056665
40.328000,0.1056132
40.336000,0.1056665
40.344000,0.1057199
40.352000,0.1057199
40.360000,0.1057732
40.368000,0.1057199
40.376000,0.1056665
40.384000,0.1056665
40.392000,0.1056132
40.400000,0.1056132
40.408000,0.1056132
40.416000,0.1056132
40.424000,0.1055599
40.432000,0.1055065
40.440000,0.1056132
40.448000,0.1057199
40.456000,0.1057199
40.464000,0.1056665
40.472000,0.1056665
40.480000,0.1056665
40.488000,0.1057199
40.496000,0.1056665
40.504000,0.1056665
40.512000,0.1056665
40.520000,0.1055599
40.528000,0.1056132
40.536000,0.1056132
40.544000,0.1055065
40.552000,0.1055599
40.560000,0.1056132
40.568000,0.1057199
40.576000,0.1057732
40.584000,0.1056665
40.592000,0.1056665
40.600000,0.1056665
40.608000,0.1056665
40.616000,0.1056132
40.624000,0.1056665
40.632000,0.1057199
40.640000,0.1056132
40.648000,0.1056132
40.656000,0.1056132
40.664000,0.1055599
40.672000,0.1055065
40.680000,0.1056132
40.688000,0.1056132
40.696000,0.1056665
40.704000,0.1056665
40.712000,0.1056665
40.720000,0.1056665
40.728000,0.1057199
40.736000,0.1056665
40.744000,0.1055599
40.752000,0.1055599
40.760000,0.1057199
40.768000,0.1057732
40.776000,0.1056665
40.784000,0.1056132
40.792000,0.1055599
40.800000,0.1055599
40.808000,0.1055599
40.816000,0.1055065
40.824000,0.1056132
40.832000,0.1056665
40.840000,0.1055599
40.848000,0.1056132
40.856000,0.1056665
40.864000,0.1056665
40.872000,0.1056665
40.880000,0.1057199
40.888000,0.1056665
40.896000,0.1056132
40.904000,0.1056132
40.912000,0.1055599
40.920000,0.1055599
40.928000,0.1056132
40.936000,0.1056132
40.944000,0.1056132
40.952000,0.1056132
40.960000,0.1057199
40.968000,0.1056665
40.976000,0.1056665
40.984000,0.1056665
40.992000,0.1056132
41.000000,0.1056665
41.008000,0.1056665
41.016000,0.1056132
41.024000,0.1056132
41.032000,0.1056665
41.040000,0.1057199
41.048000,0.1056132
41.056000,0.1056132
41.064000,0.1056132
41.072000,0.1056132
41.080000,0.1056665
41.088000,0.1056665
41.096000,0.1056132
41.104000,0.1056665
41.112000,0.1055599
41.120000,0.1055599
41.128000,0.1056132
41.136000,0.1056665
41.144000,0.1056665
41.152000,0.1056665
41.160000,0.1057199
41.168000,0.1056665
41.176000,0.1056132
41.184000,0.1055599
41.192000,0.1055599
41.200000,0.1056665
41.208000,0.1056132
41.216000,0.1056132
41.224000,0.1056665
41.232000,0.1056665
41.240000,0.1056665
41.248000,0.1056132
41.256000,0.1056132
41.264000,0.1055599
41.272000,0.1056132
41.280000,0.1056665
41.288000,0.1056665
41.296000,0.1056665
41.304000,0.1056665
41.312000,0.1056132
41.320000,0.1056665
41.328000,0.1056665
41.336000,0.1056665
41.344000,0.1056665
41.352000,0.1056665
41.360000,0.1057199
41.368000,0.1057199
41.376000,0.1056132
41.384000,0.1056132
41.392000,0.1056132
41.400000,0.1055599
41.408000,0.1055599
41.416000,0.1056665
41.424000,0.1056665
41.432000,0.1056132
41.440000,0.1056132
41.448000,0.1056665
41.456000,0.1056132
41.464000,0.1055599
41.472000,0.1056132
41.480000,0.1056665
41.488000,0.1057199
41.496000,0.1056665
41.504000,0.1056132
41.512000,0.1056132
41.520000,0.1055599
41.528000,0.1055599
41.536000,0.1055599
41.544000,0.1055599
41.552000,0.1056665
41.560000,0.1056665
41.568000,0.1055599
41.576000,0.1056132
41.584000,0.1056665
41.592000,0.1056132
41.600000,0.1055599
41.608000,0.1056132
41.616000,0.1056665
41.624000,0.1056132
41.632000,0.1056132
41.640000,0.1056132
41.648000,0.1056132
41.656000,0.1056132
41.664000,0.1056665
41.672000,0.1056132
41.680000,0.1055599
41.688000,0.1055599
41.696000,0.1055599
41.704000,0.1055065
41.712000,0.1055599
41.720000,0.1055065
41.728000,0.1055599
41.736000,0.1056132
41.744000,0.1056665
41.752000,0.1056132
41.760000,0.1055599
41.768000,0.1056665
41.776000,0.1056132
41.784000,0.1055599
41.792000,0.1055065
41.800000,0.1055599
41.808000,0.1056132
41.816000,0.1056665
41.824000,0.1057199
41.832000,0.1056665
41.840000,0.1057199
41.848000,0.1056665
41.856000,0.1055599
41.864000,0.1055599
41.872000,0.1056665
41.880000,0.1056665
41.888000,0.1055599
41.896000,0.1055065
41.904000,0.1055599
41.912000,0.1056132
41.920000,0.1056665
41.928000,0.1056132
41.936000,0.1055599
41.944000,0.1056132
41.952000,0.1056132
41.960000,0.1056132
41.968000,0.1056665
41.976000,0.1056665
41.984000,0.1056132
41.992000,0.1055065
42.000000,0.1055599
42.008000,0.1055599
42.016000,0.1056132
42.024000,0.1056132
42.032000,0.1056132
42.040000,0.1055599
42.048000,0.1056132
42.056000,0.1056132
42.064000,0.1056132
42.072000,0.1055599
42.080000,0.1055599
42.088000,0.1055599
42.096000,0.1056132
42.104000,0.1056665
42.112000,0.1056132
42.120000,0.1056665
42.128000,0.1056665
42.136000,0.1055065
42.144000,0.1054532
42.152000,0.1055065
42.160000,0.1055599
42.168000,0.1055599
42.176000,0.1055599
42.184000,0.1056132
42.192000,0.1056132
42.200000,0.1055599
42.208000,0.1055599
42.216000,0.1056132
42.224000,0.1056132
42.232000,0.1056132
42.240000,0.1056665
42.248000,0.1056665
42.256000,0.1056665
42.264000,0.1056665
42.272000,0.1056665
42.280000,0.1055599
42.288000,0.1055065
42.296000,0.1055599
42.304000,0.1056665
42.312000,0.1056665
42.320000,0.1055599
42.328000,0.1056665
42.336000,0.1056665
42.344000,0.1056132
42.352000,0.1056132
42.360000,0.1056132
42.368000,0.1056665
42.376000,0.1056665
42.384000,0.1055599
42.392000,0.1055599
42.400000,0.1055065
42.408000,0.1055599
42.416000,0.1055065
42.424000,0.1055065
42.432000,0.1055599
42.440000,0.1056132
42.448000,0.1055599
42.456000,0.1055065
42.464000,0.1055599
42.472000,0.1056665
42.480000,0.1056665
42.488000,0.1056132
42.496000,0.1056132
42.504000,0.1057199
42.512000,0.1057732
42.520000,0.1056665
42.528000,0.1056132
42.536000,0.1055599
42.544000,0.1056132
42.552000,0.1056132
42.560000,0.1055599
42.568000,0.1055065
42.576000,0.1055599
42.584000,0.1055599
42.592000,0.1055599
42.600000,0.1056132
42.608000,0.1056665
42.616000,0.1056132
42.624000,0.1056132
42.632000,0.1056132
42.640000,0.1056132
42.648000,0.1056132
42.656000,0.1055065
42.664000,0.1055065
42.672000,0.1055065
42.680000,0.1055065
42.688000,0.1055599
42.696000,0.1055599
42.704000,0.1056132
42.712000,0.1055599
42.720000,0.1056132
42.728000,0.1055599
42.736000,0.1055065
42.744000,0.1055065
42.752000,0.1055599
42.760000,0.1056132
42.768000,0.1056665
42.776000,0.1055599
42.784000,0.1055599
42.792000,0.1056665
42.800000,0.1056132
42.808000,0.1056132
42.816000,0.1056665
42.824000,0.1056665
42.832000,0.1056132
42.840000,0.1055599
42.848000,0.1056132
42.856000,0.1056132
42.864000,0.1056132
42.872000,0.1056132
42.880000,0.1056665
42.888000,0.1057199
42.896000,0.1055599
42.904000,0.1054532
42.912000,0.1055065
42.920000,0.1056665
42.928000,0.1056665
42.936000,0.1056132
42.944000,0.1055599
42.952000,0.1055599
42.960000,0.1056132
42.968000,0.1055599
42.976000,0.1055599
42.984000,0.1056132
42.992000,0.1055599
43.000000,0.1055599
43.008000,0.1055599
43.016000,0.1055065
43.024000,0.1055065
43.032000,0.1054532
43.040000,0.1055065
43.048000,0.1056132
43.056000,0.1056132
43.064000,0.1056665
43.072000,0.1056132
43.080000,0.1056132
43.088000,0.1056665
43.096000,0.1056665
43.104000,0.1056132
43.112000,0.1056132
43.120000,0.1056132
43.128000,0.1056665
43.136000,0.1056665
43.144000,0.1056665
43.152000,0.1056665
43.160000,0.1056132
43.168000,0.1055065
43.176000,0.1055065
43.184000,0.1055065
43.192000,0.1055599
43.200000,0.1055599
43.208000,0.1055599
43.216000,0.1056132
43.224000,0.1056132
43.232000,0.1055065
43.240000,0.1055065
43.248000,0.1055599
43.256000,0.1056132
43.264000,0.1055599
43.272000,0.1055599
43.280000,0.1056132
43.288000,0.1055599
43.296000,0.1055599
43.304000,0.1056132
43.312000,0.1054532
43.320000,0.1055065
43.328000,0.1056132
43.336000,0.1056132
43.344000,0.1055065
43.352000,0.1055065
43.360000,0.1056132
43.368000,0.1056132
43.376000,0.1056132
43.384000,0.1056132
43.392000,0.1056665
43.400000,0.1056132
43.408000,0.1055599
43.416000,0.1055065
43.424000,0.1056132
43.432000,0.1057199
43.440000,0.1056132
43.448000,0.1056132
43.456000,0.1056665
43.464000,0.1056132
43.472000,0.1055065
43.480000,0.1055599
43.488000,0.1055599
43.496000,0.1056132
43.504000,0.1055599
43.512000,0.1055065
43.520000,0.1055599
43.528000,0.1055599
43.536000,0.1056665
43.544000,0.1056132
43.552000,0.1055599
43.560000,0.1055599
43.568000,0.1056132
43.576000,0.1055599
43.584000,0.1054532
43.592000,0.1055599
43.600000,0.1055599
43.608000,0.1055599
43.616000,0.1055065
43.624000,0.1055599
43.632000,0.1056132
43.640000,0.1056132
43.648000,0.1056132
43.656000,0.1055065
43.664000,0.1055599
43.672000,0.1054532
43.680000,0.1054532
43.688000,0.1055065
43.696000,0.1053998
43.704000,0.1055065
43.712000,0.1056132
43.720000,0.1056132
43.728000,0.1055065
43.736000,0.1054532
43.744000,0.1054532
43.752000,0.1055599
43.760000,0.1055599
43.768000,0.1055065
43.776000,0.1055599
43.784000,0.1056132
43.792000,0.1055599
43.800000,0.1055599
43.808000,0.1055065
43.816000,0.1055065
43.824000,0.1055599
43.832000,0.1055599
43.840000,0.1056132
43.848000,0.1055599
43.856000,0.1055599
43.864000,0.1056132
43.872000,0.1055599
43.880000,0.1055599
43.888000,0.1055599
43.896000,0.1055599
43.904000,0.1055065
43.912000,0.1055065
43.920000,0.1055065
43.928000,0.1055065
43.936000,0.1055065
43.944000,0.1055599
43.952000,0.1056132
43.960000,0.1055065
43.968000,0.1055065
43.976000,0.1055599
43.984000,0.1055599
43.992000,0.1055599
44.000000,0.1056665
44.008000,0.1056665
44.016000,0.1056132
44.024000,0.1055599
44.032000,0.1055599
44.040000,0.1056132
44.048000,0.1056132
44.056000,0.1056132
44.064000,0.1056132
44.072000,0.1055599
44.080000,0.1055065
44.088000,0.1055065
44.096000,0.1055599
44.104000,0.1056132
44.112000,0.1056132
44.120000,0.1055599
44.128000,0.1055065
44.136000,0.1055065
44.144000,0.1055599
44.152000,0.1055599
44.160000,0.1056132
44.168000,0.1055599
44.176000,0.1055065
44.184000,0.1054532
44.192000,0.1055065
44.200000,0.1055065
44.208000,0.1054532
44.216000,0.1054532
44.224000,0.1055599
44.232000,0.1055599
44.240000,0.1055599
44.248000,0.1055065
44.256000,0.1054532
44.264000,0.1055599
44.272000,0.1055599
44.280000,0.1055599
44.288000,0.1055599
44.296000,0.1056132
44.304000,0.1056132
44.312000,0.1056132
44.320000,0.1056132
44.328000,0.1055599
44.336000,0.1055065
44.344000,0.1055065
44.352000,0.1055065
44.360000,0.1055065
44.368000,0.1054532
44.376000,0.1054532
44.384000,0.1055599
44.392000,0.1056132
44.400000,0.1055065
44.408000,0.1054532
44.416000,0.1054532
44.424000,0.1055065
44.432000,0.1055065
44.440000,0.1053998
44.448000,0.1055065
44.456000,0.1055599
44.464000,0.1054532
44.472000,0.1053465
44.480000,0.1054532
44.488000,0.1054532
44.496000,0.1055599
44.504000,0.1056132
44.512000,0.1055599
44.520000,0.1055065
44.528000,0.1055599
44.536000,0.1055599
44.544000,0.1056132
44.552000,0.1055599
44.560000,0.1055065
44.568000,0.1053998
44.576000,0.1054532
44.584000,0.1055599
44.592000,0.1055065
44.600000,0.1055065
44.608000,0.1055599
44.616000,0.1055065
44.624000,0.1055065
44.632000,0.1056665
44.640000,0.1055065
44.648000,0.1054532
44.656000,0.1055065
44.664000,0.1055065
44.672000,0.1055599
44.680000,0.1056132
44.688000,0.1055599
44.696000,0.1055599
44.704000,0.1055599
44.712000,0.1054532
44.720000,0.1055065
44.728000,0.1055599
44.736000,0.1055599
44.744000,0.1056132
44.752000,0.1056132
44.760000,0.1055065
44.768000,0.1055065
44.776000,0.1055065
44.784000,0.1055065
44.792000,0.1055599
44.800000,0.1055599
44.808000,0.1054532
44.816000,0.1054532
44.824000,0.1055065
44.832000,0.1055599
44.840000,0.1054532
44.848000,0.1054532
44.856000,0.1055065
44.864000,0.1055065
44.872000,0.1055065
44.880000,0.1055599
44.888000,0.1056132
44.896000,0.1056132
44.904000,0.1056132
44.912000,0.1056132
44.920000,0.1055599
44.928000,0.1055599
44.936000,0.1053998
44.944000,0.1053998
44.952000,0.1054532
44.960000,0.1053465
44.968000,0.1053465
44.976000,0.1054532
44.984000,0.1055599
44.992000,0.1055599
45.000000,0.1055599
45.008000,0.1055065
45.016000,0.1055065
45.024000,0.1055065
45.032000,0.1055599
45.040000,0.1055599
45.048000,0.1055065
45.056000,0.1055599
45.064000,0.1055599
45.072000,0.1055065
45.080000,0.1055599
45.088000,0.1056132
45.096000,0.1056665
45.104000,0.1056132
45.112000,0.1055599
45.120000,0.1054532
45.128000,0.1055065
45.136000,0.1055599
45.144000,0.1056132
45.152000,0.1055599
45.160000,0.1055065
45.168000,0.1055599
45.176000,0.1055599
45.184000,0.1055065
45.192000,0.1054532
45.200000,0.1055065
45.208000,0.1055599
45.216000,0.1055599
45.224000,0.1054532
45.232000,0.1053998
45.240000,0.1053998
45.248000,0.1054532
45.256000,0.1054532
45.264000,0.1055065
45.272000,0.1055599
45.280000,0.1056132
45.288000,0.1055599
45.296000,0.1055065
45.304000,0.1055065
45.312000,0.1055065
45.320000,0.1055065
45.328000,0.1055599
45.336000,0.1055599
45.344000,0.1055599
45.352000,0.1055599
45.360000,0.1055065
45.368000,0.1055599
45.376000,0.1055599
45.384000,0.1055065
45.392000,0.1055065
45.400000,0.1055599
45.408000,0.1055065
45.416000,0.1055065
45.424000,0.1054532
45.432000,0.1054532
45.440000,0.1055065
45.448000,0.1055065
45.456000,0.1055065
45.464000,0.1055065
45.472000,0.1055065
45.480000,0.1053998
45.488000,0.1054532
45.496000,0.1055065
45.504000,0.1055065
45.512000,0.1054532
45.520000,0.1053998
45.528000,0.1055065
45.536000,0.1055065
45.544000,0.1054532
45.552000,0.1055065
45.560000,0.1055599
45.568000,0.1055065
45.576000,0.1055065
45.584000,0.1054532
45.592000,0.1054532
45.600000,0.1054532
45.608000,0.1054532
45.616000,0.1054532
45.624000,0.1055065
45.632000,0.1055065
45.640000,0.1055599
45.648000,0.1055065
45.656000,0.1055065
45.664000,0.1055599
45.672000,0.1055065
45.680000,0.1054532
45.688000,0.1054532
45.696000,0.1055065
45.704000,0.1054532
45.712000,0.1055065
45.720000,0.1055065
45.728000,0.1054532
45.736000,0.1054532
45.744000,0.1054532
45.752000,0.1055065
45.760000,0.1054532
45.768000,0.1055065
45.776000,0.1055065
45.784000,0.1055065
45.792000,0.1054532
45.800000,0.1054532
45.808000,0.1055599
45.816000,0.1055599
45.824000,0.1055599
45.832000,0.1055065
45.840000,0.1055599
45.848000,0.1055599
45.856000,0.1055065
45.864000,0.1055599
45.872000,0.1055065
45.880000,0.1055599
45.888000,0.1054532
45.896000,0.1054532
45.904000,0.1053998
45.912000,0.1053465
45.920000,0.1052932
45.928000,0.1053998
45.936000,0.1054532
45.944000,0.1054532
45.952000,0.1055065
45.960000,0.1055065
45.968000,0.1054532
45.976000,0.1055065
45.984000,0.1055065
45.992000,0.1055065
46.000000,0.1055599
46.008000,0.1055065
46.016000,0.1054532
46.024000,0.1054532
46.032000,0.1055065
46.040000,0.1055065
46.048000,0.1055065
46.056000,0.1055065
46.064000,0.1055065
46.072000,0.1054532
46.080000,0.1053998
46.088000,0.1054532
46.096000,0.1055065
46.104000,0.1055065
46.112000,0.1055065
46.120000,0.1055065
46.128000,0.1055065
46.136000,0.1055065
46.144000,0.1054532
46.152000,0.1054532
46.160000,0.1054532
46.168000,0.1054532
46.176000,0.1054532
46.184000,0.1053998
46.192000,0.1054532
46.200000,0.1055065
46.208000,0.1056132
46.216000,0.1055599
46.224000,0.1053998
46.232000,0.1053998
46.240000,0.1054532
46.248000,0.1054532
46.256000,0.1054532
46.264000,0.1055065
46.272000,0.1054532
46.280000,0.1054532
46.288000,0.1055065
46.296000,0.1054532
46.304000,0.1055065
46.312000,0.1055065
46.320000,0.1055065
46.328000,0.1054532
46.336000,0.1055065
46.344000,0.1055065
46.352000,0.1055599
46.360000,0.1054532
46.368000,0.1054532
46.376000,0.1054532
46.384000,0.1055065
46.392000,0.1055599
46.400000,0.1055599
46.408000,0.1055065
46.416000,0.1055599
46.424000,0.1055599
46.432000,0.1055065
46.440000,0.1056132
46.448000,0.1055065
46.456000,0.1054532
46.464000,0.1054532
46.472000,0.1053998
46.480000,0.1054532
46.488000,0.1054532
46.496000,0.1053998
46.504000,0.1055065
46.512000,0.1055065
46.520000,0.1055065
46.528000,0.1055065
46.536000,0.1054532
46.544000,0.1054532
46.552000,0.1054532
46.560000,0.1053465
46.568000,0.1053998
46.576000,0.1054532
46.584000,0.1055599
46.592000,0.1056132
46.600000,0.1055599
46.608000,0.1055599
46.616000,0.1055065
46.624000,0.1054532
46.632000,0.1054532
46.640000,0.1053998
46.648000,0.1053998
46.656000,0.1054532
46.664000,0.1055065
46.672000,0.1055599
46.680000,0.1054532
46.688000,0.1054532
46.696000,0.1054532
46.704000,0.1055065
46.712000,0.1055065
46.720000,0.1054532
46.728000,0.1055065
46.736000,0.1054532
46.744000,0.1055065
46.752000,0.1055065
46.760000,0.1055599
46.768000,0.1054532
46.776000,0.1053998
46.784000,0.1054532
46.792000,0.1054532
46.800000,0.1054532
46.808000,0.1055065
46.816000,0.1054532
46.824000,0.1054532
46.832000,0.1055599
46.840000,0.1055599
46.848000,0.1055599
46.856000,0.1055599
46.864000,0.1054532
46.872000,0.1053998
46.880000,0.1053998
46.888000,0.1055065
46.896000,0.1055599
46.904000,0.1054532
46.912000,0.1053465
46.920000,0.1053465
46.928000,0.1053998
46.936000,0.1053998
46.944000,0.1052932
46.952000,0.1053465
46.960000,0.1053998
46.968000,0.1054532
46.976000,0.1054532
46.984000,0.1054532
46.992000,0.1053998
47.000000,0.1054532
47.008000,0.1054532
47.016000,0.1053465
47.024000,0.1054532
47.032000,0.1054532
47.040000,0.1055065
47.048000,0.1054532
47.056000,0.1053998
47.064000,0.1055065
47.072000,0.1055065
47.080000,0.1053465
47.088000,0.1053998
47.096000,0.1053998
47.104000,0.1054532
47.112000,0.1054532
47.120000,0.1055065
47.128000,0.1054532
47.136000,0.1053465
47.144000,0.1053465
47.152000,0.1053465
47.160000,0.1053465
47.168000,0.1054532
47.176000,0.1053998
47.184000,0.1053998
47.192000,0.1054532
47.200000,0.1054532
47.208000,0.1054532
47.216000,0.1054532
47.224000,0.1055599
47.232000,0.1055599
47.240000,0.1053465
47.248000,0.1053998
47.256000,0.1054532
47.264000,0.1054532
47.272000,0.1055065
47.280000,0.1055599
47.288000,0.1053998
47.296000,0.1053998
47.304000,0.1053998
47.312000,0.1052932
47.320000,0.1053465
47.328000,0.1053998
47.336000,0.1053465
47.344000,0.1052932
47.352000,0.1053998
47.360000,0.1054532
47.368000,0.1053465
47.376000,0.1053465
47.384000,0.1054532
47.392000,0.1055065
47.400000,0.1054532
47.408000,0.1053998
47.416000,0.1053998
47.424000,0.1055065
47.432000,0.1055065
47.440000,0.1053998
47.448000,0.1053998
47.456000,0.1054532
47.464000,0.1055065
47.472000,0.1054532
47.480000,0.1054532
47.488000,0.1054532
47.496000,0.1054532
47.504000,0.1055065
47.512000,0.1055599
47.520000,0.1054532
47.528000,0.1053998
47.536000,0.1053465
47.544000,0.1054532
47.552000,0.1054532
47.560000,0.1053998
47.568000,0.1053998
47.576000,0.1053998
47.584000,0.1053465
47.592000,0.1054532
47.600000,0.1055065
47.608000,0.1055065
47.616000,0.1053998
47.624000,0.1053998
47.632000,0.1054532
47.640000,0.1055065
47.648000,0.1054532
47.656000,0.1055065
47.664000,0.1055065
47.672000,0.1053465
47.680000,0.1052932
47.688000,0.1053998
47.696000,0.1054532
47.704000,0.1053465
47.712000,0.1053465
47.720000,0.1053465
47.728000,0.1053998
47.736000,0.1055065
47.744000,0.1055599
47.752000,0.1055065
47.760000,0.1055065
47.768000,0.1054532
47.776000,0.1055065
47.784000,0.1054532
47.792000,0.1053998
47.800000,0.1053998
47.808000,0.1053998
47.816000,0.1053465
47.824000,0.1053998
47.832000,0.1055065
47.840000,0.1054532
47.848000,0.1054532
47.856000,0.1054532
47.864000,0.1054532
47.872000,0.1054532
47.880000,0.1054532
47.888000,0.1054532
47.896000,0.1054532
47.904000,0.1054532
47.912000,0.1053998
47.920000,0.1054532
47.928000,0.1054532
47.936000,0.1053998
47.944000,0.1055065
47.952000,0.1054532
47.960000,0.1053998
47.968000,0.1053998
47.976000,0.1054532
47.984000,0.1054532
47.992000,0.1054532
48.000000,0.1054532
48.008000,0.1055065
48.016000,0.1055065
48.024000,0.1055065
48.032000,0.1053998
48.040000,0.1053465
48.048000,0.1054532
48.056000,0.1053465
48.064000,0.1053465
48.072000,0.1054532
48.080000,0.1054532
48.088000,0.1054532
48.096000,0.1054532
48.104000,0.1053998
48.112000,0.1054532
48.120000,0.1053998
48.128000,0.1053998
48.136000,0.1053998
48.144000,0.1054532
48.152000,0.1054532
48.160000,0.1053998
48.168000,0.1054532
48.176000,0.1054532
48.184000,0.1053998
48.192000,0.1053998
48.200000,0.1054532
48.208000,0.1054532
48.216000,0.1055065
48.224000,0.1055599
48.232000,0.1055599
48.240000,0.1055065
48.248000,0.1053998
48.256000,0.1054532
48.264000,0.1054532
48.272000,0.1055065
48.280000,0.1055065
48.288000,0.1055065
48.296000,0.1055065
48.304000,0.1054532
48.312000,0.1053998
48.320000,0.1054532
48.328000,0.1053998
48.336000,0.1054532
48.344000,0.1054532
48.352000,0.1053998
48.360000,0.1053465
48.368000,0.1052932
48.376000,0.1053998
48.384000,0.1054532
48.392000,0.1054532
48.400000,0.1053998
48.408000,0.1054532
48.416000,0.1053465
48.424000,0.1053465
48.432000,0.1053998
48.440000,0.1053465
48.448000,0.1053998
48.456000,0.1054532
48.464000,0.1054532
48.472000,0.1053465
48.480000,0.1052398
48.488000,0.1053465
48.496000,0.1054532
48.504000,0.1053998
48.512000,0.1053465
48.520000,0.1053998
48.528000,0.1053998
48.536000,0.1054532
48.544000,0.1054532
48.552000,0.1054532
48.560000,0.1054532
48.568000,0.1054532
48.576000,0.1053998
48.584000,0.1053998
48.592000,0.1054532
48.600000,0.1054532
48.608000,0.1053465
48.616000,0.1053465
48.624000,0.1053465
48.632000,0.1053998
48.640000,0.1054532
48.648000,0.1055065
48.656000,0.1053998
48.664000,0.1053998
48.672000,0.1053998
48.680000,0.1053465
48.688000,0.1053998
48.696000,0.1053998
48.704000,0.1053998
48.712000,0.1053465
48.720000,0.1053998
48.728000,0.1054532
48.736000,0.1053465
48.744000,0.1052932
48.752000,0.1053998
48.760000,0.1054532
48.768000,0.1054532
48.776000,0.1053998
48.784000,0.1053998
48.792000,0.1053998
48.800000,0.1053465
48.808000,0.1052932
48.816000,0.1053998
48.824000,0.1053998
48.832000,0.1053465
48.840000,0.1053465
48.848000,0.1052932
48.856000,0.1052932
48.864000,0.1053998
48.872000,0.1053465
48.880000,0.1053998
48.888000,0.1053998
48.896000,0.1053465
48.904000,0.1053465
48.912000,0.1053465
48.920000,0.1052932
48.928000,0.1052932
48.936000,0.1053465
48.944000,0.1053465
48.952000,0.1053465
48.960000,0.1053465
48.968000,0.1053998
48.976000,0.1053998
48.984000,0.1052932
48.992000,0.1052398
49.000000,0.1053465
49.008000,0.1053465
49.016000,0.1052932
49.024000,0.1053998
49.032000,0.1054532
49.040000,0.1053465
49.048000,0.1053465
49.056000,0.1053998
49.064000,0.1053998
49.072000,0.1053465
49.080000,0.1053465
49.088000,0.1054532
49.096000,0.1053998
49.104000,0.1053465
49.112000,0.1052932
49.120000,0.1053465
49.128000,0.1054532
49.136000,0.1053465
49.144000,0.1052932
49.152000,0.1053465
49.160000,0.1053998
49.168000,0.1054532
49.176000,0.1053998
49.184000,0.1053465
49.192000,0.1053998
49.200000,0.1053998
49.208000,0.1053998
49.216000,0.1053998
49.224000,0.1054532
49.232000,0.1054532
49.240000,0.1054532
49.248000,0.1054532
49.256000,0.1054532
49.264000,0.1053998
49.272000,0.1053465
49.280000,0.1053465
49.288000,0.1053998
49.296000,0.1054532
49.304000,0.1053998
49.312000,0.1054532
49.320000,0.1054532
49.328000,0.1054532
49.336000,0.1054532
49.344000,0.1054532
49.352000,0.1053998
49.360000,0.1053998
49.368000,0.1053465
49.376000,0.1053465
49.384000,0.1053998
49.392000,0.1054532
49.400000,0.1053465
49.408000,0.1053465
49.416000,0.1053465
49.424000,0.1053465
49.432000,0.1053465
49.440000,0.1053998
49.448000,0.1055065
49.456000,0.1055065
49.464000,0.1053998
49.472000,0.1053998
49.480000,0.1054532
49.488000,0.1055065
49.496000,0.1054532
49.504000,0.1053998
49.512000,0.1053998
49.520000,0.1055065
49.528000,0.1054532
49.536000,0.1053465
49.544000,0.1053465
49.552000,0.1053465
49.560000,0.1053998
49.568000,0.1053465
49.576000,0.1052932
49.584000,0.1053465
49.592000,0.1054532
49.600000,0.1054532
49.608000,0.1054532
49.616000,0.1053465
49.624000,0.1052932
49.632000,0.1052398
49.640000,0.1053465
49.648000,0.1054532
49.656000,0.1053998
49.664000,0.1053465
49.672000,0.1053998
49.680000,0.1053998
49.688000,0.1053998
49.696000,0.1053998
49.704000,0.1053465
49.712000,0.1052932
49.720000,0.1052932
49.728000,0.1053465
49.736000,0.1053998
49.744000,0.1053998
49.752000,0.1053465
49.760000,0.1052932
49.768000,0.1052932
49.776000,0.1052398
49.784000,0.1052932
49.792000,0.1053465
49.800000,0.1053465
49.808000,0.1053465
49.816000,0.1053465
49.824000,0.1053465
49.832000,0.1053998
49.840000,0.1053998
49.848000,0.1053465
49.856000,0.1053998
49.864000,0.1053998
49.872000,0.1053465
49.880000,0.1053998
49.888000,0.1054532
49.896000,0.1053998
49.904000,0.1052932
49.912000,0.1053998
49.920000,0.1053465
49.928000,0.1052932
49.936000,0.1053465
49.944000,0.1052932
49.952000,0.1052932
49.960000,0.1053465
49.968000,0.1053465
49.976000,0.1053465
49.984000,0.1053465
49.992000,0.1052932
50.000000,0.1053998
50.008000,0.1053998
50.016000,0.1053465
50.024000,0.1053998
50.032000,0.1053998
50.040000,0.1053998
50.048000,0.1053998
50.056000,0.1053465
50.064000,0.1053465
50.072000,0.1053465
50.080000,0.1053465
50.088000,0.1053465
50.096000,0.1053465
50.104000,0.1053465
50.112000,0.1052932
50.120000,0.1053998
50.128000,0.1053465
50.136000,0.1052932
50.144000,0.1052932
50.152000,0.1052932
50.160000,0.1053465
50.168000,0.1053998
50.176000,0.1053998
50.184000,0.1052932
50.192000,0.1053465
50.200000,0.1053465
50.208000,0.1053998
50.216000,0.1053465
50.224000,0.1053998
50.232000,0.1053998
50.240000,0.1053998
50.248000,0.1053465
50.256000,0.1053465
50.264000,0.1053465
50.272000,0.1053465
50.280000,0.1053998
50.288000,0.1053998
50.296000,0.1053998
50.304000,0.1053465
50.312000,0.1053465
50.320000,0.1053998
50.328000,0.1053998
50.336000,0.1053998
50.344000,0.1053998
50.352000,0.1052932
50.360000,0.1052398
50.368000,0.1053465
50.376000,0.1052932
50.384000,0.1053465
50.392000,0.1053998
50.400000,0.1053465
50.408000,0.1053465
50.416000,0.1053465
50.424000,0.1053465
50.432000,0.1053998
50.440000,0.1053998
50.448000,0.1053465
50.456000,0.1053465
50.464000,0.1054532
50.472000,0.1053998
50.480000,0.1053465
50.488000,0.1053998
50.496000,0.1054532
50.504000,0.1054532
50.512000,0.1053465
50.520000,0.1053465
50.528000,0.1053998
50.536000,0.1053465
50.544000,0.1053465
50.552000,0.1053998
50.560000,0.1053998
50.568000,0.1053998
50.576000,0.1053465
50.584000,0.1053465
50.592000,0.1053465
50.600000,0.1054532
50.608000,0.1055065
50.616000,0.1054532
50.624000,0.1053998
50.632000,0.1052932
50.640000,0.1053465
50.648000,0.1053998
50.656000,0.1053465
50.664000,0.1053465
50.672000,0.1052932
50.680000,0.1052932
50.688000,0.1053998
50.696000,0.1053998
50.704000,0.1054532
50.712000,0.1054532
50.720000,0.1054532
50.728000,0.1053998
50.736000,0.1052932
50.744000,0.1052932
50.752000,0.1053465
50.760000,0.1052398
50.768000,0.1052932
50.776000,0.1053465
50.784000,0.1053465
50.792000,0.1053465
50.800000,0.1053998
50.808000,0.1054532
50.816000,0.1053465
50.824000,0.1053998
50.832000,0.1055065
50.840000,0.1054532
50.848000,0.1053465
50.856000,0.1053465
50.864000,0.1053998
50.872000,0.1054532
50.880000,0.1053998
50.888000,0.1053465
50.896000,0.1052932
50.904000,0.1052932
50.912000,0.1052932
50.920000,0.1053465
50.928000,0.1053465
50.936000,0.1053465
50.944000,0.1053998
50.952000,0.1053998
50.960000,0.1053998
50.968000,0.1053465
50.976000,0.1052932
50.984000,0.1053465
50.992000,0.1053998
51.000000,0.1053998
51.008000,0.1052932
51.016000,0.1052932
51.024000,0.1053465
51.032000,0.1053465
51.040000,0.1053465
51.048000,0.1052932
51.056000,0.1053465
51.064000,0.1053998
51.072000,0.1053465
51.080000,0.1053465
51.088000,0.1052932
51.096000,0.1053465
51.104000,0.1053465
51.112000,0.1053998
51.120000,0.1054532
51.128000,0.1054532
51.136000,0.1054532
51.144000,0.1053465
51.152000,0.1053465
51.160000,0.1053465
51.168000,0.1053465
51.176000,0.1052932
51.184000,0.1052932
51.192000,0.1053465
51.200000,0.1053465
51.208000,0.1052932
51.216000,0.1052398
51.224000,0.1052398
51.232000,0.1053998
51.240000,0.1054532
51.248000,0.1053998
51.256000,0.1053465
51.264000,0.1053465
51.272000,0.1053465
51.280000,0.1053998
51.288000,0.1053465
51.296000,0.1053465
51.304000,0.1052932
51.312000,0.1052398
51.320000,0.1052398
51.328000,0.1052932
51.336000,0.1052398
51.344000,0.1052932
51.352000,0.1052932
51.360000,0.1052932
51.368000,0.1053465
51.376000,0.1052398
51.384000,0.1052932
51.392000,0.1053465
51.400000,0.1053465
51.408000,0.1052932
51.416000,0.1052932
51.424000,0.1052932
51.432000,0.1052932
51.440000,0.1052932
51.448000,0.1052932
51.456000,0.1052398
51.464000,0.1051865
51.472000,0.1051865
51.480000,0.1052932
51.488000,0.1052398
51.496000,0.1052398
51.504000,0.1052398
51.512000,0.1053465
51.520000,0.1053465
51.528000,0.1052398
51.536000,0.1052398
51.544000,0.1052932
51.552000,0.1052932
51.560000,0.1053465
51.568000,0.1053465
51.576000,0.1053998
51.584000,0.1053998
51.592000,0.1052932
51.600000,0.1052398
51.608000,0.1052932
51.616000,0.1053465
51.624000,0.1053465
51.632000,0.1053465
51.640000,0.1052932
51.648000,0.1052932
51.656000,0.1053465
51.664000,0.1053465
51.672000,0.1054532
51.680000,0.1053998
51.688000,0.1053465
51.696000,0.1053465
51.704000,0.1053465
51.712000,0.1053465
51.720000,0.1053465
51.728000,0.1052932
51.736000,0.1053465
51.744000,0.1053465
51.752000,0.1052932
51.760000,0.1052932
51.768000,0.1052398
51.776000,0.1052398
51.784000,0.1051865
51.792000,0.1052398
51.800000,0.1052932
51.808000,0.1052932
51.816000,0.1053465
51.824000,0.1053465
51.832000,0.1052398
51.840000,0.1052398
51.848000,0.1052398
51.856000,0.1051865
51.864000,0.1051865
51.872000,0.1051865
51.880000,0.1051865
51.888000,0.1052398
51.896000,0.1052932
51.904000,0.1052932
51.912000,0.1052932
51.920000,0.1052932
51.928000,0.1052398
51.936000,0.1052398
51.944000,0.1051865
51.952000,0.1052932
51.960000,0.1053465
51.968000,0.1053465
51.976000,0.1053998
51.984000,0.1052932
51.992000,0.1052932
52.000000,0.1052932
52.008000,0.1052398
52.016000,0.1052932
52.024000,0.1052398
52.032000,0.1052398
52.040000,0.1052932
52.048000,0.1053465
52.056000,0.1053465
52.064000,0.1053998
52.072000,0.1052932
52.080000,0.1052398
52.088000,0.1052398
52.096000,0.1052932
52.104000,0.1053998
52.112000,0.1053465
52.120000,0.1053465
52.128000,0.1052398
52.136000,0.1052398
52.144000,0.1052398
52.152000,0.1051865
52.160000,0.1052398
52.168000,0.1052398
52.176000,0.1052398
52.184000,0.1052398
52.192000,0.1051865
52.200000,0.1051865
52.208000,0.1052932
52.216000,0.1053465
52.224000,0.1052932
52.232000,0.1051865
52.240000,0.1051865
52.248000,0.1052932
52.256000,0.1052398
52.264000,0.1051865
52.272000,0.1052398
52.280000,0.1052932
52.288000,0.1052932
52.296000,0.1052932
52.304000,0.1052398
52.312000,0.1051865
52.320000,0.1051865
52.328000,0.1052398
52.336000,0.1052398
52.344000,0.1052398
52.352000,0.1051865
52.360000,0.1052398
52.368000,0.1052932
52.376000,0.1052932
52.384000,0.1052932
52.392000,0.1052398
52.400000,0.1052398
52.408000,0.1052398
52.416000,0.1051865
52.424000,0.1051865
52.432000,0.1052932
52.440000,0.1052398
52.448000,0.1052398
52.456000,0.1051865
52.464000,0.1051865
52.472000,0.1052932
52.480000,0.1052932
52.488000,0.1052398
52.496000,0.1051865
52.504000,0.1052398
52.512000,0.1052398
52.520000,0.1051331
52.528000,0.1051331
52.536000,0.1052932
52.544000,0.1053998
52.552000,0.1052932
52.560000,0.1051865
52.568000,0.1052932
52.576000,0.1052932
52.584000,0.1052398
52.592000,0.1052398
52.600000,0.1052932
52.608000,0.1053465
52.616000,0.1052932
52.624000,0.1053465
52.632000,0.1052932
52.640000,0.1052398
52.648000,0.1052398
52.656000,0.1052932
52.664000,0.1052398
52.672000,0.1051865
52.680000,0.1052398
52.688000,0.1051865
52.696000,0.1050798
52.704000,0.1050798
52.712000,0.1051865
52.720000,0.1051331
52.728000,0.1051331
52.736000,0.1052398
52.744000,0.1052398
52.752000,0.1052398
52.760000,0.1051865
52.768000,0.1052398
52.776000,0.1051865
52.784000,0.1051865
52.792000,0.1051331
52.800000,0.1051865
52.808000,0.1052398
52.816000,0.1052398
52.824000,0.1051865
52.832000,0.1051865
52.840000,0.1052398
52.848000,0.1052932
52.856000,0.1052932
52.864000,0.1052398
52.872000,0.1052398
52.880000,0.1051865
52.888000,0.1051331
52.896000,0.1051865
52.904000,0.1052398
52.912000,0.1051865
52.920000,0.1051865
52.928000,0.1052398
52.936000,0.1052398
52.944000,0.1052398
52.952000,0.1052398
52.960000,0.1051865
52.968000,0.1051331
52.976000,0.1051865
52.984000,0.1052398
52.992000,0.1051865
53.000000,0.1051865
53.008000,0.1051865
53.016000,0.1051865
53.024000,0.1051865
53.032000,0.1051865
53.040000,0.1051865
53.048000,0.1052398
53.056000,0.1052398
53.064000,0.1052398
53.072000,0.1052398
53.080000,0.1051865
53.088000,0.1051865
53.096000,0.1051331
53.104000,0.1051865
53.112000,0.1051865
53.120000,0.1051865
53.128000,0.1051865
53.136000,0.1052398
53.144000,0.1051865
53.152000,0.1051865
53.160000,0.1051331
53.168000,0.1051865
53.176000,0.1051865
53.184000,0.1051331
53.192000,0.1051331
53.200000,0.1051331
53.208000,0.1051865
53.216000,0.1051331
53.224000,0.1051331
53.232000,0.1051865
53.240000,0.1051865
53.248000,0.1051865
53.256000,0.1051331
53.264000,0.1051865
53.272000,0.1051865
53.280000,0.1051865
53.288000,0.1052932
53.296000,0.1052398
53.304000,0.1051331
53.312000,0.1051865
53.320000,0.1052932
53.328000,0.1051865
53.336000,0.1051865
53.344000,0.1051331
53.352000,0.1050798
53.360000,0.1051331
53.368000,0.1051865
53.376000,0.1051865
53.384000,0.1052398
53.392000,0.1051865
53.400000,0.1050798
53.408000,0.1050265
53.416000,0.1050265
53.424000,0.1050798
53.432000,0.1051331
53.440000,0.1052398
53.448000,0.1052398
53.456000,0.1051865
53.464000,0.1051865
53.472000,0.1051331
53.480000,0.1051865
53.488000,0.1051865
53.496000,0.1051331
53.504000,0.1051331
53.512000,0.1051865
53.520000,0.1051331
53.528000,0.1051865
53.536000,0.1051865
53.544000,0.1050798
53.552000,0.1051331
53.560000,0.1051331
53.568000,0.1052398
53.576000,0.1052932
53.584000,0.1052932
53.592000,0.1052398
53.600000,0.1051331
53.608000,0.1052398
53.616000,0.1052398
53.624000,0.1051331
53.632000,0.1051331
53.640000,0.1051331
53.648000,0.1051865
53.656000,0.1051331
53.664000,0.1051331
53.672000,0.1051331
53.680000,0.1051331
53.688000,0.1051331
53.696000,0.1051331
53.704000,0.1051865
53.712000,0.1051331
53.720000,0.1051331
53.728000,0.1051865
53.736000,0.1051865
53.744000,0.1050798
53.752000,0.1051331
53.760000,0.1051865
53.768000,0.1052398
53.776000,0.1052398
53.784000,0.1051331
53.792000,0.1052398
53.800000,0.1051865
53.808000,0.1051331
53.816000,0.1051331
53.824000,0.1051865
53.832000,0.1051331
53.840000,0.1050798
53.848000,0.1051331
53.856000,0.1051331
53.864000,0.1051865
53.872000,0.1051865
53.880000,0.1050798
53.888000,0.1050798
53.896000,0.1051331
53.904000,0.1051865
53.912000,0.1052398
53.920000,0.1051865
53.928000,0.1051331
53.936000,0.1050798
53.944000,0.1051331
53.952000,0.1051865
53.960000,0.1051865
53.968000,0.1051331
53.976000,0.1051331
53.984000,0.1051331
53.992000,0.1051865
54.000000,0.1051865
54.008000,0.1051331
54.016000,0.1051331
54.024000,0.1051331
54.032000,0.1051331
54.040000,0.1051331
54.048000,0.1050798
54.056000,0.1050265
54.064000,0.1050798
54.072000,0.1050265
54.080000,0.1050798
54.088000,0.1051331
54.096000,0.1051865
54.104000,0.1051865
54.112000,0.1051331
54.120000,0.1050265
54.128000,0.1050265
54.136000,0.1051331
54.144000,0.1051331
54.152000,0.1051865
54.160000,0.1051865
54.168000,0.1051331
54.176000,0.1051331
54.184000,0.1051331
54.192000,0.1050798
54.200000,0.1050798
54.208000,0.1051331
54.216000,0.1050798
54.224000,0.1051331
54.232000,0.1050798
54.240000,0.1050798
54.248000,0.1051331
54.256000,0.1051331
54.264000,0.1051865
54.272000,0.1051865
54.280000,0.1051865
54.288000,0.1051331
54.296000,0.1050265
54.304000,0.1050798
54.312000,0.1050798
54.320000,0.1050798
54.328000,0.1051331
54.336000,0.1051331
54.344000,0.1051865
54.352000,0.1051865
54.360000,0.1050265
54.368000,0.1050798
54.376000,0.1050265
54.384000,0.1050265
54.392000,0.1050798
54.400000,0.1049731
54.408000,0.1049731
54.416000,0.1050265
54.424000,0.1050265
54.432000,0.1050265
54.440000,0.1050265
54.448000,0.1050265
54.456000,0.1050265
54.464000,0.1050798
54.472000,0.1051331
54.480000,0.1051331
54.488000,0.1051331
54.496000,0.1050798
54.504000,0.1050798
54.512000,0.1051331
54.520000,0.1051331
54.528000,0.1051331
54.536000,0.1051331
54.544000,0.1051331
54.552000,0.1051331
54.560000,0.1050798
54.568000,0.1049731
54.576000,0.1050265
54.584000,0.1050798
54.592000,0.1050798
54.600000,0.1050265
54.608000,0.1050798
54.616000,0.1051331
54.624000,0.1051331
54.632000,0.1050798
54.640000,0.1050798
54.648000,0.1051331
54.656000,0.1051331
54.664000,0.1050265
54.672000,0.1050798
54.680000,0.1051331
54.688000,0.1050798
54.696000,0.1051331
54.704000,0.1051865
54.712000,0.1051331
54.720000,0.1050798
54.728000,0.1050265
54.736000,0.1050798
54.744000,0.1051331
54.752000,0.1051331
54.760000,0.1051865
54.768000,0.1051331
54.776000,0.1050265
54.784000,0.1050798
54.792000,0.1051331
54.800000,0.1051865
54.808000,0.1051331
54.816000,0.1051331
54.824000,0.1051331
54.832000,0.1051331
54.840000,0.1051331
54.848000,0.1050798
54.856000,0.1051331
54.864000,0.1051331
54.872000,0.1050798
54.880000,0.1050265
54.888000,0.1050265
54.896000,0.1050798
54.904000,0.1050798
54.912000,0.1050798
54.920000,0.1050265
54.928000,0.1050265
54.936000,0.1050798
54.944000,0.1050798
54.952000,0.1050798
54.960000,0.1051331
54.968000,0.1051331
54.976000,0.1050265
54.984000,0.1050265
54.992000,0.1050798
55.000000,0.1051331
55.008000,0.1049731
55.016000,0.1050265
55.024000,0.1051331
55.032000,0.1050265
55.040000,0.1050265
55.048000,0.1050265
55.056000,0.1050798
55.064000,0.1050265
55.072000,0.1049198
55.080000,0.1049198
55.088000,0.1050265
55.096000,0.1050798
55.104000,0.1050798
55.112000,0.1050265
55.120000,0.1049731
55.128000,0.1049731
55.136000,0.1050265
55.144000,0.1050265
55.152000,0.1050798
55.160000,0.1051331
55.168000,0.1050265
55.176000,0.1049731
55.184000,0.1050265
55.192000,0.1050265
55.200000,0.1050798
55.208000,0.1050798
55.216000,0.1050798
55.224000,0.1050798
55.232000,0.1051331
55.240000,0.1050798
55.248000,0.1050265
55.256000,0.1050798
55.264000,0.1051331
55.272000,0.1051331
55.280000,0.1050798
55.288000,0.1050798
55.296000,0.1049731
55.304000,0.1049198
55.312000,0.1050265
55.320000,0.1050265
55.328000,0.1050265
55.336000,0.1049731
55.344000,0.1051331
55.352000,0.1051331
55.360000,0.1051331
55.368000,0.1050798
55.376000,0.1051331
55.384000,0.1050265
55.392000,0.1049731
55.400000,0.1050798
55.408000,0.1050798
55.416000,0.1050265
55.424000,0.1049731
55.432000,0.1049198
55.440000,0.1049198
55.448000,0.1050265
55.456000,0.1050798
55.464000,0.1050798
55.472000,0.1050265
55.480000,0.1050265
55.488000,0.1050265
55.496000,0.1050265
