sample_delay_us,ch1_V
-24.496000,-0.1816227
-24.488000,-0.1816227
-24.480000,-0.1815160
-24.472000,-0.1814627
-24.464000,-0.1814627
-24.456000,-0.1815160
-24.448000,-0.1815160
-24.440000,-0.1815694
-24.432000,-0.1816227
-24.424000,-0.1816227
-24.416000,-0.1816227
-24.408000,-0.1816227
-24.400000,-0.1815160
-24.392000,-0.1815160
-24.384000,-0.1815160
-24.376000,-0.1815160
-24.368000,-0.1814627
-24.360000,-0.1815694
-24.352000,-0.1815694
-24.344000,-0.1814627
-24.336000,-0.1814093
-24.328000,-0.1815160
-24.320000,-0.1815694
-24.312000,-0.1814627
-24.304000,-0.1814627
-24.296000,-0.1814627
-24.288000,-0.1815160
-24.280000,-0.1814627
-24.272000,-0.1814093
-24.264000,-0.1814627
-24.256000,-0.1814093
-24.248000,-0.1814627
-24.240000,-0.1815160
-24.232000,-0.1814627
-24.224000,-0.1814093
-24.216000,-0.1814093
-24.208000,-0.1814627
-24.200000,-0.1815160
-24.192000,-0.1814627
-24.184000,-0.1813560
-24.176000,-0.1813560
-24.168000,-0.1814093
-24.160000,-0.1814093
-24.152000,-0.1814627
-24.144000,-0.1813560
-24.136000,-0.1813027
-24.128000,-0.1813560
-24.120000,-0.1814627
-24.112000,-0.1814093
-24.104000,-0.1813560
-24.096000,-0.1813027
-24.088000,-0.1813027
-24.080000,-0.1813560
-24.072000,-0.1814093
-24.064000,-0.1813560
-24.056000,-0.1813560
-24.048000,-0.1814093
-24.040000,-0.1813027
-24.032000,-0.1812493
-24.024000,-0.1812493
-24.016000,-0.1813560
-24.008000,-0.1813560
-24.000000,-0.1813027
-23.992000,-0.1813027
-23.984000,-0.1813560
-23.976000,-0.1814093
-23.968000,-0.1814093
-23.960000,-0.1812493
-23.952000,-0.1811960
-23.944000,-0.1813027
-23.936000,-0.1813027
-23.928000,-0.1813027
-23.920000,-0.1813027
-23.912000,-0.1813027
-23.904000,-0.1813027
-23.896000,-0.1812493
-23.888000,-0.1811960
-23.880000,-0.1812493
-23.872000,-0.1812493
-23.864000,-0.1812493
-23.856000,-0.1812493
-23.848000,-0.1811960
-23.840000,-0.1812493
-23.832000,-0.1812493
-23.824000,-0.1813560
-23.816000,-0.1813027
-23.808000,-0.1812493
-23.800000,-0.1812493
-23.792000,-0.1812493
-23.784000,-0.1811960
-23.776000,-0.1811960
-23.768000,-0.1812493
-23.760000,-0.1812493
-23.752000,-0.1811960
-23.744000,-0.1813027
-23.736000,-0.1813560
-23.728000,-0.1812493
-23.720000,-0.1811160
-23.712000,-0.1811960
-23.704000,-0.1813027
-23.696000,-0.1812493
-23.688000,-0.1811960
-23.680000,-0.1811960
-23.672000,-0.1811960
-23.664000,-0.1813027
-23.656000,-0.1812493
-23.648000,-0.1811960
-23.640000,-0.1811960
-23.632000,-0.1811160
-23.624000,-0.1811160
-23.616000,-0.1811960
-23.608000,-0.1810626
-23.600000,-0.1811160
-23.592000,-0.1811160
-23.584000,-0.1811160
-23.576000,-0.1811160
-23.568000,-0.1811160
-23.560000,-0.1810626
-23.552000,-0.1810093
-23.544000,-0.1810626
-23.536000,-0.1811160
-23.528000,-0.1811160
-23.520000,-0.1811160
-23.512000,-0.1810093
-23.504000,-0.1810093
-23.496000,-0.1811160
-23.488000,-0.1811160
-23.480000,-0.1811160
-23.472000,-0.1811160
-23.464000,-0.1810626
-23.456000,-0.1810626
-23.448000,-0.1810093
-23.440000,-0.1809560
-23.432000,-0.1810093
-23.424000,-0.1810626
-23.416000,-0.1810626
-23.408000,-0.1810626
-23.400000,-0.1810626
-23.392000,-0.1810093
-23.384000,-0.1810093
-23.376000,-0.1810626
-23.368000,-0.1810093
-23.360000,-0.1810626
-23.352000,-0.1810626
-23.344000,-0.1810626
-23.336000,-0.1810093
-23.328000,-0.1809560
-23.320000,-0.1809560
-23.312000,-0.1809560
-23.304000,-0.1809560
-23.296000,-0.1810093
-23.288000,-0.1810093
-23.280000,-0.1810093
-23.272000,-0.1809560
-23.264000,-0.1809560
-23.256000,-0.1810626
-23.248000,-0.1810093
-23.240000,-0.1810093
-23.232000,-0.1811960
-23.224000,-0.1811160
-23.216000,-0.1809560
-23.208000,-0.1809026
-23.200000,-0.1809026
-23.192000,-0.1809560
-23.184000,-0.1810093
-23.176000,-0.1810093
-23.168000,-0.1809560
-23.160000,-0.1810093
-23.152000,-0.1810093
-23.144000,-0.1809560
-23.136000,-0.1808493
-23.128000,-0.1809560
-23.120000,-0.1810093
-23.112000,-0.1809560
-23.104000,-0.1809560
-23.096000,-0.1808493
-23.088000,-0.1809026
-23.080000,-0.1809026
-23.072000,-0.1808493
-23.064000,-0.1808493
-23.056000,-0.1809026
-23.048000,-0.1809026
-23.040000,-0.1808493
-23.032000,-0.1808493
-23.024000,-0.1808493
-23.016000,-0.1807959
-23.008000,-0.1809026
-23.000000,-0.1809026
-22.992000,-0.1809560
-22.984000,-0.1809026
-22.976000,-0.1808493
-22.968000,-0.1808493
-22.960000,-0.1808493
-22.952000,-0.1809560
-22.944000,-0.1808493
-22.936000,-0.1807426
-22.928000,-0.1807959
-22.920000,-0.1808493
-22.912000,-0.1809026
-22.904000,-0.1809026
-22.896000,-0.1808493
-22.888000,-0.1808493
-22.880000,-0.1807959
-22.872000,-0.1807959
-22.864000,-0.1807959
-22.856000,-0.1807959
-22.848000,-0.1807426
-22.840000,-0.1806892
-22.832000,-0.1806359
-22.824000,-0.1806892
-22.816000,-0.1807959
-22.808000,-0.1806892
-22.800000,-0.1807426
-22.792000,-0.1807959
-22.784000,-0.1807426
-22.776000,-0.1806892
-22.768000,-0.1807426
-22.760000,-0.1808493
-22.752000,-0.1807959
-22.744000,-0.1807959
-22.736000,-0.1807426
-22.728000,-0.1807426
-22.720000,-0.1807426
-22.712000,-0.1807426
-22.704000,-0.1807426
-22.696000,-0.1806892
-22.688000,-0.1806892
-22.680000,-0.1806359
-22.672000,-0.1806892
-22.664000,-0.1808493
-22.656000,-0.1807959
-22.648000,-0.1806892
-22.640000,-0.1807426
-22.632000,-0.1806892
-22.624000,-0.1806359
-22.616000,-0.1806892
-22.608000,-0.1807426
-22.600000,-0.1806892
-22.592000,-0.1806892
-22.584000,-0.1806892
-22.576000,-0.1806359
-22.568000,-0.1806892
-22.560000,-0.1806892
-22.552000,-0.1806892
-22.544000,-0.1806359
-22.536000,-0.1806359
-22.528000,-0.1807426
-22.520000,-0.1806892
-22.512000,-0.1806892
-22.504000,-0.1806359
-22.496000,-0.1806359
-22.488000,-0.1805292
-22.480000,-0.1805292
-22.472000,-0.1805826
-22.464000,-0.1806892
-22.456000,-0.1806892
-22.448000,-0.1806892
-22.440000,-0.1806892
-22.432000,-0.1807426
-22.424000,-0.1806359
-22.416000,-0.1806359
-22.408000,-0.1806359
-22.400000,-0.1805826
-22.392000,-0.1805826
-22.384000,-0.1805826
-22.376000,-0.1806359
-22.368000,-0.1805826
-22.360000,-0.1805826
-22.352000,-0.1805826
-22.344000,-0.1805292
-22.336000,-0.1805292
-22.328000,-0.1805826
-22.320000,-0.1805292
-22.312000,-0.1805292
-22.304000,-0.1805826
-22.296000,-0.1805826
-22.288000,-0.1805826
-22.280000,-0.1805826
-22.272000,-0.1805826
-22.264000,-0.1805826
-22.256000,-0.1804759
-22.248000,-0.1804226
-22.240000,-0.1805826
-22.232000,-0.1806892
-22.224000,-0.1806359
-22.216000,-0.1806359
-22.208000,-0.1805826
-22.200000,-0.1805826
-22.192000,-0.1804226
-22.184000,-0.1803692
-22.176000,-0.1805292
-22.168000,-0.1805292
-22.160000,-0.1804226
-22.152000,-0.1804759
-22.144000,-0.1804759
-22.136000,-0.1805826
-22.128000,-0.1805292
-22.120000,-0.1804226
-22.112000,-0.1803692
-22.104000,-0.1804759
-22.096000,-0.1804759
-22.088000,-0.1804226
-22.080000,-0.1804226
-22.072000,-0.1804226
-22.064000,-0.1804226
-22.056000,-0.1804759
-22.048000,-0.1805292
-22.040000,-0.1804759
-22.032000,-0.1804226
-22.024000,-0.1804759
-22.016000,-0.1804226
-22.008000,-0.1804226
-22.000000,-0.1804226
-21.992000,-0.1804226
-21.984000,-0.1803692
-21.976000,-0.1803159
-21.968000,-0.1802625
-21.960000,-0.1803159
-21.952000,-0.1804226
-21.944000,-0.1804226
-21.936000,-0.1804226
-21.928000,-0.1805292
-21.920000,-0.1806359
-21.912000,-0.1805292
-21.904000,-0.1803159
-21.896000,-0.1803159
-21.888000,-0.1803159
-21.880000,-0.1803692
-21.872000,-0.1803692
-21.864000,-0.1803692
-21.856000,-0.1804226
-21.848000,-0.1803692
-21.840000,-0.1803692
-21.832000,-0.1803159
-21.824000,-0.1803159
-21.816000,-0.1803159
-21.808000,-0.1803692
-21.800000,-0.1804226
-21.792000,-0.1804226
-21.784000,-0.1804759
-21.776000,-0.1804759
-21.768000,-0.1803692
-21.760000,-0.1803692
-21.752000,-0.1803692
-21.744000,-0.1803692
-21.736000,-0.1803159
-21.728000,-0.1803692
-21.720000,-0.1803692
-21.712000,-0.1803159
-21.704000,-0.1802625
-21.696000,-0.1803159
-21.688000,-0.1802625
-21.680000,-0.1802625
-21.672000,-0.1802625
-21.664000,-0.1803692
-21.656000,-0.1803692
-21.648000,-0.1802625
-21.640000,-0.1802625
-21.632000,-0.1803159
-21.624000,-0.1803159
-21.616000,-0.1802625
-21.608000,-0.1802092
-21.600000,-0.1801025
-21.592000,-0.1801559
-21.584000,-0.1801559
-21.576000,-0.1802092
-21.568000,-0.1802625
-21.560000,-0.1802625
-21.552000,-0.1802625
-21.544000,-0.1802092
-21.536000,-0.1801025
-21.528000,-0.1802092
-21.520000,-0.1802625
-21.512000,-0.1802625
-21.504000,-0.1802625
-21.496000,-0.1802625
-21.488000,-0.1801559
-21.480000,-0.1801559
-21.472000,-0.1802092
-21.464000,-0.1802092
-21.456000,-0.1802092
-21.448000,-0.1801559
-21.440000,-0.1801025
-21.432000,-0.1801559
-21.424000,-0.1801559
-21.416000,-0.1802092
-21.408000,-0.1801559
-21.400000,-0.1801559
-21.392000,-0.1801559
-21.384000,-0.1801025
-21.376000,-0.1801025
-21.368000,-0.1801559
-21.360000,-0.1801025
-21.352000,-0.1800492
-21.344000,-0.1799958
-21.336000,-0.1800492
-21.328000,-0.1801559
-21.320000,-0.1802092
-21.312000,-0.1801559
-21.304000,-0.1801559
-21.296000,-0.1801025
-21.288000,-0.1800492
-21.280000,-0.1799958
-21.272000,-0.1801025
-21.264000,-0.1801025
-21.256000,-0.1801025
-21.248000,-0.1799958
-21.240000,-0.1799958
-21.232000,-0.1800492
-21.224000,-0.1800492
-21.216000,-0.1801025
-21.208000,-0.1801025
-21.200000,-0.1801025
-21.192000,-0.1800492
-21.184000,-0.1801025
-21.176000,-0.1801025
-21.168000,-0.1801025
-21.160000,-0.1800492
-21.152000,-0.1800492
-21.144000,-0.1799958
-21.136000,-0.1800492
-21.128000,-0.1800492
-21.120000,-0.1800492
-21.112000,-0.1800492
-21.104000,-0.1799958
-21.096000,-0.1800492
-21.088000,-0.1800492
-21.080000,-0.1799425
-21.072000,-0.1798891
-21.064000,-0.1799425
-21.056000,-0.1798891
-21.048000,-0.1799958
-21.040000,-0.1800492
-21.032000,-0.1799958
-21.024000,-0.1799425
-21.016000,-0.1799425
-21.008000,-0.1799425
-21.000000,-0.1799958
-20.992000,-0.1799958
-20.984000,-0.1799425
-20.976000,-0.1799425
-20.968000,-0.1798358
-20.960000,-0.1799425
-20.952000,-0.1799425
-20.944000,-0.1798358
-20.936000,-0.1798891
-20.928000,-0.1799425
-20.920000,-0.1799425
-20.912000,-0.1799425
-20.904000,-0.1799958
-20.896000,-0.1800492
-20.888000,-0.1800492
-20.880000,-0.1799425
-20.872000,-0.1799958
-20.864000,-0.1799425
-20.856000,-0.1799425
-20.848000,-0.1798358
-20.840000,-0.1798358
-20.832000,-0.1798891
-20.824000,-0.1798891
-20.816000,-0.1798358
-20.808000,-0.1798891
-20.800000,-0.1798358
-20.792000,-0.1798891
-20.784000,-0.1799425
-20.776000,-0.1798358
-20.768000,-0.1798358
-20.760000,-0.1798891
-20.752000,-0.1798358
-20.744000,-0.1798891
-20.736000,-0.1798891
-20.728000,-0.1797825
-20.720000,-0.1798891
-20.712000,-0.1799425
-20.704000,-0.1798891
-20.696000,-0.1798891
-20.688000,-0.1799425
-20.680000,-0.1798891
-20.672000,-0.1798358
-20.664000,-0.1798891
-20.656000,-0.1799425
-20.648000,-0.1799425
-20.640000,-0.1798891
-20.632000,-0.1797825
-20.624000,-0.1798358
-20.616000,-0.1798358
-20.608000,-0.1797825
-20.600000,-0.1797825
-20.592000,-0.1797291
-20.584000,-0.1797825
-20.576000,-0.1798358
-20.568000,-0.1798891
-20.560000,-0.1798358
-20.552000,-0.1798358
-20.544000,-0.1797825
-20.536000,-0.1798358
-20.528000,-0.1798358
-20.520000,-0.1797825
-20.512000,-0.1796758
-20.504000,-0.1797291
-20.496000,-0.1797825
-20.488000,-0.1798358
-20.480000,-0.1798358
-20.472000,-0.1797825
-20.464000,-0.1796758
-20.456000,-0.1796758
-20.448000,-0.1797291
-20.440000,-0.1796758
-20.432000,-0.1796225
-20.424000,-0.1796225
-20.416000,-0.1797825
-20.408000,-0.1798358
-20.400000,-0.1797291
-20.392000,-0.1796758
-20.384000,-0.1797291
-20.376000,-0.1796758
-20.368000,-0.1796225
-20.360000,-0.1797291
-20.352000,-0.1797825
-20.344000,-0.1797825
-20.336000,-0.1796758
-20.328000,-0.1797291
-20.320000,-0.1797291
-20.312000,-0.1796758
-20.304000,-0.1797291
-20.296000,-0.1796758
-20.288000,-0.1796225
-20.280000,-0.1796758
-20.272000,-0.1797291
-20.264000,-0.1796758
-20.256000,-0.1796758
-20.248000,-0.1797291
-20.240000,-0.1797291
-20.232000,-0.1796758
-20.224000,-0.1796758
-20.216000,-0.1796225
-20.208000,-0.1796225
-20.200000,-0.1796225
-20.192000,-0.1796758
-20.184000,-0.1796758
-20.176000,-0.1796225
-20.168000,-0.1795158
-20.160000,-0.1795691
-20.152000,-0.1795691
-20.144000,-0.1795691
-20.136000,-0.1796225
-20.128000,-0.1796758
-20.120000,-0.1797291
-20.112000,-0.1796225
-20.104000,-0.1794624
-20.096000,-0.1794624
-20.088000,-0.1795158
-20.080000,-0.1795691
-20.072000,-0.1796225
-20.064000,-0.1795691
-20.056000,-0.1795158
-20.048000,-0.1794624
-20.040000,-0.1794091
-20.032000,-0.1794624
-20.024000,-0.1794624
-20.016000,-0.1794091
-20.008000,-0.1794624
-20.000000,-0.1795158
-19.992000,-0.1795691
-19.984000,-0.1795691
-19.976000,-0.1795158
-19.968000,-0.1795691
-19.960000,-0.1795691
-19.952000,-0.1795691
-19.944000,-0.1795158
-19.936000,-0.1795158
-19.928000,-0.1795158
-19.920000,-0.1795158
-19.912000,-0.1795158
-19.904000,-0.1795158
-19.896000,-0.1794624
-19.888000,-0.1795158
-19.880000,-0.1794624
-19.872000,-0.1794624
-19.864000,-0.1794624
-19.856000,-0.1794624
-19.848000,-0.1794091
-19.840000,-0.1794091
-19.832000,-0.1795158
-19.824000,-0.1795158
-19.816000,-0.1794091
-19.808000,-0.1794091
-19.800000,-0.1794624
-19.792000,-0.1793558
-19.784000,-0.1793024
-19.776000,-0.1793558
-19.768000,-0.1794091
-19.760000,-0.1794091
-19.752000,-0.1793024
-19.744000,-0.1793558
-19.736000,-0.1794624
-19.728000,-0.1794624
-19.720000,-0.1793558
-19.712000,-0.1793024
-19.704000,-0.1793558
-19.696000,-0.1794624
-19.688000,-0.1794091
-19.680000,-0.1794091
-19.672000,-0.1794091
-19.664000,-0.1794091
-19.656000,-0.1793558
-19.648000,-0.1793024
-19.640000,-0.1792491
-19.632000,-0.1794091
-19.624000,-0.1794624
-19.616000,-0.1794091
-19.608000,-0.1793558
-19.600000,-0.1793024
-19.592000,-0.1793024
-19.584000,-0.1793558
-19.576000,-0.1793558
-19.568000,-0.1793558
-19.560000,-0.1793024
-19.552000,-0.1793024
-19.544000,-0.1793558
-19.536000,-0.1793558
-19.528000,-0.1793558
-19.520000,-0.1793024
-19.512000,-0.1791957
-19.504000,-0.1792491
-19.496000,-0.1793024
-19.488000,-0.1793558
-19.480000,-0.1793558
-19.472000,-0.1793558
-19.464000,-0.1793024
-19.456000,-0.1791957
-19.448000,-0.1793024
-19.440000,-0.1793024
-19.432000,-0.1793024
-19.424000,-0.1793024
-19.416000,-0.1793558
-19.408000,-0.1792491
-19.400000,-0.1791957
-19.392000,-0.1791957
-19.384000,-0.1791957
-19.376000,-0.1791957
-19.368000,-0.1793024
-19.360000,-0.1793024
-19.352000,-0.1792491
-19.344000,-0.1793024
-19.336000,-0.1792491
-19.328000,-0.1791957
-19.320000,-0.1792491
-19.312000,-0.1793024
-19.304000,-0.1792491
-19.296000,-0.1792491
-19.288000,-0.1792491
-19.280000,-0.1791957
-19.272000,-0.1791957
-19.264000,-0.1791424
-19.256000,-0.1791424
-19.248000,-0.1790890
-19.240000,-0.1791424
-19.232000,-0.1791424
-19.224000,-0.1791424
-19.216000,-0.1791424
-19.208000,-0.1791957
-19.200000,-0.1791424
-19.192000,-0.1791424
-19.184000,-0.1791424
-19.176000,-0.1791957
-19.168000,-0.1791957
-19.160000,-0.1791424
-19.152000,-0.1792491
-19.144000,-0.1792491
-19.136000,-0.1791957
-19.128000,-0.1791424
-19.120000,-0.1791424
-19.112000,-0.1789824
-19.104000,-0.1790357
-19.096000,-0.1790890
-19.088000,-0.1790890
-19.080000,-0.1790357
-19.072000,-0.1790357
-19.064000,-0.1790357
-19.056000,-0.1790890
-19.048000,-0.1790890
-19.040000,-0.1790357
-19.032000,-0.1790357
-19.024000,-0.1790357
-19.016000,-0.1790357
-19.008000,-0.1790357
-19.000000,-0.1790890
-18.992000,-0.1791424
-18.984000,-0.1790890
-18.976000,-0.1790357
-18.968000,-0.1790357
-18.960000,-0.1790357
-18.952000,-0.1790890
-18.944000,-0.1790357
-18.936000,-0.1790357
-18.928000,-0.1790890
-18.920000,-0.1790890
-18.912000,-0.1790357
-18.904000,-0.1789290
-18.896000,-0.1789824
-18.888000,-0.1790890
-18.880000,-0.1789824
-18.872000,-0.1789824
-18.864000,-0.1789824
-18.856000,-0.1789824
-18.848000,-0.1790357
-18.840000,-0.1790357
-18.832000,-0.1790357
-18.824000,-0.1790357
-18.816000,-0.1790357
-18.808000,-0.1790357
-18.800000,-0.1790890
-18.792000,-0.1789824
-18.784000,-0.1789290
-18.776000,-0.1789290
-18.768000,-0.1789824
-18.760000,-0.1789824
-18.752000,-0.1790357
-18.744000,-0.1790357
-18.736000,-0.1790357
-18.728000,-0.1789290
-18.720000,-0.1788757
-18.712000,-0.1789290
-18.704000,-0.1789290
-18.696000,-0.1789290
-18.688000,-0.1789290
-18.680000,-0.1788757
-18.672000,-0.1789824
-18.664000,-0.1790890
-18.656000,-0.1790890
-18.648000,-0.1789824
-18.640000,-0.1789290
-18.632000,-0.1790357
-18.624000,-0.1789290
-18.616000,-0.1788757
-18.608000,-0.1788757
-18.600000,-0.1789290
-18.592000,-0.1789290
-18.584000,-0.1789824
-18.576000,-0.1789290
-18.568000,-0.1789290
-18.560000,-0.1788757
-18.552000,-0.1788757
-18.544000,-0.1788757
-18.536000,-0.1788223
-18.528000,-0.1788223
-18.520000,-0.1788757
-18.512000,-0.1788223
-18.504000,-0.1788223
-18.496000,-0.1789290
-18.488000,-0.1788223
-18.480000,-0.1787690
-18.472000,-0.1787690
-18.464000,-0.1788223
-18.456000,-0.1788757
-18.448000,-0.1788757
-18.440000,-0.1788757
-18.432000,-0.1789290
-18.424000,-0.1788757
-18.416000,-0.1788757
-18.408000,-0.1788223
-18.400000,-0.1788223
-18.392000,-0.1788223
-18.384000,-0.1788223
-18.376000,-0.1788223
-18.368000,-0.1788223
-18.360000,-0.1788757
-18.352000,-0.1788757
-18.344000,-0.1788223
-18.336000,-0.1787690
-18.328000,-0.1787157
-18.320000,-0.1787157
-18.312000,-0.1787690
-18.304000,-0.1787157
-18.296000,-0.1787690
-18.288000,-0.1788223
-18.280000,-0.1788757
-18.272000,-0.1788757
-18.264000,-0.1788223
-18.256000,-0.1787690
-18.248000,-0.1787690
-18.240000,-0.1787690
-18.232000,-0.1787690
-18.224000,-0.1787157
-18.216000,-0.1787157
-18.208000,-0.1787157
-18.200000,-0.1786623
-18.192000,-0.1786623
-18.184000,-0.1787157
-18.176000,-0.1787690
-18.168000,-0.1787157
-18.160000,-0.1787157
-18.152000,-0.1787690
-18.144000,-0.1787157
-18.136000,-0.1787157
-18.128000,-0.1787157
-18.120000,-0.1787157
-18.112000,-0.1787157
-18.104000,-0.1786623
-18.096000,-0.1786623
-18.088000,-0.1786090
-18.080000,-0.1786623
-18.072000,-0.1786623
-18.064000,-0.1785557
-18.056000,-0.1785557
-18.048000,-0.1786090
-18.040000,-0.1786623
-18.032000,-0.1786623
-18.024000,-0.1786623
-18.016000,-0.1786623
-18.008000,-0.1787157
-18.000000,-0.1786623
-17.992000,-0.1786623
-17.984000,-0.1786090
-17.976000,-0.1785557
-17.968000,-0.1785557
-17.960000,-0.1785557
-17.952000,-0.1786090
-17.944000,-0.1786623
-17.936000,-0.1785557
-17.928000,-0.1786623
-17.920000,-0.1787157
-17.912000,-0.1786623
-17.904000,-0.1785557
-17.896000,-0.1785557
-17.888000,-0.1786090
-17.880000,-0.1785557
-17.872000,-0.1785557
-17.864000,-0.1785557
-17.856000,-0.1785557
-17.848000,-0.1785557
-17.840000,-0.1785023
-17.832000,-0.1785557
-17.824000,-0.1785557
-17.816000,-0.1785557
-17.808000,-0.1785557
-17.800000,-0.1785023
-17.792000,-0.1785023
-17.784000,-0.1785557
-17.776000,-0.1785557
-17.768000,-0.1785023
-17.760000,-0.1786090
-17.752000,-0.1786090
-17.744000,-0.1785557
-17.736000,-0.1785023
-17.728000,-0.1785023
-17.720000,-0.1785557
-17.712000,-0.1785557
-17.704000,-0.1785023
-17.696000,-0.1785023
-17.688000,-0.1784490
-17.680000,-0.1784490
-17.672000,-0.1785023
-17.664000,-0.1785023
-17.656000,-0.1785557
-17.648000,-0.1785023
-17.640000,-0.1785023
-17.632000,-0.1785557
-17.624000,-0.1785023
-17.616000,-0.1784490
-17.608000,-0.1784490
-17.600000,-0.1784490
-17.592000,-0.1785023
-17.584000,-0.1785023
-17.576000,-0.1785023
-17.568000,-0.1785557
-17.560000,-0.1785557
-17.552000,-0.1784490
-17.544000,-0.1784490
-17.536000,-0.1784490
-17.528000,-0.1783956
-17.520000,-0.1783956
-17.512000,-0.1783956
-17.504000,-0.1783956
-17.496000,-0.1783956
-17.488000,-0.1783956
-17.480000,-0.1784490
-17.472000,-0.1783956
-17.464000,-0.1784490
-17.456000,-0.1785023
-17.448000,-0.1784490
-17.440000,-0.1783956
-17.432000,-0.1784490
-17.424000,-0.1784490
-17.416000,-0.1784490
-17.408000,-0.1783956
-17.400000,-0.1783423
-17.392000,-0.1783423
-17.384000,-0.1783423
-17.376000,-0.1783423
-17.368000,-0.1783423
-17.360000,-0.1783423
-17.352000,-0.1783423
-17.344000,-0.1783423
-17.336000,-0.1783423
-17.328000,-0.1783956
-17.320000,-0.1783956
-17.312000,-0.1782890
-17.304000,-0.1783423
-17.296000,-0.1783423
-17.288000,-0.1783423
-17.280000,-0.1783956
-17.272000,-0.1783423
-17.264000,-0.1782890
-17.256000,-0.1782356
-17.248000,-0.1781823
-17.240000,-0.1781823
-17.232000,-0.1782356
-17.224000,-0.1782890
-17.216000,-0.1783956
-17.208000,-0.1783423
-17.200000,-0.1782356
-17.192000,-0.1783423
-17.184000,-0.1783956
-17.176000,-0.1782890
-17.168000,-0.1782356
-17.160000,-0.1782890
-17.152000,-0.1783423
-17.144000,-0.1782356
-17.136000,-0.1782890
-17.128000,-0.1782356
-17.120000,-0.1782356
-17.112000,-0.1782356
-17.104000,-0.1782890
-17.096000,-0.1783956
-17.088000,-0.1783423
-17.080000,-0.1782890
-17.072000,-0.1782890
-17.064000,-0.1782890
-17.056000,-0.1782356
-17.048000,-0.1782356
-17.040000,-0.1783423
-17.032000,-0.1782356
-17.024000,-0.1781823
-17.016000,-0.1782356
-17.008000,-0.1782356
-17.000000,-0.1781823
-16.992000,-0.1781823
-16.984000,-0.1782356
-16.976000,-0.1782356
-16.968000,-0.1781289
-16.960000,-0.1780489
-16.952000,-0.1780489
-16.944000,-0.1781289
-16.936000,-0.1781823
-16.928000,-0.1780489
-16.920000,-0.1780489
-16.912000,-0.1780489
-16.904000,-0.1779956
-16.896000,-0.1779956
-16.888000,-0.1780489
-16.880000,-0.1780489
-16.872000,-0.1781289
-16.864000,-0.1780489
-16.856000,-0.1779956
-16.848000,-0.1781289
-16.840000,-0.1781823
-16.832000,-0.1781823
-16.824000,-0.1781823
-16.816000,-0.1781823
-16.808000,-0.1781823
-16.800000,-0.1781289
-16.792000,-0.1780489
-16.784000,-0.1780489
-16.776000,-0.1780489
-16.768000,-0.1780489
-16.760000,-0.1780489
-16.752000,-0.1781289
-16.744000,-0.1780489
-16.736000,-0.1781289
-16.728000,-0.1781289
-16.720000,-0.1781289
-16.712000,-0.1781289
-16.704000,-0.1780489
-16.696000,-0.1780489
-16.688000,-0.1781289
-16.680000,-0.1781289
-16.672000,-0.1780489
-16.664000,-0.1780489
-16.656000,-0.1780489
-16.648000,-0.1779956
-16.640000,-0.1779422
-16.632000,-0.1779956
-16.624000,-0.1779422
-16.616000,-0.1778889
-16.608000,-0.1779422
-16.600000,-0.1780489
-16.592000,-0.1779422
-16.584000,-0.1778889
-16.576000,-0.1779422
-16.568000,-0.1779422
-16.560000,-0.1779956
-16.552000,-0.1779956
-16.544000,-0.1778889
-16.536000,-0.1779422
-16.528000,-0.1779422
-16.520000,-0.1779422
-16.512000,-0.1779956
-16.504000,-0.1779956
-16.496000,-0.1780489
-16.488000,-0.1779956
-16.480000,-0.1779956
-16.472000,-0.1779422
-16.464000,-0.1779422
-16.456000,-0.1779956
-16.448000,-0.1779956
-16.440000,-0.1779422
-16.432000,-0.1778889
-16.424000,-0.1778356
-16.416000,-0.1778356
-16.408000,-0.1778889
-16.400000,-0.1778889
-16.392000,-0.1778889
-16.384000,-0.1778889
-16.376000,-0.1778889
-16.368000,-0.1778889
-16.360000,-0.1778889
-16.352000,-0.1778356
-16.344000,-0.1778356
-16.336000,-0.1778356
-16.328000,-0.1778889
-16.320000,-0.1779422
-16.312000,-0.1779422
-16.304000,-0.1778889
-16.296000,-0.1778889
-16.288000,-0.1778889
-16.280000,-0.1778889
-16.272000,-0.1778889
-16.264000,-0.1778889
-16.256000,-0.1778889
-16.248000,-0.1778889
-16.240000,-0.1778889
-16.232000,-0.1778889
-16.224000,-0.1778356
-16.216000,-0.1777289
-16.208000,-0.1778356
-16.200000,-0.1778889
-16.192000,-0.1778356
-16.184000,-0.1777289
-16.176000,-0.1777822
-16.168000,-0.1778356
-16.160000,-0.1777822
-16.152000,-0.1777822
-16.144000,-0.1777822
-16.136000,-0.1777289
-16.128000,-0.1778356
-16.120000,-0.1777289
-16.112000,-0.1777289
-16.104000,-0.1778356
-16.096000,-0.1778889
-16.088000,-0.1778356
-16.080000,-0.1777289
-16.072000,-0.1777289
-16.064000,-0.1777822
-16.056000,-0.1777822
-16.048000,-0.1776755
-16.040000,-0.1776755
-16.032000,-0.1777289
-16.024000,-0.1776755
-16.016000,-0.1777822
-16.008000,-0.1777822
-16.000000,-0.1777289
-15.992000,-0.1778356
-15.984000,-0.1778356
-15.976000,-0.1778356
-15.968000,-0.1777822
-15.960000,-0.1777289
-15.952000,-0.1776755
-15.944000,-0.1776755
-15.936000,-0.1776222
-15.928000,-0.1776222
-15.920000,-0.1777289
-15.912000,-0.1776222
-15.904000,-0.1775689
-15.896000,-0.1777289
-15.888000,-0.1777822
-15.880000,-0.1776222
-15.872000,-0.1776222
-15.864000,-0.1776755
-15.856000,-0.1777289
-15.848000,-0.1777289
-15.840000,-0.1777289
-15.832000,-0.1777289
-15.824000,-0.1777289
-15.816000,-0.1776755
-15.808000,-0.1775689
-15.800000,-0.1775689
-15.792000,-0.1775689
-15.784000,-0.1775155
-15.776000,-0.1776222
-15.768000,-0.1776222
-15.760000,-0.1775155
-15.752000,-0.1775155
-15.744000,-0.1775155
-15.736000,-0.1775155
-15.728000,-0.1775155
-15.720000,-0.1775689
-15.712000,-0.1775155
-15.704000,-0.1775155
-15.696000,-0.1775689
-15.688000,-0.1776222
-15.680000,-0.1775689
-15.672000,-0.1775155
-15.664000,-0.1775155
-15.656000,-0.1775689
-15.648000,-0.1776222
-15.640000,-0.1776222
-15.632000,-0.1776755
-15.624000,-0.1775689
-15.616000,-0.1774622
-15.608000,-0.1775689
-15.600000,-0.1775689
-15.592000,-0.1775155
-15.584000,-0.1775689
-15.576000,-0.1775689
-15.568000,-0.1776222
-15.560000,-0.1775155
-15.552000,-0.1774622
-15.544000,-0.1775689
-15.536000,-0.1775155
-15.528000,-0.1774622
-15.520000,-0.1775689
-15.512000,-0.1775155
-15.504000,-0.1775155
-15.496000,-0.1774622
-15.488000,-0.1774088
-15.480000,-0.1774622
-15.472000,-0.1775155
-15.464000,-0.1774622
-15.456000,-0.1774088
-15.448000,-0.1774088
-15.440000,-0.1774622
-15.432000,-0.1775155
-15.424000,-0.1774622
-15.416000,-0.1774088
-15.408000,-0.1775155
-15.400000,-0.1775689
-15.392000,-0.1775155
-15.384000,-0.1774622
-15.376000,-0.1774622
-15.368000,-0.1774622
-15.360000,-0.1774088
-15.352000,-0.1773555
-15.344000,-0.1774088
-15.336000,-0.1774088
-15.328000,-0.1774622
-15.320000,-0.1773555
-15.312000,-0.1773555
-15.304000,-0.1774088
-15.296000,-0.1773555
-15.288000,-0.1773022
-15.280000,-0.1773555
-15.272000,-0.1774088
-15.264000,-0.1773555
-15.256000,-0.1774088
-15.248000,-0.1774622
-15.240000,-0.1773555
-15.232000,-0.1773022
-15.224000,-0.1772488
-15.216000,-0.1773555
-15.208000,-0.1774088
-15.200000,-0.1774088
-15.192000,-0.1773022
-15.184000,-0.1773555
-15.176000,-0.1773022
-15.168000,-0.1773022
-15.160000,-0.1773022
-15.152000,-0.1772488
-15.144000,-0.1773555
-15.136000,-0.1773555
-15.128000,-0.1773555
-15.120000,-0.1773555
-15.112000,-0.1773555
-15.104000,-0.1773555
-15.096000,-0.1773022
-15.088000,-0.1771955
-15.080000,-0.1771421
-15.072000,-0.1771421
-15.064000,-0.1771955
-15.056000,-0.1771955
-15.048000,-0.1773022
-15.040000,-0.1773555
-15.032000,-0.1773555
-15.024000,-0.1773555
-15.016000,-0.1774088
-15.008000,-0.1774088
-15.000000,-0.1773022
-14.992000,-0.1772488
-14.984000,-0.1773022
-14.976000,-0.1773555
-14.968000,-0.1773555
-14.960000,-0.1773555
-14.952000,-0.1772488
-14.944000,-0.1771955
-14.936000,-0.1771421
-14.928000,-0.1771955
-14.920000,-0.1771421
-14.912000,-0.1771421
-14.904000,-0.1771955
-14.896000,-0.1773022
-14.888000,-0.1772488
-14.880000,-0.1772488
-14.872000,-0.1772488
-14.864000,-0.1771955
-14.856000,-0.1771955
-14.848000,-0.1771421
-14.840000,-0.1770888
-14.832000,-0.1771955
-14.824000,-0.1771955
-14.816000,-0.1771421
-14.808000,-0.1770888
-14.800000,-0.1771421
-14.792000,-0.1770888
-14.784000,-0.1770888
-14.776000,-0.1771421
-14.768000,-0.1771955
-14.760000,-0.1771955
-14.752000,-0.1771421
-14.744000,-0.1771421
-14.736000,-0.1770888
-14.728000,-0.1770888
-14.720000,-0.1771955
-14.712000,-0.1771421
-14.704000,-0.1771421
-14.696000,-0.1771421
-14.688000,-0.1771421
-14.680000,-0.1771421
-14.672000,-0.1770888
-14.664000,-0.1770888
-14.656000,-0.1771421
-14.648000,-0.1771421
-14.640000,-0.1771421
-14.632000,-0.1770888
-14.624000,-0.1771421
-14.616000,-0.1771421
-14.608000,-0.1770888
-14.600000,-0.1770355
-14.592000,-0.1769821
-14.584000,-0.1770355
-14.576000,-0.1769288
-14.568000,-0.1769288
-14.560000,-0.1769821
-14.552000,-0.1770355
-14.544000,-0.1770355
-14.536000,-0.1770355
-14.528000,-0.1770888
-14.520000,-0.1771421
-14.512000,-0.1770355
-14.504000,-0.1770355
-14.496000,-0.1769821
-14.488000,-0.1769821
-14.480000,-0.1770355
-14.472000,-0.1769821
-14.464000,-0.1769288
-14.456000,-0.1770355
-14.448000,-0.1770355
-14.440000,-0.1769821
-14.432000,-0.1770355
-14.424000,-0.1770355
-14.416000,-0.1770355
-14.408000,-0.1769821
-14.400000,-0.1769288
-14.392000,-0.1769821
-14.384000,-0.1769821
-14.376000,-0.1769288
-14.368000,-0.1768754
-14.360000,-0.1769288
-14.352000,-0.1769288
-14.344000,-0.1769288
-14.336000,-0.1769288
-14.328000,-0.1769288
-14.320000,-0.1769288
-14.312000,-0.1769821
-14.304000,-0.1769821
-14.296000,-0.1769288
-14.288000,-0.1769821
-14.280000,-0.1769288
-14.272000,-0.1769288
-14.264000,-0.1769288
-14.256000,-0.1768754
-14.248000,-0.1768221
-14.240000,-0.1768221
-14.232000,-0.1768754
-14.224000,-0.1768221
-14.216000,-0.1768221
-14.208000,-0.1768221
-14.200000,-0.1768754
-14.192000,-0.1768754
-14.184000,-0.1768221
-14.176000,-0.1768221
-14.168000,-0.1768221
-14.160000,-0.1768754
-14.152000,-0.1768754
-14.144000,-0.1768221
-14.136000,-0.1768221
-14.128000,-0.1768221
-14.120000,-0.1767688
-14.112000,-0.1767688
-14.104000,-0.1768221
-14.096000,-0.1769288
-14.088000,-0.1768754
-14.080000,-0.1767688
-14.072000,-0.1767688
-14.064000,-0.1767688
-14.056000,-0.1767688
-14.048000,-0.1767688
-14.040000,-0.1767688
-14.032000,-0.1768221
-14.024000,-0.1768221
-14.016000,-0.1767688
-14.008000,-0.1768221
-14.000000,-0.1768221
-13.992000,-0.1767688
-13.984000,-0.1767154
-13.976000,-0.1766621
-13.968000,-0.1766621
-13.960000,-0.1767154
-13.952000,-0.1767688
-13.944000,-0.1768221
-13.936000,-0.1767688
-13.928000,-0.1767688
-13.920000,-0.1767688
-13.912000,-0.1767154
-13.904000,-0.1766621
-13.896000,-0.1767154
-13.888000,-0.1767688
-13.880000,-0.1767154
-13.872000,-0.1766621
-13.864000,-0.1767154
-13.856000,-0.1767154
-13.848000,-0.1767154
-13.840000,-0.1767688
-13.832000,-0.1767688
-13.824000,-0.1767688
-13.816000,-0.1766621
-13.808000,-0.1766087
-13.800000,-0.1766621
-13.792000,-0.1766621
-13.784000,-0.1767154
-13.776000,-0.1767688
-13.768000,-0.1767688
-13.760000,-0.1766621
-13.752000,-0.1766621
-13.744000,-0.1766621
-13.736000,-0.1767154
-13.728000,-0.1767154
-13.720000,-0.1766621
-13.712000,-0.1766621
-13.704000,-0.1767688
-13.696000,-0.1767154
-13.688000,-0.1765554
-13.680000,-0.1766087
-13.672000,-0.1767154
-13.664000,-0.1766621
-13.656000,-0.1765554
-13.648000,-0.1766087
-13.640000,-0.1766621
-13.632000,-0.1766621
-13.624000,-0.1766087
-13.616000,-0.1766087
-13.608000,-0.1766621
-13.600000,-0.1766087
-13.592000,-0.1766087
-13.584000,-0.1766087
-13.576000,-0.1766621
-13.568000,-0.1766087
-13.560000,-0.1765554
-13.552000,-0.1766087
-13.544000,-0.1765554
-13.536000,-0.1766087
-13.528000,-0.1766621
-13.520000,-0.1766621
-13.512000,-0.1766087
-13.504000,-0.1765554
-13.496000,-0.1765554
-13.488000,-0.1765554
-13.480000,-0.1765554
-13.472000,-0.1766087
-13.464000,-0.1765554
-13.456000,-0.1765554
-13.448000,-0.1767154
-13.440000,-0.1766087
-13.432000,-0.1765554
-13.424000,-0.1764487
-13.416000,-0.1763954
-13.408000,-0.1765021
-13.400000,-0.1766087
-13.392000,-0.1766087
-13.384000,-0.1765554
-13.376000,-0.1765021
-13.368000,-0.1765554
-13.360000,-0.1765021
-13.352000,-0.1763954
-13.344000,-0.1764487
-13.336000,-0.1765021
-13.328000,-0.1763954
-13.320000,-0.1764487
-13.312000,-0.1766087
-13.304000,-0.1765021
-13.296000,-0.1763954
-13.288000,-0.1765021
-13.280000,-0.1765554
-13.272000,-0.1765021
-13.264000,-0.1765021
-13.256000,-0.1765021
-13.248000,-0.1765021
-13.240000,-0.1764487
-13.232000,-0.1764487
-13.224000,-0.1763954
-13.216000,-0.1763954
-13.208000,-0.1763954
-13.200000,-0.1763420
-13.192000,-0.1763420
-13.184000,-0.1763954
-13.176000,-0.1764487
-13.168000,-0.1763420
-13.160000,-0.1763420
-13.152000,-0.1763420
-13.144000,-0.1763954
-13.136000,-0.1763954
-13.128000,-0.1764487
-13.120000,-0.1764487
-13.112000,-0.1763954
-13.104000,-0.1763954
-13.096000,-0.1765021
-13.088000,-0.1766087
-13.080000,-0.1765021
-13.072000,-0.1763420
-13.064000,-0.1763420
-13.056000,-0.1762887
-13.048000,-0.1763420
-13.040000,-0.1763420
-13.032000,-0.1763420
-13.024000,-0.1763420
-13.016000,-0.1762887
-13.008000,-0.1763420
-13.000000,-0.1763420
-12.992000,-0.1763420
-12.984000,-0.1763420
-12.976000,-0.1763420
-12.968000,-0.1762887
-12.960000,-0.1762887
-12.952000,-0.1762354
-12.944000,-0.1762887
-12.936000,-0.1762887
-12.928000,-0.1762887
-12.920000,-0.1763954
-12.912000,-0.1764487
-12.904000,-0.1763954
-12.896000,-0.1763420
-12.888000,-0.1762887
-12.880000,-0.1763420
-12.872000,-0.1762887
-12.864000,-0.1762354
-12.856000,-0.1762887
-12.848000,-0.1763954
-12.840000,-0.1763954
-12.832000,-0.1763420
-12.824000,-0.1763420
-12.816000,-0.1762887
-12.808000,-0.1762354
-12.800000,-0.1762354
-12.792000,-0.1762354
-12.784000,-0.1762354
-12.776000,-0.1762887
-12.768000,-0.1762887
-12.760000,-0.1762887
-12.752000,-0.1761820
-12.744000,-0.1762354
-12.736000,-0.1762354
-12.728000,-0.1761820
-12.720000,-0.1762354
-12.712000,-0.1762887
-12.704000,-0.1762887
-12.696000,-0.1762354
-12.688000,-0.1761287
-12.680000,-0.1761820
-12.672000,-0.1762887
-12.664000,-0.1762354
-12.656000,-0.1761820
-12.648000,-0.1762354
-12.640000,-0.1761820
-12.632000,-0.1761820
-12.624000,-0.1761820
-12.616000,-0.1761820
-12.608000,-0.1761287
-12.600000,-0.1761287
-12.592000,-0.1761820
-12.584000,-0.1761820
-12.576000,-0.1762887
-12.568000,-0.1761820
-12.560000,-0.1761287
-12.552000,-0.1761287
-12.544000,-0.1761287
-12.536000,-0.1761287
-12.528000,-0.1761287
-12.520000,-0.1761820
-12.512000,-0.1761820
-12.504000,-0.1761820
-12.496000,-0.1762354
-12.488000,-0.1761820
-12.480000,-0.1761287
-12.472000,-0.1761287
-12.464000,-0.1761287
-12.456000,-0.1760753
-12.448000,-0.1760753
-12.440000,-0.1761287
-12.432000,-0.1761287
-12.424000,-0.1761287
-12.416000,-0.1760753
-12.408000,-0.1760220
-12.400000,-0.1760220
-12.392000,-0.1760220
-12.384000,-0.1759687
-12.376000,-0.1760220
-12.368000,-0.1760753
-12.360000,-0.1760753
-12.352000,-0.1760753
-12.344000,-0.1761287
-12.336000,-0.1760753
-12.328000,-0.1760753
-12.320000,-0.1760220
-12.312000,-0.1759687
-12.304000,-0.1759687
-12.296000,-0.1760220
-12.288000,-0.1760753
-12.280000,-0.1760753
-12.272000,-0.1760753
-12.264000,-0.1760753
-12.256000,-0.1760220
-12.248000,-0.1760753
-12.240000,-0.1760753
-12.232000,-0.1760753
-12.224000,-0.1760220
-12.216000,-0.1759687
-12.208000,-0.1759153
-12.200000,-0.1759687
-12.192000,-0.1759687
-12.184000,-0.1759687
-12.176000,-0.1759153
-12.168000,-0.1758620
-12.160000,-0.1759687
-12.152000,-0.1759687
-12.144000,-0.1759687
-12.136000,-0.1759153
-12.128000,-0.1759153
-12.120000,-0.1759687
-12.112000,-0.1759687
-12.104000,-0.1759687
-12.096000,-0.1759153
-12.088000,-0.1758086
-12.080000,-0.1758086
-12.072000,-0.1758620
-12.064000,-0.1758620
-12.056000,-0.1758620
-12.048000,-0.1758620
-12.040000,-0.1759153
-12.032000,-0.1759153
-12.024000,-0.1759687
-12.016000,-0.1759687
-12.008000,-0.1758086
-12.000000,-0.1758620
-11.992000,-0.1759153
-11.984000,-0.1758620
-11.976000,-0.1758620
-11.968000,-0.1759153
-11.960000,-0.1758620
-11.952000,-0.1758620
-11.944000,-0.1758620
-11.936000,-0.1758620
-11.928000,-0.1758086
-11.920000,-0.1759153
-11.912000,-0.1758620
-11.904000,-0.1758086
-11.896000,-0.1758086
-11.888000,-0.1758620
-11.880000,-0.1758620
-11.872000,-0.1758086
-11.864000,-0.1758086
-11.856000,-0.1758086
-11.848000,-0.1758086
-11.840000,-0.1758086
-11.832000,-0.1758620
-11.824000,-0.1759153
-11.816000,-0.1759153
-11.808000,-0.1758620
-11.800000,-0.1758086
-11.792000,-0.1757553
-11.784000,-0.1758086
-11.776000,-0.1758620
-11.768000,-0.1757553
-11.760000,-0.1756486
-11.752000,-0.1756486
-11.744000,-0.1757553
-11.736000,-0.1757553
-11.728000,-0.1757020
-11.720000,-0.1757553
-11.712000,-0.1758086
-11.704000,-0.1758086
-11.696000,-0.1758086
-11.688000,-0.1758086
-11.680000,-0.1758086
-11.672000,-0.1757553
-11.664000,-0.1756486
-11.656000,-0.1756486
-11.648000,-0.1757553
-11.640000,-0.1758086
-11.632000,-0.1757553
-11.624000,-0.1757020
-11.616000,-0.1756486
-11.608000,-0.1756486
-11.600000,-0.1756486
-11.592000,-0.1757553
-11.584000,-0.1757553
-11.576000,-0.1756486
-11.568000,-0.1757553
-11.560000,-0.1757553
-11.552000,-0.1756486
-11.544000,-0.1757553
-11.536000,-0.1757020
-11.528000,-0.1756486
-11.520000,-0.1755953
-11.512000,-0.1755953
-11.504000,-0.1757020
-11.496000,-0.1758086
-11.488000,-0.1757553
-11.480000,-0.1757553
-11.472000,-0.1758086
-11.464000,-0.1757020
-11.456000,-0.1757553
-11.448000,-0.1758086
-11.440000,-0.1757553
-11.432000,-0.1756486
-11.424000,-0.1756486
-11.416000,-0.1757020
-11.408000,-0.1756486
-11.400000,-0.1756486
-11.392000,-0.1756486
-11.384000,-0.1756486
-11.376000,-0.1756486
-11.368000,-0.1756486
-11.360000,-0.1755953
-11.352000,-0.1755953
-11.344000,-0.1757020
-11.336000,-0.1757020
-11.328000,-0.1755419
-11.320000,-0.1755419
-11.312000,-0.1755953
-11.304000,-0.1755953
-11.296000,-0.1756486
-11.288000,-0.1755953
-11.280000,-0.1755953
-11.272000,-0.1755953
-11.264000,-0.1755953
-11.256000,-0.1755419
-11.248000,-0.1754886
-11.240000,-0.1754886
-11.232000,-0.1755419
-11.224000,-0.1755953
-11.216000,-0.1755419
-11.208000,-0.1754886
-11.200000,-0.1754886
-11.192000,-0.1754886
-11.184000,-0.1755953
-11.176000,-0.1756486
-11.168000,-0.1755419
-11.160000,-0.1754886
-11.152000,-0.1754886
-11.144000,-0.1754886
-11.136000,-0.1754353
-11.128000,-0.1754353
-11.120000,-0.1754886
-11.112000,-0.1755953
-11.104000,-0.1755953
-11.096000,-0.1754886
-11.088000,-0.1754886
-11.080000,-0.1755953
-11.072000,-0.1755953
-11.064000,-0.1755419
-11.056000,-0.1754886
-11.048000,-0.1755953
-11.040000,-0.1755953
-11.032000,-0.1754886
-11.024000,-0.1754886
-11.016000,-0.1755419
-11.008000,-0.1755419
-11.000000,-0.1754886
-10.992000,-0.1754886
-10.984000,-0.1754353
-10.976000,-0.1753819
-10.968000,-0.1754353
-10.960000,-0.1754886
-10.952000,-0.1755419
-10.944000,-0.1754886
-10.936000,-0.1754886
-10.928000,-0.1754353
-10.920000,-0.1754353
-10.912000,-0.1754886
-10.904000,-0.1754353
-10.896000,-0.1753819
-10.888000,-0.1753819
-10.880000,-0.1753819
-10.872000,-0.1754886
-10.864000,-0.1754353
-10.856000,-0.1754353
-10.848000,-0.1754886
-10.840000,-0.1754886
-10.832000,-0.1754886
-10.824000,-0.1754353
-10.816000,-0.1753286
-10.808000,-0.1753286
-10.800000,-0.1754353
-10.792000,-0.1754353
-10.784000,-0.1753819
-10.776000,-0.1752752
-10.768000,-0.1753286
-10.760000,-0.1753819
-10.752000,-0.1753819
-10.744000,-0.1754353
-10.736000,-0.1754353
-10.728000,-0.1753286
-10.720000,-0.1753286
-10.712000,-0.1753286
-10.704000,-0.1753819
-10.696000,-0.1753819
-10.688000,-0.1753819
-10.680000,-0.1753819
-10.672000,-0.1753819
-10.664000,-0.1753819
-10.656000,-0.1753819
-10.648000,-0.1753286
-10.640000,-0.1752752
-10.632000,-0.1753286
-10.624000,-0.1754353
-10.616000,-0.1753819
-10.608000,-0.1753286
-10.600000,-0.1753286
-10.592000,-0.1752752
-10.584000,-0.1752219
-10.576000,-0.1752752
-10.568000,-0.1752219
-10.560000,-0.1752219
-10.552000,-0.1752752
-10.544000,-0.1752752
-10.536000,-0.1752752
-10.528000,-0.1752219
-10.520000,-0.1752752
-10.512000,-0.1752752
-10.504000,-0.1752219
-10.496000,-0.1751686
-10.488000,-0.1752752
-10.480000,-0.1753286
-10.472000,-0.1752752
-10.464000,-0.1752752
-10.456000,-0.1753286
-10.448000,-0.1752752
-10.440000,-0.1752219
-10.432000,-0.1752752
-10.424000,-0.1752219
-10.416000,-0.1752219
-10.408000,-0.1752219
-10.400000,-0.1752219
-10.392000,-0.1752219
-10.384000,-0.1752752
-10.376000,-0.1751686
-10.368000,-0.1751686
-10.360000,-0.1751686
-10.352000,-0.1751686
-10.344000,-0.1752219
-10.336000,-0.1752752
-10.328000,-0.1751686
-10.320000,-0.1751686
-10.312000,-0.1751152
-10.304000,-0.1751686
-10.296000,-0.1751686
-10.288000,-0.1752219
-10.280000,-0.1751686
-10.272000,-0.1751686
-10.264000,-0.1752219
-10.256000,-0.1752752
-10.248000,-0.1752219
-10.240000,-0.1752219
-10.232000,-0.1751686
-10.224000,-0.1751152
-10.216000,-0.1751686
-10.208000,-0.1751686
-10.200000,-0.1751152
-10.192000,-0.1751152
-10.184000,-0.1751686
-10.176000,-0.1752219
-10.168000,-0.1751686
-10.160000,-0.1751686
-10.152000,-0.1751152
-10.144000,-0.1749819
-10.136000,-0.1749819
-10.128000,-0.1751152
-10.120000,-0.1751152
-10.112000,-0.1751152
-10.104000,-0.1751686
-10.096000,-0.1751686
-10.088000,-0.1750619
-10.080000,-0.1750619
-10.072000,-0.1750619
-10.064000,-0.1749819
-10.056000,-0.1750619
-10.048000,-0.1750619
-10.040000,-0.1750619
-10.032000,-0.1750619
-10.024000,-0.1751152
-10.016000,-0.1750619
-10.008000,-0.1750619
-10.000000,-0.1749285
-9.992000,-0.1749285
-9.984000,-0.1749819
-9.976000,-0.1749819
-9.968000,-0.1750619
-9.960000,-0.1751152
-9.952000,-0.1752219
-9.944000,-0.1751686
-9.936000,-0.1750619
-9.928000,-0.1749285
-9.920000,-0.1749819
-9.912000,-0.1751152
-9.904000,-0.1751152
-9.896000,-0.1749819
-9.888000,-0.1749819
-9.880000,-0.1750619
-9.872000,-0.1749819
-9.864000,-0.1749819
-9.856000,-0.1750619
-9.848000,-0.1750619
-9.840000,-0.1750619
-9.832000,-0.1749285
-9.824000,-0.1749285
-9.816000,-0.1749285
-9.808000,-0.1749285
-9.800000,-0.1750619
-9.792000,-0.1750619
-9.784000,-0.1749285
-9.776000,-0.1748752
-9.768000,-0.1749285
-9.760000,-0.1749819
-9.752000,-0.1750619
-9.744000,-0.1749819
-9.736000,-0.1750619
-9.728000,-0.1750619
-9.720000,-0.1749819
-9.712000,-0.1749285
-9.704000,-0.1748752
-9.696000,-0.1749285
-9.688000,-0.1749819
-9.680000,-0.1749285
-9.672000,-0.1748752
-9.664000,-0.1748752
-9.656000,-0.1748752
-9.648000,-0.1748752
-9.640000,-0.1748219
-9.632000,-0.1749285
-9.624000,-0.1749285
-9.616000,-0.1748752
-9.608000,-0.1748752
-9.600000,-0.1748752
-9.592000,-0.1748219
-9.584000,-0.1748219
-9.576000,-0.1748752
-9.568000,-0.1748752
-9.560000,-0.1749285
-9.552000,-0.1749285
-9.544000,-0.1749285
-9.536000,-0.1749285
-9.528000,-0.1749285
-9.520000,-0.1748752
-9.512000,-0.1749285
-9.504000,-0.1748752
-9.496000,-0.1748219
-9.488000,-0.1747685
-9.480000,-0.1747685
-9.472000,-0.1748752
-9.464000,-0.1748219
-9.456000,-0.1747685
-9.448000,-0.1747685
-9.440000,-0.1748219
-9.432000,-0.1748219
-9.424000,-0.1748752
-9.416000,-0.1748752
-9.408000,-0.1748752
-9.400000,-0.1748752
-9.392000,-0.1748219
-9.384000,-0.1748219
-9.376000,-0.1748219
-9.368000,-0.1747685
-9.360000,-0.1748219
-9.352000,-0.1748219
-9.344000,-0.1747685
-9.336000,-0.1747152
-9.328000,-0.1747685
-9.320000,-0.1747685
-9.312000,-0.1747152
-9.304000,-0.1747152
-9.296000,-0.1747685
-9.288000,-0.1748752
-9.280000,-0.1748219
-9.272000,-0.1747152
-9.264000,-0.1747152
-9.256000,-0.1746618
-9.248000,-0.1746085
-9.240000,-0.1746618
-9.232000,-0.1747685
-9.224000,-0.1747685
-9.216000,-0.1747152
-9.208000,-0.1747685
-9.200000,-0.1747685
-9.192000,-0.1747152
-9.184000,-0.1747152
-9.176000,-0.1747685
-9.168000,-0.1748219
-9.160000,-0.1748219
-9.152000,-0.1747152
-9.144000,-0.1747152
-9.136000,-0.1747685
-9.128000,-0.1747685
-9.120000,-0.1747152
-9.112000,-0.1747152
-9.104000,-0.1747152
-9.096000,-0.1746618
-9.088000,-0.1746085
-9.080000,-0.1746085
-9.072000,-0.1746085
-9.064000,-0.1745551
-9.056000,-0.1746618
-9.048000,-0.1747152
-9.040000,-0.1746085
-9.032000,-0.1745551
-9.024000,-0.1746085
-9.016000,-0.1746085
-9.008000,-0.1747152
-9.000000,-0.1747685
-8.992000,-0.1747152
-8.984000,-0.1746618
-8.976000,-0.1746085
-8.968000,-0.1746618
-8.960000,-0.1746085
-8.952000,-0.1745551
-8.944000,-0.1746085
-8.936000,-0.1746085
-8.928000,-0.1746618
-8.920000,-0.1746618
-8.912000,-0.1745018
-8.904000,-0.1744485
-8.896000,-0.1745551
-8.888000,-0.1746085
-8.880000,-0.1746085
-8.872000,-0.1746085
-8.864000,-0.1745018
-8.856000,-0.1745018
-8.848000,-0.1745018
-8.840000,-0.1745018
-8.832000,-0.1745551
-8.824000,-0.1745551
-8.816000,-0.1745551
-8.808000,-0.1745551
-8.800000,-0.1745551
-8.792000,-0.1745551
-8.784000,-0.1745551
-8.776000,-0.1745551
-8.768000,-0.1745551
-8.760000,-0.1745551
-8.752000,-0.1745018
-8.744000,-0.1745018
-8.736000,-0.1744485
-8.728000,-0.1744485
-8.720000,-0.1745018
-8.712000,-0.1745018
-8.704000,-0.1745018
-8.696000,-0.1744485
-8.688000,-0.1744485
-8.680000,-0.1745018
-8.672000,-0.1745018
-8.664000,-0.1745551
-8.656000,-0.1745018
-8.648000,-0.1745018
-8.640000,-0.1745551
-8.632000,-0.1745551
-8.624000,-0.1745018
-8.616000,-0.1744485
-8.608000,-0.1743951
-8.600000,-0.1744485
-8.592000,-0.1745551
-8.584000,-0.1746085
-8.576000,-0.1746085
-8.568000,-0.1745551
-8.560000,-0.1745018
-8.552000,-0.1743951
-8.544000,-0.1743951
-8.536000,-0.1745018
-8.528000,-0.1745018
-8.520000,-0.1744485
-8.512000,-0.1744485
-8.504000,-0.1743951
-8.496000,-0.1743951
-8.488000,-0.1744485
-8.480000,-0.1745018
-8.472000,-0.1743951
-8.464000,-0.1743951
-8.456000,-0.1744485
-8.448000,-0.1744485
-8.440000,-0.1743951
-8.432000,-0.1743951
-8.424000,-0.1743951
-8.416000,-0.1744485
-8.408000,-0.1744485
-8.400000,-0.1743951
-8.392000,-0.1743418
-8.384000,-0.1743418
-8.376000,-0.1743418
-8.368000,-0.1743418
-8.360000,-0.1742885
-8.352000,-0.1742885
-8.344000,-0.1743418
-8.336000,-0.1743418
-8.328000,-0.1742885
-8.320000,-0.1743951
-8.312000,-0.1743951
-8.304000,-0.1743418
-8.296000,-0.1742885
-8.288000,-0.1743418
-8.280000,-0.1742885
-8.272000,-0.1742885
-8.264000,-0.1742885
-8.256000,-0.1742885
-8.248000,-0.1743418
-8.240000,-0.1743418
-8.232000,-0.1743951
-8.224000,-0.1743418
-8.216000,-0.1742885
-8.208000,-0.1742351
-8.200000,-0.1742885
-8.192000,-0.1743418
-8.184000,-0.1742885
-8.176000,-0.1742351
-8.168000,-0.1742351
-8.160000,-0.1742885
-8.152000,-0.1742885
-8.144000,-0.1743418
-8.136000,-0.1743951
-8.128000,-0.1743418
-8.120000,-0.1742885
-8.112000,-0.1742351
-8.104000,-0.1742351
-8.096000,-0.1742885
-8.088000,-0.1743418
-8.080000,-0.1742885
-8.072000,-0.1741818
-8.064000,-0.1742351
-8.056000,-0.1742885
-8.048000,-0.1743418
-8.040000,-0.1742885
-8.032000,-0.1742351
-8.024000,-0.1742351
-8.016000,-0.1742885
-8.008000,-0.1743418
-8.000000,-0.1742351
-7.992000,-0.1742351
-7.984000,-0.1742351
-7.976000,-0.1742351
-7.968000,-0.1742351
-7.960000,-0.1741818
-7.952000,-0.1742351
-7.944000,-0.1742351
-7.936000,-0.1741818
-7.928000,-0.1742351
-7.920000,-0.1741818
-7.912000,-0.1741818
-7.904000,-0.1740751
-7.896000,-0.1741284
-7.888000,-0.1741284
-7.880000,-0.1741284
-7.872000,-0.1741818
-7.864000,-0.1742351
-7.856000,-0.1741818
-7.848000,-0.1741284
-7.840000,-0.1741818
-7.832000,-0.1742351
-7.824000,-0.1741284
-7.816000,-0.1741818
-7.808000,-0.1741284
-7.800000,-0.1740751
-7.792000,-0.1741284
-7.784000,-0.1742351
-7.776000,-0.1741818
-7.768000,-0.1741284
-7.760000,-0.1741284
-7.752000,-0.1741818
-7.744000,-0.1741284
-7.736000,-0.1741284
-7.728000,-0.1741284
-7.720000,-0.1740751
-7.712000,-0.1740218
-7.704000,-0.1740218
-7.696000,-0.1740751
-7.688000,-0.1741284
-7.680000,-0.1741818
-7.672000,-0.1741284
-7.664000,-0.1741284
-7.656000,-0.1741284
-7.648000,-0.1741284
-7.640000,-0.1741284
-7.632000,-0.1740218
-7.624000,-0.1740218
-7.616000,-0.1740751
-7.608000,-0.1740751
-7.600000,-0.1740751
-7.592000,-0.1741818
-7.584000,-0.1742885
-7.576000,-0.1741284
-7.568000,-0.1739684
-7.560000,-0.1739684
-7.552000,-0.1740218
-7.544000,-0.1740218
-7.536000,-0.1739684
-7.528000,-0.1740218
-7.520000,-0.1740751
-7.512000,-0.1740218
-7.504000,-0.1740218
-7.496000,-0.1740218
-7.488000,-0.1740218
-7.480000,-0.1739684
-7.472000,-0.1739684
-7.464000,-0.1739684
-7.456000,-0.1739684
-7.448000,-0.1739684
-7.440000,-0.1739684
-7.432000,-0.1740218
-7.424000,-0.1740751
-7.416000,-0.1740751
-7.408000,-0.1740751
-7.400000,-0.1740218
-7.392000,-0.1739684
-7.384000,-0.1740218
-7.376000,-0.1740218
-7.368000,-0.1739684
-7.360000,-0.1740218
-7.352000,-0.1740218
-7.344000,-0.1739684
-7.336000,-0.1739151
-7.328000,-0.1739151
-7.320000,-0.1739151
-7.312000,-0.1739151
-7.304000,-0.1739684
-7.296000,-0.1740218
-7.288000,-0.1740218
-7.280000,-0.1740218
-7.272000,-0.1740218
-7.264000,-0.1740218
-7.256000,-0.1739684
-7.248000,-0.1740218
-7.240000,-0.1739684
-7.232000,-0.1739684
-7.224000,-0.1739151
-7.216000,-0.1739151
-7.208000,-0.1739151
-7.200000,-0.1739151
-7.192000,-0.1739684
-7.184000,-0.1739684
-7.176000,-0.1739151
-7.168000,-0.1738617
-7.160000,-0.1738617
-7.152000,-0.1739151
-7.144000,-0.1739151
-7.136000,-0.1738617
-7.128000,-0.1739151
-7.120000,-0.1739151
-7.112000,-0.1738084
-7.104000,-0.1738617
-7.096000,-0.1738617
-7.088000,-0.1738617
-7.080000,-0.1739151
-7.072000,-0.1739684
-7.064000,-0.1739151
-7.056000,-0.1739151
-7.048000,-0.1739684
-7.040000,-0.1739684
-7.032000,-0.1739684
-7.024000,-0.1739151
-7.016000,-0.1738617
-7.008000,-0.1739151
-7.000000,-0.1739151
-6.992000,-0.1739151
-6.984000,-0.1738084
-6.976000,-0.1737550
-6.968000,-0.1738084
-6.960000,-0.1738084
-6.952000,-0.1739151
-6.944000,-0.1738617
-6.936000,-0.1738084
-6.928000,-0.1738084
-6.920000,-0.1737550
-6.912000,-0.1737550
-6.904000,-0.1737550
-6.896000,-0.1737017
-6.888000,-0.1736484
-6.880000,-0.1736484
-6.872000,-0.1737017
-6.864000,-0.1737550
-6.856000,-0.1737550
-6.848000,-0.1737550
-6.840000,-0.1737017
-6.832000,-0.1737550
-6.824000,-0.1737017
-6.816000,-0.1737017
-6.808000,-0.1737550
-6.800000,-0.1738084
-6.792000,-0.1738084
-6.784000,-0.1737017
-6.776000,-0.1736484
-6.768000,-0.1737017
-6.760000,-0.1737017
-6.752000,-0.1737017
-6.744000,-0.1737017
-6.736000,-0.1738084
-6.728000,-0.1737550
-6.720000,-0.1737017
-6.712000,-0.1736484
-6.704000,-0.1735950
-6.696000,-0.1736484
-6.688000,-0.1737017
-6.680000,-0.1737550
-6.672000,-0.1737550
-6.664000,-0.1737550
-6.656000,-0.1736484
-6.648000,-0.1736484
-6.640000,-0.1737550
-6.632000,-0.1737017
-6.624000,-0.1737550
-6.616000,-0.1737017
-6.608000,-0.1735950
-6.600000,-0.1735950
-6.592000,-0.1737017
-6.584000,-0.1737550
-6.576000,-0.1737017
-6.568000,-0.1736484
-6.560000,-0.1736484
-6.552000,-0.1735417
-6.544000,-0.1735417
-6.536000,-0.1735950
-6.528000,-0.1735950
-6.520000,-0.1735950
-6.512000,-0.1737017
-6.504000,-0.1736484
-6.496000,-0.1737017
-6.488000,-0.1737017
-6.480000,-0.1736484
-6.472000,-0.1737017
-6.464000,-0.1736484
-6.456000,-0.1737017
-6.448000,-0.1736484
-6.440000,-0.1735417
-6.432000,-0.1735417
-6.424000,-0.1735950
-6.416000,-0.1735950
-6.408000,-0.1736484
-6.400000,-0.1735950
-6.392000,-0.1735950
-6.384000,-0.1735950
-6.376000,-0.1735950
-6.368000,-0.1735417
-6.360000,-0.1734884
-6.352000,-0.1735417
-6.344000,-0.1735950
-6.336000,-0.1735417
-6.328000,-0.1734884
-6.320000,-0.1735417
-6.312000,-0.1735950
-6.304000,-0.1735417
-6.296000,-0.1734884
-6.288000,-0.1734884
-6.280000,-0.1735950
-6.272000,-0.1735417
-6.264000,-0.1734884
-6.256000,-0.1734884
-6.248000,-0.1735417
-6.240000,-0.1735950
-6.232000,-0.1735417
-6.224000,-0.1735417
-6.216000,-0.1734884
-6.208000,-0.1734884
-6.200000,-0.1734884
-6.192000,-0.1734350
-6.184000,-0.1734884
-6.176000,-0.1735417
-6.168000,-0.1735417
-6.160000,-0.1733817
-6.152000,-0.1733283
-6.144000,-0.1733817
-6.136000,-0.1734350
-6.128000,-0.1733817
-6.120000,-0.1734350
-6.112000,-0.1734350
-6.104000,-0.1734884
-6.096000,-0.1734884
-6.088000,-0.1733817
-6.080000,-0.1733283
-6.072000,-0.1733283
-6.064000,-0.1733283
-6.056000,-0.1733817
-6.048000,-0.1733817
-6.040000,-0.1733817
-6.032000,-0.1734350
-6.024000,-0.1734350
-6.016000,-0.1733817
-6.008000,-0.1733817
-6.000000,-0.1733283
-5.992000,-0.1733817
-5.984000,-0.1733817
-5.976000,-0.1733817
-5.968000,-0.1733283
-5.960000,-0.1733817
-5.952000,-0.1733283
-5.944000,-0.1733817
-5.936000,-0.1733283
-5.928000,-0.1733283
-5.920000,-0.1733817
-5.912000,-0.1734350
-5.904000,-0.1733817
-5.896000,-0.1734350
-5.888000,-0.1734350
-5.880000,-0.1734350
-5.872000,-0.1733817
-5.864000,-0.1732750
-5.856000,-0.1732217
-5.848000,-0.1732217
-5.840000,-0.1732750
-5.832000,-0.1732217
-5.824000,-0.1732750
-5.816000,-0.1733817
-5.808000,-0.1733817
-5.800000,-0.1733283
-5.792000,-0.1733283
-5.784000,-0.1732750
-5.776000,-0.1733283
-5.768000,-0.1733283
-5.760000,-0.1733817
-5.752000,-0.1733283
-5.744000,-0.1733283
-5.736000,-0.1733817
-5.728000,-0.1733283
-5.720000,-0.1733817
-5.712000,-0.1733817
-5.704000,-0.1733283
-5.696000,-0.1733817
-5.688000,-0.1732750
-5.680000,-0.1732750
-5.672000,-0.1733283
-5.664000,-0.1733283
-5.656000,-0.1732750
-5.648000,-0.1732750
-5.640000,-0.1732217
-5.632000,-0.1732217
-5.624000,-0.1731683
-5.616000,-0.1733283
-5.608000,-0.1732750
-5.600000,-0.1731683
-5.592000,-0.1731683
-5.584000,-0.1732217
-5.576000,-0.1732750
-5.568000,-0.1732750
-5.560000,-0.1732217
-5.552000,-0.1731683
-5.544000,-0.1731683
-5.536000,-0.1732750
-5.528000,-0.1732750
-5.520000,-0.1732217
-5.512000,-0.1732217
-5.504000,-0.1731150
-5.496000,-0.1731683
-5.488000,-0.1731683
-5.480000,-0.1731683
-5.472000,-0.1731683
-5.464000,-0.1731150
-5.456000,-0.1731683
-5.448000,-0.1731683
-5.440000,-0.1732217
-5.432000,-0.1731683
-5.424000,-0.1731683
-5.416000,-0.1731150
-5.408000,-0.1731150
-5.400000,-0.1731683
-5.392000,-0.1731683
-5.384000,-0.1732217
-5.376000,-0.1731683
-5.368000,-0.1731150
-5.360000,-0.1731683
-5.352000,-0.1731683
-5.344000,-0.1731683
-5.336000,-0.1730083
-5.328000,-0.1730083
-5.320000,-0.1730083
-5.312000,-0.1731150
-5.304000,-0.1731150
-5.296000,-0.1731150
-5.288000,-0.1731150
-5.280000,-0.1731150
-5.272000,-0.1731150
-5.264000,-0.1730616
-5.256000,-0.1730616
-5.248000,-0.1731150
-5.240000,-0.1731150
-5.232000,-0.1730616
-5.224000,-0.1731150
-5.216000,-0.1731683
-5.208000,-0.1731150
-5.200000,-0.1731150
-5.192000,-0.1731150
-5.184000,-0.1729549
-5.176000,-0.1730083
-5.168000,-0.1731150
-5.160000,-0.1730616
-5.152000,-0.1730083
-5.144000,-0.1730083
-5.136000,-0.1730616
-5.128000,-0.1731150
-5.120000,-0.1731150
-5.112000,-0.1730616
-5.104000,-0.1730083
-5.096000,-0.1729549
-5.088000,-0.1730616
-5.080000,-0.1731150
-5.072000,-0.1731150
-5.064000,-0.1730616
-5.056000,-0.1730083
-5.048000,-0.1730083
-5.040000,-0.1730083
-5.032000,-0.1729549
-5.024000,-0.1730616
-5.016000,-0.1730083
-5.008000,-0.1730083
-5.000000,-0.1730083
-4.992000,-0.1729549
-4.984000,-0.1729549
-4.976000,-0.1730083
-4.968000,-0.1730083
-4.960000,-0.1730083
-4.952000,-0.1730083
-4.944000,-0.1729549
-4.936000,-0.1730083
-4.928000,-0.1730083
-4.920000,-0.1729549
-4.912000,-0.1729016
-4.904000,-0.1729016
-4.896000,-0.1729016
-4.888000,-0.1729016
-4.880000,-0.1729016
-4.872000,-0.1729016
-4.864000,-0.1729016
-4.856000,-0.1728483
-4.848000,-0.1728483
-4.840000,-0.1728483
-4.832000,-0.1727949
-4.824000,-0.1728483
-4.816000,-0.1729549
-4.808000,-0.1729549
-4.800000,-0.1728483
-4.792000,-0.1727949
-4.784000,-0.1728483
-4.776000,-0.1729016
-4.768000,-0.1729016
-4.760000,-0.1729016
-4.752000,-0.1728483
-4.744000,-0.1728483
-4.736000,-0.1728483
-4.728000,-0.1728483
-4.720000,-0.1728483
-4.712000,-0.1728483
-4.704000,-0.1728483
-4.696000,-0.1727949
-4.688000,-0.1728483
-4.680000,-0.1729016
-4.672000,-0.1729016
-4.664000,-0.1728483
-4.656000,-0.1727949
-4.648000,-0.1728483
-4.640000,-0.1728483
-4.632000,-0.1728483
-4.624000,-0.1727949
-4.616000,-0.1727949
-4.608000,-0.1728483
-4.600000,-0.1728483
-4.592000,-0.1727949
-4.584000,-0.1727416
-4.576000,-0.1726883
-4.568000,-0.1727949
-4.560000,-0.1727416
-4.552000,-0.1727416
-4.544000,-0.1727949
-4.536000,-0.1727949
-4.528000,-0.1727949
-4.520000,-0.1727416
-4.512000,-0.1727416
-4.504000,-0.1727416
-4.496000,-0.1726883
-4.488000,-0.1727949
-4.480000,-0.1727416
-4.472000,-0.1727416
-4.464000,-0.1727949
-4.456000,-0.1727949
-4.448000,-0.1727949
-4.440000,-0.1727949
-4.432000,-0.1727416
-4.424000,-0.1726883
-4.416000,-0.1726883
-4.408000,-0.1726883
-4.400000,-0.1727416
-4.392000,-0.1727416
-4.384000,-0.1726883
-4.376000,-0.1727416
-4.368000,-0.1726883
-4.360000,-0.1727416
-4.352000,-0.1727949
-4.344000,-0.1727949
-4.336000,-0.1727416
-4.328000,-0.1727416
-4.320000,-0.1726349
-4.312000,-0.1726349
-4.304000,-0.1725816
-4.296000,-0.1725816
-4.288000,-0.1726349
-4.280000,-0.1726349
-4.272000,-0.1726883
-4.264000,-0.1726883
-4.256000,-0.1726883
-4.248000,-0.1726883
-4.240000,-0.1726349
-4.232000,-0.1726883
-4.224000,-0.1727416
-4.216000,-0.1727416
-4.208000,-0.1727416
-4.200000,-0.1726349
-4.192000,-0.1725282
-4.184000,-0.1725282
-4.176000,-0.1725816
-4.168000,-0.1725816
-4.160000,-0.1725282
-4.152000,-0.1725816
-4.144000,-0.1725816
-4.136000,-0.1725816
-4.128000,-0.1725816
-4.120000,-0.1726349
-4.112000,-0.1725816
-4.104000,-0.1726349
-4.096000,-0.1725816
-4.088000,-0.1725816
-4.080000,-0.1726349
-4.072000,-0.1725816
-4.064000,-0.1724216
-4.056000,-0.1724749
-4.048000,-0.1725282
-4.040000,-0.1725282
-4.032000,-0.1725816
-4.024000,-0.1725816
-4.016000,-0.1725282
-4.008000,-0.1726349
-4.000000,-0.1726349
-3.992000,-0.1725816
-3.984000,-0.1725816
-3.976000,-0.1726349
-3.968000,-0.1725282
-3.960000,-0.1724749
-3.952000,-0.1724749
-3.944000,-0.1725282
-3.936000,-0.1726349
-3.928000,-0.1726349
-3.920000,-0.1725282
-3.912000,-0.1725282
-3.904000,-0.1725282
-3.896000,-0.1724749
-3.888000,-0.1724216
-3.880000,-0.1724749
-3.872000,-0.1725282
-3.864000,-0.1725282
-3.856000,-0.1725282
-3.848000,-0.1724749
-3.840000,-0.1724749
-3.832000,-0.1725282
-3.824000,-0.1724216
-3.816000,-0.1724216
-3.808000,-0.1724749
-3.800000,-0.1724749
-3.792000,-0.1723682
-3.784000,-0.1723682
-3.776000,-0.1724216
-3.768000,-0.1724749
-3.760000,-0.1724749
-3.752000,-0.1725282
-3.744000,-0.1724216
-3.736000,-0.1723682
-3.728000,-0.1724216
-3.720000,-0.1723682
-3.712000,-0.1723149
-3.704000,-0.1723682
-3.696000,-0.1723682
-3.688000,-0.1724216
-3.680000,-0.1724216
-3.672000,-0.1723682
-3.664000,-0.1723682
-3.656000,-0.1724216
-3.648000,-0.1723682
-3.640000,-0.1723149
-3.632000,-0.1723149
-3.624000,-0.1723149
-3.616000,-0.1723149
-3.608000,-0.1723149
-3.600000,-0.1723682
-3.592000,-0.1723149
-3.584000,-0.1723682
-3.576000,-0.1723682
-3.568000,-0.1724216
-3.560000,-0.1723682
-3.552000,-0.1722615
-3.544000,-0.1722615
-3.536000,-0.1722082
-3.528000,-0.1723149
-3.520000,-0.1722615
-3.512000,-0.1722615
-3.504000,-0.1723682
-3.496000,-0.1723682
-3.488000,-0.1723149
-3.480000,-0.1723149
-3.472000,-0.1723149
-3.464000,-0.1722615
-3.456000,-0.1723149
-3.448000,-0.1722615
-3.440000,-0.1723149
-3.432000,-0.1723682
-3.424000,-0.1723149
-3.416000,-0.1722615
-3.408000,-0.1721548
-3.400000,-0.1722082
-3.392000,-0.1723149
-3.384000,-0.1723682
-3.376000,-0.1724216
-3.368000,-0.1723682
-3.360000,-0.1722615
-3.352000,-0.1722082
-3.344000,-0.1722615
-3.336000,-0.1722082
-3.328000,-0.1721548
-3.320000,-0.1721548
-3.312000,-0.1722082
-3.304000,-0.1722615
-3.296000,-0.1722082
-3.288000,-0.1721548
-3.280000,-0.1722615
-3.272000,-0.1722615
-3.264000,-0.1721548
-3.256000,-0.1722082
-3.248000,-0.1721015
-3.240000,-0.1721548
-3.232000,-0.1722082
-3.224000,-0.1722082
-3.216000,-0.1721548
-3.208000,-0.1721015
-3.200000,-0.1721015
-3.192000,-0.1721015
-3.184000,-0.1721548
-3.176000,-0.1721548
-3.168000,-0.1721548
-3.160000,-0.1721548
-3.152000,-0.1722082
-3.144000,-0.1722082
-3.136000,-0.1721548
-3.128000,-0.1720482
-3.120000,-0.1721015
-3.112000,-0.1721548
-3.104000,-0.1721548
-3.096000,-0.1721548
-3.088000,-0.1721548
-3.080000,-0.1721015
-3.072000,-0.1720482
-3.064000,-0.1720482
-3.056000,-0.1721015
-3.048000,-0.1721548
-3.040000,-0.1721015
-3.032000,-0.1720482
-3.024000,-0.1721015
-3.016000,-0.1721015
-3.008000,-0.1721548
-3.000000,-0.1721548
-2.992000,-0.1721015
-2.984000,-0.1721548
-2.976000,-0.1721548
-2.968000,-0.1720482
-2.960000,-0.1720482
-2.952000,-0.1721548
-2.944000,-0.1721015
-2.936000,-0.1721548
-2.928000,-0.1721548
-2.920000,-0.1720482
-2.912000,-0.1720482
-2.904000,-0.1720482
-2.896000,-0.1720482
-2.888000,-0.1720482
-2.880000,-0.1719682
-2.872000,-0.1721015
-2.864000,-0.1720482
-2.856000,-0.1720482
-2.848000,-0.1720482
-2.840000,-0.1719682
-2.832000,-0.1719682
-2.824000,-0.1718615
-2.816000,-0.1719148
-2.808000,-0.1720482
-2.800000,-0.1719682
-2.792000,-0.1721015
-2.784000,-0.1721548
-2.776000,-0.1720482
-2.768000,-0.1719148
-2.760000,-0.1719682
-2.752000,-0.1719148
-2.744000,-0.1719148
-2.736000,-0.1718615
-2.728000,-0.1718081
-2.720000,-0.1718615
-2.712000,-0.1719682
-2.704000,-0.1719682
-2.696000,-0.1719682
-2.688000,-0.1720482
-2.680000,-0.1719682
-2.672000,-0.1720482
-2.664000,-0.1720482
-2.656000,-0.1719148
-2.648000,-0.1718615
-2.640000,-0.1718081
-2.632000,-0.1718615
-2.624000,-0.1718615
-2.616000,-0.1718615
-2.608000,-0.1719148
-2.600000,-0.1719148
-2.592000,-0.1718615
-2.584000,-0.1719148
-2.576000,-0.1719148
-2.568000,-0.1719148
-2.560000,-0.1718615
-2.552000,-0.1718081
-2.544000,-0.1718081
-2.536000,-0.1718615
-2.528000,-0.1718615
-2.520000,-0.1719148
-2.512000,-0.1719682
-2.504000,-0.1718615
-2.496000,-0.1718615
-2.488000,-0.1718081
-2.480000,-0.1718615
-2.472000,-0.1718615
-2.464000,-0.1718615
-2.456000,-0.1718081
-2.448000,-0.1718081
-2.440000,-0.1717548
-2.432000,-0.1717548
-2.424000,-0.1718081
-2.416000,-0.1718615
-2.408000,-0.1718615
-2.400000,-0.1718615
-2.392000,-0.1718615
-2.384000,-0.1718615
-2.376000,-0.1718081
-2.368000,-0.1717548
-2.360000,-0.1717548
-2.352000,-0.1717548
-2.344000,-0.1717548
-2.336000,-0.1718081
-2.328000,-0.1718081
-2.320000,-0.1717548
-2.312000,-0.1717548
-2.304000,-0.1717548
-2.296000,-0.1718081
-2.288000,-0.1717015
-2.280000,-0.1717015
-2.272000,-0.1717015
-2.264000,-0.1717015
-2.256000,-0.1717548
-2.248000,-0.1717015
-2.240000,-0.1717548
-2.232000,-0.1717548
-2.224000,-0.1717015
-2.216000,-0.1717548
-2.208000,-0.1717548
-2.200000,-0.1717548
-2.192000,-0.1717015
-2.184000,-0.1717015
-2.176000,-0.1717015
-2.168000,-0.1717015
-2.160000,-0.1717015
-2.152000,-0.1715948
-2.144000,-0.1716481
-2.136000,-0.1716481
-2.128000,-0.1716481
-2.120000,-0.1717015
-2.112000,-0.1716481
-2.104000,-0.1716481
-2.096000,-0.1717015
-2.088000,-0.1717548
-2.080000,-0.1717015
-2.072000,-0.1717548
-2.064000,-0.1715948
-2.056000,-0.1715948
-2.048000,-0.1716481
-2.040000,-0.1717015
-2.032000,-0.1717015
-2.024000,-0.1717015
-2.016000,-0.1716481
-2.008000,-0.1716481
-2.000000,-0.1716481
-1.992000,-0.1716481
-1.984000,-0.1717015
-1.976000,-0.1716481
-1.968000,-0.1716481
-1.960000,-0.1716481
-1.952000,-0.1715948
-1.944000,-0.1715948
-1.936000,-0.1715414
-1.928000,-0.1715414
-1.920000,-0.1715414
-1.912000,-0.1715948
-1.904000,-0.1717015
-1.896000,-0.1716481
-1.888000,-0.1715414
-1.880000,-0.1715948
-1.872000,-0.1715948
-1.864000,-0.1715414
-1.856000,-0.1714881
-1.848000,-0.1714348
-1.840000,-0.1715414
-1.832000,-0.1715414
-1.824000,-0.1715414
-1.816000,-0.1715414
-1.808000,-0.1715414
-1.800000,-0.1715948
-1.792000,-0.1716481
-1.784000,-0.1714881
-1.776000,-0.1714348
-1.768000,-0.1714881
-1.760000,-0.1715414
-1.752000,-0.1716481
-1.744000,-0.1715948
-1.736000,-0.1714881
-1.728000,-0.1714348
-1.720000,-0.1714881
-1.712000,-0.1715414
-1.704000,-0.1715948
-1.696000,-0.1715414
-1.688000,-0.1715414
-1.680000,-0.1715414
-1.672000,-0.1715414
-1.664000,-0.1715948
-1.656000,-0.1714881
-1.648000,-0.1714881
-1.640000,-0.1714348
-1.632000,-0.1714348
-1.624000,-0.1714348
-1.616000,-0.1714881
-1.608000,-0.1715414
-1.600000,-0.1714348
-1.592000,-0.1713814
-1.584000,-0.1713814
-1.576000,-0.1713814
-1.568000,-0.1713281
-1.560000,-0.1713814
-1.552000,-0.1714348
-1.544000,-0.1714881
-1.536000,-0.1713814
-1.528000,-0.1714348
-1.520000,-0.1714881
-1.512000,-0.1714881
-1.504000,-0.1715414
-1.496000,-0.1714881
-1.488000,-0.1714348
-1.480000,-0.1714348
-1.472000,-0.1714348
-1.464000,-0.1713814
-1.456000,-0.1714348
-1.448000,-0.1714348
-1.440000,-0.1714348
-1.432000,-0.1714348
-1.424000,-0.1713281
-1.416000,-0.1713814
-1.408000,-0.1714348
-1.400000,-0.1714881
-1.392000,-0.1714881
-1.384000,-0.1713281
-1.376000,-0.1712747
-1.368000,-0.1713814
-1.360000,-0.1713814
-1.352000,-0.1713814
-1.344000,-0.1713814
-1.336000,-0.1713814
-1.328000,-0.1713281
-1.320000,-0.1713281
-1.312000,-0.1713281
-1.304000,-0.1713281
-1.296000,-0.1713814
-1.288000,-0.1712747
-1.280000,-0.1711681
-1.272000,-0.1711681
-1.264000,-0.1712214
-1.256000,-0.1713814
-1.248000,-0.1713814
-1.240000,-0.1713281
-1.232000,-0.1712747
-1.224000,-0.1712214
-1.216000,-0.1712747
-1.208000,-0.1713814
-1.200000,-0.1713281
-1.192000,-0.1713281
-1.184000,-0.1712747
-1.176000,-0.1712214
-1.168000,-0.1711681
-1.160000,-0.1712214
-1.152000,-0.1712747
-1.144000,-0.1712214
-1.136000,-0.1712214
-1.128000,-0.1712747
-1.120000,-0.1712214
-1.112000,-0.1712214
-1.104000,-0.1712747
-1.096000,-0.1712214
-1.088000,-0.1712214
-1.080000,-0.1712214
-1.072000,-0.1712747
-1.064000,-0.1712214
-1.056000,-0.1711681
-1.048000,-0.1711681
-1.040000,-0.1711147
-1.032000,-0.1711147
-1.024000,-0.1712214
-1.016000,-0.1712747
-1.008000,-0.1712214
-1.000000,-0.1711147
-0.992000,-0.1711147
-0.984000,-0.1711681
-0.976000,-0.1711147
-0.968000,-0.1711147
-0.960000,-0.1710614
-0.952000,-0.1711681
-0.944000,-0.1711681
-0.936000,-0.1711147
-0.928000,-0.1710614
-0.920000,-0.1711147
-0.912000,-0.1711147
-0.904000,-0.1710614
-0.896000,-0.1710614
-0.888000,-0.1711681
-0.880000,-0.1712214
-0.872000,-0.1711681
-0.864000,-0.1710614
-0.856000,-0.1711147
-0.848000,-0.1711681
-0.840000,-0.1711681
-0.832000,-0.1711147
-0.824000,-0.1711147
-0.816000,-0.1711147
-0.808000,-0.1711147
-0.800000,-0.1710614
-0.792000,-0.1711147
-0.784000,-0.1710614
-0.776000,-0.1710614
-0.768000,-0.1710080
-0.760000,-0.1710080
-0.752000,-0.1710080
-0.744000,-0.1711147
-0.736000,-0.1710614
-0.728000,-0.1709547
-0.720000,-0.1710080
-0.712000,-0.1710614
-0.704000,-0.1710080
-0.696000,-0.1709014
-0.688000,-0.1710614
-0.680000,-0.1711147
-0.672000,-0.1710614
-0.664000,-0.1710614
-0.656000,-0.1710080
-0.648000,-0.1710080
-0.640000,-0.1710080
-0.632000,-0.1709014
-0.624000,-0.1709014
-0.616000,-0.1710080
-0.608000,-0.1709547
-0.600000,-0.1709547
-0.592000,-0.1710080
-0.584000,-0.1709547
-0.576000,-0.1710080
-0.568000,-0.1709014
-0.560000,-0.1708480
-0.552000,-0.1707947
-0.544000,-0.1708480
-0.536000,-0.1708480
-0.528000,-0.1709014
-0.520000,-0.1708480
-0.512000,-0.1707947
-0.504000,-0.1707413
-0.496000,-0.1706880
-0.488000,-0.1706347
-0.480000,-0.1705813
-0.472000,-0.1705813
-0.464000,-0.1705813
-0.456000,-0.1705280
-0.448000,-0.1704746
-0.440000,-0.1704746
-0.432000,-0.1704213
-0.424000,-0.1704746
-0.416000,-0.1703146
-0.408000,-0.1701013
-0.400000,-0.1701013
-0.392000,-0.1700479
-0.384000,-0.1699946
-0.376000,-0.1699412
-0.368000,-0.1698879
-0.360000,-0.1697279
-0.352000,-0.1697279
-0.344000,-0.1699946
-0.336000,-0.1706347
-0.328000,-0.1715948
-0.320000,-0.1723149
-0.312000,-0.1722082
-0.304000,-0.1711147
-0.296000,-0.1692478
-0.288000,-0.1667675
-0.280000,-0.1637538
-0.272000,-0.1605801
-0.264000,-0.1570330
-0.256000,-0.1534058
-0.248000,-0.1498054
-0.240000,-0.1462583
-0.232000,-0.1422845
-0.224000,-0.1373238
-0.216000,-0.1315098
-0.208000,-0.1248423
-0.200000,-0.1173747
-0.192000,-0.1091870
-0.184000,-0.1001459
-0.176000,-0.0899312
-0.168000,-0.0785165
-0.160000,-0.0658749
-0.152000,-0.0507530
-0.144000,-0.0302971
-0.136000,-0.0089878
-0.128000,0.0072542
-0.120000,0.0222161
-0.112000,0.0382981
-0.104000,0.0585940
-0.096000,0.0827570
-0.088000,0.1064133
-0.080000,0.1320965
-0.072000,0.1645272
-0.064000,0.2011185
-0.056000,0.2401900
-0.048000,0.2824886
-0.040000,0.3272142
-0.032000,0.3742334
-0.024000,0.4250398
-0.016000,0.4830737
-0.008000,0.5495353
-0.000000,0.6213843
0.008000,0.6954736
0.016000,0.7754302
0.024000,0.8650681
0.032000,0.9607601
0.040000,1.0593324
0.048000,1.1624120
0.056000,1.2710122
0.064000,1.3806792
0.072000,1.4572488
0.080000,1.4739709
0.088000,1.4739709
0.096000,1.4739709
0.104000,1.4739709
0.112000,1.4739709
0.120000,1.4739709
0.128000,1.4739709
0.136000,1.4739709
0.144000,1.4739709
0.152000,1.4739709
0.160000,1.4739709
0.168000,1.4739709
0.176000,1.4739709
0.184000,1.4739709
0.192000,1.4739709
0.200000,1.4739709
0.208000,1.4739709
0.216000,1.4739709
0.224000,1.4739709
0.232000,1.4739709
0.240000,1.4739709
0.248000,1.4739709
0.256000,1.4739709
0.264000,1.4739709
0.272000,1.4739709
0.280000,1.4739709
0.288000,1.4739709
0.296000,1.4739709
0.304000,1.4739709
0.312000,1.4739709
0.320000,1.4739709
0.328000,1.4739709
0.336000,1.4739709
0.344000,1.4739709
0.352000,1.4739709
0.360000,1.4739709
0.368000,1.4739709
0.376000,1.4739709
0.384000,1.4739709
0.392000,1.4739709
0.400000,1.4739709
0.408000,1.4739709
0.416000,1.4739709
0.424000,1.4739709
0.432000,1.4739709
0.440000,1.4739709
0.448000,1.4739709
0.456000,1.4739709
0.464000,1.4739709
0.472000,1.4739709
0.480000,1.4739709
0.488000,1.4739709
0.496000,1.4739709
0.504000,1.4739709
0.512000,1.4739709
0.520000,1.4739709
0.528000,1.4739709
0.536000,1.4739709
0.544000,1.4739709
0.552000,1.4739709
0.560000,1.4739709
0.568000,1.4739709
0.576000,1.4739709
0.584000,1.4739709
0.592000,1.4739709
0.600000,1.4739709
0.608000,1.4739709
0.616000,1.4739709
0.624000,1.4739709
0.632000,1.4739709
0.640000,1.4739709
0.648000,1.4739709
0.656000,1.4739709
0.664000,1.4739709
0.672000,1.4739709
0.680000,1.4739709
0.688000,1.4739709
0.696000,1.4739709
0.704000,1.4739709
0.712000,1.4739709
0.720000,1.4739709
0.728000,1.4739709
0.736000,1.4739709
0.744000,1.4739709
0.752000,1.4739709
0.760000,1.4739709
0.768000,1.4739709
0.776000,1.4739709
0.784000,1.4739709
0.792000,1.4739709
0.800000,1.4739709
0.808000,1.4739709
0.816000,1.4739709
0.824000,1.4739709
0.832000,1.4739709
0.840000,1.4739709
0.848000,1.4739709
0.856000,1.4739709
0.864000,1.4739709
0.872000,1.4739709
0.880000,1.4739709
0.888000,1.4739709
0.896000,1.4739709
0.904000,1.4739709
0.912000,1.4739709
0.920000,1.4739709
0.928000,1.4739709
0.936000,1.4739709
0.944000,1.4739709
0.952000,1.4739709
0.960000,1.4739709
0.968000,1.4739709
0.976000,1.4739709
0.984000,1.4739709
0.992000,1.4739709
1.000000,1.4739709
1.008000,1.4739709
1.016000,1.4739709
1.024000,1.4739709
1.032000,1.4739709
1.040000,1.4739709
1.048000,1.4739709
1.056000,1.4739709
1.064000,1.4739709
1.072000,1.4739709
1.080000,1.4739709
1.088000,1.4739709
1.096000,1.4739709
1.104000,1.4739709
1.112000,1.4739709
1.120000,1.4739709
1.128000,1.4739709
1.136000,1.4739709
1.144000,1.4739709
1.152000,1.4739709
1.160000,1.4739709
1.168000,1.4739709
1.176000,1.4739709
1.184000,1.4739709
1.192000,1.4739709
1.200000,1.4739709
1.208000,1.4739709
1.216000,1.4739709
1.224000,1.4739709
1.232000,1.4739709
1.240000,1.4739709
1.248000,1.4739709
1.256000,1.4739709
1.264000,1.4739709
1.272000,1.4739709
1.280000,1.4739709
1.288000,1.4739709
1.296000,1.4739709
1.304000,1.4739709
1.312000,1.4739709
1.320000,1.4739709
1.328000,1.4739709
1.336000,1.4739709
1.344000,1.4739709
1.352000,1.4739709
1.360000,1.4739709
1.368000,1.4739709
1.376000,1.4739709
1.384000,1.4739709
1.392000,1.4739709
1.400000,1.4739709
1.408000,1.4739709
1.416000,1.4739709
1.424000,1.4739709
1.432000,1.4739709
1.440000,1.4739709
1.448000,1.4739709
1.456000,1.4739709
1.464000,1.4739709
1.472000,1.4739709
1.480000,1.4739709
1.488000,1.4739709
1.496000,1.4739709
1.504000,1.4739709
1.512000,1.4739709
1.520000,1.4739709
1.528000,1.4739709
1.536000,1.4739709
1.544000,1.4739709
1.552000,1.4739709
1.560000,1.4739709
1.568000,1.4739709
1.576000,1.4739709
1.584000,1.4739709
1.592000,1.4739709
1.600000,1.4739709
1.608000,1.4739709
1.616000,1.4739709
1.624000,1.4739709
1.632000,1.4739709
1.640000,1.4739709
1.648000,1.4739709
1.656000,1.4739709
1.664000,1.4739709
1.672000,1.4739709
1.680000,1.4739709
1.688000,1.4739709
1.696000,1.4739709
1.704000,1.4739709
1.712000,1.4739709
1.720000,1.4739709
1.728000,1.4739709
1.736000,1.4739709
1.744000,1.4739709
1.752000,1.4739709
1.760000,1.4739709
1.768000,1.4739709
1.776000,1.4739709
1.784000,1.4739709
1.792000,1.4739709
1.800000,1.4739709
1.808000,1.4739709
1.816000,1.4739709
1.824000,1.4739709
1.832000,1.4739709
1.840000,1.4739709
1.848000,1.4739709
1.856000,1.4739709
1.864000,1.4739709
1.872000,1.4739709
1.880000,1.4739709
1.888000,1.4739709
1.896000,1.4739709
1.904000,1.4739709
1.912000,1.4739709
1.920000,1.4739709
1.928000,1.4739709
1.936000,1.4739709
1.944000,1.4739709
1.952000,1.4739709
1.960000,1.4739709
1.968000,1.4739709
1.976000,1.4739709
1.984000,1.4739709
1.992000,1.4739709
2.000000,1.4739709
2.008000,1.4739709
2.016000,1.4739709
2.024000,1.4739709
2.032000,1.4739709
2.040000,1.4739709
2.048000,1.4739709
2.056000,1.4739709
2.064000,1.4739709
2.072000,1.4739709
2.080000,1.4739709
2.088000,1.4739709
2.096000,1.4739709
2.104000,1.4739709
2.112000,1.4739709
2.120000,1.4739709
2.128000,1.4739709
2.136000,1.4739709
2.144000,1.4739709
2.152000,1.4739709
2.160000,1.4739709
2.168000,1.4739709
2.176000,1.4739709
2.184000,1.4739709
2.192000,1.4739709
2.200000,1.4739709
2.208000,1.4739709
2.216000,1.4739709
2.224000,1.4739709
2.232000,1.4739709
2.240000,1.4739709
2.248000,1.4739709
2.256000,1.4739709
2.264000,1.4739709
2.272000,1.4739709
2.280000,1.4739709
2.288000,1.4739709
2.296000,1.4739709
2.304000,1.4739709
2.312000,1.4739709
2.320000,1.4739709
2.328000,1.4739709
2.336000,1.4739709
2.344000,1.4739709
2.352000,1.4739709
2.360000,1.4739709
2.368000,1.4739709
2.376000,1.4739709
2.384000,1.4739709
2.392000,1.4739709
2.400000,1.4739709
2.408000,1.4739709
2.416000,1.4739709
2.424000,1.4739709
2.432000,1.4739709
2.440000,1.4739709
2.448000,1.4739709
2.456000,1.4739709
2.464000,1.4739709
2.472000,1.4739709
2.480000,1.4739709
2.488000,1.4739709
2.496000,1.4739709
2.504000,1.4739709
2.512000,1.4739709
2.520000,1.4739709
2.528000,1.4739709
2.536000,1.4739709
2.544000,1.4739709
2.552000,1.4739709
2.560000,1.4739709
2.568000,1.4739709
2.576000,1.4739709
2.584000,1.4739709
2.592000,1.4739709
2.600000,1.4739709
2.608000,1.4739709
2.616000,1.4739709
2.624000,1.4739709
2.632000,1.4739709
2.640000,1.4739709
2.648000,1.4739709
2.656000,1.4739709
2.664000,1.4739709
2.672000,1.4739709
2.680000,1.4739709
2.688000,1.4739709
2.696000,1.4739709
2.704000,1.4739709
2.712000,1.4739709
2.720000,1.4739709
2.728000,1.4739709
2.736000,1.4739709
2.744000,1.4739709
2.752000,1.4739709
2.760000,1.4739709
2.768000,1.4739709
2.776000,1.4739709
2.784000,1.4739709
2.792000,1.4739709
2.800000,1.4739709
2.808000,1.4739709
2.816000,1.4739709
2.824000,1.4739709
2.832000,1.4739709
2.840000,1.4739709
2.848000,1.4739709
2.856000,1.4739709
2.864000,1.4739709
2.872000,1.4739709
2.880000,1.4739709
2.888000,1.4739709
2.896000,1.4739709
2.904000,1.4739709
2.912000,1.4739709
2.920000,1.4739709
2.928000,1.4739709
2.936000,1.4739709
2.944000,1.4739709
2.952000,1.4739709
2.960000,1.4739709
2.968000,1.4739709
2.976000,1.4739709
2.984000,1.4739709
2.992000,1.4739709
3.000000,1.4739709
3.008000,1.4739709
3.016000,1.4739709
3.024000,1.4739709
3.032000,1.4739709
3.040000,1.4739709
3.048000,1.4739709
3.056000,1.4739709
3.064000,1.4739709
3.072000,1.4739709
3.080000,1.4739709
3.088000,1.4739709
3.096000,1.4739709
3.104000,1.4739709
3.112000,1.4739709
3.120000,1.4739709
3.128000,1.4739709
3.136000,1.4739709
3.144000,1.4739709
3.152000,1.4739709
3.160000,1.4739709
3.168000,1.4739709
3.176000,1.4739709
3.184000,1.4739709
3.192000,1.4739709
3.200000,1.4739709
3.208000,1.4739709
3.216000,1.4739709
3.224000,1.4739709
3.232000,1.4739709
3.240000,1.4739709
3.248000,1.4739709
3.256000,1.4739709
3.264000,1.4739709
3.272000,1.4739709
3.280000,1.4739709
3.288000,1.4739709
3.296000,1.4739709
3.304000,1.4739709
3.312000,1.4739709
3.320000,1.4739709
3.328000,1.4739709
3.336000,1.4739709
3.344000,1.4739709
3.352000,1.4739709
3.360000,1.4739709
3.368000,1.4739709
3.376000,1.4739709
3.384000,1.4739709
3.392000,1.4739709
3.400000,1.4739709
3.408000,1.4739709
3.416000,1.4739709
3.424000,1.4739709
3.432000,1.4739709
3.440000,1.4739709
3.448000,1.4739709
3.456000,1.4739709
3.464000,1.4739709
3.472000,1.4739709
3.480000,1.4739709
3.488000,1.4739709
3.496000,1.4739709
3.504000,1.4739709
3.512000,1.4739709
3.520000,1.4739709
3.528000,1.4739709
3.536000,1.4739709
3.544000,1.4739709
3.552000,1.4739709
3.560000,1.4739709
3.568000,1.4739709
3.576000,1.4739709
3.584000,1.4739709
3.592000,1.4739709
3.600000,1.4739709
3.608000,1.4739709
3.616000,1.4739709
3.624000,1.4739709
3.632000,1.4739709
3.640000,1.4739709
3.648000,1.4739709
3.656000,1.4739709
3.664000,1.4739709
3.672000,1.4739709
3.680000,1.4739709
3.688000,1.4739709
3.696000,1.4739709
3.704000,1.4739709
3.712000,1.4739709
3.720000,1.4739709
3.728000,1.4739709
3.736000,1.4739709
3.744000,1.4739709
3.752000,1.4739709
3.760000,1.4739709
3.768000,1.4739709
3.776000,1.4739709
3.784000,1.4739709
3.792000,1.4739709
3.800000,1.4739709
3.808000,1.4739709
3.816000,1.4739709
3.824000,1.4739709
3.832000,1.4739709
3.840000,1.4739709
3.848000,1.4739709
3.856000,1.4739709
3.864000,1.4739709
3.872000,1.4739709
3.880000,1.4739709
3.888000,1.4739709
3.896000,1.4739709
3.904000,1.4739709
3.912000,1.4739709
3.920000,1.4739709
3.928000,1.4739709
3.936000,1.4739709
3.944000,1.4739709
3.952000,1.4739709
3.960000,1.4739709
3.968000,1.4739709
3.976000,1.4739709
3.984000,1.4739709
3.992000,1.4739709
4.000000,1.4739709
4.008000,1.4739709
4.016000,1.4739709
4.024000,1.4739709
4.032000,1.4739709
4.040000,1.4739709
4.048000,1.4739709
4.056000,1.4739709
4.064000,1.4739709
4.072000,1.4739709
4.080000,1.4739709
4.088000,1.4739709
4.096000,1.4739709
4.104000,1.4739709
4.112000,1.4739709
4.120000,1.4739709
4.128000,1.4739709
4.136000,1.4739709
4.144000,1.4739709
4.152000,1.4739709
4.160000,1.4739709
4.168000,1.4739709
4.176000,1.4739709
4.184000,1.4739709
4.192000,1.4739709
4.200000,1.4739709
4.208000,1.4739709
4.216000,1.4739709
4.224000,1.4739709
4.232000,1.4739709
4.240000,1.4739709
4.248000,1.4739709
4.256000,1.4739709
4.264000,1.4739709
4.272000,1.4739709
4.280000,1.4739709
4.288000,1.4739709
4.296000,1.4739709
4.304000,1.4739709
4.312000,1.4739709
4.320000,1.4739709
4.328000,1.4739709
4.336000,1.4739709
4.344000,1.4739709
4.352000,1.4739709
4.360000,1.4739709
4.368000,1.4739709
4.376000,1.4739709
4.384000,1.4739709
4.392000,1.4739709
4.400000,1.4739709
4.408000,1.4739709
4.416000,1.4739709
4.424000,1.4739709
4.432000,1.4739709
4.440000,1.4739709
4.448000,1.4739709
4.456000,1.4739709
4.464000,1.4739709
4.472000,1.4739709
4.480000,1.4739709
4.488000,1.4739709
4.496000,1.4739709
4.504000,1.4739709
4.512000,1.4739709
4.520000,1.4739709
4.528000,1.4739709
4.536000,1.4739709
4.544000,1.4739709
4.552000,1.4739709
4.560000,1.4739709
4.568000,1.4739709
4.576000,1.4739709
4.584000,1.4739709
4.592000,1.4739709
4.600000,1.4739709
4.608000,1.4739709
4.616000,1.4739709
4.624000,1.4739709
4.632000,1.4739709
4.640000,1.4739709
4.648000,1.4739709
4.656000,1.4739709
4.664000,1.4739709
4.672000,1.4739709
4.680000,1.4739709
4.688000,1.4739709
4.696000,1.4739709
4.704000,1.4739709
4.712000,1.4739709
4.720000,1.4739709
4.728000,1.4739709
4.736000,1.4739709
4.744000,1.4739709
4.752000,1.4739709
4.760000,1.4739709
4.768000,1.4739709
4.776000,1.4739709
4.784000,1.4739709
4.792000,1.4739709
4.800000,1.4739709
4.808000,1.4739709
4.816000,1.4739709
4.824000,1.4739709
4.832000,1.4739709
4.840000,1.4739709
4.848000,1.4739709
4.856000,1.4739709
4.864000,1.4739709
4.872000,1.4739709
4.880000,1.4739709
4.888000,1.4739709
4.896000,1.4739709
4.904000,1.4739709
4.912000,1.4739709
4.920000,1.4739709
4.928000,1.4739709
4.936000,1.4739709
4.944000,1.4739709
4.952000,1.4739709
4.960000,1.4739709
4.968000,1.4739709
4.976000,1.4739709
4.984000,1.4739709
4.992000,1.4739709
5.000000,1.4739709
5.008000,1.4739709
5.016000,1.4739709
5.024000,1.4739709
5.032000,1.4739709
5.040000,1.4739709
5.048000,1.4739709
5.056000,1.4739709
5.064000,1.4739709
5.072000,1.4739709
5.080000,1.4739709
5.088000,1.4739709
5.096000,1.4739709
5.104000,1.4739709
5.112000,1.4739709
5.120000,1.4739709
5.128000,1.4739709
5.136000,1.4739709
5.144000,1.4739709
5.152000,1.4739709
5.160000,1.4739709
5.168000,1.4739709
5.176000,1.4739709
5.184000,1.4739709
5.192000,1.4739709
5.200000,1.4739709
5.208000,1.4739709
5.216000,1.4739709
5.224000,1.4739709
5.232000,1.4739709
5.240000,1.4739709
5.248000,1.4739709
5.256000,1.4739709
5.264000,1.4739709
5.272000,1.4739709
5.280000,1.4739709
5.288000,1.4739709
5.296000,1.4739709
5.304000,1.4739709
5.312000,1.4739709
5.320000,1.4739709
5.328000,1.4739709
5.336000,1.4739709
5.344000,1.4739709
5.352000,1.4739709
5.360000,1.4739709
5.368000,1.4739709
5.376000,1.4739709
5.384000,1.4739709
5.392000,1.4739709
5.400000,1.4739709
5.408000,1.4739709
5.416000,1.4739709
5.424000,1.4739709
5.432000,1.4739709
5.440000,1.4739709
5.448000,1.4739709
5.456000,1.4739709
5.464000,1.4739709
5.472000,1.4739709
5.480000,1.4739709
5.488000,1.4739709
5.496000,1.4739709
5.504000,1.4739709
5.512000,1.4739709
5.520000,1.4739709
5.528000,1.4739709
5.536000,1.4739709
5.544000,1.4739709
5.552000,1.4739709
5.560000,1.4739709
5.568000,1.4739709
5.576000,1.4739709
5.584000,1.4739709
5.592000,1.4739709
5.600000,1.4739709
5.608000,1.4739709
5.616000,1.4739709
5.624000,1.4739709
5.632000,1.4739709
5.640000,1.4739709
5.648000,1.4739709
5.656000,1.4739709
5.664000,1.4739709
5.672000,1.4739709
5.680000,1.4739709
5.688000,1.4739709
5.696000,1.4739709
5.704000,1.4739709
5.712000,1.4739709
5.720000,1.4739709
5.728000,1.4739709
5.736000,1.4739709
5.744000,1.4739709
5.752000,1.4739709
5.760000,1.4739709
5.768000,1.4739709
5.776000,1.4739709
5.784000,1.4739709
5.792000,1.4739709
5.800000,1.4739709
5.808000,1.4739709
5.816000,1.4739709
5.824000,1.4739709
5.832000,1.4739709
5.840000,1.4739709
5.848000,1.4739709
5.856000,1.4739709
5.864000,1.4739709
5.872000,1.4739709
5.880000,1.4739709
5.888000,1.4739709
5.896000,1.4739709
5.904000,1.4739709
5.912000,1.4739709
5.920000,1.4739709
5.928000,1.4739709
5.936000,1.4739709
5.944000,1.4739709
5.952000,1.4739709
5.960000,1.4739709
5.968000,1.4739709
5.976000,1.4739709
5.984000,1.4739709
5.992000,1.4739709
6.000000,1.4739709
6.008000,1.4739709
6.016000,1.4739709
6.024000,1.4739709
6.032000,1.4739709
6.040000,1.4739709
6.048000,1.4739709
6.056000,1.4739709
6.064000,1.4739709
6.072000,1.4739709
6.080000,1.4739709
6.088000,1.4739709
6.096000,1.4739709
6.104000,1.4739709
6.112000,1.4739709
6.120000,1.4739709
6.128000,1.4739709
6.136000,1.4739709
6.144000,1.4739709
6.152000,1.4739709
6.160000,1.4739709
6.168000,1.4739709
6.176000,1.4739709
6.184000,1.4739709
6.192000,1.4739709
6.200000,1.4739709
6.208000,1.4739709
6.216000,1.4739709
6.224000,1.4739709
6.232000,1.4739709
6.240000,1.4739709
6.248000,1.4739709
6.256000,1.4739709
6.264000,1.4739709
6.272000,1.4739709
6.280000,1.4739709
6.288000,1.4739709
6.296000,1.4739709
6.304000,1.4739709
6.312000,1.4739709
6.320000,1.4739709
6.328000,1.4739709
6.336000,1.4739709
6.344000,1.4739709
6.352000,1.4739709
6.360000,1.4739709
6.368000,1.4739709
6.376000,1.4739709
6.384000,1.4739709
6.392000,1.4739709
6.400000,1.4739709
6.408000,1.4739709
6.416000,1.4739709
6.424000,1.4739709
6.432000,1.4739709
6.440000,1.4739709
6.448000,1.4739709
6.456000,1.4739709
6.464000,1.4739709
6.472000,1.4739709
6.480000,1.4739709
6.488000,1.4739709
6.496000,1.4739709
6.504000,1.4739709
6.512000,1.4739709
6.520000,1.4739709
6.528000,1.4739709
6.536000,1.4739709
6.544000,1.4739709
6.552000,1.4739709
6.560000,1.4739709
6.568000,1.4739709
6.576000,1.4739709
6.584000,1.4739709
6.592000,1.4739709
6.600000,1.4739709
6.608000,1.4739709
6.616000,1.4739709
6.624000,1.4739709
6.632000,1.4739709
6.640000,1.4739709
6.648000,1.4739709
6.656000,1.4739709
6.664000,1.4739709
6.672000,1.4739709
6.680000,1.4739709
6.688000,1.4739709
6.696000,1.4739709
6.704000,1.4739709
6.712000,1.4739709
6.720000,1.4739709
6.728000,1.4739709
6.736000,1.4739709
6.744000,1.4739709
6.752000,1.4739709
6.760000,1.4739709
6.768000,1.4739709
6.776000,1.4739709
6.784000,1.4739709
6.792000,1.4739709
6.800000,1.4739709
6.808000,1.4739709
6.816000,1.4739709
6.824000,1.4739709
6.832000,1.4739709
6.840000,1.4739709
6.848000,1.4739709
6.856000,1.4739709
6.864000,1.4739709
6.872000,1.4739709
6.880000,1.4739709
6.888000,1.4739709
6.896000,1.4739709
6.904000,1.4739709
6.912000,1.4739709
6.920000,1.4739709
6.928000,1.4739709
6.936000,1.4739709
6.944000,1.4739709
6.952000,1.4739709
6.960000,1.4739709
6.968000,1.4739709
6.976000,1.4739709
6.984000,1.4739709
6.992000,1.4739709
7.000000,1.4739709
7.008000,1.4739709
7.016000,1.4739709
7.024000,1.4739709
7.032000,1.4739709
7.040000,1.4739709
7.048000,1.4739709
7.056000,1.4739709
7.064000,1.4739709
7.072000,1.4739709
7.080000,1.4739709
7.088000,1.4739709
7.096000,1.4739709
7.104000,1.4739709
7.112000,1.4739709
7.120000,1.4739709
7.128000,1.4739709
7.136000,1.4739709
7.144000,1.4739709
7.152000,1.4739709
7.160000,1.4739709
7.168000,1.4739709
7.176000,1.4739709
7.184000,1.4739709
7.192000,1.4739709
7.200000,1.4739709
7.208000,1.4739709
7.216000,1.4739709
7.224000,1.4739709
7.232000,1.4739709
7.240000,1.4739709
7.248000,1.4739709
7.256000,1.4739709
7.264000,1.4739709
7.272000,1.4739709
7.280000,1.4739709
7.288000,1.4739709
7.296000,1.4739709
7.304000,1.4739709
7.312000,1.4739709
7.320000,1.4739709
7.328000,1.4739709
7.336000,1.4739709
7.344000,1.4739709
7.352000,1.4739709
7.360000,1.4739709
7.368000,1.4739709
7.376000,1.4739709
7.384000,1.4739709
7.392000,1.4739709
7.400000,1.4739709
7.408000,1.4739709
7.416000,1.4739709
7.424000,1.4739709
7.432000,1.4739709
7.440000,1.4739709
7.448000,1.4739709
7.456000,1.4739709
7.464000,1.4739709
7.472000,1.4739709
7.480000,1.4739709
7.488000,1.4739709
7.496000,1.4739709
7.504000,1.4739709
7.512000,1.4739709
7.520000,1.4739709
7.528000,1.4739709
7.536000,1.4739709
7.544000,1.4739709
7.552000,1.4739709
7.560000,1.4739709
7.568000,1.4739709
7.576000,1.4739709
7.584000,1.4739709
7.592000,1.4739709
7.600000,1.4739709
7.608000,1.4739709
7.616000,1.4739709
7.624000,1.4739709
7.632000,1.4739709
7.640000,1.4739709
7.648000,1.4739709
7.656000,1.4739709
7.664000,1.4739709
7.672000,1.4739709
7.680000,1.4739709
7.688000,1.4739709
7.696000,1.4739709
7.704000,1.4739709
7.712000,1.4739709
7.720000,1.4739709
7.728000,1.4739709
7.736000,1.4739709
7.744000,1.4739709
7.752000,1.4739709
7.760000,1.4739709
7.768000,1.4739709
7.776000,1.4739709
7.784000,1.4739709
7.792000,1.4739709
7.800000,1.4739709
7.808000,1.4739709
7.816000,1.4739709
7.824000,1.4739709
7.832000,1.4739709
7.840000,1.4739709
7.848000,1.4739709
7.856000,1.4739709
7.864000,1.4739709
7.872000,1.4739709
7.880000,1.4739709
7.888000,1.4739709
7.896000,1.4739709
7.904000,1.4739709
7.912000,1.4739709
7.920000,1.4739709
7.928000,1.4739709
7.936000,1.4739709
7.944000,1.4739709
7.952000,1.4739709
7.960000,1.4739709
7.968000,1.4739709
7.976000,1.4739709
7.984000,1.4739709
7.992000,1.4739709
8.000000,1.4739709
8.008000,1.4739709
8.016000,1.4739709
8.024000,1.4739709
8.032000,1.4739709
8.040000,1.4739709
8.048000,1.4739709
8.056000,1.4739709
8.064000,1.4739709
8.072000,1.4739709
8.080000,1.4739709
8.088000,1.4739709
8.096000,1.4739709
8.104000,1.4739709
8.112000,1.4739709
8.120000,1.4739709
8.128000,1.4739709
8.136000,1.4739709
8.144000,1.4739709
8.152000,1.4739709
8.160000,1.4739709
8.168000,1.4739709
8.176000,1.4739709
8.184000,1.4739709
8.192000,1.4739709
8.200000,1.4739709
8.208000,1.4739709
8.216000,1.4739709
8.224000,1.4739709
8.232000,1.4739709
8.240000,1.4739709
8.248000,1.4739709
8.256000,1.4739709
8.264000,1.4739709
8.272000,1.4739709
8.280000,1.4739709
8.288000,1.4739709
8.296000,1.4739709
8.304000,1.4739709
8.312000,1.4739709
8.320000,1.4739709
8.328000,1.4739709
8.336000,1.4739709
8.344000,1.4739709
8.352000,1.4739709
8.360000,1.4739709
8.368000,1.4739709
8.376000,1.4739709
8.384000,1.4739709
8.392000,1.4739709
8.400000,1.4739709
8.408000,1.4739709
8.416000,1.4739709
8.424000,1.4739709
8.432000,1.4739709
8.440000,1.4739709
8.448000,1.4739709
8.456000,1.4739709
8.464000,1.4739709
8.472000,1.4739709
8.480000,1.4739709
8.488000,1.4739709
8.496000,1.4739709
8.504000,1.4739709
8.512000,1.4739709
8.520000,1.4739709
8.528000,1.4739709
8.536000,1.4739709
8.544000,1.4739709
8.552000,1.4739709
8.560000,1.4739709
8.568000,1.4739709
8.576000,1.4739709
8.584000,1.4739709
8.592000,1.4739709
8.600000,1.4739709
8.608000,1.4739709
8.616000,1.4739709
8.624000,1.4739709
8.632000,1.4739709
8.640000,1.4739709
8.648000,1.4739709
8.656000,1.4739709
8.664000,1.4739709
8.672000,1.4739709
8.680000,1.4739709
8.688000,1.4739709
8.696000,1.4739709
8.704000,1.4739709
8.712000,1.4739709
8.720000,1.4739709
8.728000,1.4739709
8.736000,1.4739709
8.744000,1.4739709
8.752000,1.4739709
8.760000,1.4739709
8.768000,1.4739709
8.776000,1.4739709
8.784000,1.4739709
8.792000,1.4739709
8.800000,1.4739709
8.808000,1.4739709
8.816000,1.4739709
8.824000,1.4739709
8.832000,1.4739709
8.840000,1.4739709
8.848000,1.4739709
8.856000,1.4739709
8.864000,1.4739709
8.872000,1.4739709
8.880000,1.4739709
8.888000,1.4739709
8.896000,1.4739709
8.904000,1.4739709
8.912000,1.4739709
8.920000,1.4739709
8.928000,1.4739709
8.936000,1.4739709
8.944000,1.4739709
8.952000,1.4739709
8.960000,1.4739709
8.968000,1.4739709
8.976000,1.4739709
8.984000,1.4739709
8.992000,1.4739709
9.000000,1.4739709
9.008000,1.4739709
9.016000,1.4739709
9.024000,1.4739709
9.032000,1.4739709
9.040000,1.4739709
9.048000,1.4739709
9.056000,1.4739709
9.064000,1.4739709
9.072000,1.4739709
9.080000,1.4739709
9.088000,1.4739709
9.096000,1.4739709
9.104000,1.4739709
9.112000,1.4739709
9.120000,1.4739709
9.128000,1.4739709
9.136000,1.4739709
9.144000,1.4739709
9.152000,1.4739709
9.160000,1.4739709
9.168000,1.4739709
9.176000,1.4739709
9.184000,1.4739709
9.192000,1.4739709
9.200000,1.4739709
9.208000,1.4739709
9.216000,1.4739709
9.224000,1.4739709
9.232000,1.4739709
9.240000,1.4739709
9.248000,1.4739709
9.256000,1.4739709
9.264000,1.4739709
9.272000,1.4739709
9.280000,1.4739709
9.288000,1.4739709
9.296000,1.4739709
9.304000,1.4739709
9.312000,1.4739709
9.320000,1.4739709
9.328000,1.4739709
9.336000,1.4739709
9.344000,1.4739709
9.352000,1.4739709
9.360000,1.4739709
9.368000,1.4739709
9.376000,1.4739709
9.384000,1.4739709
9.392000,1.4739709
9.400000,1.4739709
9.408000,1.4739709
9.416000,1.4739709
9.424000,1.4739709
9.432000,1.4739709
9.440000,1.4739709
9.448000,1.4739709
9.456000,1.4739709
9.464000,1.4739709
9.472000,1.4739709
9.480000,1.4739709
9.488000,1.4739709
9.496000,1.4739709
9.504000,1.4739709
9.512000,1.4739709
9.520000,1.4739709
9.528000,1.4739709
9.536000,1.4739709
9.544000,1.4739709
9.552000,1.4739709
9.560000,1.4739709
9.568000,1.4739709
9.576000,1.4739709
9.584000,1.4739709
9.592000,1.4739709
9.600000,1.4739709
9.608000,1.4739709
9.616000,1.4739709
9.624000,1.4739709
9.632000,1.4739709
9.640000,1.4739709
9.648000,1.4739709
9.656000,1.4739709
9.664000,1.4739709
9.672000,1.4739709
9.680000,1.4739709
9.688000,1.4739709
9.696000,1.4739709
9.704000,1.4739709
9.712000,1.4739709
9.720000,1.4739709
9.728000,1.4739709
9.736000,1.4739709
9.744000,1.4739709
9.752000,1.4739709
9.760000,1.4739709
9.768000,1.4739709
9.776000,1.4739709
9.784000,1.4739709
9.792000,1.4739709
9.800000,1.4739709
9.808000,1.4739709
9.816000,1.4739709
9.824000,1.4739709
9.832000,1.4739709
9.840000,1.4739709
9.848000,1.4739709
9.856000,1.4739709
9.864000,1.4739709
9.872000,1.4739709
9.880000,1.4739709
9.888000,1.4739709
9.896000,1.4739709
9.904000,1.4739709
9.912000,1.4739709
9.920000,1.4739709
9.928000,1.4739709
9.936000,1.4739709
9.944000,1.4739709
9.952000,1.4739709
9.960000,1.4739709
9.968000,1.4739709
9.976000,1.4739709
9.984000,1.4739709
9.992000,1.4739709
10.000000,1.4739709
10.008000,1.4739709
10.016000,1.4739709
10.024000,1.4739709
10.032000,1.4739709
10.040000,1.4739709
10.048000,1.4739709
10.056000,1.4739709
10.064000,1.4739709
10.072000,1.4739709
10.080000,1.4739709
10.088000,1.4739709
10.096000,1.4739709
10.104000,1.4739709
10.112000,1.4739709
10.120000,1.4739709
10.128000,1.4739709
10.136000,1.4739709
10.144000,1.4739709
10.152000,1.4739709
10.160000,1.4739709
10.168000,1.4739709
10.176000,1.4739709
10.184000,1.4739709
10.192000,1.4739709
10.200000,1.4739709
10.208000,1.4739709
10.216000,1.4739709
10.224000,1.4739709
10.232000,1.4739709
10.240000,1.4739709
10.248000,1.4739709
10.256000,1.4739709
10.264000,1.4739709
10.272000,1.4739709
10.280000,1.4739709
10.288000,1.4739709
10.296000,1.4739709
10.304000,1.4739709
10.312000,1.4739709
10.320000,1.4739709
10.328000,1.4739709
10.336000,1.4739709
10.344000,1.4739709
10.352000,1.4739709
10.360000,1.4739709
10.368000,1.4739709
10.376000,1.4739709
10.384000,1.4739709
10.392000,1.4739709
10.400000,1.4739709
10.408000,1.4739709
10.416000,1.4739709
10.424000,1.4739709
10.432000,1.4739709
10.440000,1.4739709
10.448000,1.4739709
10.456000,1.4739709
10.464000,1.4739709
10.472000,1.4739709
10.480000,1.4739709
10.488000,1.4739709
10.496000,1.4739709
10.504000,1.4739709
10.512000,1.4739709
10.520000,1.4739709
10.528000,1.4739709
10.536000,1.4739709
10.544000,1.4739709
10.552000,1.4739709
10.560000,1.4739709
10.568000,1.4739709
10.576000,1.4739709
10.584000,1.4739709
10.592000,1.4739709
10.600000,1.4739709
10.608000,1.4739709
10.616000,1.4739709
10.624000,1.4739709
10.632000,1.4739709
10.640000,1.4739709
10.648000,1.4739709
10.656000,1.4739709
10.664000,1.4739709
10.672000,1.4739709
10.680000,1.4739709
10.688000,1.4739709
10.696000,1.4739709
10.704000,1.4739709
10.712000,1.4739709
10.720000,1.4739709
10.728000,1.4739709
10.736000,1.4739709
10.744000,1.4739709
10.752000,1.4739709
10.760000,1.4739709
10.768000,1.4739709
10.776000,1.4739709
10.784000,1.4739709
10.792000,1.4739709
10.800000,1.4739709
10.808000,1.4739709
10.816000,1.4739709
10.824000,1.4739709
10.832000,1.4739709
10.840000,1.4739709
10.848000,1.4739709
10.856000,1.4739709
10.864000,1.4739709
10.872000,1.4739709
10.880000,1.4739709
10.888000,1.4739709
10.896000,1.4739709
10.904000,1.4739709
10.912000,1.4739709
10.920000,1.4739709
10.928000,1.4739709
10.936000,1.4739709
10.944000,1.4739709
10.952000,1.4739709
10.960000,1.4739709
10.968000,1.4739709
10.976000,1.4739709
10.984000,1.4739709
10.992000,1.4739709
11.000000,1.4739709
11.008000,1.4739709
11.016000,1.4739709
11.024000,1.4739709
11.032000,1.4739709
11.040000,1.4739709
11.048000,1.4739709
11.056000,1.4739709
11.064000,1.4739709
11.072000,1.4739709
11.080000,1.4739709
11.088000,1.4739709
11.096000,1.4739709
11.104000,1.4739709
11.112000,1.4739709
11.120000,1.4739709
11.128000,1.4739709
11.136000,1.4739709
11.144000,1.4739709
11.152000,1.4739709
11.160000,1.4739709
11.168000,1.4739709
11.176000,1.4739709
11.184000,1.4739709
11.192000,1.4739709
11.200000,1.4739709
11.208000,1.4739709
11.216000,1.4739709
11.224000,1.4739709
11.232000,1.4739709
11.240000,1.4739709
11.248000,1.4739709
11.256000,1.4739709
11.264000,1.4739709
11.272000,1.4739709
11.280000,1.4739709
11.288000,1.4739709
11.296000,1.4739709
11.304000,1.4739709
11.312000,1.4739709
11.320000,1.4739709
11.328000,1.4739709
11.336000,1.4739709
11.344000,1.4739709
11.352000,1.4739709
11.360000,1.4739709
11.368000,1.4739709
11.376000,1.4739709
11.384000,1.4739709
11.392000,1.4739709
11.400000,1.4739709
11.408000,1.4739709
11.416000,1.4739709
11.424000,1.4739709
11.432000,1.4739709
11.440000,1.4739709
11.448000,1.4739709
11.456000,1.4739709
11.464000,1.4739709
11.472000,1.4739709
11.480000,1.4739709
11.488000,1.4739709
11.496000,1.4739709
11.504000,1.4739709
11.512000,1.4739709
11.520000,1.4739709
11.528000,1.4739709
11.536000,1.4739709
11.544000,1.4739709
11.552000,1.4739709
11.560000,1.4739709
11.568000,1.4739709
11.576000,1.4739709
11.584000,1.4739709
11.592000,1.4739709
11.600000,1.4739709
11.608000,1.4739709
11.616000,1.4739709
11.624000,1.4739709
11.632000,1.4739709
11.640000,1.4739709
11.648000,1.4739709
11.656000,1.4739709
11.664000,1.4739709
11.672000,1.4739709
11.680000,1.4739709
11.688000,1.4739709
11.696000,1.4739709
11.704000,1.4739709
11.712000,1.4739709
11.720000,1.4739709
11.728000,1.4739709
11.736000,1.4739709
11.744000,1.4739709
11.752000,1.4739709
11.760000,1.4739709
11.768000,1.4739709
11.776000,1.4739709
11.784000,1.4739709
11.792000,1.4739709
11.800000,1.4739709
11.808000,1.4697837
11.816000,1.4625028
11.824000,1.4553019
11.832000,1.4481543
11.840000,1.4410334
11.848000,1.4338325
11.856000,1.4266316
11.864000,1.4194041
11.872000,1.4123632
11.880000,1.4053223
11.888000,1.3983881
11.896000,1.3914272
11.904000,1.3844930
11.912000,1.3777189
11.920000,1.3708380
11.928000,1.3638771
11.936000,1.3568896
11.944000,1.3499021
11.952000,1.3431545
11.960000,1.3364870
11.968000,1.3297662
11.976000,1.3230454
11.984000,1.3163779
11.992000,1.3097637
12.000000,1.3032295
12.008000,1.2967221
12.016000,1.2901079
12.024000,1.2835471
12.032000,1.2769329
12.040000,1.2703721
12.048000,1.2639713
12.056000,1.2576239
12.064000,1.2511430
12.072000,1.2448489
12.080000,1.2385015
12.088000,1.2321007
12.096000,1.2258065
12.104000,1.2195124
12.112000,1.2133250
12.120000,1.2070842
12.128000,1.2008434
12.136000,1.1946560
12.144000,1.1886286
12.152000,1.1824945
12.160000,1.1764137
12.168000,1.1704930
12.176000,1.1645722
12.184000,1.1586515
12.192000,1.1525707
12.200000,1.1467033
12.208000,1.1407292
12.216000,1.1348085
12.224000,1.1288878
12.232000,1.1230470
12.240000,1.1173930
12.248000,1.1117923
12.256000,1.1061383
12.264000,1.1002175
12.272000,1.0946168
12.280000,1.0890694
12.288000,1.0832287
12.296000,1.0774680
12.304000,1.0717606
12.312000,1.0663199
12.320000,1.0608259
12.328000,1.0553319
12.336000,1.0498646
12.344000,1.0444239
12.352000,1.0390899
12.360000,1.0337025
12.368000,1.0283419
12.376000,1.0230612
12.384000,1.0176739
12.392000,1.0123399
12.400000,1.0070325
12.408000,1.0016985
12.416000,0.9965246
12.424000,0.9914306
12.432000,0.9861499
12.440000,0.9810826
12.448000,0.9758553
12.456000,0.9707613
12.464000,0.9657474
12.472000,0.9607067
12.480000,0.9557461
12.488000,0.9506788
12.496000,0.9456382
12.504000,0.9407842
12.512000,0.9358770
12.520000,0.9308897
12.528000,0.9260891
12.536000,0.9212085
12.544000,0.9164079
12.552000,0.9117940
12.560000,0.9068867
12.568000,0.9021394
12.576000,0.8975255
12.584000,0.8926716
12.592000,0.8879510
12.600000,0.8833104
12.608000,0.8785898
12.616000,0.8740559
12.624000,0.8694953
12.632000,0.8648014
12.640000,0.8604009
12.648000,0.8559203
12.656000,0.8512531
12.664000,0.8470925
12.672000,0.8428520
12.680000,0.8381581
12.688000,0.8336509
12.696000,0.8294637
12.704000,0.8250365
12.712000,0.8206892
12.720000,0.8163687
12.728000,0.8120215
12.736000,0.8076209
12.744000,0.8031937
12.752000,0.7988998
12.760000,0.7945260
12.768000,0.7903921
12.776000,0.7863116
12.784000,0.7821511
12.792000,0.7781773
12.800000,0.7740434
12.808000,0.7697229
12.816000,0.7656957
12.824000,0.7616419
12.832000,0.7574547
12.840000,0.7534808
12.848000,0.7496670
12.856000,0.7457732
12.864000,0.7416394
12.872000,0.7377189
12.880000,0.7337717
12.888000,0.7298512
12.896000,0.7258774
12.904000,0.7220102
12.912000,0.7182231
12.920000,0.7143026
12.928000,0.7106488
12.936000,0.7067817
12.944000,0.7029945
12.952000,0.6991807
12.960000,0.6954202
12.968000,0.6917131
12.976000,0.6879793
12.984000,0.6842722
12.992000,0.6806717
13.000000,0.6771246
13.008000,0.6733642
13.016000,0.6696837
13.024000,0.6661366
13.032000,0.6626428
13.040000,0.6589890
13.048000,0.6554419
13.056000,0.6520548
13.064000,0.6486144
13.072000,0.6450406
13.080000,0.6417602
13.088000,0.6382664
13.096000,0.6347193
13.104000,0.6311722
13.112000,0.6279452
13.120000,0.6246114
13.128000,0.6213310
13.136000,0.6177572
13.144000,0.6145301
13.152000,0.6114097
13.160000,0.6082360
13.168000,0.6047956
13.176000,0.6014618
13.184000,0.5982881
13.192000,0.5952211
13.200000,0.5919406
13.208000,0.5886602
13.216000,0.5855932
13.224000,0.5825261
13.232000,0.5795658
13.240000,0.5764454
13.248000,0.5732183
13.256000,0.5701513
13.264000,0.5672442
13.272000,0.5640705
13.280000,0.5609501
13.288000,0.5580431
13.296000,0.5551360
13.304000,0.5522824
13.312000,0.5490553
13.320000,0.5460416
13.328000,0.5432412
13.336000,0.5404942
13.344000,0.5375338
13.352000,0.5344135
13.360000,0.5313464
13.368000,0.5285994
13.376000,0.5259057
13.384000,0.5229720
13.392000,0.5200117
13.400000,0.5172646
13.408000,0.5145710
13.416000,0.5119307
13.424000,0.5089703
13.432000,0.5061699
13.440000,0.5035296
13.448000,0.5008359
13.456000,0.4981956
13.464000,0.4954753
13.472000,0.4927816
13.480000,0.4902479
13.488000,0.4876076
13.496000,0.4849673
13.504000,0.4822736
13.512000,0.4795266
13.520000,0.4771263
13.528000,0.4746460
13.536000,0.4721657
13.544000,0.4696320
13.552000,0.4669384
13.560000,0.4644047
13.568000,0.4618444
13.576000,0.4594174
13.584000,0.4570438
13.592000,0.4545101
13.600000,0.4520298
13.608000,0.4495762
13.616000,0.4472559
13.624000,0.4449889
13.632000,0.4426153
13.640000,0.4400817
13.648000,0.4376280
13.656000,0.4354144
13.664000,0.4330941
13.672000,0.4307738
13.680000,0.4284802
13.688000,0.4261066
13.696000,0.4237863
13.704000,0.4215727
13.712000,0.4193324
13.720000,0.4171721
13.728000,0.4149585
13.736000,0.4125849
13.744000,0.4103446
13.752000,0.4082377
13.760000,0.4061308
13.768000,0.4040505
13.776000,0.4019436
13.784000,0.3997300
13.792000,0.3973563
13.800000,0.3951694
13.808000,0.3930625
13.816000,0.3911156
13.824000,0.3891420
13.832000,0.3870884
13.840000,0.3849281
13.848000,0.3829012
13.856000,0.3809543
13.864000,0.3789007
13.872000,0.3769271
13.880000,0.3750335
13.888000,0.3731133
13.896000,0.3709530
13.904000,0.3688994
13.912000,0.3670325
13.920000,0.3652457
13.928000,0.3632987
13.936000,0.3614852
13.944000,0.3595383
13.952000,0.3575380
13.960000,0.3555644
13.968000,0.3536709
13.976000,0.3519106
13.984000,0.3501238
13.992000,0.3483369
14.000000,0.3464700
14.008000,0.3446297
14.016000,0.3427628
14.024000,0.3409226
14.032000,0.3391891
14.040000,0.3374822
14.048000,0.3357486
14.056000,0.3340418
14.064000,0.3322015
14.072000,0.3303346
14.080000,0.3285477
14.088000,0.3267608
14.096000,0.3251606
14.104000,0.3233738
14.112000,0.3217202
14.120000,0.3200933
14.128000,0.3184931
14.136000,0.3167596
14.144000,0.3151061
14.152000,0.3135859
14.160000,0.3120390
14.168000,0.3103054
14.176000,0.3087052
14.184000,0.3071851
14.192000,0.3056915
14.200000,0.3040113
14.208000,0.3022244
14.216000,0.3007309
14.224000,0.2991574
14.232000,0.2976639
14.240000,0.2961970
14.248000,0.2947568
14.256000,0.2933700
14.264000,0.2917965
14.272000,0.2903563
14.280000,0.2888361
14.288000,0.2872892
14.296000,0.2857691
14.304000,0.2843822
14.312000,0.2830220
14.320000,0.2817419
14.328000,0.2804351
14.336000,0.2788882
14.344000,0.2772613
14.352000,0.2757678
14.360000,0.2743009
14.368000,0.2729675
14.376000,0.2715539
14.384000,0.2701671
14.392000,0.2688336
14.400000,0.2676334
14.408000,0.2664066
14.416000,0.2650465
14.424000,0.2637130
14.432000,0.2622461
14.440000,0.2607526
14.448000,0.2593391
14.456000,0.2580056
14.464000,0.2567788
14.472000,0.2555253
14.480000,0.2543518
14.488000,0.2532050
14.496000,0.2519782
14.504000,0.2507513
14.512000,0.2494445
14.520000,0.2481110
14.528000,0.2468042
14.536000,0.2455240
14.544000,0.2443505
14.552000,0.2430971
14.560000,0.2419769
14.568000,0.2409368
14.576000,0.2398166
14.584000,0.2386965
14.592000,0.2374963
14.600000,0.2363762
14.608000,0.2351227
14.616000,0.2338959
14.624000,0.2327224
14.632000,0.2315756
14.640000,0.2304555
14.648000,0.2294954
14.656000,0.2283485
14.664000,0.2273351
14.672000,0.2262683
14.680000,0.2251215
14.688000,0.2240547
14.696000,0.2230412
14.704000,0.2220011
14.712000,0.2208809
14.720000,0.2196808
14.728000,0.2185606
14.736000,0.2174939
14.744000,0.2164537
14.752000,0.2154936
14.760000,0.2145868
14.768000,0.2137334
14.776000,0.2127999
14.784000,0.2118398
14.792000,0.2107730
14.800000,0.2097329
14.808000,0.2086661
14.816000,0.2075193
14.824000,0.2065591
14.832000,0.2055990
14.840000,0.2046389
14.848000,0.2037588
14.856000,0.2027453
14.864000,0.2018386
14.872000,0.2009051
14.880000,0.2000517
14.888000,0.1993049
14.896000,0.1985048
14.904000,0.1975180
14.912000,0.1967179
14.920000,0.1959178
14.928000,0.1950377
14.936000,0.1940243
14.944000,0.1930641
14.952000,0.1921307
14.960000,0.1913306
14.968000,0.1904771
14.976000,0.1895704
14.984000,0.1886903
14.992000,0.1878368
15.000000,0.1869300
15.008000,0.1862366
15.016000,0.1854098
15.024000,0.1845031
15.032000,0.1837030
15.040000,0.1830362
15.048000,0.1823428
15.056000,0.1815427
15.064000,0.1807426
15.072000,0.1798625
15.080000,0.1789557
15.088000,0.1781556
15.096000,0.1774088
15.104000,0.1766888
15.112000,0.1758353
15.120000,0.1749285
15.128000,0.1741818
15.136000,0.1736750
15.144000,0.1729816
15.152000,0.1721815
15.160000,0.1715414
15.168000,0.1709547
15.176000,0.1701813
15.184000,0.1694878
15.192000,0.1688478
15.200000,0.1679943
15.208000,0.1672742
15.216000,0.1666342
15.224000,0.1659407
15.232000,0.1653540
15.240000,0.1645806
15.248000,0.1638338
15.256000,0.1630871
15.264000,0.1624470
15.272000,0.1617535
15.280000,0.1610868
15.288000,0.1604467
15.296000,0.1598600
15.304000,0.1592199
15.312000,0.1585532
15.320000,0.1580198
15.328000,0.1573797
15.336000,0.1568463
15.344000,0.1562062
15.352000,0.1556194
15.360000,0.1548994
15.368000,0.1543660
15.376000,0.1537792
15.384000,0.1531925
15.392000,0.1525524
15.400000,0.1518857
15.408000,0.1512989
15.416000,0.1507122
15.424000,0.1500721
15.432000,0.1494053
15.440000,0.1489253
15.448000,0.1484452
15.456000,0.1478051
15.464000,0.1473251
15.472000,0.1467383
15.480000,0.1461249
15.488000,0.1455915
15.496000,0.1440980
15.504000,0.1414043
15.512000,0.1418311
15.520000,0.1442047
15.528000,0.1442047
15.536000,0.1432179
15.544000,0.1424178
15.552000,0.1420444
15.560000,0.1415110
15.568000,0.1410310
15.576000,0.1403375
15.584000,0.1396708
15.592000,0.1391374
15.600000,0.1386040
15.608000,0.1381773
15.616000,0.1376439
15.624000,0.1369771
15.632000,0.1364971
15.640000,0.1359103
15.648000,0.1354303
15.656000,0.1350569
15.664000,0.1345235
15.672000,0.1341501
15.680000,0.1336434
15.688000,0.1332166
15.696000,0.1327899
15.704000,0.1324165
15.712000,0.1320432
15.720000,0.1316164
15.728000,0.1311897
15.736000,0.1307363
15.744000,0.1303630
15.752000,0.1299896
15.760000,0.1296695
15.768000,0.1292428
15.776000,0.1288161
15.784000,0.1283894
15.792000,0.1278827
15.800000,0.1275093
15.808000,0.1270825
15.816000,0.1267625
15.824000,0.1263891
15.832000,0.1259624
15.840000,0.1255890
15.848000,0.1251623
15.856000,0.1247089
15.864000,0.1242822
15.872000,0.1239088
15.880000,0.1235354
15.888000,0.1232154
15.896000,0.1227887
15.904000,0.1223086
15.912000,0.1219886
15.920000,0.1216419
15.928000,0.1211618
15.936000,0.1208418
15.944000,0.1205751
15.952000,0.1202550
15.960000,0.1198817
15.968000,0.1194549
15.976000,0.1191349
15.984000,0.1188682
15.992000,0.1185748
16.000000,0.1182548
16.008000,0.1179881
16.016000,0.1177214
16.024000,0.1174013
16.032000,0.1170813
16.040000,0.1167613
16.048000,0.1164946
16.056000,0.1162812
16.064000,0.1160145
16.072000,0.1156145
16.080000,0.1152411
16.088000,0.1149744
16.096000,0.1146010
16.104000,0.1136409
16.112000,0.1137476
16.120000,0.1144410
16.128000,0.1138009
16.136000,0.1132141
16.144000,0.1134275
16.152000,0.1134809
16.160000,0.1131608
16.168000,0.1127341
16.176000,0.1124407
16.184000,0.1121207
16.192000,0.1118540
16.200000,0.1115873
16.208000,0.1113206
16.216000,0.1111606
16.224000,0.1108939
16.232000,0.1106805
16.240000,0.1104138
16.248000,0.1101471
16.256000,0.1099337
16.264000,0.1095870
16.272000,0.1092136
16.280000,0.1090003
16.288000,0.1087869
16.296000,0.1085736
16.304000,0.1083602
16.312000,0.1080402
16.320000,0.1077735
16.328000,0.1076134
16.336000,0.1074001
16.344000,0.1072401
16.352000,0.1069200
16.360000,0.1067067
16.368000,0.1064666
16.376000,0.1063066
16.384000,0.1060933
16.392000,0.1059332
16.400000,0.1058266
16.408000,0.1055599
16.416000,0.1053465
16.424000,0.1051331
16.432000,0.1050265
16.440000,0.1048664
16.448000,0.1047064
16.456000,0.1044931
16.464000,0.1043330
16.472000,0.1041730
16.480000,0.1040663
16.488000,0.1039063
16.496000,0.1037463
16.504000,0.1036396
16.512000,0.1034529
16.520000,0.1033463
16.528000,0.1031862
16.536000,0.1030262
16.544000,0.1029729
16.552000,0.1028662
16.560000,0.1026528
16.568000,0.1025462
16.576000,0.1024395
16.584000,0.1022795
16.592000,0.1021728
16.600000,0.1020661
16.608000,0.1018527
16.616000,0.1016927
16.624000,0.1015327
16.632000,0.1014793
16.640000,0.1013727
16.648000,0.1012660
16.656000,0.1010526
16.664000,0.1007859
16.672000,0.1006792
16.680000,0.1005726
16.688000,0.1004392
16.696000,0.1003859
16.704000,0.1003325
16.712000,0.1002259
16.720000,0.1000658
16.728000,0.0999058
16.736000,0.0997991
16.744000,0.0996925
16.752000,0.0995324
16.760000,0.0994258
16.768000,0.0993724
16.776000,0.0992657
16.784000,0.0991591
16.792000,0.0990524
16.800000,0.0989457
16.808000,0.0987857
16.816000,0.0986790
16.824000,0.0985723
16.832000,0.0984656
16.840000,0.0984656
16.848000,0.0983590
16.856000,0.0982523
16.864000,0.0980923
16.872000,0.0979856
16.880000,0.0979856
16.888000,0.0978789
16.896000,0.0977189
16.904000,0.0976122
16.912000,0.0976122
16.920000,0.0976122
16.928000,0.0974522
16.936000,0.0973188
16.944000,0.0972121
16.952000,0.0972121
16.960000,0.0971055
16.968000,0.0970521
16.976000,0.0969988
16.984000,0.0968921
16.992000,0.0968388
17.000000,0.0966788
17.008000,0.0965721
17.016000,0.0965187
17.024000,0.0964120
17.032000,0.0963587
17.040000,0.0961987
17.048000,0.0960920
17.056000,0.0961987
17.064000,0.0961454
17.072000,0.0960387
17.080000,0.0959853
17.088000,0.0959853
17.096000,0.0958786
17.104000,0.0958253
17.112000,0.0957186
17.120000,0.0957186
17.128000,0.0955586
17.136000,0.0955053
17.144000,0.0955053
17.152000,0.0953986
17.160000,0.0952386
17.168000,0.0952919
17.176000,0.0953986
17.184000,0.0952919
17.192000,0.0951319
17.200000,0.0951319
17.208000,0.0951852
17.216000,0.0950785
17.224000,0.0949719
17.232000,0.0949719
17.240000,0.0949185
17.248000,0.0949185
17.256000,0.0948652
17.264000,0.0948652
17.272000,0.0947052
17.280000,0.0946518
17.288000,0.0945985
17.296000,0.0945985
17.304000,0.0945985
17.312000,0.0945452
17.320000,0.0946518
17.328000,0.0945985
17.336000,0.0945452
17.344000,0.0945985
17.352000,0.0945985
17.360000,0.0944385
17.368000,0.0943851
17.376000,0.0943851
17.384000,0.0943851
17.392000,0.0942518
17.400000,0.0941984
17.408000,0.0942518
17.416000,0.0942518
17.424000,0.0942518
17.432000,0.0942518
17.440000,0.0941984
17.448000,0.0941451
17.456000,0.0941451
17.464000,0.0941984
17.472000,0.0940918
17.480000,0.0940918
17.488000,0.0941451
17.496000,0.0941451
17.504000,0.0941451
17.512000,0.0940384
17.520000,0.0940384
17.528000,0.0939851
17.536000,0.0939851
17.544000,0.0940384
17.552000,0.0940384
17.560000,0.0940918
17.568000,0.0940918
17.576000,0.0939851
17.584000,0.0939317
17.592000,0.0939317
17.600000,0.0938784
17.608000,0.0938784
17.616000,0.0939317
17.624000,0.0939851
17.632000,0.0940384
17.640000,0.0939851
17.648000,0.0939317
17.656000,0.0938784
17.664000,0.0938784
17.672000,0.0938784
17.680000,0.0938784
17.688000,0.0940384
17.696000,0.0939851
17.704000,0.0939851
17.712000,0.0939851
17.720000,0.0939851
17.728000,0.0940384
17.736000,0.0940384
17.744000,0.0939851
17.752000,0.0939851
17.760000,0.0940918
17.768000,0.0940918
17.776000,0.0941451
17.784000,0.0941451
17.792000,0.0940918
17.800000,0.0941451
17.808000,0.0941451
17.816000,0.0940384
17.824000,0.0940384
17.832000,0.0940918
17.840000,0.0940918
17.848000,0.0941451
17.856000,0.0941451
17.864000,0.0941451
17.872000,0.0942518
17.880000,0.0941984
17.888000,0.0941451
17.896000,0.0941451
17.904000,0.0941984
17.912000,0.0941984
17.920000,0.0941984
17.928000,0.0942518
17.936000,0.0943051
17.944000,0.0943851
17.952000,0.0943051
17.960000,0.0943051
17.968000,0.0944385
17.976000,0.0945452
17.984000,0.0944918
17.992000,0.0944918
18.000000,0.0945452
18.008000,0.0944918
18.016000,0.0945452
18.024000,0.0945452
18.032000,0.0945985
18.040000,0.0945985
18.048000,0.0945452
18.056000,0.0945985
18.064000,0.0946518
18.072000,0.0947052
18.080000,0.0947052
18.088000,0.0946518
18.096000,0.0948119
18.104000,0.0948652
18.112000,0.0948119
18.120000,0.0948119
18.128000,0.0948652
18.136000,0.0949719
18.144000,0.0949185
18.152000,0.0949185
18.160000,0.0949719
18.168000,0.0950252
18.176000,0.0949719
18.184000,0.0949719
18.192000,0.0950785
18.200000,0.0951852
18.208000,0.0951852
18.216000,0.0952386
18.224000,0.0953453
18.232000,0.0952919
18.240000,0.0953453
18.248000,0.0955053
18.256000,0.0954519
18.264000,0.0953453
18.272000,0.0953986
18.280000,0.0954519
18.288000,0.0954519
18.296000,0.0954519
18.304000,0.0955053
18.312000,0.0955586
18.320000,0.0956120
18.328000,0.0956653
18.336000,0.0956653
18.344000,0.0956120
18.352000,0.0957186
18.360000,0.0958253
18.368000,0.0958253
18.376000,0.0958786
18.384000,0.0959320
18.392000,0.0959320
18.400000,0.0959853
18.408000,0.0959853
18.416000,0.0960387
18.424000,0.0960387
18.432000,0.0961454
18.440000,0.0961987
18.448000,0.0961987
18.456000,0.0963054
18.464000,0.0964654
18.472000,0.0965187
18.480000,0.0964654
18.488000,0.0964120
18.496000,0.0964120
18.504000,0.0964654
18.512000,0.0965721
18.520000,0.0966254
18.528000,0.0967321
18.536000,0.0967854
18.544000,0.0967854
18.552000,0.0968388
18.560000,0.0968388
18.568000,0.0968921
18.576000,0.0969455
18.584000,0.0969455
18.592000,0.0969988
18.600000,0.0970521
18.608000,0.0970521
18.616000,0.0971055
18.624000,0.0972121
18.632000,0.0972655
18.640000,0.0971588
18.648000,0.0972655
18.656000,0.0973722
18.664000,0.0974522
18.672000,0.0974522
18.680000,0.0975589
18.688000,0.0976122
18.696000,0.0976122
18.704000,0.0976122
18.712000,0.0976122
18.720000,0.0977722
18.728000,0.0978256
18.736000,0.0978256
18.744000,0.0978789
18.752000,0.0978789
18.760000,0.0979856
18.768000,0.0980389
18.776000,0.0980389
18.784000,0.0980923
18.792000,0.0981989
18.800000,0.0982523
18.808000,0.0983056
18.816000,0.0983056
18.824000,0.0982523
18.832000,0.0983056
18.840000,0.0983590
18.848000,0.0984656
18.856000,0.0985190
18.864000,0.0985190
18.872000,0.0985723
18.880000,0.0986257
18.888000,0.0986790
18.896000,0.0987857
18.904000,0.0987857
18.912000,0.0987323
18.920000,0.0987857
18.928000,0.0988924
18.936000,0.0989457
18.944000,0.0989990
18.952000,0.0991057
18.960000,0.0991057
18.968000,0.0991591
18.976000,0.0992124
18.984000,0.0992124
18.992000,0.0992124
19.000000,0.0992124
19.008000,0.0992657
19.016000,0.0993724
19.024000,0.0993724
19.032000,0.0994791
19.040000,0.0995324
19.048000,0.0995324
19.056000,0.0995858
19.064000,0.0995858
19.072000,0.0995858
19.080000,0.0996925
19.088000,0.0997991
19.096000,0.0998525
19.104000,0.0999058
19.112000,0.0999058
19.120000,0.1000658
19.128000,0.1002259
19.136000,0.1001725
19.144000,0.1001192
19.152000,0.1001725
19.160000,0.1002259
19.168000,0.1003325
19.176000,0.1003859
19.184000,0.1003859
19.192000,0.1003859
19.200000,0.1005726
19.208000,0.1006259
19.216000,0.1007326
19.224000,0.1006792
19.232000,0.1006792
19.240000,0.1006792
19.248000,0.1006792
19.256000,0.1007859
19.264000,0.1008926
19.272000,0.1008926
19.280000,0.1009460
19.288000,0.1009993
19.296000,0.1011060
19.304000,0.1011593
19.312000,0.1010526
19.320000,0.1010526
19.328000,0.1011060
19.336000,0.1012127
19.344000,0.1013193
19.352000,0.1013727
19.360000,0.1013727
19.368000,0.1013727
19.376000,0.1014260
19.384000,0.1015327
19.392000,0.1015860
19.400000,0.1016394
19.408000,0.1015860
19.416000,0.1016927
19.424000,0.1017461
19.432000,0.1016927
19.440000,0.1017994
19.448000,0.1019061
19.456000,0.1020127
19.464000,0.1019594
19.472000,0.1020127
19.480000,0.1021194
19.488000,0.1021194
19.496000,0.1020661
19.504000,0.1020661
19.512000,0.1020127
19.520000,0.1021194
19.528000,0.1023328
19.536000,0.1023861
19.544000,0.1023861
19.552000,0.1023328
19.560000,0.1024395
19.568000,0.1025995
19.576000,0.1026528
19.584000,0.1025995
19.592000,0.1025462
19.600000,0.1026528
19.608000,0.1027595
19.616000,0.1026528
19.624000,0.1027062
19.632000,0.1027595
19.640000,0.1028128
19.648000,0.1028128
19.656000,0.1028662
19.664000,0.1029195
19.672000,0.1030262
19.680000,0.1030796
19.688000,0.1031329
19.696000,0.1031862
19.704000,0.1032396
19.712000,0.1031862
19.720000,0.1032396
19.728000,0.1032396
19.736000,0.1032929
19.744000,0.1032929
19.752000,0.1033463
19.760000,0.1033996
19.768000,0.1034529
19.776000,0.1035329
19.784000,0.1035863
19.792000,0.1035863
19.800000,0.1035863
19.808000,0.1036930
19.816000,0.1038530
19.824000,0.1037996
19.832000,0.1037996
19.840000,0.1038530
19.848000,0.1038530
19.856000,0.1038530
19.864000,0.1038530
19.872000,0.1039597
19.880000,0.1039597
19.888000,0.1040130
19.896000,0.1040663
19.904000,0.1041197
19.912000,0.1040663
19.920000,0.1041197
19.928000,0.1042264
19.936000,0.1042797
19.944000,0.1043864
19.952000,0.1043864
19.960000,0.1044397
19.968000,0.1044397
19.976000,0.1044397
19.984000,0.1045464
19.992000,0.1045464
20.000000,0.1045464
20.008000,0.1045997
20.016000,0.1047598
20.024000,0.1048131
20.032000,0.1047598
20.040000,0.1048131
20.048000,0.1049198
20.056000,0.1049731
20.064000,0.1049731
20.072000,0.1049731
20.080000,0.1049198
20.088000,0.1049731
20.096000,0.1049731
20.104000,0.1051331
20.112000,0.1052398
20.120000,0.1053465
20.128000,0.1052932
20.136000,0.1052932
20.144000,0.1052932
20.152000,0.1053465
20.160000,0.1053998
20.168000,0.1053998
20.176000,0.1055065
20.184000,0.1055065
20.192000,0.1055065
20.200000,0.1056132
20.208000,0.1056132
20.216000,0.1056665
20.224000,0.1057199
20.232000,0.1058266
20.240000,0.1058799
20.248000,0.1059332
20.256000,0.1059332
20.264000,0.1058799
20.272000,0.1058799
20.280000,0.1058799
20.288000,0.1059332
20.296000,0.1060399
20.304000,0.1060933
20.312000,0.1060933
20.320000,0.1061999
20.328000,0.1063066
20.336000,0.1062533
20.344000,0.1063600
20.352000,0.1064666
20.360000,0.1063600
20.368000,0.1063600
20.376000,0.1064133
20.384000,0.1064666
20.392000,0.1065200
20.400000,0.1065200
20.408000,0.1065200
20.416000,0.1066000
20.424000,0.1067067
20.432000,0.1067067
20.440000,0.1067600
20.448000,0.1068134
20.456000,0.1068134
20.464000,0.1068667
20.472000,0.1069734
20.480000,0.1069734
20.488000,0.1069734
20.496000,0.1069734
20.504000,0.1070267
20.512000,0.1070267
20.520000,0.1070267
20.528000,0.1070800
20.536000,0.1071334
20.544000,0.1071867
20.552000,0.1072401
20.560000,0.1073468
20.568000,0.1074001
20.576000,0.1073468
20.584000,0.1074001
20.592000,0.1074534
20.600000,0.1074001
20.608000,0.1074001
20.616000,0.1075068
20.624000,0.1075601
20.632000,0.1075068
20.640000,0.1075601
20.648000,0.1075601
20.656000,0.1075601
20.664000,0.1076134
20.672000,0.1076668
20.680000,0.1077201
20.688000,0.1077735
20.696000,0.1078268
20.704000,0.1077735
20.712000,0.1078268
20.720000,0.1078268
20.728000,0.1078802
20.736000,0.1079335
20.744000,0.1079335
20.752000,0.1079868
20.760000,0.1081469
20.768000,0.1081469
20.776000,0.1081469
20.784000,0.1082002
20.792000,0.1082002
20.800000,0.1083602
20.808000,0.1083069
20.816000,0.1083069
20.824000,0.1083602
20.832000,0.1084669
20.840000,0.1084669
20.848000,0.1083602
20.856000,0.1084669
20.864000,0.1084669
20.872000,0.1084135
20.880000,0.1085202
20.888000,0.1086269
20.896000,0.1086269
20.904000,0.1086803
20.912000,0.1087869
20.920000,0.1087869
20.928000,0.1087869
20.936000,0.1087869
20.944000,0.1088403
20.952000,0.1088403
20.960000,0.1088936
20.968000,0.1089470
20.976000,0.1089470
20.984000,0.1089470
20.992000,0.1090003
21.000000,0.1090003
21.008000,0.1090536
21.016000,0.1091070
21.024000,0.1091603
21.032000,0.1093203
21.040000,0.1093203
21.048000,0.1093203
21.056000,0.1092670
21.064000,0.1092670
21.072000,0.1093203
21.080000,0.1093203
21.088000,0.1093737
21.096000,0.1094804
21.104000,0.1094804
21.112000,0.1094270
21.120000,0.1094804
21.128000,0.1094804
21.136000,0.1095337
21.144000,0.1096670
21.152000,0.1097204
21.160000,0.1097737
21.168000,0.1097737
21.176000,0.1097204
21.184000,0.1097737
21.192000,0.1098804
21.200000,0.1098271
21.208000,0.1097737
21.216000,0.1098271
21.224000,0.1099871
21.232000,0.1100404
21.240000,0.1100404
21.248000,0.1101471
21.256000,0.1102004
21.264000,0.1100938
21.272000,0.1100938
21.280000,0.1100938
21.288000,0.1102004
21.296000,0.1102004
21.304000,0.1102004
21.312000,0.1102004
21.320000,0.1102538
21.328000,0.1103605
21.336000,0.1103605
21.344000,0.1104138
21.352000,0.1104671
21.360000,0.1105205
21.368000,0.1105205
21.376000,0.1105205
21.384000,0.1104671
21.392000,0.1105738
21.400000,0.1106272
21.408000,0.1106272
21.416000,0.1106272
21.424000,0.1106805
21.432000,0.1107338
21.440000,0.1106805
21.448000,0.1107338
21.456000,0.1108405
21.464000,0.1108405
21.472000,0.1108405
21.480000,0.1108939
21.488000,0.1108405
21.496000,0.1108939
21.504000,0.1108939
21.512000,0.1109472
21.520000,0.1110005
21.528000,0.1110005
21.536000,0.1110005
21.544000,0.1110539
21.552000,0.1110005
21.560000,0.1110005
21.568000,0.1111072
21.576000,0.1111072
21.584000,0.1111072
21.592000,0.1111606
21.600000,0.1111072
21.608000,0.1111606
21.616000,0.1112672
21.624000,0.1113739
21.632000,0.1114806
21.640000,0.1113206
21.648000,0.1112672
21.656000,0.1113206
21.664000,0.1113739
21.672000,0.1113739
21.680000,0.1114806
21.688000,0.1113739
21.696000,0.1114273
21.704000,0.1115339
21.712000,0.1115339
21.720000,0.1115339
21.728000,0.1115339
21.736000,0.1115339
21.744000,0.1115339
21.752000,0.1116406
21.760000,0.1116406
21.768000,0.1116940
21.776000,0.1117473
21.784000,0.1118006
21.792000,0.1118006
21.800000,0.1117473
21.808000,0.1117473
21.816000,0.1117473
21.824000,0.1116940
21.832000,0.1118006
21.840000,0.1118540
21.848000,0.1119073
21.856000,0.1118540
21.864000,0.1119073
21.872000,0.1119607
21.880000,0.1119607
21.888000,0.1118540
21.896000,0.1119073
21.904000,0.1120673
21.912000,0.1120673
21.920000,0.1120140
21.928000,0.1120673
21.936000,0.1121207
21.944000,0.1120673
21.952000,0.1121207
21.960000,0.1121207
21.968000,0.1120673
21.976000,0.1121207
21.984000,0.1121740
21.992000,0.1122274
22.000000,0.1122274
22.008000,0.1122807
22.016000,0.1123340
22.024000,0.1123340
22.032000,0.1123874
22.040000,0.1123874
22.048000,0.1123340
22.056000,0.1123340
22.064000,0.1122807
22.072000,0.1123340
22.080000,0.1123340
22.088000,0.1123874
22.096000,0.1124941
22.104000,0.1124407
22.112000,0.1124941
22.120000,0.1124941
22.128000,0.1124941
22.136000,0.1124407
22.144000,0.1124407
22.152000,0.1124941
22.160000,0.1126007
22.168000,0.1125474
22.176000,0.1126007
22.184000,0.1126007
22.192000,0.1125474
22.200000,0.1126007
22.208000,0.1126541
22.216000,0.1127341
22.224000,0.1126541
22.232000,0.1126007
22.240000,0.1126541
22.248000,0.1127341
22.256000,0.1127341
22.264000,0.1128408
22.272000,0.1127874
22.280000,0.1127874
22.288000,0.1128408
22.296000,0.1128941
22.304000,0.1130008
22.312000,0.1129475
22.320000,0.1128941
22.328000,0.1128941
22.336000,0.1130008
22.344000,0.1129475
22.352000,0.1129475
22.360000,0.1129475
22.368000,0.1130008
22.376000,0.1130008
22.384000,0.1129475
22.392000,0.1129475
22.400000,0.1130008
22.408000,0.1130008
22.416000,0.1130541
22.424000,0.1130008
22.432000,0.1130008
22.440000,0.1131075
22.448000,0.1132141
22.456000,0.1132141
22.464000,0.1132141
22.472000,0.1131075
22.480000,0.1131075
22.488000,0.1131608
22.496000,0.1132141
22.504000,0.1132675
22.512000,0.1132675
22.520000,0.1133208
22.528000,0.1133208
22.536000,0.1133208
22.544000,0.1133208
22.552000,0.1133208
22.560000,0.1133742
22.568000,0.1133742
22.576000,0.1133742
22.584000,0.1134275
22.592000,0.1134809
22.600000,0.1134809
22.608000,0.1134275
22.616000,0.1133742
22.624000,0.1133742
22.632000,0.1134809
22.640000,0.1135342
22.648000,0.1134809
22.656000,0.1134275
22.664000,0.1134809
22.672000,0.1135342
22.680000,0.1135342
22.688000,0.1135875
22.696000,0.1136409
22.704000,0.1135875
22.712000,0.1135875
22.720000,0.1135875
22.728000,0.1135875
22.736000,0.1136409
22.744000,0.1135875
22.752000,0.1136942
22.760000,0.1136942
22.768000,0.1136409
22.776000,0.1136409
22.784000,0.1136942
22.792000,0.1137476
22.800000,0.1137476
22.808000,0.1137476
22.816000,0.1137476
22.824000,0.1137476
22.832000,0.1137476
22.840000,0.1138009
22.848000,0.1138542
22.856000,0.1138542
22.864000,0.1138542
22.872000,0.1139076
22.880000,0.1139076
22.888000,0.1139076
22.896000,0.1139076
22.904000,0.1139076
22.912000,0.1139076
22.920000,0.1139076
22.928000,0.1139076
22.936000,0.1139076
22.944000,0.1139076
22.952000,0.1140142
22.960000,0.1140142
22.968000,0.1140676
22.976000,0.1141743
22.984000,0.1141209
22.992000,0.1141209
23.000000,0.1141209
23.008000,0.1141209
23.016000,0.1141209
23.024000,0.1141209
23.032000,0.1140676
23.040000,0.1140676
23.048000,0.1141209
23.056000,0.1140676
23.064000,0.1140676
23.072000,0.1141743
23.080000,0.1141743
23.088000,0.1141743
23.096000,0.1142276
23.104000,0.1142276
23.112000,0.1141743
23.120000,0.1142276
23.128000,0.1142276
23.136000,0.1142276
23.144000,0.1143343
23.152000,0.1143876
23.160000,0.1143343
23.168000,0.1143343
23.176000,0.1143343
23.184000,0.1143343
23.192000,0.1143343
23.200000,0.1143343
23.208000,0.1143876
23.216000,0.1143876
23.224000,0.1143876
23.232000,0.1144410
23.240000,0.1143876
23.248000,0.1143876
23.256000,0.1143876
23.264000,0.1144943
23.272000,0.1144943
23.280000,0.1143876
23.288000,0.1143876
23.296000,0.1143876
23.304000,0.1144410
23.312000,0.1144943
23.320000,0.1144943
23.328000,0.1144943
23.336000,0.1145477
23.344000,0.1144943
23.352000,0.1145477
23.360000,0.1145477
23.368000,0.1144943
23.376000,0.1145477
23.384000,0.1145477
23.392000,0.1146010
23.400000,0.1146010
23.408000,0.1146010
23.416000,0.1146543
23.424000,0.1146543
23.432000,0.1146543
23.440000,0.1146543
23.448000,0.1146543
23.456000,0.1147077
23.464000,0.1147610
23.472000,0.1147077
23.480000,0.1146543
23.488000,0.1146543
23.496000,0.1147077
23.504000,0.1147077
23.512000,0.1147610
23.520000,0.1148143
23.528000,0.1148143
23.536000,0.1148677
23.544000,0.1148677
23.552000,0.1148143
23.560000,0.1147077
23.568000,0.1147610
23.576000,0.1148677
23.584000,0.1149210
23.592000,0.1149210
23.600000,0.1149210
23.608000,0.1148143
23.616000,0.1148143
23.624000,0.1148677
23.632000,0.1148677
23.640000,0.1148677
23.648000,0.1149210
23.656000,0.1148677
23.664000,0.1148677
23.672000,0.1148143
23.680000,0.1148677
23.688000,0.1149210
23.696000,0.1150277
23.704000,0.1149744
23.712000,0.1149744
23.720000,0.1150277
23.728000,0.1149744
23.736000,0.1149744
23.744000,0.1150277
23.752000,0.1150277
23.760000,0.1150811
23.768000,0.1150811
23.776000,0.1149744
23.784000,0.1149744
23.792000,0.1150277
23.800000,0.1151344
23.808000,0.1150811
23.816000,0.1150277
23.824000,0.1150811
23.832000,0.1151344
23.840000,0.1151344
23.848000,0.1151344
23.856000,0.1151344
23.864000,0.1150811
23.872000,0.1150811
23.880000,0.1151344
23.888000,0.1151344
23.896000,0.1151344
23.904000,0.1151877
23.912000,0.1151344
23.920000,0.1151877
23.928000,0.1151344
23.936000,0.1151344
23.944000,0.1151877
23.952000,0.1151344
23.960000,0.1152411
23.968000,0.1151877
23.976000,0.1152411
23.984000,0.1152944
23.992000,0.1152944
24.000000,0.1152944
24.008000,0.1152411
24.016000,0.1152411
24.024000,0.1152944
24.032000,0.1153477
24.040000,0.1154011
24.048000,0.1152944
24.056000,0.1152411
24.064000,0.1151344
24.072000,0.1152944
24.080000,0.1152944
24.088000,0.1152411
24.096000,0.1151877
24.104000,0.1152411
24.112000,0.1152411
24.120000,0.1152944
24.128000,0.1154011
24.136000,0.1154011
24.144000,0.1153477
24.152000,0.1153477
24.160000,0.1153477
24.168000,0.1153477
24.176000,0.1153477
24.184000,0.1153477
24.192000,0.1152944
24.200000,0.1152944
24.208000,0.1153477
24.216000,0.1154011
24.224000,0.1152944
24.232000,0.1153477
24.240000,0.1154544
24.248000,0.1154544
24.256000,0.1154544
24.264000,0.1154544
24.272000,0.1154544
24.280000,0.1155078
24.288000,0.1155078
24.296000,0.1154544
24.304000,0.1154544
24.312000,0.1155078
24.320000,0.1155078
24.328000,0.1154544
24.336000,0.1154544
24.344000,0.1154544
24.352000,0.1155078
24.360000,0.1155078
24.368000,0.1155078
24.376000,0.1156145
24.384000,0.1155611
24.392000,0.1155611
24.400000,0.1155611
24.408000,0.1155611
24.416000,0.1156145
24.424000,0.1155611
24.432000,0.1155611
24.440000,0.1155078
24.448000,0.1156678
24.456000,0.1156678
24.464000,0.1156678
24.472000,0.1156145
24.480000,0.1155078
24.488000,0.1155611
24.496000,0.1156678
24.504000,0.1156145
24.512000,0.1156145
24.520000,0.1156145
24.528000,0.1157211
24.536000,0.1158011
24.544000,0.1156678
24.552000,0.1157211
24.560000,0.1158011
24.568000,0.1157211
24.576000,0.1156678
24.584000,0.1157211
24.592000,0.1157211
24.600000,0.1156678
24.608000,0.1158011
24.616000,0.1158011
24.624000,0.1157211
24.632000,0.1158011
24.640000,0.1158545
24.648000,0.1159078
24.656000,0.1158011
24.664000,0.1158011
24.672000,0.1158545
24.680000,0.1158545
24.688000,0.1158545
24.696000,0.1159078
24.704000,0.1158545
24.712000,0.1159078
24.720000,0.1158545
24.728000,0.1158545
24.736000,0.1158011
24.744000,0.1159078
24.752000,0.1159612
24.760000,0.1158545
24.768000,0.1158545
24.776000,0.1159078
24.784000,0.1158011
24.792000,0.1157211
24.800000,0.1158011
24.808000,0.1158545
24.816000,0.1158545
24.824000,0.1159078
24.832000,0.1158545
24.840000,0.1159078
24.848000,0.1159612
24.856000,0.1159078
24.864000,0.1159078
24.872000,0.1159612
24.880000,0.1159612
24.888000,0.1160145
24.896000,0.1159612
24.904000,0.1159612
24.912000,0.1159612
24.920000,0.1160145
24.928000,0.1160678
24.936000,0.1159612
24.944000,0.1159078
24.952000,0.1159612
24.960000,0.1160145
24.968000,0.1159612
24.976000,0.1159612
24.984000,0.1160145
24.992000,0.1160145
25.000000,0.1160678
25.008000,0.1160145
25.016000,0.1159612
25.024000,0.1160145
25.032000,0.1159612
25.040000,0.1159612
25.048000,0.1160145
25.056000,0.1160145
25.064000,0.1161212
25.072000,0.1161745
25.080000,0.1161212
25.088000,0.1160678
25.096000,0.1160678
25.104000,0.1160678
25.112000,0.1160145
25.120000,0.1160145
25.128000,0.1161212
25.136000,0.1161212
25.144000,0.1161212
25.152000,0.1161212
25.160000,0.1161212
25.168000,0.1160678
25.176000,0.1161212
25.184000,0.1161212
25.192000,0.1161212
25.200000,0.1162279
25.208000,0.1161745
25.216000,0.1161212
25.224000,0.1160678
25.232000,0.1161212
25.240000,0.1161745
25.248000,0.1161212
25.256000,0.1161212
25.264000,0.1161745
25.272000,0.1161745
25.280000,0.1161745
25.288000,0.1161745
25.296000,0.1162279
25.304000,0.1161745
25.312000,0.1161745
25.320000,0.1162812
25.328000,0.1162812
25.336000,0.1162279
25.344000,0.1162279
25.352000,0.1162812
25.360000,0.1162279
25.368000,0.1162279
25.376000,0.1162812
25.384000,0.1162812
25.392000,0.1161745
25.400000,0.1161212
25.408000,0.1161745
25.416000,0.1161745
25.424000,0.1161212
25.432000,0.1161745
25.440000,0.1161745
25.448000,0.1162279
25.456000,0.1162812
25.464000,0.1163345
25.472000,0.1162812
25.480000,0.1161745
25.488000,0.1162279
25.496000,0.1162279
25.504000,0.1163345
25.512000,0.1163879
25.520000,0.1164412
25.528000,0.1163879
25.536000,0.1163879
25.544000,0.1163345
25.552000,0.1162812
25.560000,0.1163345
25.568000,0.1163879
25.576000,0.1163345
25.584000,0.1163345
25.592000,0.1163345
25.600000,0.1163879
25.608000,0.1164412
25.616000,0.1164412
25.624000,0.1163879
25.632000,0.1163345
25.640000,0.1164412
25.648000,0.1163879
25.656000,0.1163345
25.664000,0.1163879
25.672000,0.1163879
25.680000,0.1163345
25.688000,0.1163879
25.696000,0.1163879
25.704000,0.1163879
25.712000,0.1164412
25.720000,0.1164946
25.728000,0.1164946
25.736000,0.1163879
25.744000,0.1162812
25.752000,0.1163345
25.760000,0.1164412
25.768000,0.1164946
25.776000,0.1163879
25.784000,0.1164412
25.792000,0.1164412
25.800000,0.1163879
25.808000,0.1163879
25.816000,0.1164412
25.824000,0.1164946
25.832000,0.1165479
25.840000,0.1164412
25.848000,0.1164412
25.856000,0.1164412
25.864000,0.1164946
25.872000,0.1164946
25.880000,0.1164946
25.888000,0.1164946
25.896000,0.1164946
25.904000,0.1164412
25.912000,0.1164946
25.920000,0.1164946
25.928000,0.1165479
25.936000,0.1164946
25.944000,0.1164412
25.952000,0.1164412
25.960000,0.1164412
25.968000,0.1164412
25.976000,0.1164412
25.984000,0.1164946
25.992000,0.1165479
26.000000,0.1166012
26.008000,0.1164946
26.016000,0.1164946
26.024000,0.1165479
26.032000,0.1165479
26.040000,0.1165479
26.048000,0.1167079
26.056000,0.1166012
26.064000,0.1165479
26.072000,0.1166546
26.080000,0.1166012
26.088000,0.1165479
26.096000,0.1165479
26.104000,0.1166012
26.112000,0.1166546
26.120000,0.1166012
26.128000,0.1166012
26.136000,0.1167079
26.144000,0.1166012
26.152000,0.1164946
26.160000,0.1165479
26.168000,0.1166012
26.176000,0.1166012
26.184000,0.1166012
26.192000,0.1165479
26.200000,0.1165479
26.208000,0.1165479
26.216000,0.1166546
26.224000,0.1166546
26.232000,0.1166012
26.240000,0.1166012
26.248000,0.1166012
26.256000,0.1165479
26.264000,0.1166012
26.272000,0.1165479
26.280000,0.1166012
26.288000,0.1166546
26.296000,0.1167079
26.304000,0.1166546
26.312000,0.1166012
26.320000,0.1166546
26.328000,0.1166546
26.336000,0.1166546
26.344000,0.1167079
26.352000,0.1167613
26.360000,0.1167079
26.368000,0.1166546
26.376000,0.1166546
26.384000,0.1167079
26.392000,0.1167079
26.400000,0.1167079
26.408000,0.1167613
26.416000,0.1167079
26.424000,0.1166012
26.432000,0.1166012
26.440000,0.1166546
26.448000,0.1166546
26.456000,0.1166012
26.464000,0.1166546
26.472000,0.1167079
26.480000,0.1166546
26.488000,0.1167079
26.496000,0.1167079
26.504000,0.1167079
26.512000,0.1167079
26.520000,0.1166546
26.528000,0.1166546
26.536000,0.1167079
26.544000,0.1167079
26.552000,0.1167613
26.560000,0.1167613
26.568000,0.1167079
26.576000,0.1167613
26.584000,0.1168146
26.592000,0.1167079
26.600000,0.1166012
26.608000,0.1167079
26.616000,0.1168146
26.624000,0.1168146
26.632000,0.1168146
26.640000,0.1167613
26.648000,0.1168679
26.656000,0.1168679
26.664000,0.1167079
26.672000,0.1166546
26.680000,0.1166546
26.688000,0.1168146
26.696000,0.1168146
26.704000,0.1168146
26.712000,0.1167613
26.720000,0.1167613
26.728000,0.1168146
26.736000,0.1168146
26.744000,0.1168679
26.752000,0.1168146
26.760000,0.1168679
26.768000,0.1167079
26.776000,0.1166546
26.784000,0.1167613
26.792000,0.1168679
26.800000,0.1168679
26.808000,0.1168679
26.816000,0.1168146
26.824000,0.1167613
26.832000,0.1167613
26.840000,0.1167613
26.848000,0.1168146
26.856000,0.1168146
26.864000,0.1167613
26.872000,0.1168146
26.880000,0.1168146
26.888000,0.1168146
26.896000,0.1168146
26.904000,0.1168146
26.912000,0.1168679
26.920000,0.1169213
26.928000,0.1168679
26.936000,0.1168679
26.944000,0.1168679
26.952000,0.1168679
26.960000,0.1168679
26.968000,0.1169746
26.976000,0.1169213
26.984000,0.1169213
26.992000,0.1169746
27.000000,0.1168679
27.008000,0.1168146
27.016000,0.1167613
27.024000,0.1168679
27.032000,0.1168146
27.040000,0.1168146
27.048000,0.1168146
27.056000,0.1167613
27.064000,0.1168146
27.072000,0.1169213
27.080000,0.1169746
27.088000,0.1168679
27.096000,0.1168679
27.104000,0.1168146
27.112000,0.1168146
27.120000,0.1168679
27.128000,0.1168679
27.136000,0.1168679
27.144000,0.1168146
27.152000,0.1168146
27.160000,0.1169213
27.168000,0.1169213
27.176000,0.1169213
27.184000,0.1168679
27.192000,0.1168146
27.200000,0.1169213
27.208000,0.1169746
27.216000,0.1169213
27.224000,0.1169213
27.232000,0.1169213
27.240000,0.1169213
27.248000,0.1169213
27.256000,0.1168679
27.264000,0.1168679
27.272000,0.1168679
27.280000,0.1169213
27.288000,0.1169746
27.296000,0.1169213
27.304000,0.1168679
27.312000,0.1168679
27.320000,0.1169213
27.328000,0.1168679
27.336000,0.1169213
27.344000,0.1169746
27.352000,0.1170280
27.360000,0.1169746
27.368000,0.1169746
27.376000,0.1169746
27.384000,0.1169213
27.392000,0.1170280
27.400000,0.1170813
27.408000,0.1170280
27.416000,0.1169213
27.424000,0.1169213
27.432000,0.1170280
27.440000,0.1169213
27.448000,0.1168679
27.456000,0.1169213
27.464000,0.1169213
27.472000,0.1169213
27.480000,0.1170280
27.488000,0.1170280
27.496000,0.1170280
27.504000,0.1169746
27.512000,0.1169213
27.520000,0.1169746
27.528000,0.1170280
27.536000,0.1170280
27.544000,0.1169746
27.552000,0.1169213
27.560000,0.1169213
27.568000,0.1168679
27.576000,0.1168679
27.584000,0.1169213
27.592000,0.1170280
27.600000,0.1170280
27.608000,0.1169746
27.616000,0.1169746
27.624000,0.1169746
27.632000,0.1169746
27.640000,0.1169746
27.648000,0.1169746
27.656000,0.1169213
27.664000,0.1169746
27.672000,0.1170280
27.680000,0.1169746
27.688000,0.1169746
27.696000,0.1169213
27.704000,0.1169746
27.712000,0.1170280
27.720000,0.1170813
27.728000,0.1170280
27.736000,0.1169746
27.744000,0.1170280
27.752000,0.1169746
27.760000,0.1170280
27.768000,0.1169746
27.776000,0.1169213
27.784000,0.1170280
27.792000,0.1170813
27.800000,0.1170280
27.808000,0.1170813
27.816000,0.1170280
27.824000,0.1170280
27.832000,0.1170280
27.840000,0.1170280
27.848000,0.1169746
27.856000,0.1170280
27.864000,0.1170813
27.872000,0.1169746
27.880000,0.1169213
27.888000,0.1169746
27.896000,0.1170280
27.904000,0.1170813
27.912000,0.1171346
27.920000,0.1171346
27.928000,0.1171346
27.936000,0.1171346
27.944000,0.1170813
27.952000,0.1170813
27.960000,0.1171346
27.968000,0.1171346
27.976000,0.1170813
27.984000,0.1170813
27.992000,0.1171346
28.000000,0.1170813
28.008000,0.1171346
28.016000,0.1171346
28.024000,0.1170813
28.032000,0.1170280
28.040000,0.1170813
28.048000,0.1171346
28.056000,0.1170813
28.064000,0.1170813
28.072000,0.1171346
28.080000,0.1170813
28.088000,0.1170813
28.096000,0.1170813
28.104000,0.1171346
28.112000,0.1171880
28.120000,0.1171346
28.128000,0.1170813
28.136000,0.1171346
28.144000,0.1170813
28.152000,0.1170813
28.160000,0.1171346
28.168000,0.1171346
28.176000,0.1171346
28.184000,0.1171346
28.192000,0.1170813
28.200000,0.1171346
28.208000,0.1171346
28.216000,0.1171346
28.224000,0.1171346
28.232000,0.1171880
28.240000,0.1171880
28.248000,0.1171880
28.256000,0.1171346
28.264000,0.1171346
28.272000,0.1171346
28.280000,0.1171346
28.288000,0.1171346
28.296000,0.1171880
28.304000,0.1171346
28.312000,0.1170813
28.320000,0.1170813
28.328000,0.1171346
28.336000,0.1171880
28.344000,0.1171346
28.352000,0.1170280
28.360000,0.1171346
28.368000,0.1171346
28.376000,0.1171346
28.384000,0.1170813
28.392000,0.1170280
28.400000,0.1170813
28.408000,0.1171880
28.416000,0.1171880
28.424000,0.1171346
28.432000,0.1170813
28.440000,0.1171346
28.448000,0.1171880
28.456000,0.1171346
28.464000,0.1171346
28.472000,0.1171346
28.480000,0.1171346
28.488000,0.1170813
28.496000,0.1171346
28.504000,0.1171346
28.512000,0.1172413
28.520000,0.1172947
28.528000,0.1171346
28.536000,0.1170813
28.544000,0.1171346
28.552000,0.1171880
28.560000,0.1172413
28.568000,0.1172413
28.576000,0.1171346
28.584000,0.1170813
28.592000,0.1171346
28.600000,0.1171346
28.608000,0.1172413
28.616000,0.1172413
28.624000,0.1171346
28.632000,0.1170813
28.640000,0.1171346
28.648000,0.1172413
28.656000,0.1172947
28.664000,0.1171880
28.672000,0.1171346
28.680000,0.1170813
28.688000,0.1170813
28.696000,0.1170813
28.704000,0.1171346
28.712000,0.1171346
28.720000,0.1171346
28.728000,0.1171346
28.736000,0.1171346
28.744000,0.1170813
28.752000,0.1171346
28.760000,0.1172413
28.768000,0.1171880
28.776000,0.1171880
28.784000,0.1172413
28.792000,0.1171880
28.800000,0.1172413
28.808000,0.1172413
28.816000,0.1172413
28.824000,0.1172413
28.832000,0.1172413
28.840000,0.1171880
28.848000,0.1171880
28.856000,0.1171880
28.864000,0.1171880
28.872000,0.1172413
28.880000,0.1171880
28.888000,0.1171346
28.896000,0.1170813
28.904000,0.1170280
28.912000,0.1171346
28.920000,0.1172413
28.928000,0.1172413
28.936000,0.1172413
28.944000,0.1171880
28.952000,0.1171346
28.960000,0.1171346
28.968000,0.1172947
28.976000,0.1172413
28.984000,0.1171880
28.992000,0.1171880
29.000000,0.1172413
29.008000,0.1171880
29.016000,0.1171346
29.024000,0.1171880
29.032000,0.1171346
29.040000,0.1170813
29.048000,0.1171880
29.056000,0.1171880
29.064000,0.1171880
29.072000,0.1171880
29.080000,0.1172413
29.088000,0.1171880
29.096000,0.1171346
29.104000,0.1171880
29.112000,0.1172413
29.120000,0.1172947
29.128000,0.1172947
29.136000,0.1172947
29.144000,0.1172413
29.152000,0.1172413
29.160000,0.1172413
29.168000,0.1171880
29.176000,0.1172413
29.184000,0.1171880
29.192000,0.1172413
29.200000,0.1172947
29.208000,0.1172413
29.216000,0.1171346
29.224000,0.1171880
29.232000,0.1171880
29.240000,0.1171880
29.248000,0.1172413
29.256000,0.1172947
29.264000,0.1172947
29.272000,0.1172413
29.280000,0.1172947
29.288000,0.1172947
29.296000,0.1172413
29.304000,0.1171880
29.312000,0.1171880
29.320000,0.1172413
29.328000,0.1171880
29.336000,0.1172413
29.344000,0.1172947
29.352000,0.1172947
29.360000,0.1172413
29.368000,0.1171880
29.376000,0.1171880
29.384000,0.1171346
29.392000,0.1170813
29.400000,0.1171880
29.408000,0.1172413
29.416000,0.1171880
29.424000,0.1171880
29.432000,0.1172413
29.440000,0.1173480
29.448000,0.1173480
29.456000,0.1172413
29.464000,0.1172413
29.472000,0.1172947
29.480000,0.1172947
29.488000,0.1172947
29.496000,0.1173480
29.504000,0.1172413
29.512000,0.1172413
29.520000,0.1172947
29.528000,0.1172947
29.536000,0.1171880
29.544000,0.1172413
29.552000,0.1171880
29.560000,0.1171880
29.568000,0.1171880
29.576000,0.1172413
29.584000,0.1172413
29.592000,0.1172413
29.600000,0.1172413
29.608000,0.1172947
29.616000,0.1173480
29.624000,0.1173480
29.632000,0.1172947
29.640000,0.1172413
29.648000,0.1172413
29.656000,0.1172947
29.664000,0.1172947
29.672000,0.1172413
29.680000,0.1171880
29.688000,0.1172413
29.696000,0.1172413
29.704000,0.1172947
29.712000,0.1172947
29.720000,0.1171880
29.728000,0.1171880
29.736000,0.1171880
29.744000,0.1172413
29.752000,0.1172413
29.760000,0.1172413
29.768000,0.1172947
29.776000,0.1172947
29.784000,0.1172413
29.792000,0.1172947
29.800000,0.1172413
29.808000,0.1171880
29.816000,0.1171880
29.824000,0.1172413
29.832000,0.1172413
29.840000,0.1172413
29.848000,0.1172413
29.856000,0.1172413
29.864000,0.1172413
29.872000,0.1172413
29.880000,0.1173480
29.888000,0.1173480
29.896000,0.1172947
29.904000,0.1172947
29.912000,0.1173480
29.920000,0.1173480
29.928000,0.1172947
29.936000,0.1172947
29.944000,0.1172947
29.952000,0.1172947
29.960000,0.1172413
29.968000,0.1172413
29.976000,0.1172947
29.984000,0.1172947
29.992000,0.1172947
30.000000,0.1172947
30.008000,0.1173480
30.016000,0.1172413
30.024000,0.1171880
30.032000,0.1171346
30.040000,0.1172413
30.048000,0.1171880
30.056000,0.1172413
30.064000,0.1172947
30.072000,0.1173480
30.080000,0.1173480
30.088000,0.1172947
30.096000,0.1171880
30.104000,0.1172413
30.112000,0.1172947
30.120000,0.1172947
30.128000,0.1172947
30.136000,0.1172413
30.144000,0.1172947
30.152000,0.1172947
30.160000,0.1172413
30.168000,0.1172413
30.176000,0.1172947
30.184000,0.1172947
30.192000,0.1172947
30.200000,0.1172413
30.208000,0.1172947
30.216000,0.1172413
30.224000,0.1171880
30.232000,0.1171880
30.240000,0.1172413
30.248000,0.1172947
30.256000,0.1172947
30.264000,0.1172413
30.272000,0.1172413
30.280000,0.1172947
30.288000,0.1173480
30.296000,0.1172413
30.304000,0.1171880
30.312000,0.1171346
30.320000,0.1171880
30.328000,0.1172947
30.336000,0.1173480
30.344000,0.1173480
30.352000,0.1173480
30.360000,0.1172947
30.368000,0.1172413
30.376000,0.1172413
30.384000,0.1172947
30.392000,0.1172947
30.400000,0.1172947
30.408000,0.1172947
30.416000,0.1172947
30.424000,0.1173480
30.432000,0.1173480
30.440000,0.1172947
30.448000,0.1173480
30.456000,0.1173480
30.464000,0.1172413
30.472000,0.1172413
30.480000,0.1172947
30.488000,0.1173480
30.496000,0.1173480
30.504000,0.1173480
30.512000,0.1172947
30.520000,0.1172413
30.528000,0.1172413
30.536000,0.1172947
30.544000,0.1172947
30.552000,0.1171880
30.560000,0.1172413
30.568000,0.1172413
30.576000,0.1172413
30.584000,0.1171880
30.592000,0.1171346
30.600000,0.1171346
30.608000,0.1172413
30.616000,0.1171880
30.624000,0.1172413
30.632000,0.1172947
30.640000,0.1172947
30.648000,0.1172413
30.656000,0.1172413
30.664000,0.1172413
30.672000,0.1172947
30.680000,0.1172413
30.688000,0.1172947
30.696000,0.1172413
30.704000,0.1172413
30.712000,0.1172413
30.720000,0.1172947
30.728000,0.1172413
30.736000,0.1171346
30.744000,0.1172413
30.752000,0.1172413
30.760000,0.1171880
30.768000,0.1171346
30.776000,0.1171346
30.784000,0.1172947
30.792000,0.1172947
30.800000,0.1172413
30.808000,0.1172413
30.816000,0.1172947
30.824000,0.1172947
30.832000,0.1172413
30.840000,0.1171880
30.848000,0.1172947
30.856000,0.1172413
30.864000,0.1171880
30.872000,0.1171880
30.880000,0.1171880
30.888000,0.1172413
30.896000,0.1172413
30.904000,0.1172413
30.912000,0.1171880
30.920000,0.1171346
30.928000,0.1171880
30.936000,0.1171880
30.944000,0.1171880
30.952000,0.1172947
30.960000,0.1172947
30.968000,0.1172947
30.976000,0.1172413
30.984000,0.1172413
30.992000,0.1172413
31.000000,0.1171880
31.008000,0.1172413
31.016000,0.1172947
31.024000,0.1172947
31.032000,0.1172413
31.040000,0.1172413
31.048000,0.1172413
31.056000,0.1172413
31.064000,0.1172947
31.072000,0.1172413
31.080000,0.1172413
31.088000,0.1172413
31.096000,0.1172413
31.104000,0.1172413
31.112000,0.1172413
31.120000,0.1171880
31.128000,0.1171880
31.136000,0.1171880
31.144000,0.1171880
31.152000,0.1171880
31.160000,0.1171880
31.168000,0.1171346
31.176000,0.1172413
31.184000,0.1172413
31.192000,0.1171346
31.200000,0.1171346
31.208000,0.1172413
31.216000,0.1172947
31.224000,0.1172947
31.232000,0.1172947
31.240000,0.1172413
31.248000,0.1172947
31.256000,0.1172413
31.264000,0.1171880
31.272000,0.1171880
31.280000,0.1171880
31.288000,0.1172413
31.296000,0.1172413
31.304000,0.1171880
31.312000,0.1171880
31.320000,0.1172413
31.328000,0.1171880
31.336000,0.1172413
31.344000,0.1171880
31.352000,0.1172413
31.360000,0.1172413
31.368000,0.1172413
31.376000,0.1171346
31.384000,0.1171346
31.392000,0.1171880
31.400000,0.1171880
31.408000,0.1171880
31.416000,0.1172413
31.424000,0.1172947
31.432000,0.1171880
31.440000,0.1171346
31.448000,0.1172413
31.456000,0.1171880
31.464000,0.1171880
31.472000,0.1171880
31.480000,0.1171880
31.488000,0.1172413
31.496000,0.1171880
31.504000,0.1171880
31.512000,0.1172947
31.520000,0.1172947
31.528000,0.1172413
31.536000,0.1170813
31.544000,0.1171346
31.552000,0.1171880
31.560000,0.1172413
31.568000,0.1172413
31.576000,0.1172413
31.584000,0.1172947
31.592000,0.1172413
31.600000,0.1172413
31.608000,0.1171880
31.616000,0.1171880
31.624000,0.1171880
31.632000,0.1172413
31.640000,0.1172413
31.648000,0.1171880
31.656000,0.1171880
31.664000,0.1171346
31.672000,0.1171346
31.680000,0.1171880
31.688000,0.1172413
31.696000,0.1172413
31.704000,0.1172413
31.712000,0.1172413
31.720000,0.1171880
31.728000,0.1171880
31.736000,0.1172413
31.744000,0.1172413
31.752000,0.1171880
31.760000,0.1171880
31.768000,0.1171880
31.776000,0.1171880
31.784000,0.1172413
31.792000,0.1171880
31.800000,0.1171880
31.808000,0.1171346
31.816000,0.1171346
31.824000,0.1171346
31.832000,0.1171880
31.840000,0.1171346
31.848000,0.1171880
31.856000,0.1171880
31.864000,0.1172413
31.872000,0.1172413
31.880000,0.1171346
31.888000,0.1170813
31.896000,0.1171880
31.904000,0.1172413
31.912000,0.1171880
31.920000,0.1171346
31.928000,0.1170813
31.936000,0.1172413
31.944000,0.1172413
31.952000,0.1171880
31.960000,0.1171346
31.968000,0.1171880
31.976000,0.1171346
31.984000,0.1170813
31.992000,0.1171346
32.000000,0.1171880
32.008000,0.1172413
32.016000,0.1171346
32.024000,0.1171346
32.032000,0.1172413
32.040000,0.1172413
32.048000,0.1171880
32.056000,0.1172413
32.064000,0.1171880
32.072000,0.1171880
32.080000,0.1171880
32.088000,0.1171880
32.096000,0.1171346
32.104000,0.1171880
32.112000,0.1170813
32.120000,0.1171346
32.128000,0.1171880
32.136000,0.1171880
32.144000,0.1171880
32.152000,0.1171880
32.160000,0.1171880
32.168000,0.1171880
32.176000,0.1171880
32.184000,0.1170813
32.192000,0.1171880
32.200000,0.1171880
32.208000,0.1170813
32.216000,0.1171346
32.224000,0.1171346
32.232000,0.1170813
32.240000,0.1170813
32.248000,0.1171346
32.256000,0.1171346
32.264000,0.1171346
32.272000,0.1171346
32.280000,0.1170813
32.288000,0.1170813
32.296000,0.1171346
32.304000,0.1170813
32.312000,0.1171346
32.320000,0.1171880
32.328000,0.1171880
32.336000,0.1171880
32.344000,0.1170813
32.352000,0.1170280
32.360000,0.1171346
32.368000,0.1171346
32.376000,0.1171346
32.384000,0.1170813
32.392000,0.1171346
32.400000,0.1171346
32.408000,0.1170813
32.416000,0.1170813
32.424000,0.1170813
32.432000,0.1170813
32.440000,0.1170280
32.448000,0.1170280
32.456000,0.1170813
32.464000,0.1171346
32.472000,0.1171880
32.480000,0.1171880
32.488000,0.1170813
32.496000,0.1170813
32.504000,0.1171346
32.512000,0.1171346
32.520000,0.1170813
32.528000,0.1170813
32.536000,0.1171346
32.544000,0.1170813
32.552000,0.1170280
32.560000,0.1171346
32.568000,0.1171346
32.576000,0.1170280
32.584000,0.1169746
32.592000,0.1169746
32.600000,0.1170813
32.608000,0.1170813
32.616000,0.1170813
32.624000,0.1170280
32.632000,0.1170280
32.640000,0.1170813
32.648000,0.1170813
32.656000,0.1170813
32.664000,0.1170813
32.672000,0.1170280
32.680000,0.1170280
32.688000,0.1169746
32.696000,0.1169746
32.704000,0.1170813
32.712000,0.1170813
32.720000,0.1170813
32.728000,0.1170280
32.736000,0.1170280
32.744000,0.1170813
32.752000,0.1171346
32.760000,0.1170813
32.768000,0.1170813
32.776000,0.1170280
32.784000,0.1170280
32.792000,0.1170813
32.800000,0.1170813
32.808000,0.1170813
32.816000,0.1170813
32.824000,0.1170813
32.832000,0.1171346
32.840000,0.1171880
32.848000,0.1171346
32.856000,0.1170813
32.864000,0.1170813
32.872000,0.1171346
32.880000,0.1171346
32.888000,0.1171346
32.896000,0.1170280
32.904000,0.1169746
32.912000,0.1169746
32.920000,0.1169746
32.928000,0.1169213
32.936000,0.1169746
32.944000,0.1169746
32.952000,0.1169746
32.960000,0.1170280
32.968000,0.1170280
32.976000,0.1170813
32.984000,0.1171346
32.992000,0.1171346
33.000000,0.1170813
33.008000,0.1170813
33.016000,0.1170813
33.024000,0.1171880
33.032000,0.1171346
33.040000,0.1170813
33.048000,0.1170280
33.056000,0.1169746
33.064000,0.1170280
33.072000,0.1170280
33.080000,0.1170280
33.088000,0.1170813
33.096000,0.1171346
33.104000,0.1171346
33.112000,0.1170280
33.120000,0.1170280
33.128000,0.1170280
33.136000,0.1169746
33.144000,0.1169213
33.152000,0.1169213
33.160000,0.1169213
33.168000,0.1170280
33.176000,0.1171346
33.184000,0.1171880
33.192000,0.1170280
33.200000,0.1169746
33.208000,0.1169746
33.216000,0.1169213
33.224000,0.1169213
33.232000,0.1169746
33.240000,0.1170280
33.248000,0.1169746
33.256000,0.1169213
33.264000,0.1169746
33.272000,0.1169746
33.280000,0.1169746
33.288000,0.1169746
33.296000,0.1169746
33.304000,0.1169213
33.312000,0.1168679
33.320000,0.1168679
33.328000,0.1170280
33.336000,0.1170280
33.344000,0.1169746
33.352000,0.1170280
33.360000,0.1169746
33.368000,0.1169746
33.376000,0.1170280
33.384000,0.1170280
33.392000,0.1170280
33.400000,0.1169746
33.408000,0.1169213
33.416000,0.1169213
33.424000,0.1169746
33.432000,0.1169746
33.440000,0.1169746
33.448000,0.1169213
33.456000,0.1169213
33.464000,0.1169213
33.472000,0.1169746
33.480000,0.1169746
33.488000,0.1168679
33.496000,0.1168679
33.504000,0.1169213
33.512000,0.1169213
33.520000,0.1169213
33.528000,0.1169213
33.536000,0.1169746
33.544000,0.1169746
33.552000,0.1169213
33.560000,0.1168679
33.568000,0.1169213
33.576000,0.1169746
33.584000,0.1169213
33.592000,0.1169213
33.600000,0.1169213
33.608000,0.1169746
33.616000,0.1169746
33.624000,0.1169213
33.632000,0.1169213
33.640000,0.1169213
33.648000,0.1170280
33.656000,0.1170280
33.664000,0.1169746
33.672000,0.1169213
33.680000,0.1169213
33.688000,0.1169746
33.696000,0.1169213
33.704000,0.1169746
33.712000,0.1169746
33.720000,0.1169746
33.728000,0.1169746
33.736000,0.1169746
33.744000,0.1169213
33.752000,0.1168679
33.760000,0.1169213
33.768000,0.1169213
33.776000,0.1168679
33.784000,0.1168146
33.792000,0.1168146
33.800000,0.1167613
33.808000,0.1167613
33.816000,0.1169213
33.824000,0.1169213
33.832000,0.1169213
33.840000,0.1168679
33.848000,0.1169213
33.856000,0.1168146
33.864000,0.1168146
33.872000,0.1168679
33.880000,0.1169213
33.888000,0.1168679
33.896000,0.1169213
33.904000,0.1168679
33.912000,0.1169213
33.920000,0.1168146
33.928000,0.1168679
33.936000,0.1168679
33.944000,0.1168679
33.952000,0.1168146
33.960000,0.1167079
33.968000,0.1168679
33.976000,0.1168679
33.984000,0.1168146
33.992000,0.1168146
34.000000,0.1168146
34.008000,0.1168679
34.016000,0.1168146
34.024000,0.1168146
34.032000,0.1168679
34.040000,0.1168679
34.048000,0.1168146
34.056000,0.1169213
34.064000,0.1169213
34.072000,0.1168679
34.080000,0.1168146
34.088000,0.1168679
34.096000,0.1168679
34.104000,0.1168146
34.112000,0.1168679
34.120000,0.1169213
34.128000,0.1168146
34.136000,0.1168146
34.144000,0.1167613
34.152000,0.1167613
34.160000,0.1168146
34.168000,0.1168146
34.176000,0.1169213
34.184000,0.1169213
34.192000,0.1168146
34.200000,0.1167613
34.208000,0.1167613
34.216000,0.1168146
34.224000,0.1168146
34.232000,0.1167613
34.240000,0.1167079
34.248000,0.1167613
34.256000,0.1168146
34.264000,0.1167613
34.272000,0.1168146
34.280000,0.1168146
34.288000,0.1168679
34.296000,0.1168679
34.304000,0.1168146
34.312000,0.1167613
34.320000,0.1167613
34.328000,0.1168146
34.336000,0.1167613
34.344000,0.1167613
34.352000,0.1168146
34.360000,0.1167613
34.368000,0.1166546
34.376000,0.1166546
34.384000,0.1167613
34.392000,0.1168679
34.400000,0.1168146
34.408000,0.1167079
34.416000,0.1167079
34.424000,0.1167613
34.432000,0.1167079
34.440000,0.1167613
34.448000,0.1167613
34.456000,0.1167613
34.464000,0.1167613
34.472000,0.1167079
34.480000,0.1167613
34.488000,0.1167613
34.496000,0.1167613
34.504000,0.1166546
34.512000,0.1167613
34.520000,0.1168146
34.528000,0.1168146
34.536000,0.1167613
34.544000,0.1168679
34.552000,0.1168679
34.560000,0.1167613
34.568000,0.1167613
34.576000,0.1167613
34.584000,0.1168146
34.592000,0.1167079
34.600000,0.1167079
34.608000,0.1167079
34.616000,0.1167079
34.624000,0.1166546
34.632000,0.1167613
34.640000,0.1168146
34.648000,0.1167613
34.656000,0.1166546
34.664000,0.1166546
34.672000,0.1167613
34.680000,0.1167613
34.688000,0.1167079
34.696000,0.1167613
34.704000,0.1168146
34.712000,0.1167613
34.720000,0.1167613
34.728000,0.1167613
34.736000,0.1167079
34.744000,0.1166546
34.752000,0.1166546
34.760000,0.1167079
34.768000,0.1167079
34.776000,0.1168146
34.784000,0.1167613
34.792000,0.1167079
34.800000,0.1167079
34.808000,0.1167079
34.816000,0.1167613
34.824000,0.1167079
34.832000,0.1167613
34.840000,0.1166546
34.848000,0.1166546
34.856000,0.1167079
34.864000,0.1167613
34.872000,0.1167613
34.880000,0.1167079
34.888000,0.1166546
34.896000,0.1167079
34.904000,0.1168146
34.912000,0.1167613
34.920000,0.1166546
34.928000,0.1167079
34.936000,0.1167613
34.944000,0.1167079
34.952000,0.1167079
34.960000,0.1166546
34.968000,0.1166546
34.976000,0.1166546
34.984000,0.1167079
34.992000,0.1166546
35.000000,0.1166546
35.008000,0.1166546
35.016000,0.1166012
35.024000,0.1166546
35.032000,0.1167079
35.040000,0.1166546
35.048000,0.1166546
35.056000,0.1166546
35.064000,0.1165479
35.072000,0.1166546
35.080000,0.1167613
35.088000,0.1167613
35.096000,0.1166546
35.104000,0.1166012
35.112000,0.1166546
35.120000,0.1166012
35.128000,0.1166546
35.136000,0.1166012
35.144000,0.1166546
35.152000,0.1167079
35.160000,0.1166546
35.168000,0.1166012
35.176000,0.1166012
35.184000,0.1166546
35.192000,0.1166546
35.200000,0.1166546
35.208000,0.1166546
35.216000,0.1167079
35.224000,0.1166546
35.232000,0.1166012
35.240000,0.1166012
35.248000,0.1166546
35.256000,0.1166012
35.264000,0.1166012
35.272000,0.1166546
35.280000,0.1166012
35.288000,0.1166546
35.296000,0.1166546
35.304000,0.1166012
35.312000,0.1166012
35.320000,0.1166012
35.328000,0.1166546
35.336000,0.1166546
35.344000,0.1166546
35.352000,0.1166012
35.360000,0.1164946
35.368000,0.1165479
35.376000,0.1166012
35.384000,0.1166546
35.392000,0.1165479
35.400000,0.1165479
35.408000,0.1166012
35.416000,0.1167079
35.424000,0.1167079
35.432000,0.1166012
35.440000,0.1166012
35.448000,0.1166546
35.456000,0.1165479
35.464000,0.1165479
35.472000,0.1165479
35.480000,0.1165479
35.488000,0.1165479
35.496000,0.1166012
35.504000,0.1166012
35.512000,0.1166012
35.520000,0.1164946
35.528000,0.1165479
35.536000,0.1165479
35.544000,0.1166012
35.552000,0.1165479
35.560000,0.1165479
35.568000,0.1165479
35.576000,0.1164946
35.584000,0.1164946
35.592000,0.1164946
35.600000,0.1164946
35.608000,0.1164946
35.616000,0.1165479
35.624000,0.1166546
35.632000,0.1167079
35.640000,0.1166012
35.648000,0.1165479
35.656000,0.1165479
35.664000,0.1164946
35.672000,0.1163879
35.680000,0.1163879
35.688000,0.1164946
35.696000,0.1164946
35.704000,0.1164412
35.712000,0.1164412
35.720000,0.1163879
35.728000,0.1163879
35.736000,0.1164412
35.744000,0.1164412
35.752000,0.1164946
35.760000,0.1164412
35.768000,0.1164946
35.776000,0.1165479
35.784000,0.1164946
35.792000,0.1163879
35.800000,0.1164412
35.808000,0.1164412
35.816000,0.1164946
35.824000,0.1164946
35.832000,0.1164946
35.840000,0.1164412
35.848000,0.1164412
35.856000,0.1164412
35.864000,0.1164412
35.872000,0.1164412
35.880000,0.1163345
35.888000,0.1163345
35.896000,0.1163879
35.904000,0.1164412
35.912000,0.1164946
35.920000,0.1164946
35.928000,0.1164412
35.936000,0.1164946
35.944000,0.1164412
35.952000,0.1163879
35.960000,0.1163879
35.968000,0.1164412
35.976000,0.1163879
35.984000,0.1163879
35.992000,0.1163345
36.000000,0.1163345
36.008000,0.1163879
36.016000,0.1163879
36.024000,0.1164946
36.032000,0.1164946
36.040000,0.1164412
36.048000,0.1163345
36.056000,0.1162812
36.064000,0.1162812
36.072000,0.1163345
36.080000,0.1163879
36.088000,0.1163345
36.096000,0.1163879
36.104000,0.1163879
36.112000,0.1164412
36.120000,0.1164412
36.128000,0.1163879
36.136000,0.1164412
36.144000,0.1164412
36.152000,0.1163879
36.160000,0.1163879
36.168000,0.1164946
36.176000,0.1164946
36.184000,0.1164412
36.192000,0.1164412
36.200000,0.1163879
36.208000,0.1163345
36.216000,0.1163879
36.224000,0.1163879
36.232000,0.1163879
36.240000,0.1163345
36.248000,0.1163879
36.256000,0.1164412
36.264000,0.1164412
36.272000,0.1164412
36.280000,0.1164412
36.288000,0.1164412
36.296000,0.1164412
36.304000,0.1164946
36.312000,0.1163879
36.320000,0.1163879
36.328000,0.1163345
36.336000,0.1162812
36.344000,0.1163345
36.352000,0.1162812
36.360000,0.1163345
36.368000,0.1164412
36.376000,0.1163879
36.384000,0.1163879
36.392000,0.1163879
36.400000,0.1163345
36.408000,0.1163879
36.416000,0.1163879
36.424000,0.1163345
36.432000,0.1162812
36.440000,0.1162812
36.448000,0.1163345
36.456000,0.1163345
36.464000,0.1162812
36.472000,0.1163345
36.480000,0.1163345
36.488000,0.1162812
36.496000,0.1162812
36.504000,0.1162812
36.512000,0.1163345
36.520000,0.1163345
36.528000,0.1162812
36.536000,0.1162812
36.544000,0.1162812
36.552000,0.1163345
36.560000,0.1163879
36.568000,0.1163345
36.576000,0.1162812
36.584000,0.1162812
36.592000,0.1162279
36.600000,0.1162279
36.608000,0.1162279
36.616000,0.1161745
36.624000,0.1162812
36.632000,0.1163879
36.640000,0.1163345
36.648000,0.1163345
36.656000,0.1162812
36.664000,0.1162812
36.672000,0.1162812
36.680000,0.1162812
36.688000,0.1162812
36.696000,0.1162812
36.704000,0.1162279
36.712000,0.1162279
36.720000,0.1162279
36.728000,0.1162279
36.736000,0.1162279
36.744000,0.1162812
36.752000,0.1162279
36.760000,0.1161745
36.768000,0.1162279
36.776000,0.1161745
36.784000,0.1161745
36.792000,0.1162812
36.800000,0.1162812
36.808000,0.1162812
36.816000,0.1162812
36.824000,0.1162279
36.832000,0.1161745
36.840000,0.1161745
36.848000,0.1162279
36.856000,0.1162279
36.864000,0.1162279
36.872000,0.1161745
36.880000,0.1161745
36.888000,0.1161745
36.896000,0.1162279
36.904000,0.1162279
36.912000,0.1161745
36.920000,0.1161745
36.928000,0.1162279
36.936000,0.1162279
36.944000,0.1162279
36.952000,0.1161745
36.960000,0.1162812
36.968000,0.1162279
36.976000,0.1161212
36.984000,0.1161745
36.992000,0.1160678
37.000000,0.1161212
37.008000,0.1161745
37.016000,0.1162279
37.024000,0.1162279
37.032000,0.1161745
37.040000,0.1161745
37.048000,0.1161745
37.056000,0.1161212
37.064000,0.1162279
37.072000,0.1161745
37.080000,0.1161745
37.088000,0.1161745
37.096000,0.1161745
37.104000,0.1161745
37.112000,0.1162279
37.120000,0.1162279
37.128000,0.1161745
37.136000,0.1161212
37.144000,0.1161212
37.152000,0.1161212
37.160000,0.1161745
37.168000,0.1161745
37.176000,0.1161212
37.184000,0.1161212
37.192000,0.1161212
37.200000,0.1161212
37.208000,0.1161745
37.216000,0.1161212
37.224000,0.1161745
37.232000,0.1161212
37.240000,0.1161212
37.248000,0.1161212
37.256000,0.1161212
37.264000,0.1160678
37.272000,0.1160145
37.280000,0.1160145
37.288000,0.1160678
37.296000,0.1161212
37.304000,0.1161212
37.312000,0.1160678
37.320000,0.1161212
37.328000,0.1161212
37.336000,0.1160678
37.344000,0.1161212
37.352000,0.1161212
37.360000,0.1160678
37.368000,0.1161212
37.376000,0.1161212
37.384000,0.1160678
37.392000,0.1161212
37.400000,0.1161745
37.408000,0.1161212
37.416000,0.1160678
37.424000,0.1160678
37.432000,0.1160145
37.440000,0.1160678
37.448000,0.1161212
37.456000,0.1162279
37.464000,0.1161212
37.472000,0.1160678
37.480000,0.1160145
37.488000,0.1160678
37.496000,0.1160678
37.504000,0.1160678
37.512000,0.1160145
37.520000,0.1160145
37.528000,0.1160678
37.536000,0.1159612
37.544000,0.1159612
37.552000,0.1161212
37.560000,0.1161212
37.568000,0.1161745
37.576000,0.1161745
37.584000,0.1161212
37.592000,0.1161212
37.600000,0.1160145
37.608000,0.1160145
37.616000,0.1160145
37.624000,0.1160145
37.632000,0.1160145
37.640000,0.1159612
37.648000,0.1159612
37.656000,0.1160145
37.664000,0.1160678
37.672000,0.1160678
37.680000,0.1160145
37.688000,0.1160678
37.696000,0.1159612
37.704000,0.1159612
37.712000,0.1159612
37.720000,0.1160145
37.728000,0.1159612
37.736000,0.1159612
37.744000,0.1160145
37.752000,0.1159612
37.760000,0.1159078
37.768000,0.1159078
37.776000,0.1159078
37.784000,0.1159612
37.792000,0.1160145
37.800000,0.1160145
37.808000,0.1160145
37.816000,0.1160678
37.824000,0.1160678
37.832000,0.1160678
37.840000,0.1159612
37.848000,0.1159078
37.856000,0.1159612
37.864000,0.1159612
37.872000,0.1159078
37.880000,0.1159078
37.888000,0.1159612
37.896000,0.1159078
37.904000,0.1159078
37.912000,0.1160145
37.920000,0.1159612
37.928000,0.1159078
37.936000,0.1159078
37.944000,0.1159612
37.952000,0.1159612
37.960000,0.1159078
37.968000,0.1158545
37.976000,0.1159078
37.984000,0.1159612
37.992000,0.1158545
38.000000,0.1159078
38.008000,0.1159078
38.016000,0.1159078
38.024000,0.1159612
38.032000,0.1159612
38.040000,0.1160145
38.048000,0.1160145
38.056000,0.1159078
38.064000,0.1158011
38.072000,0.1158545
38.080000,0.1159612
38.088000,0.1160145
38.096000,0.1159612
38.104000,0.1158545
38.112000,0.1158545
38.120000,0.1159078
38.128000,0.1159612
38.136000,0.1159612
38.144000,0.1158545
38.152000,0.1158011
38.160000,0.1159612
38.168000,0.1159612
38.176000,0.1159612
38.184000,0.1159612
38.192000,0.1159612
38.200000,0.1159612
38.208000,0.1158545
38.216000,0.1159078
38.224000,0.1159612
38.232000,0.1159612
38.240000,0.1159078
38.248000,0.1159078
38.256000,0.1159078
38.264000,0.1159078
38.272000,0.1159078
38.280000,0.1159078
38.288000,0.1159078
38.296000,0.1159078
38.304000,0.1159078
38.312000,0.1159078
38.320000,0.1158545
38.328000,0.1158545
38.336000,0.1158545
38.344000,0.1158011
38.352000,0.1158011
38.360000,0.1158545
38.368000,0.1158545
38.376000,0.1159078
38.384000,0.1158545
38.392000,0.1158545
38.400000,0.1158011
38.408000,0.1159612
38.416000,0.1159078
38.424000,0.1158545
38.432000,0.1158011
38.440000,0.1157211
38.448000,0.1158011
38.456000,0.1158545
38.464000,0.1158011
38.472000,0.1158545
38.480000,0.1158011
38.488000,0.1158011
38.496000,0.1159078
38.504000,0.1159078
38.512000,0.1158545
38.520000,0.1158011
38.528000,0.1156678
38.536000,0.1157211
38.544000,0.1158011
38.552000,0.1157211
38.560000,0.1159078
38.568000,0.1158545
38.576000,0.1158545
38.584000,0.1158545
38.592000,0.1158011
38.600000,0.1158545
38.608000,0.1158545
38.616000,0.1158011
38.624000,0.1158011
38.632000,0.1158545
38.640000,0.1157211
38.648000,0.1157211
38.656000,0.1157211
38.664000,0.1158011
38.672000,0.1157211
38.680000,0.1157211
38.688000,0.1158011
38.696000,0.1158011
38.704000,0.1158011
38.712000,0.1157211
38.720000,0.1157211
38.728000,0.1157211
38.736000,0.1156678
38.744000,0.1156145
38.752000,0.1155611
38.760000,0.1156678
38.768000,0.1158011
38.776000,0.1158545
38.784000,0.1158545
38.792000,0.1156678
38.800000,0.1156145
38.808000,0.1156678
38.816000,0.1157211
38.824000,0.1158011
38.832000,0.1157211
38.840000,0.1157211
38.848000,0.1156678
38.856000,0.1156678
38.864000,0.1156678
38.872000,0.1156145
38.880000,0.1156678
38.888000,0.1157211
38.896000,0.1157211
38.904000,0.1156678
38.912000,0.1156678
38.920000,0.1156678
38.928000,0.1156145
38.936000,0.1156145
38.944000,0.1156145
38.952000,0.1156145
38.960000,0.1156678
38.968000,0.1156678
38.976000,0.1156678
38.984000,0.1157211
38.992000,0.1157211
39.000000,0.1156678
39.008000,0.1155611
39.016000,0.1155611
39.024000,0.1156145
39.032000,0.1156145
39.040000,0.1155611
39.048000,0.1155078
39.056000,0.1155611
39.064000,0.1156678
39.072000,0.1156678
39.080000,0.1156145
39.088000,0.1155611
39.096000,0.1155611
39.104000,0.1155078
39.112000,0.1155078
39.120000,0.1155611
39.128000,0.1155611
39.136000,0.1156145
39.144000,0.1156145
39.152000,0.1155611
39.160000,0.1155611
39.168000,0.1155078
39.176000,0.1155611
39.184000,0.1156145
39.192000,0.1156145
39.200000,0.1156145
39.208000,0.1156145
39.216000,0.1155611
39.224000,0.1155078
39.232000,0.1155611
39.240000,0.1155611
39.248000,0.1155611
39.256000,0.1155078
39.264000,0.1156145
39.272000,0.1157211
39.280000,0.1157211
39.288000,0.1156145
39.296000,0.1155078
39.304000,0.1156145
39.312000,0.1156145
39.320000,0.1155611
39.328000,0.1156145
39.336000,0.1156678
39.344000,0.1156678
39.352000,0.1155611
39.360000,0.1156145
39.368000,0.1156145
39.376000,0.1156145
39.384000,0.1156145
39.392000,0.1155611
39.400000,0.1155078
39.408000,0.1156145
39.416000,0.1156678
39.424000,0.1156145
39.432000,0.1155611
39.440000,0.1155611
39.448000,0.1154544
39.456000,0.1155078
39.464000,0.1155611
39.472000,0.1155611
39.480000,0.1155611
39.488000,0.1155611
39.496000,0.1155078
39.504000,0.1154544
39.512000,0.1155078
39.520000,0.1155611
39.528000,0.1156145
39.536000,0.1155078
39.544000,0.1156145
39.552000,0.1157211
39.560000,0.1155611
39.568000,0.1154544
39.576000,0.1155078
39.584000,0.1155078
39.592000,0.1155078
39.600000,0.1154544
39.608000,0.1154544
39.616000,0.1155078
39.624000,0.1155078
39.632000,0.1154544
39.640000,0.1154544
39.648000,0.1154544
39.656000,0.1155078
39.664000,0.1155078
39.672000,0.1155078
39.680000,0.1154011
39.688000,0.1153477
39.696000,0.1154011
39.704000,0.1155078
39.712000,0.1155078
39.720000,0.1155078
39.728000,0.1155611
39.736000,0.1154544
39.744000,0.1153477
39.752000,0.1153477
39.760000,0.1154011
39.768000,0.1155078
39.776000,0.1154544
39.784000,0.1154544
39.792000,0.1155078
39.800000,0.1155611
39.808000,0.1154544
39.816000,0.1154544
39.824000,0.1154011
39.832000,0.1154011
39.840000,0.1154011
39.848000,0.1154544
39.856000,0.1155078
39.864000,0.1154011
39.872000,0.1154011
39.880000,0.1154544
39.888000,0.1154544
39.896000,0.1154011
39.904000,0.1153477
39.912000,0.1153477
39.920000,0.1153477
39.928000,0.1154011
39.936000,0.1154011
39.944000,0.1154011
39.952000,0.1154011
39.960000,0.1152944
39.968000,0.1152944
39.976000,0.1153477
39.984000,0.1154011
39.992000,0.1153477
40.000000,0.1154011
40.008000,0.1154544
40.016000,0.1154544
40.024000,0.1154544
40.032000,0.1153477
40.040000,0.1154011
40.048000,0.1154544
40.056000,0.1154011
40.064000,0.1153477
40.072000,0.1153477
40.080000,0.1154544
40.088000,0.1153477
40.096000,0.1153477
40.104000,0.1153477
40.112000,0.1152944
40.120000,0.1153477
40.128000,0.1154011
40.136000,0.1154011
40.144000,0.1154011
40.152000,0.1153477
40.160000,0.1153477
40.168000,0.1153477
40.176000,0.1152944
40.184000,0.1153477
40.192000,0.1154011
40.200000,0.1154011
40.208000,0.1153477
40.216000,0.1153477
40.224000,0.1154011
40.232000,0.1153477
40.240000,0.1152944
40.248000,0.1153477
40.256000,0.1153477
40.264000,0.1152944
40.272000,0.1152411
40.280000,0.1152411
40.288000,0.1153477
40.296000,0.1153477
40.304000,0.1154011
40.312000,0.1153477
40.320000,0.1153477
40.328000,0.1153477
40.336000,0.1153477
40.344000,0.1152944
40.352000,0.1153477
40.360000,0.1153477
40.368000,0.1154011
40.376000,0.1154011
40.384000,0.1154544
40.392000,0.1154011
40.400000,0.1153477
40.408000,0.1152944
40.416000,0.1152944
40.424000,0.1153477
40.432000,0.1153477
40.440000,0.1154011
40.448000,0.1153477
40.456000,0.1152411
40.464000,0.1152411
40.472000,0.1151877
40.480000,0.1152411
40.488000,0.1152411
40.496000,0.1152411
40.504000,0.1152944
40.512000,0.1152944
40.520000,0.1152944
40.528000,0.1153477
40.536000,0.1153477
40.544000,0.1152411
40.552000,0.1152411
40.560000,0.1152944
40.568000,0.1152944
40.576000,0.1152944
40.584000,0.1152411
40.592000,0.1151877
40.600000,0.1152411
40.608000,0.1152411
40.616000,0.1151877
40.624000,0.1152411
40.632000,0.1152944
40.640000,0.1152944
40.648000,0.1152944
40.656000,0.1151877
40.664000,0.1151877
40.672000,0.1152411
40.680000,0.1152944
40.688000,0.1152944
40.696000,0.1152944
40.704000,0.1152411
40.712000,0.1152411
40.720000,0.1152411
40.728000,0.1153477
40.736000,0.1152944
40.744000,0.1152411
40.752000,0.1152411
40.760000,0.1152411
40.768000,0.1151877
40.776000,0.1151877
40.784000,0.1151877
40.792000,0.1151877
40.800000,0.1151344
40.808000,0.1151344
40.816000,0.1151344
40.824000,0.1150811
40.832000,0.1151344
40.840000,0.1151877
40.848000,0.1151877
40.856000,0.1152411
40.864000,0.1152411
40.872000,0.1152411
40.880000,0.1152944
40.888000,0.1152411
40.896000,0.1152411
40.904000,0.1152411
40.912000,0.1151877
40.920000,0.1152411
40.928000,0.1151877
40.936000,0.1151877
40.944000,0.1151877
40.952000,0.1152411
40.960000,0.1151877
40.968000,0.1150277
40.976000,0.1150811
40.984000,0.1152411
40.992000,0.1152411
41.000000,0.1150811
41.008000,0.1151344
41.016000,0.1152411
41.024000,0.1151877
41.032000,0.1151344
41.040000,0.1151344
41.048000,0.1151344
41.056000,0.1151344
41.064000,0.1151344
41.072000,0.1150277
41.080000,0.1151344
41.088000,0.1151344
41.096000,0.1151344
41.104000,0.1150811
41.112000,0.1150277
41.120000,0.1150277
41.128000,0.1150277
41.136000,0.1150811
41.144000,0.1150811
41.152000,0.1150811
41.160000,0.1150811
41.168000,0.1151877
41.176000,0.1152411
41.184000,0.1151877
41.192000,0.1151344
41.200000,0.1151344
41.208000,0.1151877
41.216000,0.1150811
41.224000,0.1151344
41.232000,0.1150811
41.240000,0.1151344
41.248000,0.1151877
41.256000,0.1151877
41.264000,0.1151344
41.272000,0.1151344
41.280000,0.1151344
41.288000,0.1150811
41.296000,0.1150277
41.304000,0.1150811
41.312000,0.1150277
41.320000,0.1150277
41.328000,0.1150811
41.336000,0.1149744
41.344000,0.1149744
41.352000,0.1150277
41.360000,0.1151344
41.368000,0.1151344
41.376000,0.1151344
41.384000,0.1151344
41.392000,0.1150811
41.400000,0.1150277
41.408000,0.1150277
41.416000,0.1150811
41.424000,0.1151344
41.432000,0.1150811
41.440000,0.1150277
41.448000,0.1150277
41.456000,0.1150277
41.464000,0.1150811
41.472000,0.1151344
41.480000,0.1150811
41.488000,0.1150277
41.496000,0.1150811
41.504000,0.1150277
41.512000,0.1149744
41.520000,0.1149210
41.528000,0.1149210
41.536000,0.1149744
41.544000,0.1149744
41.552000,0.1149210
41.560000,0.1149744
41.568000,0.1150277
41.576000,0.1150811
41.584000,0.1150277
41.592000,0.1150277
41.600000,0.1150277
41.608000,0.1150277
41.616000,0.1150277
41.624000,0.1150277
41.632000,0.1149744
41.640000,0.1149744
41.648000,0.1149210
41.656000,0.1149210
41.664000,0.1149744
41.672000,0.1149744
41.680000,0.1150811
41.688000,0.1151344
41.696000,0.1150277
41.704000,0.1149744
41.712000,0.1149744
41.720000,0.1149744
41.728000,0.1149210
41.736000,0.1149744
41.744000,0.1150277
41.752000,0.1149744
41.760000,0.1149210
41.768000,0.1148677
41.776000,0.1149210
41.784000,0.1149744
41.792000,0.1149744
41.800000,0.1150277
41.808000,0.1149744
41.816000,0.1148677
41.824000,0.1148677
41.832000,0.1149210
41.840000,0.1149210
41.848000,0.1149744
41.856000,0.1149744
41.864000,0.1149744
41.872000,0.1149744
41.880000,0.1149744
41.888000,0.1149210
41.896000,0.1149210
41.904000,0.1148677
41.912000,0.1148143
41.920000,0.1148677
41.928000,0.1149210
41.936000,0.1148143
41.944000,0.1148143
41.952000,0.1148677
41.960000,0.1149744
41.968000,0.1148677
41.976000,0.1148143
41.984000,0.1148677
41.992000,0.1149210
42.000000,0.1149210
42.008000,0.1149210
42.016000,0.1149210
42.024000,0.1149210
42.032000,0.1149744
42.040000,0.1149744
42.048000,0.1149210
42.056000,0.1149210
42.064000,0.1149210
42.072000,0.1148677
42.080000,0.1148143
42.088000,0.1147610
42.096000,0.1148143
42.104000,0.1148143
42.112000,0.1148143
42.120000,0.1148677
42.128000,0.1149744
42.136000,0.1149210
42.144000,0.1149210
42.152000,0.1149210
42.160000,0.1149210
42.168000,0.1148677
42.176000,0.1148143
42.184000,0.1147610
42.192000,0.1148143
42.200000,0.1148143
42.208000,0.1148677
42.216000,0.1148677
42.224000,0.1148677
42.232000,0.1148677
42.240000,0.1149210
42.248000,0.1149210
42.256000,0.1149210
42.264000,0.1148677
42.272000,0.1148677
42.280000,0.1148677
42.288000,0.1148143
42.296000,0.1147077
42.304000,0.1147077
42.312000,0.1148143
42.320000,0.1148677
42.328000,0.1149210
42.336000,0.1148677
42.344000,0.1149210
42.352000,0.1148677
42.360000,0.1148143
42.368000,0.1148143
42.376000,0.1148677
42.384000,0.1148677
42.392000,0.1148143
42.400000,0.1148677
42.408000,0.1148677
42.416000,0.1147610
42.424000,0.1147077
42.432000,0.1147610
42.440000,0.1147610
42.448000,0.1147610
42.456000,0.1149210
42.464000,0.1148677
42.472000,0.1148143
42.480000,0.1147610
42.488000,0.1148143
42.496000,0.1148143
42.504000,0.1148143
42.512000,0.1147610
42.520000,0.1147077
42.528000,0.1147610
42.536000,0.1147077
42.544000,0.1147610
42.552000,0.1147610
42.560000,0.1147610
42.568000,0.1148677
42.576000,0.1148143
42.584000,0.1147077
42.592000,0.1147077
42.600000,0.1148143
42.608000,0.1148143
42.616000,0.1148143
42.624000,0.1147610
42.632000,0.1147610
42.640000,0.1147077
42.648000,0.1146543
42.656000,0.1147077
42.664000,0.1147610
42.672000,0.1147610
42.680000,0.1147077
42.688000,0.1146543
42.696000,0.1146543
42.704000,0.1146543
42.712000,0.1146543
42.720000,0.1147610
42.728000,0.1148143
42.736000,0.1147610
42.744000,0.1147610
42.752000,0.1147077
42.760000,0.1147077
42.768000,0.1147610
42.776000,0.1147610
42.784000,0.1146543
42.792000,0.1147077
42.800000,0.1147077
42.808000,0.1147077
42.816000,0.1147610
42.824000,0.1148143
42.832000,0.1147610
42.840000,0.1147077
42.848000,0.1147610
42.856000,0.1147077
42.864000,0.1146543
42.872000,0.1147077
42.880000,0.1146543
42.888000,0.1146010
42.896000,0.1146010
42.904000,0.1146010
42.912000,0.1146010
42.920000,0.1147077
42.928000,0.1147077
42.936000,0.1147077
42.944000,0.1147610
42.952000,0.1147077
42.960000,0.1147077
42.968000,0.1147077
42.976000,0.1147610
42.984000,0.1147077
42.992000,0.1146543
43.000000,0.1146010
43.008000,0.1146010
43.016000,0.1146543
43.024000,0.1146543
43.032000,0.1147077
43.040000,0.1147077
43.048000,0.1147077
43.056000,0.1147077
43.064000,0.1146543
43.072000,0.1147077
43.080000,0.1146543
43.088000,0.1145477
43.096000,0.1146010
43.104000,0.1146010
43.112000,0.1146543
43.120000,0.1147077
43.128000,0.1146543
43.136000,0.1145477
43.144000,0.1146543
43.152000,0.1146543
43.160000,0.1146543
43.168000,0.1146010
43.176000,0.1145477
43.184000,0.1146010
43.192000,0.1146543
43.200000,0.1146543
43.208000,0.1146010
43.216000,0.1145477
43.224000,0.1146010
43.232000,0.1146543
43.240000,0.1146543
43.248000,0.1146010
43.256000,0.1146543
43.264000,0.1146010
43.272000,0.1146010
43.280000,0.1145477
43.288000,0.1145477
43.296000,0.1144943
43.304000,0.1144943
43.312000,0.1145477
43.320000,0.1146010
43.328000,0.1146010
43.336000,0.1146010
43.344000,0.1146010
43.352000,0.1146010
43.360000,0.1144943
43.368000,0.1144410
43.376000,0.1144943
43.384000,0.1144943
43.392000,0.1144943
43.400000,0.1145477
43.408000,0.1145477
43.416000,0.1145477
43.424000,0.1145477
43.432000,0.1146010
43.440000,0.1146543
43.448000,0.1146543
43.456000,0.1146543
43.464000,0.1146010
43.472000,0.1146543
43.480000,0.1146543
43.488000,0.1146010
43.496000,0.1145477
43.504000,0.1145477
43.512000,0.1145477
43.520000,0.1145477
43.528000,0.1144943
43.536000,0.1143876
43.544000,0.1144410
43.552000,0.1145477
43.560000,0.1145477
43.568000,0.1145477
43.576000,0.1144943
43.584000,0.1144943
43.592000,0.1144410
43.600000,0.1144410
43.608000,0.1144943
43.616000,0.1144943
43.624000,0.1145477
43.632000,0.1145477
43.640000,0.1144410
43.648000,0.1144943
43.656000,0.1144943
43.664000,0.1144943
43.672000,0.1144943
43.680000,0.1144410
43.688000,0.1144410
43.696000,0.1144943
43.704000,0.1144943
43.712000,0.1144410
43.720000,0.1144410
43.728000,0.1144943
43.736000,0.1144410
43.744000,0.1144410
43.752000,0.1144943
43.760000,0.1144943
43.768000,0.1144943
43.776000,0.1144943
43.784000,0.1144410
43.792000,0.1144410
43.800000,0.1144410
43.808000,0.1144943
43.816000,0.1144943
43.824000,0.1144943
43.832000,0.1144943
43.840000,0.1144410
43.848000,0.1144410
43.856000,0.1144410
43.864000,0.1144410
43.872000,0.1144410
43.880000,0.1144410
43.888000,0.1143876
43.896000,0.1143876
43.904000,0.1144410
43.912000,0.1144943
43.920000,0.1144943
43.928000,0.1144410
43.936000,0.1143876
43.944000,0.1143343
43.952000,0.1143343
43.960000,0.1143876
43.968000,0.1144943
43.976000,0.1144943
43.984000,0.1144410
43.992000,0.1143876
44.000000,0.1143343
44.008000,0.1143343
44.016000,0.1143343
44.024000,0.1143876
44.032000,0.1143876
44.040000,0.1144410
44.048000,0.1143876
44.056000,0.1143876
44.064000,0.1144410
44.072000,0.1143876
44.080000,0.1143876
44.088000,0.1143343
44.096000,0.1143876
44.104000,0.1144410
44.112000,0.1143876
44.120000,0.1143343
44.128000,0.1144410
44.136000,0.1143876
44.144000,0.1143343
44.152000,0.1142810
44.160000,0.1143343
44.168000,0.1143876
44.176000,0.1143876
44.184000,0.1143343
44.192000,0.1142810
44.200000,0.1142810
44.208000,0.1144410
44.216000,0.1143876
44.224000,0.1144410
44.232000,0.1143876
44.240000,0.1142810
44.248000,0.1142810
44.256000,0.1143343
44.264000,0.1143343
44.272000,0.1143343
44.280000,0.1143876
44.288000,0.1143343
44.296000,0.1142810
44.304000,0.1142276
44.312000,0.1142810
44.320000,0.1142276
44.328000,0.1142276
44.336000,0.1142810
44.344000,0.1142810
44.352000,0.1142276
44.360000,0.1142810
44.368000,0.1143343
44.376000,0.1143876
44.384000,0.1143876
44.392000,0.1143876
44.400000,0.1143343
44.408000,0.1142810
44.416000,0.1142810
44.424000,0.1142810
44.432000,0.1142810
44.440000,0.1142276
44.448000,0.1142810
44.456000,0.1142810
44.464000,0.1142810
44.472000,0.1142276
44.480000,0.1142810
44.488000,0.1142810
44.496000,0.1142810
44.504000,0.1142276
44.512000,0.1142276
44.520000,0.1143343
44.528000,0.1142810
44.536000,0.1142810
44.544000,0.1142810
44.552000,0.1142810
44.560000,0.1142276
44.568000,0.1142810
44.576000,0.1142276
44.584000,0.1142276
44.592000,0.1142810
44.600000,0.1142810
44.608000,0.1142276
44.616000,0.1142810
44.624000,0.1142810
44.632000,0.1141743
44.640000,0.1141743
44.648000,0.1141209
44.656000,0.1141209
44.664000,0.1141743
44.672000,0.1141743
44.680000,0.1141743
44.688000,0.1142276
44.696000,0.1142276
44.704000,0.1142276
44.712000,0.1142276
44.720000,0.1141743
44.728000,0.1141209
44.736000,0.1141743
44.744000,0.1141743
44.752000,0.1142276
44.760000,0.1142276
44.768000,0.1141743
44.776000,0.1141743
44.784000,0.1142810
44.792000,0.1142276
44.800000,0.1142276
44.808000,0.1143343
44.816000,0.1142276
44.824000,0.1141743
44.832000,0.1142276
44.840000,0.1142276
44.848000,0.1141743
44.856000,0.1141209
44.864000,0.1141743
44.872000,0.1141209
44.880000,0.1141743
44.888000,0.1142276
44.896000,0.1141743
44.904000,0.1141743
44.912000,0.1141743
44.920000,0.1141209
44.928000,0.1141209
44.936000,0.1142276
44.944000,0.1142276
44.952000,0.1141743
44.960000,0.1141743
44.968000,0.1141209
44.976000,0.1141209
44.984000,0.1141743
44.992000,0.1141209
45.000000,0.1141743
45.008000,0.1141743
45.016000,0.1141209
45.024000,0.1141743
45.032000,0.1141743
45.040000,0.1141209
45.048000,0.1140676
45.056000,0.1140676
45.064000,0.1140676
45.072000,0.1141209
45.080000,0.1141209
45.088000,0.1141743
45.096000,0.1141209
45.104000,0.1140142
45.112000,0.1140676
45.120000,0.1141209
45.128000,0.1141209
45.136000,0.1140142
45.144000,0.1140142
45.152000,0.1140676
45.160000,0.1140676
45.168000,0.1141209
45.176000,0.1140676
45.184000,0.1140676
45.192000,0.1140676
45.200000,0.1140676
45.208000,0.1140676
45.216000,0.1140142
45.224000,0.1140142
45.232000,0.1139609
45.240000,0.1140676
45.248000,0.1140676
45.256000,0.1139609
45.264000,0.1140142
45.272000,0.1141209
45.280000,0.1140676
45.288000,0.1140142
45.296000,0.1140142
45.304000,0.1139609
45.312000,0.1141209
45.320000,0.1141209
45.328000,0.1140142
45.336000,0.1140142
45.344000,0.1140142
45.352000,0.1140142
45.360000,0.1140142
45.368000,0.1139609
45.376000,0.1140142
45.384000,0.1140142
45.392000,0.1139609
45.400000,0.1140142
45.408000,0.1140142
45.416000,0.1141209
45.424000,0.1141209
45.432000,0.1141209
45.440000,0.1141209
45.448000,0.1140676
45.456000,0.1140676
45.464000,0.1140676
45.472000,0.1140676
45.480000,0.1141209
45.488000,0.1140676
45.496000,0.1139609
45.504000,0.1140676
45.512000,0.1140142
45.520000,0.1140142
45.528000,0.1140142
45.536000,0.1140142
45.544000,0.1140142
45.552000,0.1139609
45.560000,0.1140142
45.568000,0.1140142
45.576000,0.1139609
45.584000,0.1140142
45.592000,0.1140676
45.600000,0.1140142
45.608000,0.1140142
45.616000,0.1139609
45.624000,0.1140142
45.632000,0.1140142
45.640000,0.1139609
45.648000,0.1139076
45.656000,0.1139609
45.664000,0.1139076
45.672000,0.1139609
45.680000,0.1139076
45.688000,0.1139609
45.696000,0.1139609
45.704000,0.1140142
45.712000,0.1140142
45.720000,0.1140676
45.728000,0.1139609
45.736000,0.1139076
45.744000,0.1139076
45.752000,0.1139609
45.760000,0.1139609
45.768000,0.1140142
45.776000,0.1139609
45.784000,0.1139076
45.792000,0.1139076
45.800000,0.1140142
45.808000,0.1139609
45.816000,0.1138542
45.824000,0.1138542
45.832000,0.1139076
45.840000,0.1139609
45.848000,0.1139609
45.856000,0.1139076
45.864000,0.1139609
45.872000,0.1139609
45.880000,0.1139076
45.888000,0.1139609
45.896000,0.1139609
45.904000,0.1139076
45.912000,0.1139076
45.920000,0.1139076
45.928000,0.1139609
45.936000,0.1140142
45.944000,0.1139076
45.952000,0.1139609
45.960000,0.1139076
45.968000,0.1139076
45.976000,0.1139076
45.984000,0.1138542
45.992000,0.1139076
46.000000,0.1138542
46.008000,0.1138542
46.016000,0.1138542
46.024000,0.1138009
46.032000,0.1139076
46.040000,0.1139609
46.048000,0.1139076
46.056000,0.1138009
46.064000,0.1138009
46.072000,0.1138542
46.080000,0.1139076
46.088000,0.1139076
46.096000,0.1137476
46.104000,0.1137476
46.112000,0.1138542
46.120000,0.1138009
46.128000,0.1138542
46.136000,0.1139609
46.144000,0.1139076
46.152000,0.1138542
46.160000,0.1138542
46.168000,0.1138542
46.176000,0.1138542
46.184000,0.1139076
46.192000,0.1138542
46.200000,0.1138542
46.208000,0.1138542
46.216000,0.1138009
46.224000,0.1138009
46.232000,0.1138009
46.240000,0.1138009
46.248000,0.1138009
46.256000,0.1138009
46.264000,0.1137476
46.272000,0.1137476
46.280000,0.1138542
46.288000,0.1138542
46.296000,0.1138542
46.304000,0.1137476
46.312000,0.1137476
46.320000,0.1137476
46.328000,0.1137476
46.336000,0.1138009
46.344000,0.1138009
46.352000,0.1136942
46.360000,0.1136942
46.368000,0.1137476
46.376000,0.1138542
46.384000,0.1138009
46.392000,0.1137476
46.400000,0.1138009
46.408000,0.1137476
46.416000,0.1137476
46.424000,0.1138009
46.432000,0.1137476
46.440000,0.1137476
46.448000,0.1137476
46.456000,0.1137476
46.464000,0.1137476
46.472000,0.1137476
46.480000,0.1136942
46.488000,0.1136942
46.496000,0.1136409
46.504000,0.1136942
46.512000,0.1138009
46.520000,0.1137476
46.528000,0.1136942
46.536000,0.1136409
46.544000,0.1136409
46.552000,0.1137476
46.560000,0.1137476
46.568000,0.1138009
46.576000,0.1138009
46.584000,0.1136942
46.592000,0.1136409
46.600000,0.1136942
46.608000,0.1136942
46.616000,0.1136942
46.624000,0.1136942
46.632000,0.1136409
46.640000,0.1135875
46.648000,0.1135875
46.656000,0.1135875
46.664000,0.1136409
46.672000,0.1136409
46.680000,0.1136942
46.688000,0.1138009
46.696000,0.1138009
46.704000,0.1136409
46.712000,0.1135875
46.720000,0.1136942
46.728000,0.1137476
46.736000,0.1136942
46.744000,0.1136942
46.752000,0.1136409
46.760000,0.1136409
46.768000,0.1135875
46.776000,0.1135875
46.784000,0.1136942
46.792000,0.1138009
46.800000,0.1137476
46.808000,0.1137476
46.816000,0.1137476
46.824000,0.1136942
46.832000,0.1136942
46.840000,0.1136409
46.848000,0.1136409
46.856000,0.1135875
46.864000,0.1135875
46.872000,0.1136409
46.880000,0.1136942
46.888000,0.1137476
46.896000,0.1137476
46.904000,0.1136942
46.912000,0.1135875
46.920000,0.1135875
46.928000,0.1135875
46.936000,0.1135875
46.944000,0.1136942
46.952000,0.1137476
46.960000,0.1138009
46.968000,0.1136409
46.976000,0.1135875
46.984000,0.1135875
46.992000,0.1136409
47.000000,0.1135875
47.008000,0.1136409
47.016000,0.1136942
47.024000,0.1136409
47.032000,0.1135875
47.040000,0.1136942
47.048000,0.1137476
47.056000,0.1136942
47.064000,0.1137476
47.072000,0.1136942
47.080000,0.1136409
47.088000,0.1135875
47.096000,0.1135875
47.104000,0.1135875
47.112000,0.1135875
47.120000,0.1135875
47.128000,0.1135342
47.136000,0.1135875
47.144000,0.1136409
47.152000,0.1136409
47.160000,0.1135342
47.168000,0.1135875
47.176000,0.1135875
47.184000,0.1134809
47.192000,0.1134809
47.200000,0.1135342
47.208000,0.1135342
47.216000,0.1135342
47.224000,0.1135875
47.232000,0.1135342
47.240000,0.1135875
47.248000,0.1135875
47.256000,0.1135342
47.264000,0.1134809
47.272000,0.1135342
47.280000,0.1135342
47.288000,0.1135342
47.296000,0.1135875
47.304000,0.1135342
47.312000,0.1135342
47.320000,0.1135342
47.328000,0.1135875
47.336000,0.1135875
47.344000,0.1136409
47.352000,0.1135875
47.360000,0.1135342
47.368000,0.1135342
47.376000,0.1135875
47.384000,0.1135875
47.392000,0.1136409
47.400000,0.1136409
47.408000,0.1135875
47.416000,0.1135342
47.424000,0.1134809
47.432000,0.1134809
47.440000,0.1134809
47.448000,0.1135342
47.456000,0.1135875
47.464000,0.1135342
47.472000,0.1134809
47.480000,0.1135342
47.488000,0.1135342
47.496000,0.1135342
47.504000,0.1135342
47.512000,0.1134809
47.520000,0.1134809
47.528000,0.1135342
47.536000,0.1135875
47.544000,0.1134809
47.552000,0.1134275
47.560000,0.1134275
47.568000,0.1134275
47.576000,0.1135342
47.584000,0.1135342
47.592000,0.1135342
47.600000,0.1135342
47.608000,0.1134275
47.616000,0.1133742
47.624000,0.1134809
47.632000,0.1134809
47.640000,0.1134275
47.648000,0.1134809
47.656000,0.1135342
47.664000,0.1135342
47.672000,0.1134809
47.680000,0.1134809
47.688000,0.1134809
47.696000,0.1134809
47.704000,0.1134809
47.712000,0.1134275
47.720000,0.1134275
47.728000,0.1134275
47.736000,0.1134275
47.744000,0.1134275
47.752000,0.1134275
47.760000,0.1133742
47.768000,0.1134275
47.776000,0.1134809
47.784000,0.1134275
47.792000,0.1134275
47.800000,0.1134275
47.808000,0.1133742
47.816000,0.1134275
47.824000,0.1134809
47.832000,0.1135342
47.840000,0.1134809
47.848000,0.1135342
47.856000,0.1135342
47.864000,0.1134809
47.872000,0.1134275
47.880000,0.1134275
47.888000,0.1134275
47.896000,0.1134275
47.904000,0.1134275
47.912000,0.1134275
47.920000,0.1134275
47.928000,0.1133208
47.936000,0.1133742
47.944000,0.1134275
47.952000,0.1134275
47.960000,0.1134275
47.968000,0.1134809
47.976000,0.1134809
47.984000,0.1133742
47.992000,0.1133742
48.000000,0.1133208
48.008000,0.1133208
48.016000,0.1133742
48.024000,0.1134275
48.032000,0.1134275
48.040000,0.1133742
48.048000,0.1134275
48.056000,0.1134275
48.064000,0.1133208
48.072000,0.1132675
48.080000,0.1133208
48.088000,0.1133742
48.096000,0.1133208
48.104000,0.1132675
48.112000,0.1133208
48.120000,0.1133742
48.128000,0.1133208
48.136000,0.1132675
48.144000,0.1132141
48.152000,0.1133208
48.160000,0.1133742
48.168000,0.1133742
48.176000,0.1134275
48.184000,0.1134275
48.192000,0.1133742
48.200000,0.1133208
48.208000,0.1132675
48.216000,0.1133208
48.224000,0.1134275
48.232000,0.1132675
48.240000,0.1132675
48.248000,0.1133208
48.256000,0.1133208
48.264000,0.1133208
48.272000,0.1133742
48.280000,0.1133742
48.288000,0.1132675
48.296000,0.1133208
48.304000,0.1132675
48.312000,0.1132141
48.320000,0.1132675
48.328000,0.1132675
48.336000,0.1133208
48.344000,0.1133742
48.352000,0.1133208
48.360000,0.1132675
48.368000,0.1132141
48.376000,0.1132675
48.384000,0.1133742
48.392000,0.1133742
48.400000,0.1133742
48.408000,0.1132675
48.416000,0.1133208
48.424000,0.1132675
48.432000,0.1132141
48.440000,0.1132675
48.448000,0.1132141
48.456000,0.1131608
48.464000,0.1132141
48.472000,0.1133208
48.480000,0.1133208
48.488000,0.1133208
48.496000,0.1133208
48.504000,0.1132675
48.512000,0.1132141
48.520000,0.1132141
48.528000,0.1132141
48.536000,0.1132141
48.544000,0.1132141
48.552000,0.1132675
48.560000,0.1132675
48.568000,0.1132675
48.576000,0.1133208
48.584000,0.1133208
48.592000,0.1132141
48.600000,0.1132675
48.608000,0.1132675
48.616000,0.1132141
48.624000,0.1131608
48.632000,0.1132141
48.640000,0.1132675
48.648000,0.1132675
48.656000,0.1132675
48.664000,0.1132141
48.672000,0.1131608
48.680000,0.1132141
48.688000,0.1132675
48.696000,0.1132141
48.704000,0.1132141
48.712000,0.1132141
48.720000,0.1132675
48.728000,0.1132675
48.736000,0.1131608
48.744000,0.1131608
48.752000,0.1132141
48.760000,0.1131608
48.768000,0.1131608
48.776000,0.1131608
48.784000,0.1132141
48.792000,0.1132141
48.800000,0.1132141
48.808000,0.1131608
48.816000,0.1130541
48.824000,0.1131075
48.832000,0.1131608
48.840000,0.1131608
48.848000,0.1131608
48.856000,0.1132141
48.864000,0.1131608
48.872000,0.1131608
48.880000,0.1132141
48.888000,0.1132675
48.896000,0.1132141
48.904000,0.1131608
48.912000,0.1132141
48.920000,0.1132141
48.928000,0.1131608
48.936000,0.1131075
48.944000,0.1130541
48.952000,0.1130541
48.960000,0.1131075
48.968000,0.1131608
48.976000,0.1132141
48.984000,0.1132141
48.992000,0.1132675
49.000000,0.1132675
49.008000,0.1131075
49.016000,0.1131608
49.024000,0.1131608
49.032000,0.1131608
49.040000,0.1132141
49.048000,0.1132675
49.056000,0.1131608
49.064000,0.1131075
49.072000,0.1131075
49.080000,0.1131608
49.088000,0.1131075
49.096000,0.1130541
49.104000,0.1130541
49.112000,0.1130008
49.120000,0.1131075
49.128000,0.1131075
49.136000,0.1131608
49.144000,0.1131608
49.152000,0.1131075
49.160000,0.1131075
49.168000,0.1131075
49.176000,0.1131608
49.184000,0.1132141
49.192000,0.1131075
49.200000,0.1131075
49.208000,0.1131608
49.216000,0.1132141
49.224000,0.1130541
49.232000,0.1130008
49.240000,0.1130008
49.248000,0.1130541
49.256000,0.1131608
49.264000,0.1131075
49.272000,0.1130541
49.280000,0.1131075
49.288000,0.1131608
49.296000,0.1130541
49.304000,0.1130541
49.312000,0.1130541
49.320000,0.1131075
49.328000,0.1130541
49.336000,0.1130008
49.344000,0.1130541
49.352000,0.1130541
49.360000,0.1130008
49.368000,0.1130008
49.376000,0.1130008
49.384000,0.1130008
49.392000,0.1130541
49.400000,0.1129475
49.408000,0.1130008
49.416000,0.1129475
49.424000,0.1128941
49.432000,0.1129475
49.440000,0.1131075
49.448000,0.1130541
49.456000,0.1130541
49.464000,0.1130008
49.472000,0.1130008
49.480000,0.1130008
49.488000,0.1129475
49.496000,0.1130008
49.504000,0.1130541
49.512000,0.1130008
49.520000,0.1129475
49.528000,0.1128941
49.536000,0.1128941
49.544000,0.1129475
49.552000,0.1130541
49.560000,0.1130541
49.568000,0.1130008
49.576000,0.1129475
49.584000,0.1129475
49.592000,0.1130008
49.600000,0.1129475
49.608000,0.1130008
49.616000,0.1130008
49.624000,0.1130008
49.632000,0.1130008
49.640000,0.1129475
49.648000,0.1129475
49.656000,0.1129475
49.664000,0.1129475
49.672000,0.1129475
49.680000,0.1129475
49.688000,0.1129475
49.696000,0.1130008
49.704000,0.1130008
49.712000,0.1129475
49.720000,0.1129475
49.728000,0.1130008
49.736000,0.1129475
49.744000,0.1128941
49.752000,0.1128941
49.760000,0.1128941
49.768000,0.1129475
49.776000,0.1129475
49.784000,0.1130541
49.792000,0.1130541
49.800000,0.1130008
49.808000,0.1130008
49.816000,0.1130008
49.824000,0.1129475
49.832000,0.1128941
49.840000,0.1128941
49.848000,0.1129475
49.856000,0.1129475
49.864000,0.1129475
49.872000,0.1129475
49.880000,0.1129475
49.888000,0.1129475
49.896000,0.1128941
49.904000,0.1130008
49.912000,0.1130008
49.920000,0.1129475
49.928000,0.1128941
49.936000,0.1128941
49.944000,0.1128941
49.952000,0.1129475
49.960000,0.1130008
49.968000,0.1128941
49.976000,0.1127874
49.984000,0.1128408
49.992000,0.1128941
50.000000,0.1128408
50.008000,0.1128408
50.016000,0.1128941
50.024000,0.1128408
50.032000,0.1128408
50.040000,0.1129475
50.048000,0.1129475
50.056000,0.1128941
50.064000,0.1128941
50.072000,0.1130008
50.080000,0.1129475
50.088000,0.1129475
50.096000,0.1129475
50.104000,0.1129475
50.112000,0.1129475
50.120000,0.1129475
50.128000,0.1128941
50.136000,0.1129475
50.144000,0.1128941
50.152000,0.1128408
50.160000,0.1127874
50.168000,0.1128941
50.176000,0.1128408
50.184000,0.1127874
50.192000,0.1128408
50.200000,0.1128408
50.208000,0.1129475
50.216000,0.1128408
50.224000,0.1128408
50.232000,0.1128941
50.240000,0.1128941
50.248000,0.1128941
50.256000,0.1128408
50.264000,0.1127341
50.272000,0.1128408
50.280000,0.1128941
50.288000,0.1127874
50.296000,0.1127341
50.304000,0.1127874
50.312000,0.1127874
50.320000,0.1127874
50.328000,0.1127874
50.336000,0.1127874
50.344000,0.1127874
50.352000,0.1128408
50.360000,0.1128941
50.368000,0.1128408
50.376000,0.1128408
50.384000,0.1129475
50.392000,0.1128941
50.400000,0.1128408
50.408000,0.1127341
50.416000,0.1127874
50.424000,0.1127874
50.432000,0.1128941
50.440000,0.1128408
50.448000,0.1127874
50.456000,0.1128408
50.464000,0.1128941
50.472000,0.1128408
50.480000,0.1127874
50.488000,0.1128408
50.496000,0.1128408
50.504000,0.1128408
50.512000,0.1127874
50.520000,0.1127874
50.528000,0.1127874
50.536000,0.1127341
50.544000,0.1126541
50.552000,0.1126541
50.560000,0.1127341
50.568000,0.1127874
50.576000,0.1127874
50.584000,0.1127874
50.592000,0.1127341
50.600000,0.1127341
50.608000,0.1127874
50.616000,0.1127874
50.624000,0.1128408
50.632000,0.1128941
50.640000,0.1127874
50.648000,0.1126541
50.656000,0.1126541
50.664000,0.1127874
50.672000,0.1127874
50.680000,0.1127874
50.688000,0.1127874
50.696000,0.1128408
50.704000,0.1128408
50.712000,0.1127874
50.720000,0.1127874
50.728000,0.1127341
50.736000,0.1127874
50.744000,0.1127874
50.752000,0.1127874
50.760000,0.1126541
50.768000,0.1126541
50.776000,0.1127341
50.784000,0.1127874
50.792000,0.1127341
50.800000,0.1127341
50.808000,0.1128941
50.816000,0.1128941
50.824000,0.1128408
50.832000,0.1127341
50.840000,0.1126541
50.848000,0.1127341
50.856000,0.1127341
50.864000,0.1127341
50.872000,0.1127874
50.880000,0.1127341
50.888000,0.1127341
50.896000,0.1126541
50.904000,0.1126541
50.912000,0.1127341
50.920000,0.1126541
50.928000,0.1127341
50.936000,0.1127341
50.944000,0.1127874
50.952000,0.1127874
50.960000,0.1127341
50.968000,0.1126007
50.976000,0.1126007
50.984000,0.1127874
50.992000,0.1127874
51.000000,0.1126541
51.008000,0.1127341
51.016000,0.1127874
51.024000,0.1127874
51.032000,0.1126007
51.040000,0.1126007
51.048000,0.1125474
51.056000,0.1126007
51.064000,0.1127341
51.072000,0.1126541
51.080000,0.1126541
51.088000,0.1127341
51.096000,0.1127874
51.104000,0.1127341
51.112000,0.1127874
51.120000,0.1126541
51.128000,0.1126007
51.136000,0.1126541
51.144000,0.1127874
51.152000,0.1127341
51.160000,0.1126541
51.168000,0.1127341
51.176000,0.1126007
51.184000,0.1126007
51.192000,0.1127341
51.200000,0.1127341
51.208000,0.1127341
51.216000,0.1126541
51.224000,0.1126007
51.232000,0.1126007
51.240000,0.1126541
51.248000,0.1126007
51.256000,0.1126007
51.264000,0.1126007
51.272000,0.1126007
51.280000,0.1125474
51.288000,0.1126007
51.296000,0.1127341
51.304000,0.1126541
51.312000,0.1126541
51.320000,0.1126007
51.328000,0.1126007
51.336000,0.1125474
51.344000,0.1126007
51.352000,0.1124941
51.360000,0.1124941
51.368000,0.1124941
51.376000,0.1124941
51.384000,0.1124941
51.392000,0.1124941
51.400000,0.1125474
51.408000,0.1126007
51.416000,0.1126007
51.424000,0.1126541
51.432000,0.1126541
51.440000,0.1125474
51.448000,0.1126007
51.456000,0.1127341
51.464000,0.1127341
51.472000,0.1126541
51.480000,0.1126007
51.488000,0.1125474
51.496000,0.1125474
51.504000,0.1125474
51.512000,0.1124941
51.520000,0.1125474
51.528000,0.1126007
51.536000,0.1125474
51.544000,0.1125474
51.552000,0.1125474
51.560000,0.1126007
51.568000,0.1126541
51.576000,0.1126007
51.584000,0.1126007
51.592000,0.1126007
51.600000,0.1126007
51.608000,0.1125474
51.616000,0.1125474
51.624000,0.1125474
51.632000,0.1125474
51.640000,0.1126007
51.648000,0.1125474
51.656000,0.1125474
51.664000,0.1126541
51.672000,0.1126541
51.680000,0.1125474
51.688000,0.1124941
51.696000,0.1124941
51.704000,0.1124941
51.712000,0.1124407
51.720000,0.1125474
51.728000,0.1124941
51.736000,0.1125474
51.744000,0.1124941
51.752000,0.1126007
51.760000,0.1124941
51.768000,0.1124407
51.776000,0.1125474
51.784000,0.1126007
51.792000,0.1125474
51.800000,0.1124941
51.808000,0.1125474
51.816000,0.1125474
51.824000,0.1124407
51.832000,0.1124407
51.840000,0.1124941
51.848000,0.1125474
51.856000,0.1124941
51.864000,0.1124941
51.872000,0.1124407
51.880000,0.1124407
51.888000,0.1124941
51.896000,0.1124941
51.904000,0.1124941
51.912000,0.1124941
51.920000,0.1124407
51.928000,0.1124407
51.936000,0.1124941
51.944000,0.1125474
51.952000,0.1126007
51.960000,0.1125474
51.968000,0.1124941
51.976000,0.1124941
51.984000,0.1124941
51.992000,0.1125474
52.000000,0.1124941
52.008000,0.1126007
52.016000,0.1125474
52.024000,0.1124941
52.032000,0.1124407
52.040000,0.1125474
52.048000,0.1125474
52.056000,0.1124941
52.064000,0.1124941
52.072000,0.1124941
52.080000,0.1124407
52.088000,0.1123874
52.096000,0.1123874
52.104000,0.1123874
52.112000,0.1123874
52.120000,0.1124407
52.128000,0.1123874
52.136000,0.1123874
52.144000,0.1123874
52.152000,0.1123874
52.160000,0.1124941
52.168000,0.1124941
52.176000,0.1124941
52.184000,0.1124941
52.192000,0.1124407
52.200000,0.1124407
52.208000,0.1123874
52.216000,0.1123874
52.224000,0.1124407
52.232000,0.1124941
52.240000,0.1124941
52.248000,0.1124407
52.256000,0.1123874
52.264000,0.1124941
52.272000,0.1124941
52.280000,0.1124407
52.288000,0.1123874
52.296000,0.1124407
52.304000,0.1124941
52.312000,0.1124407
52.320000,0.1124407
52.328000,0.1124407
52.336000,0.1124407
52.344000,0.1123874
52.352000,0.1123874
52.360000,0.1123340
52.368000,0.1123874
52.376000,0.1123874
52.384000,0.1124407
52.392000,0.1123874
52.400000,0.1123340
52.408000,0.1123874
52.416000,0.1123874
52.424000,0.1124941
52.432000,0.1123874
52.440000,0.1122807
52.448000,0.1123340
52.456000,0.1123340
52.464000,0.1124407
52.472000,0.1124941
52.480000,0.1124407
52.488000,0.1124407
52.496000,0.1123874
52.504000,0.1123340
52.512000,0.1123874
52.520000,0.1123340
52.528000,0.1123340
52.536000,0.1123874
52.544000,0.1124407
52.552000,0.1123874
52.560000,0.1123874
52.568000,0.1123874
52.576000,0.1124407
52.584000,0.1124407
52.592000,0.1123874
52.600000,0.1123340
52.608000,0.1123874
52.616000,0.1124407
52.624000,0.1123874
52.632000,0.1122807
52.640000,0.1123340
52.648000,0.1123340
52.656000,0.1123874
52.664000,0.1123874
52.672000,0.1124407
52.680000,0.1124407
52.688000,0.1124407
52.696000,0.1123874
52.704000,0.1123340
52.712000,0.1123340
52.720000,0.1124407
52.728000,0.1124407
52.736000,0.1123340
52.744000,0.1123340
52.752000,0.1123874
52.760000,0.1123874
52.768000,0.1123340
52.776000,0.1123340
52.784000,0.1123874
52.792000,0.1123874
52.800000,0.1124407
52.808000,0.1123874
52.816000,0.1123340
52.824000,0.1123340
52.832000,0.1124407
52.840000,0.1124941
52.848000,0.1124407
52.856000,0.1123340
52.864000,0.1123340
52.872000,0.1123340
52.880000,0.1123340
52.888000,0.1124407
52.896000,0.1124407
52.904000,0.1123340
52.912000,0.1123340
52.920000,0.1123340
52.928000,0.1123874
52.936000,0.1122807
52.944000,0.1123340
52.952000,0.1123874
52.960000,0.1123340
52.968000,0.1123874
52.976000,0.1123874
52.984000,0.1123340
52.992000,0.1122807
53.000000,0.1122274
53.008000,0.1122274
53.016000,0.1122274
53.024000,0.1123340
53.032000,0.1123874
53.040000,0.1122807
53.048000,0.1123340
53.056000,0.1124407
53.064000,0.1123874
53.072000,0.1123340
53.080000,0.1123340
53.088000,0.1122807
53.096000,0.1122807
53.104000,0.1123340
53.112000,0.1123874
53.120000,0.1123340
53.128000,0.1123340
53.136000,0.1122807
53.144000,0.1122274
53.152000,0.1121740
53.160000,0.1121740
53.168000,0.1121740
53.176000,0.1122807
53.184000,0.1122274
53.192000,0.1122807
53.200000,0.1122807
53.208000,0.1122807
53.216000,0.1123340
53.224000,0.1122807
53.232000,0.1122274
53.240000,0.1122807
53.248000,0.1122807
53.256000,0.1122807
53.264000,0.1122807
53.272000,0.1122807
53.280000,0.1123340
53.288000,0.1123340
53.296000,0.1122807
53.304000,0.1122274
53.312000,0.1122807
53.320000,0.1122807
53.328000,0.1122807
53.336000,0.1122807
53.344000,0.1122807
53.352000,0.1121740
53.360000,0.1121740
53.368000,0.1121740
53.376000,0.1122274
53.384000,0.1122274
53.392000,0.1122807
53.400000,0.1123340
53.408000,0.1122274
53.416000,0.1121740
53.424000,0.1122274
53.432000,0.1122807
53.440000,0.1122807
53.448000,0.1122274
53.456000,0.1122274
53.464000,0.1122274
53.472000,0.1121207
53.480000,0.1122274
53.488000,0.1123340
53.496000,0.1123340
53.504000,0.1122807
53.512000,0.1121740
53.520000,0.1121740
53.528000,0.1121740
53.536000,0.1122274
53.544000,0.1122274
53.552000,0.1122274
53.560000,0.1122274
53.568000,0.1121740
53.576000,0.1122274
53.584000,0.1121740
53.592000,0.1120673
53.600000,0.1121207
53.608000,0.1121740
53.616000,0.1122274
53.624000,0.1122274
53.632000,0.1122807
53.640000,0.1122274
53.648000,0.1122274
53.656000,0.1122807
53.664000,0.1122274
53.672000,0.1121740
53.680000,0.1121740
53.688000,0.1122807
53.696000,0.1122807
53.704000,0.1122274
53.712000,0.1121740
53.720000,0.1122274
53.728000,0.1121740
53.736000,0.1122274
53.744000,0.1122274
53.752000,0.1121740
53.760000,0.1121207
53.768000,0.1122274
53.776000,0.1122274
53.784000,0.1121740
53.792000,0.1120673
53.800000,0.1120673
53.808000,0.1121207
53.816000,0.1120673
53.824000,0.1121207
53.832000,0.1121207
53.840000,0.1120673
53.848000,0.1121207
53.856000,0.1121207
53.864000,0.1121207
53.872000,0.1121207
53.880000,0.1121207
53.888000,0.1121207
53.896000,0.1120673
53.904000,0.1121207
53.912000,0.1121740
53.920000,0.1121740
53.928000,0.1121207
53.936000,0.1121207
53.944000,0.1121740
53.952000,0.1121207
53.960000,0.1121207
53.968000,0.1121207
53.976000,0.1121740
53.984000,0.1121740
53.992000,0.1121740
54.000000,0.1122274
54.008000,0.1122274
54.016000,0.1121740
54.024000,0.1121740
54.032000,0.1121740
54.040000,0.1121207
54.048000,0.1121740
54.056000,0.1121740
54.064000,0.1121207
54.072000,0.1120673
54.080000,0.1120673
54.088000,0.1120673
54.096000,0.1121740
54.104000,0.1121740
54.112000,0.1121740
54.120000,0.1121740
54.128000,0.1121207
54.136000,0.1120673
54.144000,0.1120140
54.152000,0.1119607
54.160000,0.1120673
54.168000,0.1121207
54.176000,0.1121740
54.184000,0.1122274
54.192000,0.1121740
54.200000,0.1120673
54.208000,0.1120673
54.216000,0.1120673
54.224000,0.1120673
54.232000,0.1121207
54.240000,0.1121207
54.248000,0.1121207
54.256000,0.1121207
54.264000,0.1121207
54.272000,0.1120140
54.280000,0.1120673
54.288000,0.1121207
54.296000,0.1121207
54.304000,0.1121207
54.312000,0.1120140
54.320000,0.1121207
54.328000,0.1121740
54.336000,0.1121740
54.344000,0.1121207
54.352000,0.1121740
54.360000,0.1121740
54.368000,0.1121740
54.376000,0.1121740
54.384000,0.1120673
54.392000,0.1121207
54.400000,0.1121207
54.408000,0.1120673
54.416000,0.1120673
54.424000,0.1120673
54.432000,0.1120673
54.440000,0.1121740
54.448000,0.1121207
54.456000,0.1120140
54.464000,0.1119607
54.472000,0.1120140
54.480000,0.1120673
54.488000,0.1120673
54.496000,0.1120140
54.504000,0.1119607
54.512000,0.1119607
54.520000,0.1120673
54.528000,0.1120673
54.536000,0.1120140
54.544000,0.1119607
54.552000,0.1120140
54.560000,0.1120673
54.568000,0.1120673
54.576000,0.1120673
54.584000,0.1120673
54.592000,0.1119607
54.600000,0.1119607
54.608000,0.1120140
54.616000,0.1120140
54.624000,0.1119607
54.632000,0.1120673
54.640000,0.1121207
54.648000,0.1120673
54.656000,0.1120140
54.664000,0.1120140
54.672000,0.1120673
54.680000,0.1120673
54.688000,0.1119607
54.696000,0.1119073
54.704000,0.1119073
54.712000,0.1121207
54.720000,0.1121740
54.728000,0.1121207
54.736000,0.1120140
54.744000,0.1120140
54.752000,0.1120673
54.760000,0.1120673
54.768000,0.1119607
54.776000,0.1119607
54.784000,0.1119607
54.792000,0.1120140
54.800000,0.1120673
54.808000,0.1120673
54.816000,0.1120140
54.824000,0.1120673
54.832000,0.1120140
54.840000,0.1120140
54.848000,0.1119607
54.856000,0.1120140
54.864000,0.1120673
54.872000,0.1120140
54.880000,0.1120140
54.888000,0.1120140
54.896000,0.1119073
54.904000,0.1118540
54.912000,0.1119073
54.920000,0.1119607
54.928000,0.1120140
54.936000,0.1120140
54.944000,0.1119607
54.952000,0.1119073
54.960000,0.1119607
54.968000,0.1119607
54.976000,0.1120673
54.984000,0.1120673
54.992000,0.1119607
55.000000,0.1119607
55.008000,0.1119073
55.016000,0.1119073
55.024000,0.1119073
55.032000,0.1119073
55.040000,0.1119607
55.048000,0.1119073
55.056000,0.1119073
55.064000,0.1119073
55.072000,0.1119073
55.080000,0.1118540
55.088000,0.1119073
55.096000,0.1119073
55.104000,0.1118540
55.112000,0.1119073
55.120000,0.1120673
55.128000,0.1120140
55.136000,0.1119073
55.144000,0.1119607
55.152000,0.1119607
55.160000,0.1119607
55.168000,0.1119607
55.176000,0.1120140
55.184000,0.1119607
55.192000,0.1119073
55.200000,0.1119073
55.208000,0.1119073
55.216000,0.1119073
55.224000,0.1118540
55.232000,0.1118540
55.240000,0.1118540
55.248000,0.1119073
55.256000,0.1119607
55.264000,0.1119607
55.272000,0.1120140
55.280000,0.1120673
55.288000,0.1120673
55.296000,0.1120140
55.304000,0.1119073
55.312000,0.1119607
55.320000,0.1119607
55.328000,0.1119073
55.336000,0.1119607
55.344000,0.1118540
55.352000,0.1119073
55.360000,0.1119607
55.368000,0.1119073
55.376000,0.1119073
55.384000,0.1119607
55.392000,0.1119073
55.400000,0.1119073
55.408000,0.1118006
55.416000,0.1117473
55.424000,0.1118540
55.432000,0.1119607
55.440000,0.1119073
55.448000,0.1118540
55.456000,0.1118540
55.464000,0.1118540
55.472000,0.1118540
55.480000,0.1118540
55.488000,0.1118540
55.496000,0.1119073
