sample_delay_us,ch1_V
5.504000,1.4739709
5.506000,1.4548752
5.508000,1.4739709
5.510000,1.4739709
5.512000,1.4739709
5.514000,1.4739709
5.516000,1.4739709
5.518000,1.4739709
5.520000,1.4739709
5.522000,1.4739709
5.524000,1.4739709
5.526000,1.4739709
5.528000,1.4739709
5.530000,1.4739709
5.532000,1.4739709
5.534000,1.4739709
5.536000,1.4739709
5.538000,1.4739709
5.540000,1.4739709
5.542000,1.4739709
5.544000,1.4739709
5.546000,1.4739709
5.548000,1.4739709
5.550000,1.4739709
5.552000,1.4739709
5.554000,1.4739709
5.556000,1.4739709
5.558000,1.4739709
5.560000,1.4739709
5.562000,1.4739709
5.564000,1.4739709
5.566000,1.4739709
5.568000,1.4739709
5.570000,1.4739709
5.572000,1.4739709
5.574000,1.4739709
5.576000,1.4739709
5.578000,1.4739709
5.580000,1.4739709
5.582000,1.4739709
5.584000,1.4739709
5.586000,1.4739709
5.588000,1.4739709
5.590000,1.4739709
5.592000,1.4739709
5.594000,1.4739709
5.596000,1.4739709
5.598000,1.4739709
5.600000,1.4739709
5.602000,1.4739709
5.604000,1.4739709
5.606000,1.4739709
5.608000,1.4739709
5.610000,1.4739709
5.612000,1.4739709
5.614000,1.4739709
5.616000,1.4739709
5.618000,1.4739709
5.620000,1.4739709
5.622000,1.4739709
5.624000,1.4739709
5.626000,1.4739709
5.628000,1.4739709
5.630000,1.4739709
5.632000,1.4739709
5.634000,1.4739709
5.636000,1.4739709
5.638000,1.4739709
5.640000,1.4739709
5.642000,1.4739709
5.644000,1.4739709
5.646000,1.4739709
5.648000,1.4739709
5.650000,1.4739709
5.652000,1.4739709
5.654000,1.4739709
5.656000,1.4739709
5.658000,1.4739709
5.660000,1.4739709
5.662000,1.4739709
5.664000,1.4739709
5.666000,1.4739709
5.668000,1.4739709
5.670000,1.4739709
5.672000,1.4739709
5.674000,1.4739709
5.676000,1.4739709
5.678000,1.4739709
5.680000,1.4739709
5.682000,1.4739709
5.684000,1.4739709
5.686000,1.4739709
5.688000,1.4739709
5.690000,1.4739709
5.692000,1.4739709
5.694000,1.4739709
5.696000,1.4739709
5.698000,1.4739709
5.700000,1.4739709
5.702000,1.4739709
5.704000,1.4739709
5.706000,1.4739709
5.708000,1.4739709
5.710000,1.4739709
5.712000,1.4739709
5.714000,1.4739709
5.716000,1.4739709
5.718000,1.4739709
5.720000,1.4739709
5.722000,1.4739709
5.724000,1.4739709
5.726000,1.4739709
5.728000,1.4739709
5.730000,1.4739709
5.732000,1.4739709
5.734000,1.4739709
5.736000,1.4739709
5.738000,1.4739709
5.740000,1.4739709
5.742000,1.4739709
5.744000,1.4739709
5.746000,1.4739709
5.748000,1.4739709
5.750000,1.4739709
5.752000,1.4739709
5.754000,1.4739709
5.756000,1.4739709
5.758000,1.4739709
5.760000,1.4739709
5.762000,1.4739709
5.764000,1.4739709
5.766000,1.4739709
5.768000,1.4739709
5.770000,1.4739709
5.772000,1.4739709
5.774000,1.4739709
5.776000,1.4739709
5.778000,1.4739709
5.780000,1.4739709
5.782000,1.4739709
5.784000,1.4739709
5.786000,1.4739709
5.788000,1.4739709
5.790000,1.4739709
5.792000,1.4739709
5.794000,1.4739709
5.796000,1.4739709
5.798000,1.4739709
5.800000,1.4739709
5.802000,1.4739709
5.804000,1.4739709
5.806000,1.4739709
5.808000,1.4739709
5.810000,1.4739709
5.812000,1.4739709
5.814000,1.4739709
5.816000,1.4739709
5.818000,1.4739709
5.820000,1.4739709
5.822000,1.4739709
5.824000,1.4739709
5.826000,1.4739709
5.828000,1.4739709
5.830000,1.4739709
5.832000,1.4739709
5.834000,1.4739709
5.836000,1.4739709
5.838000,1.4739709
5.840000,1.4739709
5.842000,1.4739709
5.844000,1.4739709
5.846000,1.4739709
5.848000,1.4739709
5.850000,1.4739709
5.852000,1.4739709
5.854000,1.4739709
5.856000,1.4739709
5.858000,1.4739709
5.860000,1.4739709
5.862000,1.4739709
5.864000,1.4739709
5.866000,1.4739709
5.868000,1.4739709
5.870000,1.4739709
5.872000,1.4739709
5.874000,1.4739709
5.876000,1.4739709
5.878000,1.4739709
5.880000,1.4739709
5.882000,1.4739709
5.884000,1.4739709
5.886000,1.4739709
5.888000,1.4739709
5.890000,1.4739709
5.892000,1.4739709
5.894000,1.4739709
5.896000,1.4739709
5.898000,1.4739709
5.900000,1.4739709
5.902000,1.4739709
5.904000,1.4739709
5.906000,1.4739709
5.908000,1.4739709
5.910000,1.4739709
5.912000,1.4739709
5.914000,1.4739709
5.916000,1.4739709
5.918000,1.4739709
5.920000,1.4739709
5.922000,1.4739709
5.924000,1.4739709
5.926000,1.4739709
5.928000,1.4739709
5.930000,1.4739709
5.932000,1.4739709
5.934000,1.4739709
5.936000,1.4739709
5.938000,1.4739709
5.940000,1.4739709
5.942000,1.4739709
5.944000,1.4739709
5.946000,1.4739709
5.948000,1.4739709
5.950000,1.4739709
5.952000,1.4739709
5.954000,1.4739709
5.956000,1.4739709
5.958000,1.4739709
5.960000,1.4739709
5.962000,1.4739709
5.964000,1.4739709
5.966000,1.4739709
5.968000,1.4739709
5.970000,1.4739709
5.972000,1.4739709
5.974000,1.4739709
5.976000,1.4739709
5.978000,1.4739709
5.980000,1.4739709
5.982000,1.4739709
5.984000,1.4739709
5.986000,1.4739709
5.988000,1.4739709
5.990000,1.4739709
5.992000,1.4739709
5.994000,1.4739709
5.996000,1.4739709
5.998000,1.4739709
6.000000,1.4739709
6.002000,1.4739709
6.004000,1.4739709
6.006000,1.4739709
6.008000,1.4739709
6.010000,1.4739709
6.012000,1.4739709
6.014000,1.4739709
6.016000,1.4739709
6.018000,1.4739709
6.020000,1.4739709
6.022000,1.4739709
6.024000,1.4739709
6.026000,1.4739709
6.028000,1.4739709
6.030000,1.4739709
6.032000,1.4739709
6.034000,1.4739709
6.036000,1.4739709
6.038000,1.4739709
6.040000,1.4739709
6.042000,1.4739709
6.044000,1.4739709
6.046000,1.4739709
6.048000,1.4739709
6.050000,1.4739709
6.052000,1.4739709
6.054000,1.4739709
6.056000,1.4739709
6.058000,1.4739709
6.060000,1.4739709
6.062000,1.4739709
6.064000,1.4739709
6.066000,1.4739709
6.068000,1.4739709
6.070000,1.4739709
6.072000,1.4739709
6.074000,1.4739709
6.076000,1.4739709
6.078000,1.4739709
6.080000,1.4739709
6.082000,1.4739709
6.084000,1.4739709
6.086000,1.4739709
6.088000,1.4739709
6.090000,1.4739709
6.092000,1.4739709
6.094000,1.4739709
6.096000,1.4739709
6.098000,1.4739709
6.100000,1.4739709
6.102000,1.4739709
6.104000,1.4739709
6.106000,1.4739709
6.108000,1.4739709
6.110000,1.4739709
6.112000,1.4739709
6.114000,1.4739709
6.116000,1.4739709
6.118000,1.4739709
6.120000,1.4739709
6.122000,1.4739709
6.124000,1.4739709
6.126000,1.4739709
6.128000,1.4739709
6.130000,1.4739709
6.132000,1.4739709
6.134000,1.4739709
6.136000,1.4739709
6.138000,1.4739709
6.140000,1.4739709
6.142000,1.4739709
6.144000,1.4739709
6.146000,1.4739709
6.148000,1.4739709
6.150000,1.4739709
6.152000,1.4739709
6.154000,1.4739709
6.156000,1.4739709
6.158000,1.4739709
6.160000,1.4739709
6.162000,1.4739709
6.164000,1.4739709
6.166000,1.4739709
6.168000,1.4739709
6.170000,1.4739709
6.172000,1.4739709
6.174000,1.4739709
6.176000,1.4739709
6.178000,1.4739709
6.180000,1.4739709
6.182000,1.4739709
6.184000,1.4739709
6.186000,1.4739709
6.188000,1.4739709
6.190000,1.4739709
6.192000,1.4739709
6.194000,1.4739709
6.196000,1.4739709
6.198000,1.4739709
6.200000,1.4739709
6.202000,1.4739709
6.204000,1.4739709
6.206000,1.4739709
6.208000,1.4739709
6.210000,1.4739709
6.212000,1.4739709
6.214000,1.4739709
6.216000,1.4739709
6.218000,1.4739709
6.220000,1.4739709
6.222000,1.4739709
6.224000,1.4739709
6.226000,1.4739709
6.228000,1.4739709
6.230000,1.4739709
6.232000,1.4739709
6.234000,1.4739709
6.236000,1.4739709
6.238000,1.4739709
6.240000,1.4739709
6.242000,1.4739709
6.244000,1.4739709
6.246000,1.4739709
6.248000,1.4739709
6.250000,1.4739709
6.252000,1.4739709
6.254000,1.4739709
6.256000,1.4739709
6.258000,1.4739709
6.260000,1.4739709
6.262000,1.4739709
6.264000,1.4739709
6.266000,1.4739709
6.268000,1.4739709
6.270000,1.4739709
6.272000,1.4739709
6.274000,1.4739709
6.276000,1.4739709
6.278000,1.4739709
6.280000,1.4739709
6.282000,1.4739709
6.284000,1.4739709
6.286000,1.4739709
6.288000,1.4739709
6.290000,1.4739709
6.292000,1.4739709
6.294000,1.4739709
6.296000,1.4739709
6.298000,1.4739709
6.300000,1.4739709
6.302000,1.4739709
6.304000,1.4739709
6.306000,1.4739709
6.308000,1.4739709
6.310000,1.4739709
6.312000,1.4739709
6.314000,1.4739709
6.316000,1.4739709
6.318000,1.4739709
6.320000,1.4739709
6.322000,1.4739709
6.324000,1.4739709
6.326000,1.4739709
6.328000,1.4739709
6.330000,1.4739709
6.332000,1.4739709
6.334000,1.4739709
6.336000,1.4739709
6.338000,1.4739709
6.340000,1.4739709
6.342000,1.4739709
6.344000,1.4739709
6.346000,1.4739709
6.348000,1.4739709
6.350000,1.4739709
6.352000,1.4739709
6.354000,1.4739709
6.356000,1.4739709
6.358000,1.4739709
6.360000,1.4739709
6.362000,1.4739709
6.364000,1.4739709
6.366000,1.4739709
6.368000,1.4739709
6.370000,1.4739709
6.372000,1.4739709
6.374000,1.4739709
6.376000,1.4739709
6.378000,1.4739709
6.380000,1.4739709
6.382000,1.4739709
6.384000,1.4739709
6.386000,1.4739709
6.388000,1.4739709
6.390000,1.4739709
6.392000,1.4739709
6.394000,1.4739709
6.396000,1.4739709
6.398000,1.4739709
6.400000,1.4739709
6.402000,1.4739709
6.404000,1.4739709
6.406000,1.4739709
6.408000,1.4739709
6.410000,1.4739709
6.412000,1.4739709
6.414000,1.4739709
6.416000,1.4739709
6.418000,1.4739709
6.420000,1.4739709
6.422000,1.4739709
6.424000,1.4739709
6.426000,1.4739709
6.428000,1.4739709
6.430000,1.4739709
6.432000,1.4739709
6.434000,1.4739709
6.436000,1.4739709
6.438000,1.4739709
6.440000,1.4739709
6.442000,1.4739709
6.444000,1.4739709
6.446000,1.4739709
6.448000,1.4739709
6.450000,1.4739709
6.452000,1.4739709
6.454000,1.4739709
6.456000,1.4739709
6.458000,1.4739709
6.460000,1.4739709
6.462000,1.4739709
6.464000,1.4739709
6.466000,1.4739709
6.468000,1.4739709
6.470000,1.4739709
6.472000,1.4739709
6.474000,1.4739709
6.476000,1.4739709
6.478000,1.4739709
6.480000,1.4739709
6.482000,1.4739709
6.484000,1.4739709
6.486000,1.4739709
6.488000,1.4739709
6.490000,1.4739709
6.492000,1.4739709
6.494000,1.4739709
6.496000,1.4739709
6.498000,1.4739709
6.500000,1.4739709
6.502000,1.4739709
6.504000,1.4739709
6.506000,1.4739709
6.508000,1.4739709
6.510000,1.4739709
6.512000,1.4739709
6.514000,1.4739709
6.516000,1.4739709
6.518000,1.4739709
6.520000,1.4739709
6.522000,1.4739709
6.524000,1.4739709
6.526000,1.4739709
6.528000,1.4739709
6.530000,1.4739709
6.532000,1.4739709
6.534000,1.4739709
6.536000,1.4739709
6.538000,1.4739709
6.540000,1.4739709
6.542000,1.4739709
6.544000,1.4739709
6.546000,1.4739709
6.548000,1.4739709
6.550000,1.4739709
6.552000,1.4739709
6.554000,1.4739709
6.556000,1.4739709
6.558000,1.4739709
6.560000,1.4739709
6.562000,1.4739709
6.564000,1.4739709
6.566000,1.4739709
6.568000,1.4739709
6.570000,1.4739709
6.572000,1.4739709
6.574000,1.4739709
6.576000,1.4739709
6.578000,1.4739709
6.580000,1.4739709
6.582000,1.4739709
6.584000,1.4739709
6.586000,1.4739709
6.588000,1.4739709
6.590000,1.4739709
6.592000,1.4739709
6.594000,1.4739709
6.596000,1.4739709
6.598000,1.4739709
6.600000,1.4739709
6.602000,1.4739709
6.604000,1.4739709
6.606000,1.4739709
6.608000,1.4739709
6.610000,1.4739709
6.612000,1.4739709
6.614000,1.4739709
6.616000,1.4739709
6.618000,1.4739709
6.620000,1.4739709
6.622000,1.4739709
6.624000,1.4739709
6.626000,1.4739709
6.628000,1.4739709
6.630000,1.4739709
6.632000,1.4739709
6.634000,1.4739709
6.636000,1.4739709
6.638000,1.4739709
6.640000,1.4739709
6.642000,1.4739709
6.644000,1.4739709
6.646000,1.4739709
6.648000,1.4739709
6.650000,1.4739709
6.652000,1.4739709
6.654000,1.4739709
6.656000,1.4739709
6.658000,1.4739709
6.660000,1.4739709
6.662000,1.4739709
6.664000,1.4739709
6.666000,1.4739709
6.668000,1.4739709
6.670000,1.4739709
6.672000,1.4739709
6.674000,1.4739709
6.676000,1.4739709
6.678000,1.4739709
6.680000,1.4739709
6.682000,1.4739709
6.684000,1.4739709
6.686000,1.4739709
6.688000,1.4739709
6.690000,1.4739709
6.692000,1.4739709
6.694000,1.4739709
6.696000,1.4739709
6.698000,1.4739709
6.700000,1.4739709
6.702000,1.4739709
6.704000,1.4739709
6.706000,1.4739709
6.708000,1.4739709
6.710000,1.4739709
6.712000,1.4739709
6.714000,1.4739709
6.716000,1.4739709
6.718000,1.4739709
6.720000,1.4739709
6.722000,1.4739709
6.724000,1.4739709
6.726000,1.4739709
6.728000,1.4739709
6.730000,1.4739709
6.732000,1.4739709
6.734000,1.4739709
6.736000,1.4739709
6.738000,1.4739709
6.740000,1.4739709
6.742000,1.4739709
6.744000,1.4739709
6.746000,1.4739709
6.748000,1.4739709
6.750000,1.4739709
6.752000,1.4739709
6.754000,1.4739709
6.756000,1.4739709
6.758000,1.4739709
6.760000,1.4739709
6.762000,1.4739709
6.764000,1.4739709
6.766000,1.4739709
6.768000,1.4739709
6.770000,1.4739709
6.772000,1.4739709
6.774000,1.4739709
6.776000,1.4739709
6.778000,1.4739709
6.780000,1.4739709
6.782000,1.4739709
6.784000,1.4739709
6.786000,1.4739709
6.788000,1.4739709
6.790000,1.4739709
6.792000,1.4739709
6.794000,1.4739709
6.796000,1.4739709
6.798000,1.4739709
6.800000,1.4739709
6.802000,1.4739709
6.804000,1.4739709
6.806000,1.4739709
6.808000,1.4739709
6.810000,1.4739709
6.812000,1.4739709
6.814000,1.4739709
6.816000,1.4739709
6.818000,1.4739709
6.820000,1.4739709
6.822000,1.4739709
6.824000,1.4739709
6.826000,1.4739709
6.828000,1.4739709
6.830000,1.4739709
6.832000,1.4739709
6.834000,1.4739709
6.836000,1.4739709
6.838000,1.4739709
6.840000,1.4739709
6.842000,1.4739709
6.844000,1.4739709
6.846000,1.4739709
6.848000,1.4739709
6.850000,1.4739709
6.852000,1.4739709
6.854000,1.4739709
6.856000,1.4739709
6.858000,1.4739709
6.860000,1.4739709
6.862000,1.4739709
6.864000,1.4739709
6.866000,1.4739709
6.868000,1.4739709
6.870000,1.4739709
6.872000,1.4739709
6.874000,1.4739709
6.876000,1.4739709
6.878000,1.4739709
6.880000,1.4739709
6.882000,1.4739709
6.884000,1.4739709
6.886000,1.4739709
6.888000,1.4739709
6.890000,1.4739709
6.892000,1.4739709
6.894000,1.4739709
6.896000,1.4739709
6.898000,1.4739709
6.900000,1.4739709
6.902000,1.4739709
6.904000,1.4739709
6.906000,1.4739709
6.908000,1.4739709
6.910000,1.4739709
6.912000,1.4739709
6.914000,1.4739709
6.916000,1.4739709
6.918000,1.4739709
6.920000,1.4739709
6.922000,1.4739709
6.924000,1.4739709
6.926000,1.4739709
6.928000,1.4739709
6.930000,1.4739709
6.932000,1.4739709
6.934000,1.4739709
6.936000,1.4739709
6.938000,1.4739709
6.940000,1.4739709
6.942000,1.4739709
6.944000,1.4739709
6.946000,1.4739709
6.948000,1.4739709
6.950000,1.4739709
6.952000,1.4739709
6.954000,1.4739709
6.956000,1.4739709
6.958000,1.4739709
6.960000,1.4739709
6.962000,1.4739709
6.964000,1.4739709
6.966000,1.4739709
6.968000,1.4739709
6.970000,1.4739709
6.972000,1.4739709
6.974000,1.4739709
6.976000,1.4739709
6.978000,1.4739709
6.980000,1.4739709
6.982000,1.4739709
6.984000,1.4739709
6.986000,1.4739709
6.988000,1.4739709
6.990000,1.4739709
6.992000,1.4739709
6.994000,1.4739709
6.996000,1.4739709
6.998000,1.4739709
7.000000,1.4739709
7.002000,1.4739709
7.004000,1.4739709
7.006000,1.4739709
7.008000,1.4739709
7.010000,1.4739709
7.012000,1.4739709
7.014000,1.4739709
7.016000,1.4739709
7.018000,1.4739709
7.020000,1.4739709
7.022000,1.4739709
7.024000,1.4739709
7.026000,1.4739709
7.028000,1.4739709
7.030000,1.4739709
7.032000,1.4739709
7.034000,1.4739709
7.036000,1.4739709
7.038000,1.4739709
7.040000,1.4739709
7.042000,1.4739709
7.044000,1.4739709
7.046000,1.4739709
7.048000,1.4739709
7.050000,1.4739709
7.052000,1.4739709
7.054000,1.4739709
7.056000,1.4739709
7.058000,1.4739709
7.060000,1.4739709
7.062000,1.4739709
7.064000,1.4739709
7.066000,1.4739709
7.068000,1.4739709
7.070000,1.4739709
7.072000,1.4739709
7.074000,1.4739709
7.076000,1.4739709
7.078000,1.4739709
7.080000,1.4739709
7.082000,1.4739709
7.084000,1.4739709
7.086000,1.4739709
7.088000,1.4739709
7.090000,1.4739709
7.092000,1.4739709
7.094000,1.4739709
7.096000,1.4739709
7.098000,1.4739709
7.100000,1.4739709
7.102000,1.4739709
7.104000,1.4739709
7.106000,1.4739709
7.108000,1.4739709
7.110000,1.4739709
7.112000,1.4739709
7.114000,1.4739709
7.116000,1.4739709
7.118000,1.4739709
7.120000,1.4739709
7.122000,1.4739709
7.124000,1.4739709
7.126000,1.4739709
7.128000,1.4739709
7.130000,1.4739709
7.132000,1.4739709
7.134000,1.4739709
7.136000,1.4739709
7.138000,1.4739709
7.140000,1.4739709
7.142000,1.4739709
7.144000,1.4739709
7.146000,1.4739709
7.148000,1.4739709
7.150000,1.4739709
7.152000,1.4739709
7.154000,1.4739709
7.156000,1.4739709
7.158000,1.4739709
7.160000,1.4739709
7.162000,1.4739709
7.164000,1.4739709
7.166000,1.4739709
7.168000,1.4739709
7.170000,1.4739709
7.172000,1.4739709
7.174000,1.4739709
7.176000,1.4739709
7.178000,1.4739709
7.180000,1.4739709
7.182000,1.4739709
7.184000,1.4739709
7.186000,1.4739709
7.188000,1.4739709
7.190000,1.4739709
7.192000,1.4739709
7.194000,1.4739709
7.196000,1.4739709
7.198000,1.4739709
7.200000,1.4739709
7.202000,1.4739709
7.204000,1.4739709
7.206000,1.4739709
7.208000,1.4739709
7.210000,1.4739709
7.212000,1.4739709
7.214000,1.4739709
7.216000,1.4739709
7.218000,1.4739709
7.220000,1.4739709
7.222000,1.4739709
7.224000,1.4739709
7.226000,1.4739709
7.228000,1.4739709
7.230000,1.4739709
7.232000,1.4739709
7.234000,1.4739709
7.236000,1.4739709
7.238000,1.4739709
7.240000,1.4739709
7.242000,1.4739709
7.244000,1.4739709
7.246000,1.4739709
7.248000,1.4739709
7.250000,1.4739709
7.252000,1.4739709
7.254000,1.4739709
7.256000,1.4739709
7.258000,1.4739709
7.260000,1.4739709
7.262000,1.4739709
7.264000,1.4739709
7.266000,1.4739709
7.268000,1.4739709
7.270000,1.4739709
7.272000,1.4739709
7.274000,1.4739709
7.276000,1.4739709
7.278000,1.4739709
7.280000,1.4739709
7.282000,1.4739709
7.284000,1.4739709
7.286000,1.4739709
7.288000,1.4739709
7.290000,1.4739709
7.292000,1.4739709
7.294000,1.4739709
7.296000,1.4739709
7.298000,1.4739709
7.300000,1.4739709
7.302000,1.4739709
7.304000,1.4739709
7.306000,1.4739709
7.308000,1.4739709
7.310000,1.4739709
7.312000,1.4739709
7.314000,1.4739709
7.316000,1.4739709
7.318000,1.4739709
7.320000,1.4739709
7.322000,1.4739709
7.324000,1.4739709
7.326000,1.4739709
7.328000,1.4739709
7.330000,1.4739709
7.332000,1.4739709
7.334000,1.4739709
7.336000,1.4739709
7.338000,1.4739709
7.340000,1.4739709
7.342000,1.4739709
7.344000,1.4739709
7.346000,1.4739709
7.348000,1.4739709
7.350000,1.4739709
7.352000,1.4739709
7.354000,1.4739709
7.356000,1.4739709
7.358000,1.4739709
7.360000,1.4739709
7.362000,1.4739709
7.364000,1.4739709
7.366000,1.4739709
7.368000,1.4739709
7.370000,1.4739709
7.372000,1.4739709
7.374000,1.4739709
7.376000,1.4739709
7.378000,1.4739709
7.380000,1.4739709
7.382000,1.4739709
7.384000,1.4739709
7.386000,1.4739709
7.388000,1.4739709
7.390000,1.4739709
7.392000,1.4739709
7.394000,1.4739709
7.396000,1.4739709
7.398000,1.4739709
7.400000,1.4739709
7.402000,1.4739709
7.404000,1.4739709
7.406000,1.4739709
7.408000,1.4739709
7.410000,1.4739709
7.412000,1.4739709
7.414000,1.4739709
7.416000,1.4739709
7.418000,1.4739709
7.420000,1.4739709
7.422000,1.4739709
7.424000,1.4739709
7.426000,1.4739709
7.428000,1.4739709
7.430000,1.4739709
7.432000,1.4739709
7.434000,1.4739709
7.436000,1.4739709
7.438000,1.4739709
7.440000,1.4739709
7.442000,1.4739709
7.444000,1.4739709
7.446000,1.4739709
7.448000,1.4739709
7.450000,1.4739709
7.452000,1.4739709
7.454000,1.4739709
7.456000,1.4739709
7.458000,1.4739709
7.460000,1.4739709
7.462000,1.4739709
7.464000,1.4739709
7.466000,1.4739709
7.468000,1.4739709
7.470000,1.4739709
7.472000,1.4739709
7.474000,1.4739709
7.476000,1.4739709
7.478000,1.4739709
7.480000,1.4739709
7.482000,1.4739709
7.484000,1.4739709
7.486000,1.4739709
7.488000,1.4739709
7.490000,1.4739709
7.492000,1.4739709
7.494000,1.4739709
7.496000,1.4739709
7.498000,1.4739709
7.500000,1.4739709
7.502000,1.4739709
7.504000,1.4739709
7.506000,1.4739709
7.508000,1.4739709
7.510000,1.4739709
7.512000,1.4739709
7.514000,1.4739709
7.516000,1.4739709
7.518000,1.4739709
7.520000,1.4739709
7.522000,1.4739709
7.524000,1.4739709
7.526000,1.4739709
7.528000,1.4739709
7.530000,1.4739709
7.532000,1.4739709
7.534000,1.4739709
7.536000,1.4739709
7.538000,1.4739709
7.540000,1.4739709
7.542000,1.4739709
7.544000,1.4739709
7.546000,1.4739709
7.548000,1.4739709
7.550000,1.4739709
7.552000,1.4739709
7.554000,1.4739709
7.556000,1.4739709
7.558000,1.4739709
7.560000,1.4739709
7.562000,1.4739709
7.564000,1.4739709
7.566000,1.4739709
7.568000,1.4739709
7.570000,1.4739709
7.572000,1.4739709
7.574000,1.4739709
7.576000,1.4739709
7.578000,1.4739709
7.580000,1.4739709
7.582000,1.4739709
7.584000,1.4739709
7.586000,1.4739709
7.588000,1.4739709
7.590000,1.4739709
7.592000,1.4739709
7.594000,1.4739709
7.596000,1.4739709
7.598000,1.4739709
7.600000,1.4739709
7.602000,1.4739709
7.604000,1.4739709
7.606000,1.4739709
7.608000,1.4739709
7.610000,1.4739709
7.612000,1.4739709
7.614000,1.4739709
7.616000,1.4739709
7.618000,1.4739709
7.620000,1.4739709
7.622000,1.4739709
7.624000,1.4739709
7.626000,1.4739709
7.628000,1.4739709
7.630000,1.4739709
7.632000,1.4739709
7.634000,1.4739709
7.636000,1.4739709
7.638000,1.4739709
7.640000,1.4739709
7.642000,1.4739709
7.644000,1.4739709
7.646000,1.4739709
7.648000,1.4739709
7.650000,1.4739709
7.652000,1.4739709
7.654000,1.4739709
7.656000,1.4739709
7.658000,1.4739709
7.660000,1.4739709
7.662000,1.4739709
7.664000,1.4739709
7.666000,1.4739709
7.668000,1.4739709
7.670000,1.4739709
7.672000,1.4739709
7.674000,1.4739709
7.676000,1.4739709
7.678000,1.4739709
7.680000,1.4739709
7.682000,1.4739709
7.684000,1.4739709
7.686000,1.4739709
7.688000,1.4739709
7.690000,1.4739709
7.692000,1.4739709
7.694000,1.4739709
7.696000,1.4739709
7.698000,1.4739709
7.700000,1.4739709
7.702000,1.4739709
7.704000,1.4739709
7.706000,1.4739709
7.708000,1.4739709
7.710000,1.4739709
7.712000,1.4739709
7.714000,1.4739709
7.716000,1.4739709
7.718000,1.4739709
7.720000,1.4739709
7.722000,1.4739709
7.724000,1.4739709
7.726000,1.4739709
7.728000,1.4739709
7.730000,1.4739709
7.732000,1.4739709
7.734000,1.4739709
7.736000,1.4739709
7.738000,1.4739709
7.740000,1.4739709
7.742000,1.4739709
7.744000,1.4739709
7.746000,1.4739709
7.748000,1.4739709
7.750000,1.4739709
7.752000,1.4739709
7.754000,1.4739709
7.756000,1.4739709
7.758000,1.4739709
7.760000,1.4739709
7.762000,1.4739709
7.764000,1.4739709
7.766000,1.4739709
7.768000,1.4739709
7.770000,1.4739709
7.772000,1.4739709
7.774000,1.4739709
7.776000,1.4739709
7.778000,1.4739709
7.780000,1.4739709
7.782000,1.4739709
7.784000,1.4739709
7.786000,1.4739709
7.788000,1.4739709
7.790000,1.4739709
7.792000,1.4739709
7.794000,1.4739709
7.796000,1.4739709
7.798000,1.4739709
7.800000,1.4739709
7.802000,1.4739709
7.804000,1.4739709
7.806000,1.4739709
7.808000,1.4739709
7.810000,1.4739709
7.812000,1.4739709
7.814000,1.4739709
7.816000,1.4739709
7.818000,1.4739709
7.820000,1.4739709
7.822000,1.4739709
7.824000,1.4739709
7.826000,1.4739709
7.828000,1.4739709
7.830000,1.4739709
7.832000,1.4739709
7.834000,1.4739709
7.836000,1.4739709
7.838000,1.4739709
7.840000,1.4739709
7.842000,1.4739709
7.844000,1.4739709
7.846000,1.4739709
7.848000,1.4739709
7.850000,1.4739709
7.852000,1.4739709
7.854000,1.4739709
7.856000,1.4739709
7.858000,1.4739709
7.860000,1.4739709
7.862000,1.4739709
7.864000,1.4739709
7.866000,1.4739709
7.868000,1.4739709
7.870000,1.4739709
7.872000,1.4739709
7.874000,1.4739709
7.876000,1.4739709
7.878000,1.4739709
7.880000,1.4739709
7.882000,1.4739709
7.884000,1.4739709
7.886000,1.4739709
7.888000,1.4739709
7.890000,1.4739709
7.892000,1.4739709
7.894000,1.4739709
7.896000,1.4739709
7.898000,1.4739709
7.900000,1.4739709
7.902000,1.4739709
7.904000,1.4739709
7.906000,1.4739709
7.908000,1.4739709
7.910000,1.4739709
7.912000,1.4739709
7.914000,1.4739709
7.916000,1.4739709
7.918000,1.4739709
7.920000,1.4739709
7.922000,1.4739709
7.924000,1.4739709
7.926000,1.4739709
7.928000,1.4739709
7.930000,1.4739709
7.932000,1.4739709
7.934000,1.4739709
7.936000,1.4739709
7.938000,1.4739709
7.940000,1.4739709
7.942000,1.4739709
7.944000,1.4739709
7.946000,1.4739709
7.948000,1.4739709
7.950000,1.4739709
7.952000,1.4739709
7.954000,1.4739709
7.956000,1.4739709
7.958000,1.4739709
7.960000,1.4739709
7.962000,1.4739709
7.964000,1.4739709
7.966000,1.4739709
7.968000,1.4739709
7.970000,1.4739709
7.972000,1.4739709
7.974000,1.4739709
7.976000,1.4739709
7.978000,1.4739709
7.980000,1.4739709
7.982000,1.4739709
7.984000,1.4739709
7.986000,1.4739709
7.988000,1.4739709
7.990000,1.4739709
7.992000,1.4739709
7.994000,1.4739709
7.996000,1.4739709
7.998000,1.4739709
8.000000,1.4739709
8.002000,1.4739709
8.004000,1.4739709
8.006000,1.4739709
8.008000,1.4739709
8.010000,1.4739709
8.012000,1.4739709
8.014000,1.4739709
8.016000,1.4739709
8.018000,1.4739709
8.020000,1.4739709
8.022000,1.4739709
8.024000,1.4739709
8.026000,1.4739709
8.028000,1.4739709
8.030000,1.4739709
8.032000,1.4739709
8.034000,1.4739709
8.036000,1.4739709
8.038000,1.4739709
8.040000,1.4739709
8.042000,1.4739709
8.044000,1.4739709
8.046000,1.4739709
8.048000,1.4739709
8.050000,1.4739709
8.052000,1.4739709
8.054000,1.4739709
8.056000,1.4739709
8.058000,1.4739709
8.060000,1.4739709
8.062000,1.4739709
8.064000,1.4739709
8.066000,1.4739709
8.068000,1.4739709
8.070000,1.4739709
8.072000,1.4739709
8.074000,1.4739709
8.076000,1.4739709
8.078000,1.4739709
8.080000,1.4739709
8.082000,1.4739709
8.084000,1.4739709
8.086000,1.4739709
8.088000,1.4739709
8.090000,1.4739709
8.092000,1.4739709
8.094000,1.4739709
8.096000,1.4739709
8.098000,1.4739709
8.100000,1.4739709
8.102000,1.4739709
8.104000,1.4739709
8.106000,1.4739709
8.108000,1.4739709
8.110000,1.4739709
8.112000,1.4739709
8.114000,1.4739709
8.116000,1.4739709
8.118000,1.4739709
8.120000,1.4739709
8.122000,1.4739709
8.124000,1.4739709
8.126000,1.4739709
8.128000,1.4739709
8.130000,1.4739709
8.132000,1.4739709
8.134000,1.4739709
8.136000,1.4739709
8.138000,1.4739709
8.140000,1.4739709
8.142000,1.4739709
8.144000,1.4739709
8.146000,1.4739709
8.148000,1.4739709
8.150000,1.4739709
8.152000,1.4739709
8.154000,1.4739709
8.156000,1.4739709
8.158000,1.4739709
8.160000,1.4739709
8.162000,1.4739709
8.164000,1.4739709
8.166000,1.4739709
8.168000,1.4739709
8.170000,1.4739709
8.172000,1.4739709
8.174000,1.4739709
8.176000,1.4739709
8.178000,1.4739709
8.180000,1.4739709
8.182000,1.4739709
8.184000,1.4739709
8.186000,1.4739709
8.188000,1.4739709
8.190000,1.4739709
8.192000,1.4739709
8.194000,1.4739709
8.196000,1.4739709
8.198000,1.4739709
8.200000,1.4739709
8.202000,1.4739709
8.204000,1.4739709
8.206000,1.4739709
8.208000,1.4739709
8.210000,1.4739709
8.212000,1.4739709
8.214000,1.4739709
8.216000,1.4739709
8.218000,1.4739709
8.220000,1.4739709
8.222000,1.4739709
8.224000,1.4739709
8.226000,1.4739709
8.228000,1.4739709
8.230000,1.4739709
8.232000,1.4739709
8.234000,1.4739709
8.236000,1.4739709
8.238000,1.4739709
8.240000,1.4739709
8.242000,1.4739709
8.244000,1.4739709
8.246000,1.4739709
8.248000,1.4739709
8.250000,1.4739709
8.252000,1.4739709
8.254000,1.4739709
8.256000,1.4739709
8.258000,1.4739709
8.260000,1.4739709
8.262000,1.4739709
8.264000,1.4739709
8.266000,1.4739709
8.268000,1.4739709
8.270000,1.4739709
8.272000,1.4739709
8.274000,1.4739709
8.276000,1.4739709
8.278000,1.4739709
8.280000,1.4739709
8.282000,1.4739709
8.284000,1.4739709
8.286000,1.4739709
8.288000,1.4739709
8.290000,1.4739709
8.292000,1.4739709
8.294000,1.4739709
8.296000,1.4739709
8.298000,1.4739709
8.300000,1.4739709
8.302000,1.4739709
8.304000,1.4739709
8.306000,1.4739709
8.308000,1.4739709
8.310000,1.4739709
8.312000,1.4739709
8.314000,1.4739709
8.316000,1.4739709
8.318000,1.4739709
8.320000,1.4739709
8.322000,1.4739709
8.324000,1.4739709
8.326000,1.4739709
8.328000,1.4739709
8.330000,1.4739709
8.332000,1.4739709
8.334000,1.4739709
8.336000,1.4739709
8.338000,1.4739709
8.340000,1.4739709
8.342000,1.4739709
8.344000,1.4739709
8.346000,1.4739709
8.348000,1.4739709
8.350000,1.4739709
8.352000,1.4739709
8.354000,1.4739709
8.356000,1.4739709
8.358000,1.4739709
8.360000,1.4739709
8.362000,1.4739709
8.364000,1.4739709
8.366000,1.4739709
8.368000,1.4739709
8.370000,1.4739709
8.372000,1.4739709
8.374000,1.4739709
8.376000,1.4739709
8.378000,1.4739709
8.380000,1.4739709
8.382000,1.4739709
8.384000,1.4739709
8.386000,1.4739709
8.388000,1.4739709
8.390000,1.4739709
8.392000,1.4739709
8.394000,1.4739709
8.396000,1.4739709
8.398000,1.4739709
8.400000,1.4739709
8.402000,1.4739709
8.404000,1.4739709
8.406000,1.4739709
8.408000,1.4739709
8.410000,1.4739709
8.412000,1.4739709
8.414000,1.4739709
8.416000,1.4739709
8.418000,1.4739709
8.420000,1.4739709
8.422000,1.4739709
8.424000,1.4739709
8.426000,1.4739709
8.428000,1.4739709
8.430000,1.4739709
8.432000,1.4739709
8.434000,1.4739709
8.436000,1.4739709
8.438000,1.4739709
8.440000,1.4739709
8.442000,1.4739709
8.444000,1.4739709
8.446000,1.4739709
8.448000,1.4739709
8.450000,1.4739709
8.452000,1.4739709
8.454000,1.4739709
8.456000,1.4739709
8.458000,1.4739709
8.460000,1.4739709
8.462000,1.4739709
8.464000,1.4739709
8.466000,1.4739709
8.468000,1.4739709
8.470000,1.4739709
8.472000,1.4739709
8.474000,1.4739709
8.476000,1.4739709
8.478000,1.4739709
8.480000,1.4739709
8.482000,1.4739709
8.484000,1.4739709
8.486000,1.4739709
8.488000,1.4739709
8.490000,1.4739709
8.492000,1.4739709
8.494000,1.4739709
8.496000,1.4739709
8.498000,1.4739709
8.500000,1.4739709
8.502000,1.4739709
8.504000,1.4739709
8.506000,1.4739709
8.508000,1.4739709
8.510000,1.4739709
8.512000,1.4739709
8.514000,1.4739709
8.516000,1.4739709
8.518000,1.4739709
8.520000,1.4739709
8.522000,1.4739709
8.524000,1.4739709
8.526000,1.4739709
8.528000,1.4739709
8.530000,1.4739709
8.532000,1.4739709
8.534000,1.4739709
8.536000,1.4739709
8.538000,1.4739709
8.540000,1.4739709
8.542000,1.4739709
8.544000,1.4739709
8.546000,1.4739709
8.548000,1.4739709
8.550000,1.4739709
8.552000,1.4739709
8.554000,1.4739709
8.556000,1.4739709
8.558000,1.4739709
8.560000,1.4739709
8.562000,1.4739709
8.564000,1.4739709
8.566000,1.4739709
8.568000,1.4739709
8.570000,1.4739709
8.572000,1.4739709
8.574000,1.4739709
8.576000,1.4739709
8.578000,1.4739709
8.580000,1.4739709
8.582000,1.4739709
8.584000,1.4739709
8.586000,1.4739709
8.588000,1.4739709
8.590000,1.4739709
8.592000,1.4739709
8.594000,1.4739709
8.596000,1.4739709
8.598000,1.4739709
8.600000,1.4739709
8.602000,1.4739709
8.604000,1.4739709
8.606000,1.4739709
8.608000,1.4739709
8.610000,1.4739709
8.612000,1.4739709
8.614000,1.4739709
8.616000,1.4739709
8.618000,1.4739709
8.620000,1.4739709
8.622000,1.4739709
8.624000,1.4739709
8.626000,1.4739709
8.628000,1.4739709
8.630000,1.4739709
8.632000,1.4739709
8.634000,1.4739709
8.636000,1.4739709
8.638000,1.4739709
8.640000,1.4728508
8.642000,1.4709572
8.644000,1.4690903
8.646000,1.4669834
8.648000,1.4650898
8.650000,1.4631162
8.652000,1.4612760
8.654000,1.4592757
8.656000,1.4574622
8.658000,1.4554619
8.660000,1.4536483
8.662000,1.4516481
8.664000,1.4498612
8.666000,1.4479410
8.668000,1.4461541
8.670000,1.4442072
8.672000,1.4425003
8.674000,1.4404467
8.676000,1.4385265
8.678000,1.4366862
8.680000,1.4348460
8.682000,1.4329258
8.684000,1.4309255
8.686000,1.4291653
8.688000,1.4272184
8.690000,1.4253248
8.692000,1.4232445
8.694000,1.4215643
8.696000,1.4196174
8.698000,1.4178039
8.700000,1.4158570
8.702000,1.4141501
8.704000,1.4120965
8.706000,1.4101496
8.708000,1.4083360
8.710000,1.4063891
8.712000,1.4046289
8.714000,1.4026820
8.716000,1.4010018
8.718000,1.3989749
8.720000,1.3972413
8.722000,1.3953744
8.724000,1.3935875
8.726000,1.3917473
8.728000,1.3897737
8.730000,1.3880401
8.732000,1.3862266
8.734000,1.3843330
8.736000,1.3824395
8.738000,1.3808392
8.740000,1.3789990
8.742000,1.3772388
8.744000,1.3752919
8.746000,1.3735583
8.748000,1.3717448
8.750000,1.3698512
8.752000,1.3679843
8.754000,1.3661974
8.756000,1.3643038
8.758000,1.3624369
8.760000,1.3607034
8.762000,1.3588898
8.764000,1.3570496
8.766000,1.3551560
8.768000,1.3533425
8.770000,1.3516089
8.772000,1.3496887
8.774000,1.3480085
8.776000,1.3461683
8.778000,1.3443547
8.780000,1.3425678
8.782000,1.3406476
8.784000,1.3390207
8.786000,1.3370738
8.788000,1.3353669
8.790000,1.3335800
8.792000,1.3318198
8.794000,1.3300862
8.796000,1.3282727
8.798000,1.3265391
8.800000,1.3247522
8.802000,1.3230987
8.804000,1.3212051
8.806000,1.3194983
8.808000,1.3177114
8.810000,1.3160045
8.812000,1.3141642
8.814000,1.3124840
8.816000,1.3108305
8.818000,1.3089369
8.820000,1.3072834
8.822000,1.3054965
8.824000,1.3039496
8.826000,1.3020027
8.828000,1.3002692
8.830000,1.2985623
8.832000,1.2968287
8.834000,1.2950685
8.836000,1.2932816
8.838000,1.2916814
8.840000,1.2898946
8.842000,1.2882410
8.844000,1.2863474
8.846000,1.2846672
8.848000,1.2830137
8.850000,1.2811735
8.852000,1.2794132
8.854000,1.2777330
8.856000,1.2760262
8.858000,1.2742393
8.860000,1.2724524
8.862000,1.2707988
8.864000,1.2690653
8.866000,1.2673584
8.868000,1.2655715
8.870000,1.2639180
8.872000,1.2622378
8.874000,1.2604509
8.876000,1.2587440
8.878000,1.2570638
8.880000,1.2555169
8.882000,1.2536767
8.884000,1.2520232
8.886000,1.2503963
8.888000,1.2488494
8.890000,1.2471692
8.892000,1.2454623
8.894000,1.2438355
8.896000,1.2423419
8.898000,1.2405550
8.900000,1.2388215
8.902000,1.2371680
8.904000,1.2355411
8.906000,1.2338342
8.908000,1.2320473
8.910000,1.2303938
8.912000,1.2287669
8.914000,1.2270600
8.916000,1.2253265
8.918000,1.2236463
8.920000,1.2219927
8.922000,1.2204192
8.924000,1.2186590
8.926000,1.2170321
8.928000,1.2154319
8.930000,1.2137517
8.932000,1.2120982
8.934000,1.2103646
8.936000,1.2088177
8.938000,1.2071375
8.940000,1.2054573
8.942000,1.2037505
8.944000,1.2021236
8.946000,1.2005767
8.948000,1.1988432
8.950000,1.1971363
8.952000,1.1955094
8.954000,1.1940159
8.956000,1.1923357
8.958000,1.1906821
8.960000,1.1891086
8.962000,1.1876151
8.964000,1.1860416
8.966000,1.1842814
8.968000,1.1827078
8.970000,1.1812143
8.972000,1.1796408
8.974000,1.1779072
8.976000,1.1762537
8.978000,1.1747868
8.980000,1.1731866
8.982000,1.1715598
8.984000,1.1697995
8.986000,1.1682793
8.988000,1.1667858
8.990000,1.1652123
8.992000,1.1635588
8.994000,1.1620386
8.996000,1.1605451
8.998000,1.1589715
9.000000,1.1574247
9.002000,1.1556378
9.004000,1.1541443
9.006000,1.1525707
9.008000,1.1509705
9.010000,1.1492903
9.012000,1.1477435
9.014000,1.1462233
9.016000,1.1446231
9.018000,1.1430495
9.020000,1.1413960
9.022000,1.1399825
9.024000,1.1383823
9.026000,1.1368087
9.028000,1.1352085
9.030000,1.1336884
9.032000,1.1322482
9.034000,1.1305680
9.036000,1.1290211
9.038000,1.1273942
9.040000,1.1258740
9.042000,1.1243805
9.044000,1.1228870
9.046000,1.1213135
9.048000,1.1197933
9.050000,1.1184064
9.052000,1.1168596
9.054000,1.1153394
9.056000,1.1138459
9.058000,1.1125391
9.060000,1.1110455
9.062000,1.1095787
9.064000,1.1080318
9.066000,1.1065116
9.068000,1.1051248
9.070000,1.1034446
9.072000,1.1018977
9.074000,1.1001642
9.076000,1.0987240
9.078000,1.0970438
9.080000,1.0956036
9.082000,1.0939767
9.084000,1.0925365
9.086000,1.0911230
9.088000,1.0896295
9.090000,1.0880560
9.092000,1.0865625
9.094000,1.0851490
9.096000,1.0837088
9.098000,1.0821886
9.100000,1.0805884
9.102000,1.0791215
9.104000,1.0776280
9.106000,1.0761612
9.108000,1.0745610
9.110000,1.0730941
9.112000,1.0716006
9.114000,1.0701338
9.116000,1.0686936
9.118000,1.0671734
9.120000,1.0657332
9.122000,1.0642130
9.124000,1.0628262
9.126000,1.0613060
9.128000,1.0598125
9.130000,1.0582923
9.132000,1.0569588
9.134000,1.0554919
9.136000,1.0541051
9.138000,1.0525582
9.140000,1.0510914
9.142000,1.0497579
9.144000,1.0482910
9.146000,1.0467975
9.148000,1.0452773
9.150000,1.0439438
9.152000,1.0425303
9.154000,1.0411968
9.156000,1.0396766
9.158000,1.0382898
9.160000,1.0368763
9.162000,1.0354894
9.164000,1.0339692
9.166000,1.0324224
9.168000,1.0310089
9.170000,1.0296220
9.172000,1.0282885
9.174000,1.0267683
9.176000,1.0253815
9.178000,1.0240213
9.180000,1.0226878
9.182000,1.0213276
9.184000,1.0197808
9.186000,1.0183673
9.188000,1.0169271
9.190000,1.0156203
9.192000,1.0142334
9.194000,1.0127933
9.196000,1.0113264
9.198000,1.0099396
9.200000,1.0085794
9.202000,1.0071392
9.204000,1.0056190
9.206000,1.0041255
9.208000,1.0027120
9.210000,1.0013785
9.212000,1.0000183
9.214000,0.9985781
9.216000,0.9972180
9.218000,0.9958845
9.220000,0.9946577
9.222000,0.9932441
9.224000,0.9918040
9.226000,0.9903905
9.228000,0.9890036
9.230000,0.9876968
9.232000,0.9863633
9.234000,0.9849498
9.236000,0.9835629
9.238000,0.9822294
9.240000,0.9810293
9.242000,0.9795891
9.244000,0.9782823
9.246000,0.9768421
9.248000,0.9755353
9.250000,0.9742018
9.252000,0.9729216
9.254000,0.9716148
9.256000,0.9701746
9.258000,0.9688678
9.260000,0.9675343
9.262000,0.9661741
9.264000,0.9647872
9.266000,0.9634271
9.268000,0.9619869
9.270000,0.9607601
9.272000,0.9593999
9.274000,0.9581198
9.276000,0.9567596
9.278000,0.9554261
9.280000,0.9541192
9.282000,0.9528924
9.284000,0.9515056
9.286000,0.9500921
9.288000,0.9486519
9.290000,0.9473984
9.292000,0.9461183
9.294000,0.9447581
9.296000,0.9434246
9.298000,0.9420644
9.300000,0.9408909
9.302000,0.9395574
9.304000,0.9382506
9.306000,0.9368638
9.308000,0.9355569
9.310000,0.9342234
9.312000,0.9329166
9.314000,0.9316364
9.316000,0.9304096
9.318000,0.9289428
9.320000,0.9277693
9.322000,0.9264091
9.324000,0.9252890
9.326000,0.9238755
9.328000,0.9225420
9.330000,0.9213151
9.332000,0.9199550
9.334000,0.9187815
9.336000,0.9174747
9.338000,0.9162478
9.340000,0.9147543
9.342000,0.9136609
9.344000,0.9124874
9.346000,0.9112339
9.348000,0.9099004
9.350000,0.9086202
9.352000,0.9072601
9.354000,0.9061399
9.356000,0.9048331
9.358000,0.9035529
9.360000,0.9022461
9.362000,0.9009659
9.364000,0.8997925
9.366000,0.8984856
9.368000,0.8972588
9.370000,0.8958986
9.372000,0.8946718
9.374000,0.8933383
9.376000,0.8921382
9.378000,0.8910180
9.380000,0.8898179
9.382000,0.8885377
9.384000,0.8873109
9.386000,0.8861641
9.388000,0.8849906
9.390000,0.8837905
9.392000,0.8825103
9.394000,0.8812301
9.396000,0.8798700
9.398000,0.8786432
9.400000,0.8774430
9.402000,0.8761628
9.404000,0.8749894
9.406000,0.8736292
9.408000,0.8724557
9.410000,0.8712022
9.412000,0.8700821
9.414000,0.8687219
9.416000,0.8675484
9.418000,0.8662149
9.420000,0.8650148
9.422000,0.8638413
9.424000,0.8627745
9.426000,0.8615210
9.428000,0.8602409
9.430000,0.8590940
9.432000,0.8578672
9.434000,0.8568004
9.436000,0.8554936
9.438000,0.8543201
9.440000,0.8530133
9.442000,0.8518398
9.444000,0.8507197
9.446000,0.8495729
9.448000,0.8485061
9.450000,0.8472526
9.452000,0.8460791
9.454000,0.8450656
9.456000,0.8439722
9.458000,0.8429053
9.460000,0.8417319
9.462000,0.8405317
9.464000,0.8391982
9.466000,0.8379981
9.468000,0.8367712
9.470000,0.8355978
9.472000,0.8343976
9.474000,0.8331175
9.476000,0.8319707
9.478000,0.8307972
9.480000,0.8297304
9.482000,0.8284769
9.484000,0.8273034
9.486000,0.8260232
9.488000,0.8248764
9.490000,0.8237030
9.492000,0.8225561
9.494000,0.8214360
9.496000,0.8203159
9.498000,0.8191157
9.500000,0.8179422
9.502000,0.8169288
9.504000,0.8157820
9.506000,0.8147152
9.508000,0.8134617
9.510000,0.8123949
9.512000,0.8111147
9.514000,0.8099679
9.516000,0.8087944
9.518000,0.8077276
9.520000,0.8065275
9.522000,0.8053007
9.524000,0.8040472
9.526000,0.8029270
9.528000,0.8018602
9.530000,0.8006601
9.532000,0.7994866
9.534000,0.7982864
9.536000,0.7971663
9.538000,0.7960462
9.540000,0.7950060
9.542000,0.7939392
9.544000,0.7928724
9.546000,0.7916723
9.548000,0.7906055
9.550000,0.7894853
9.552000,0.7883919
9.554000,0.7872717
9.556000,0.7861249
9.558000,0.7849514
9.560000,0.7837246
9.562000,0.7826312
9.564000,0.7815644
9.566000,0.7805509
9.568000,0.7795108
9.570000,0.7784973
9.572000,0.7773238
9.574000,0.7762837
9.576000,0.7752169
9.578000,0.7741501
9.580000,0.7730033
9.582000,0.7718831
9.584000,0.7707363
9.586000,0.7695629
9.588000,0.7684427
9.590000,0.7673492
9.592000,0.7663358
9.594000,0.7652690
9.596000,0.7641755
9.598000,0.7630554
9.600000,0.7620419
9.602000,0.7609484
9.604000,0.7599350
9.606000,0.7587615
9.608000,0.7576147
9.610000,0.7564945
9.612000,0.7553477
9.614000,0.7543343
9.616000,0.7533742
9.618000,0.7523340
9.620000,0.7513206
9.622000,0.7502538
9.624000,0.7491603
9.626000,0.7482002
9.628000,0.7471867
9.630000,0.7460933
9.632000,0.7450265
9.634000,0.7438530
9.636000,0.7427595
9.638000,0.7416927
9.640000,0.7406259
9.642000,0.7395858
9.644000,0.7385723
9.646000,0.7375055
9.648000,0.7363587
9.650000,0.7353986
9.652000,0.7343851
9.654000,0.7333983
9.656000,0.7323315
9.658000,0.7312647
9.660000,0.7301179
9.662000,0.7290511
9.664000,0.7279577
9.666000,0.7268908
9.668000,0.7258774
9.670000,0.7248906
9.672000,0.7238238
9.674000,0.7227570
9.676000,0.7217702
9.678000,0.7207568
9.680000,0.7198500
9.682000,0.7187565
9.684000,0.7177964
9.686000,0.7167296
9.688000,0.7156361
9.690000,0.7146227
9.692000,0.7135558
9.694000,0.7126224
9.696000,0.7116089
9.698000,0.7107022
9.700000,0.7097420
9.702000,0.7087019
9.704000,0.7077418
9.706000,0.7066750
9.708000,0.7057415
9.710000,0.7047281
9.712000,0.7037146
9.714000,0.7025678
9.716000,0.7015010
9.718000,0.7004075
9.720000,0.6994474
9.722000,0.6984873
9.724000,0.6974738
9.726000,0.6965404
9.728000,0.6955269
9.730000,0.6945668
9.732000,0.6935267
9.734000,0.6926732
9.736000,0.6917131
9.738000,0.6906730
9.740000,0.6897129
9.742000,0.6885927
9.744000,0.6874993
9.746000,0.6865391
9.748000,0.6855257
9.750000,0.6846456
9.752000,0.6836321
9.754000,0.6827787
9.756000,0.6817385
9.758000,0.6807784
9.760000,0.6798183
9.762000,0.6789382
9.764000,0.6780314
9.766000,0.6770179
9.768000,0.6760578
9.770000,0.6750177
9.772000,0.6740042
9.774000,0.6729908
9.776000,0.6720040
9.778000,0.6709905
9.780000,0.6700837
9.782000,0.6690436
9.784000,0.6681368
9.786000,0.6671234
9.788000,0.6662433
9.790000,0.6652832
9.792000,0.6643764
9.794000,0.6633896
9.796000,0.6624828
9.798000,0.6614693
9.800000,0.6604826
9.802000,0.6594691
9.804000,0.6584556
9.806000,0.6576555
9.808000,0.6566687
9.810000,0.6558153
9.812000,0.6548018
9.814000,0.6539217
9.816000,0.6529083
9.818000,0.6520015
9.820000,0.6511214
9.822000,0.6501613
9.824000,0.6492545
9.826000,0.6482144
9.828000,0.6472542
9.830000,0.6462941
9.832000,0.6453873
9.834000,0.6444539
9.836000,0.6435471
9.838000,0.6426937
9.840000,0.6418669
9.842000,0.6409068
9.844000,0.6400533
9.846000,0.6391199
9.848000,0.6382664
9.850000,0.6374130
9.852000,0.6365062
9.854000,0.6355194
9.856000,0.6346127
9.858000,0.6336525
9.860000,0.6326657
9.862000,0.6318123
9.864000,0.6307988
9.866000,0.6299187
9.868000,0.6290653
9.870000,0.6281585
9.872000,0.6272517
9.874000,0.6263183
9.876000,0.6254115
9.878000,0.6245047
9.880000,0.6236246
9.882000,0.6227712
9.884000,0.6219177
9.886000,0.6210110
9.888000,0.6200242
9.890000,0.6191707
9.892000,0.6182106
9.894000,0.6173305
9.896000,0.6164237
9.898000,0.6155703
9.900000,0.6147702
9.902000,0.6138367
9.904000,0.6129833
9.906000,0.6120765
9.908000,0.6111964
9.910000,0.6103430
9.912000,0.6095428
9.914000,0.6085561
9.916000,0.6078093
9.918000,0.6067958
9.920000,0.6059957
9.922000,0.6049556
9.924000,0.6041555
9.926000,0.6032487
9.928000,0.6023153
9.930000,0.6015685
9.932000,0.6006617
9.934000,0.5998616
9.936000,0.5989282
9.938000,0.5981814
9.940000,0.5972747
9.942000,0.5965279
9.944000,0.5957011
9.946000,0.5949010
9.948000,0.5939942
9.950000,0.5931141
9.952000,0.5922074
9.954000,0.5912472
9.956000,0.5903405
9.958000,0.5894603
9.960000,0.5886069
9.962000,0.5877535
9.964000,0.5869267
9.966000,0.5860732
9.968000,0.5852732
9.970000,0.5844731
9.972000,0.5836996
9.974000,0.5828995
9.976000,0.5820994
9.978000,0.5812993
9.980000,0.5804725
9.982000,0.5797258
9.984000,0.5788190
9.986000,0.5781789
9.988000,0.5772988
9.990000,0.5766054
9.992000,0.5757520
9.994000,0.5750052
9.996000,0.5742318
9.998000,0.5732717
10.000000,0.5725249
10.002000,0.5714848
10.004000,0.5706847
10.006000,0.5697245
10.008000,0.5689778
10.010000,0.5680977
10.012000,0.5672976
10.014000,0.5664441
10.016000,0.5656174
10.018000,0.5647639
10.020000,0.5638571
10.022000,0.5631104
10.024000,0.5621769
10.026000,0.5614302
10.028000,0.5605767
10.030000,0.5598833
10.032000,0.5590565
10.034000,0.5583098
10.036000,0.5575097
10.038000,0.5567629
10.040000,0.5559361
10.042000,0.5551360
10.044000,0.5544426
10.046000,0.5535359
10.048000,0.5527624
10.050000,0.5518556
10.052000,0.5510555
10.054000,0.5501221
10.056000,0.5493220
10.058000,0.5484686
10.060000,0.5476684
10.062000,0.5469484
10.064000,0.5461483
10.066000,0.5454548
10.068000,0.5447081
10.070000,0.5439346
10.072000,0.5431345
10.074000,0.5424411
10.076000,0.5416944
10.078000,0.5409209
10.080000,0.5401208
10.082000,0.5393741
10.084000,0.5385206
10.086000,0.5377472
10.088000,0.5368404
10.090000,0.5360403
10.092000,0.5352402
10.094000,0.5344135
10.096000,0.5336667
10.098000,0.5327599
10.100000,0.5320398
10.102000,0.5312397
10.104000,0.5304930
10.106000,0.5297462
10.108000,0.5289194
10.110000,0.5282260
10.112000,0.5274793
10.114000,0.5267858
10.116000,0.5259857
10.118000,0.5252657
10.120000,0.5245189
10.122000,0.5237188
10.124000,0.5229187
10.126000,0.5220919
10.128000,0.5212918
10.130000,0.5206517
10.132000,0.5198516
10.134000,0.5191315
10.136000,0.5183848
10.138000,0.5176380
10.140000,0.5168379
10.142000,0.5160645
10.144000,0.5153177
10.146000,0.5145710
10.148000,0.5138776
10.150000,0.5130508
10.152000,0.5123574
10.154000,0.5115573
10.156000,0.5108105
10.158000,0.5100371
10.160000,0.5092903
10.162000,0.5084902
10.164000,0.5077968
10.166000,0.5070767
10.168000,0.5063300
10.170000,0.5056365
10.172000,0.5048898
10.174000,0.5042230
10.176000,0.5034229
10.178000,0.5027828
10.180000,0.5020361
10.182000,0.5013160
10.184000,0.5006226
10.186000,0.4999291
10.188000,0.4992357
10.190000,0.4985423
10.192000,0.4978222
10.194000,0.4970755
10.196000,0.4963287
10.198000,0.4956353
10.200000,0.4947552
10.202000,0.4941151
10.204000,0.4933150
10.206000,0.4926216
10.208000,0.4919548
10.210000,0.4912081
10.212000,0.4906213
10.214000,0.4898746
10.216000,0.4892345
10.218000,0.4884077
10.220000,0.4877676
10.222000,0.4870742
10.224000,0.4864341
10.226000,0.4857140
10.228000,0.4850206
10.230000,0.4843272
10.232000,0.4836338
10.234000,0.4828603
10.236000,0.4821136
10.238000,0.4814202
10.240000,0.4806201
10.242000,0.4799000
10.244000,0.4792066
10.246000,0.4785131
10.248000,0.4778731
10.250000,0.4771796
10.252000,0.4765662
10.254000,0.4758728
10.256000,0.4752861
10.258000,0.4745393
10.260000,0.4738726
10.262000,0.4731791
10.264000,0.4725391
10.266000,0.4718456
10.268000,0.4712056
10.270000,0.4704321
10.272000,0.4697921
10.274000,0.4690453
10.276000,0.4682985
10.278000,0.4676318
10.280000,0.4668850
10.282000,0.4662449
10.284000,0.4655515
10.286000,0.4649114
10.288000,0.4641914
10.290000,0.4636046
10.292000,0.4629112
10.294000,0.4622711
10.296000,0.4616044
10.298000,0.4609109
10.300000,0.4602709
10.302000,0.4595774
10.304000,0.4589374
10.306000,0.4582706
10.308000,0.4576839
10.310000,0.4569904
10.312000,0.4563504
10.314000,0.4556570
10.316000,0.4549369
10.318000,0.4542434
10.320000,0.4535500
10.322000,0.4529633
10.324000,0.4521365
10.326000,0.4516031
10.328000,0.4508564
10.330000,0.4502696
10.332000,0.4495762
10.334000,0.4489094
10.336000,0.4483227
10.338000,0.4476293
10.340000,0.4470959
10.342000,0.4464025
10.344000,0.4458424
10.346000,0.4452023
10.348000,0.4446689
10.350000,0.4440288
10.352000,0.4434421
10.354000,0.4427220
10.356000,0.4421353
10.358000,0.4414418
10.360000,0.4407484
10.362000,0.4400283
10.364000,0.4393349
10.366000,0.4387482
10.368000,0.4380014
10.370000,0.4374680
10.372000,0.4366946
10.374000,0.4362145
10.376000,0.4355744
10.378000,0.4349877
10.380000,0.4343476
10.382000,0.4336809
10.384000,0.4330408
10.386000,0.4324541
10.388000,0.4318140
10.390000,0.4312806
10.392000,0.4306138
10.394000,0.4299737
10.396000,0.4294937
10.398000,0.4288003
10.400000,0.4282669
10.402000,0.4274934
10.404000,0.4269067
10.406000,0.4261599
10.408000,0.4255732
10.410000,0.4249064
10.412000,0.4242664
10.414000,0.4236263
10.416000,0.4230395
10.418000,0.4223995
10.420000,0.4218394
10.422000,0.4211993
10.424000,0.4205592
10.426000,0.4200258
10.428000,0.4193324
10.430000,0.4187723
10.432000,0.4181856
10.434000,0.4176522
10.436000,0.4170655
10.438000,0.4164787
10.440000,0.4158920
10.442000,0.4152786
10.444000,0.4146918
10.446000,0.4140517
10.448000,0.4134117
10.450000,0.4128249
10.452000,0.4121582
10.454000,0.4116248
10.456000,0.4108780
10.458000,0.4103446
10.460000,0.4097579
10.462000,0.4090911
10.464000,0.4085577
10.466000,0.4079710
10.468000,0.4074376
10.470000,0.4067975
10.472000,0.4062374
10.474000,0.4056507
10.476000,0.4050640
10.478000,0.4045306
10.480000,0.4039972
10.482000,0.4033837
10.484000,0.4027970
10.486000,0.4023170
10.488000,0.4016769
10.490000,0.4010901
10.492000,0.4005567
10.494000,0.3998366
10.496000,0.3992499
10.498000,0.3986098
10.500000,0.3979697
10.502000,0.3974363
10.504000,0.3967162
10.506000,0.3962362
10.508000,0.3955961
10.510000,0.3950627
10.512000,0.3944760
10.514000,0.3939692
10.516000,0.3933292
10.518000,0.3928491
10.520000,0.3922624
10.522000,0.3917290
10.524000,0.3912222
10.526000,0.3906355
10.528000,0.3901554
10.530000,0.3895687
10.532000,0.3890886
10.534000,0.3884486
10.536000,0.3879418
10.538000,0.3873017
10.540000,0.3868217
10.542000,0.3861283
10.544000,0.3855949
10.546000,0.3849815
10.548000,0.3843947
10.550000,0.3838080
10.552000,0.3832746
10.554000,0.3827412
10.556000,0.3821544
10.558000,0.3815944
10.560000,0.3810610
10.562000,0.3805276
10.564000,0.3799942
10.566000,0.3795141
10.568000,0.3789007
10.570000,0.3784740
10.572000,0.3778872
10.574000,0.3774605
10.576000,0.3769271
10.578000,0.3763937
10.580000,0.3758336
10.582000,0.3753002
10.584000,0.3748202
10.586000,0.3742334
10.588000,0.3737000
10.590000,0.3731133
10.592000,0.3726066
10.594000,0.3719665
10.596000,0.3714331
10.598000,0.3708997
10.600000,0.3703663
10.602000,0.3697529
10.604000,0.3692195
10.606000,0.3687394
10.608000,0.3682060
10.610000,0.3676726
10.612000,0.3671392
10.614000,0.3665792
10.616000,0.3660991
10.618000,0.3655657
10.620000,0.3650323
10.622000,0.3644989
10.624000,0.3640188
10.626000,0.3635121
10.628000,0.3629787
10.630000,0.3625520
10.632000,0.3620719
10.634000,0.3615385
10.636000,0.3610051
10.638000,0.3604450
10.640000,0.3600183
10.642000,0.3594316
10.644000,0.3590049
10.646000,0.3584181
10.648000,0.3579381
10.650000,0.3573247
10.652000,0.3567913
10.654000,0.3562579
10.656000,0.3557778
10.658000,0.3552444
10.660000,0.3547110
10.662000,0.3541509
10.664000,0.3537242
10.666000,0.3532441
10.668000,0.3527641
10.670000,0.3522840
10.672000,0.3516973
10.674000,0.3512439
10.676000,0.3507105
10.678000,0.3503371
10.680000,0.3496970
10.682000,0.3492170
10.684000,0.3487369
10.686000,0.3481768
10.688000,0.3477501
10.690000,0.3472701
10.692000,0.3467900
10.694000,0.3463100
10.696000,0.3458299
10.698000,0.3453232
10.700000,0.3448431
10.702000,0.3442564
10.704000,0.3437763
10.706000,0.3431896
10.708000,0.3427095
10.710000,0.3422028
10.712000,0.3416694
10.714000,0.3412426
10.716000,0.3407093
10.718000,0.3402292
10.720000,0.3396958
10.722000,0.3393224
10.724000,0.3387623
10.726000,0.3383356
10.728000,0.3378556
10.730000,0.3374288
10.732000,0.3369488
10.734000,0.3365221
10.736000,0.3360687
10.738000,0.3355886
10.740000,0.3352152
10.742000,0.3346818
10.744000,0.3343084
10.746000,0.3337751
10.748000,0.3332950
10.750000,0.3327883
10.752000,0.3322015
10.754000,0.3317748
10.756000,0.3312414
10.758000,0.3307613
10.760000,0.3301746
10.762000,0.3297212
10.764000,0.3291878
10.766000,0.3286544
10.768000,0.3281744
10.770000,0.3276943
10.772000,0.3272142
10.774000,0.3266542
10.776000,0.3262274
10.778000,0.3257474
10.780000,0.3253740
10.782000,0.3248939
10.784000,0.3244672
10.786000,0.3240405
10.788000,0.3235871
10.790000,0.3231604
10.792000,0.3226803
10.794000,0.3222536
10.796000,0.3217736
10.798000,0.3213468
10.800000,0.3209201
10.802000,0.3204667
10.804000,0.3199867
10.806000,0.3195599
10.808000,0.3191332
10.810000,0.3185998
10.812000,0.3181731
10.814000,0.3176130
10.816000,0.3172396
10.818000,0.3167063
10.820000,0.3162262
10.822000,0.3157995
10.824000,0.3153194
10.826000,0.3148927
10.828000,0.3143860
10.830000,0.3139592
10.832000,0.3134258
10.834000,0.3130525
10.836000,0.3126257
10.838000,0.3121990
10.840000,0.3117723
10.842000,0.3113723
10.844000,0.3109989
10.846000,0.3105188
10.848000,0.3101454
10.850000,0.3097187
10.852000,0.3092920
10.854000,0.3088119
10.856000,0.3083585
10.858000,0.3079852
10.860000,0.3074518
10.862000,0.3070784
10.864000,0.3065450
10.866000,0.3062249
10.868000,0.3057449
10.870000,0.3053448
10.872000,0.3048648
10.874000,0.3043847
10.876000,0.3040113
10.878000,0.3034779
10.880000,0.3031579
10.882000,0.3026245
10.884000,0.3022244
10.886000,0.3016910
10.888000,0.3013177
10.890000,0.3008909
10.892000,0.3004109
10.894000,0.3000375
10.896000,0.2996108
10.898000,0.2992107
10.900000,0.2987840
10.902000,0.2983573
10.904000,0.2979839
10.906000,0.2975039
10.908000,0.2971305
10.910000,0.2968104
10.912000,0.2963037
10.914000,0.2959837
10.916000,0.2955036
10.918000,0.2952369
10.920000,0.2948102
10.922000,0.2944368
10.924000,0.2940634
10.926000,0.2935834
10.928000,0.2932366
10.930000,0.2927566
10.932000,0.2923832
10.934000,0.2919032
10.936000,0.2915298
10.938000,0.2911031
10.940000,0.2907297
10.942000,0.2903030
10.944000,0.2898496
10.946000,0.2894228
10.948000,0.2890495
10.950000,0.2886227
10.952000,0.2881960
10.954000,0.2877693
10.956000,0.2873426
10.958000,0.2869425
10.960000,0.2865158
10.962000,0.2861424
10.964000,0.2857157
10.966000,0.2853423
10.968000,0.2848623
10.970000,0.2845422
10.972000,0.2840888
10.974000,0.2837155
10.976000,0.2833421
10.978000,0.2829687
10.980000,0.2825953
10.982000,0.2822219
10.984000,0.2818486
10.986000,0.2814752
10.988000,0.2811018
10.990000,0.2807018
10.992000,0.2802750
10.994000,0.2799550
10.996000,0.2795283
10.998000,0.2791549
11.000000,0.2787282
11.002000,0.2783548
11.004000,0.2779014
11.006000,0.2775280
11.008000,0.2771546
11.010000,0.2767279
11.012000,0.2764079
11.014000,0.2758745
11.016000,0.2755544
11.018000,0.2751277
11.020000,0.2747277
11.022000,0.2742476
11.024000,0.2739276
11.026000,0.2734475
11.028000,0.2731275
11.030000,0.2727007
11.032000,0.2723274
11.034000,0.2719540
11.036000,0.2716073
11.038000,0.2711806
11.040000,0.2708605
11.042000,0.2704871
11.044000,0.2700604
11.046000,0.2697937
11.048000,0.2693670
11.050000,0.2691003
11.052000,0.2686469
11.054000,0.2683269
11.056000,0.2679535
11.058000,0.2675801
11.060000,0.2672601
11.062000,0.2668334
11.064000,0.2665133
11.066000,0.2660866
11.068000,0.2656865
11.070000,0.2652598
11.072000,0.2648864
11.074000,0.2645131
11.076000,0.2641930
11.078000,0.2638196
11.080000,0.2634463
11.082000,0.2630729
11.084000,0.2627528
11.086000,0.2622994
11.088000,0.2619261
11.090000,0.2615527
11.092000,0.2611793
11.094000,0.2608059
11.096000,0.2603792
11.098000,0.2600058
11.100000,0.2596058
11.102000,0.2591791
11.104000,0.2588057
11.106000,0.2583790
11.108000,0.2580589
11.110000,0.2576322
11.112000,0.2573122
11.114000,0.2569921
11.116000,0.2566187
11.118000,0.2563787
11.120000,0.2559520
11.122000,0.2557920
11.124000,0.2553119
11.126000,0.2550452
11.128000,0.2546718
11.130000,0.2543518
11.132000,0.2540851
11.134000,0.2537117
11.136000,0.2533650
11.138000,0.2529383
11.140000,0.2526182
11.142000,0.2522982
11.144000,0.2519782
11.146000,0.2516581
11.148000,0.2513381
11.150000,0.2509114
11.152000,0.2506447
11.154000,0.2502446
11.156000,0.2499246
11.158000,0.2495512
11.160000,0.2492312
11.162000,0.2488578
11.164000,0.2485377
11.166000,0.2481644
11.168000,0.2477910
11.170000,0.2475243
11.172000,0.2470709
11.174000,0.2468042
11.176000,0.2463241
11.178000,0.2460574
11.180000,0.2456840
11.182000,0.2453640
11.184000,0.2449906
11.186000,0.2446706
11.188000,0.2443505
11.190000,0.2439505
11.192000,0.2436838
11.194000,0.2433638
11.196000,0.2430971
11.198000,0.2427770
11.200000,0.2424036
11.202000,0.2421903
11.204000,0.2418169
11.206000,0.2415502
11.208000,0.2411501
11.210000,0.2408834
11.212000,0.2405634
11.214000,0.2401900
11.216000,0.2399767
11.218000,0.2396566
11.220000,0.2393366
11.222000,0.2389632
11.224000,0.2386965
11.226000,0.2383231
11.228000,0.2380298
11.230000,0.2376564
11.232000,0.2373897
11.234000,0.2370163
11.236000,0.2367496
11.238000,0.2363762
11.240000,0.2361095
11.242000,0.2357895
11.244000,0.2354694
11.246000,0.2351227
11.248000,0.2347493
11.250000,0.2344293
11.252000,0.2341093
11.254000,0.2337359
11.256000,0.2333625
11.258000,0.2330958
11.260000,0.2327758
11.262000,0.2324557
11.264000,0.2320557
11.266000,0.2317890
11.268000,0.2314689
11.270000,0.2311489
11.272000,0.2308289
11.274000,0.2305088
11.276000,0.2302421
11.278000,0.2299754
11.280000,0.2296554
11.282000,0.2293887
11.284000,0.2290686
11.286000,0.2287753
11.288000,0.2284552
11.290000,0.2281885
11.292000,0.2278685
11.294000,0.2276018
11.296000,0.2272817
11.298000,0.2269617
11.300000,0.2266950
11.302000,0.2263750
11.304000,0.2261616
11.306000,0.2257616
11.308000,0.2254948
11.310000,0.2251748
11.312000,0.2248548
11.314000,0.2245881
11.316000,0.2242680
11.318000,0.2240013
11.320000,0.2236813
11.322000,0.2233613
11.324000,0.2230412
11.326000,0.2227478
11.328000,0.2225345
11.330000,0.2221611
11.332000,0.2218944
11.334000,0.2216277
11.336000,0.2213610
11.338000,0.2210410
11.340000,0.2207209
11.342000,0.2204542
11.344000,0.2201342
11.346000,0.2198675
11.348000,0.2194674
11.350000,0.2192007
11.352000,0.2188274
11.354000,0.2185606
11.356000,0.2181873
11.358000,0.2179206
11.360000,0.2176005
11.362000,0.2173338
11.364000,0.2170138
11.366000,0.2167204
11.368000,0.2165071
11.370000,0.2161337
11.372000,0.2159203
11.374000,0.2156003
11.376000,0.2153336
11.378000,0.2150135
11.380000,0.2147468
11.382000,0.2144801
11.384000,0.2142134
11.386000,0.2138934
11.388000,0.2136534
11.390000,0.2134400
11.392000,0.2131733
11.394000,0.2129600
11.396000,0.2126933
11.398000,0.2124265
11.400000,0.2121599
11.402000,0.2118932
11.404000,0.2116264
11.406000,0.2113064
11.408000,0.2110397
11.410000,0.2107197
11.412000,0.2104263
11.414000,0.2101063
11.416000,0.2098396
11.418000,0.2096262
11.420000,0.2093062
11.422000,0.2090928
11.424000,0.2087728
11.426000,0.2085061
11.428000,0.2082394
11.430000,0.2079193
11.432000,0.2077060
11.434000,0.2073059
11.436000,0.2070926
11.438000,0.2067192
11.440000,0.2064525
11.442000,0.2062391
11.444000,0.2059191
11.446000,0.2056524
11.448000,0.2053857
11.450000,0.2051190
11.452000,0.2048523
11.454000,0.2045856
11.456000,0.2043455
11.458000,0.2040788
11.460000,0.2038121
11.462000,0.2035454
11.464000,0.2033321
11.466000,0.2030120
11.468000,0.2027453
11.470000,0.2024253
11.472000,0.2022653
11.474000,0.2019452
11.476000,0.2016785
11.478000,0.2013852
11.480000,0.2011718
11.482000,0.2009051
11.484000,0.2005851
11.486000,0.2003717
11.488000,0.2001050
11.490000,0.1998917
11.492000,0.1995716
11.494000,0.1993583
11.496000,0.1991449
11.498000,0.1989315
11.500000,0.1987182
11.502000,0.1984515
11.504000,0.1982114
11.506000,0.1979981
11.508000,0.1977314
11.510000,0.1974647
11.512000,0.1972513
11.514000,0.1969846
11.516000,0.1967713
11.518000,0.1964512
11.520000,0.1962912
11.522000,0.1959712
11.524000,0.1957578
11.526000,0.1954911
11.528000,0.1952511
11.530000,0.1949844
11.532000,0.1947177
11.534000,0.1943976
11.536000,0.1941843
11.538000,0.1938109
11.540000,0.1935975
11.542000,0.1932775
11.544000,0.1930641
11.546000,0.1927974
11.548000,0.1925307
11.550000,0.1923174
11.552000,0.1920240
11.554000,0.1918106
11.556000,0.1915439
11.558000,0.1912772
11.560000,0.1910639
11.562000,0.1907972
11.564000,0.1905305
11.566000,0.1903171
11.568000,0.1900504
11.570000,0.1898371
11.572000,0.1895170
11.574000,0.1894103
11.576000,0.1890636
11.578000,0.1889036
11.580000,0.1885836
11.582000,0.1884769
11.584000,0.1881569
11.586000,0.1880502
11.588000,0.1876234
11.590000,0.1875701
11.592000,0.1872501
11.594000,0.1869834
11.596000,0.1868233
11.598000,0.1865033
11.600000,0.1863433
11.602000,0.1859966
11.604000,0.1859432
11.606000,0.1855699
11.608000,0.1854632
11.610000,0.1851965
11.612000,0.1850365
11.614000,0.1847164
11.616000,0.1845031
11.618000,0.1843430
11.620000,0.1840230
11.622000,0.1838096
11.624000,0.1835429
11.626000,0.1833296
11.628000,0.1830895
11.630000,0.1829295
11.632000,0.1826628
11.634000,0.1825028
11.636000,0.1822361
11.638000,0.1820761
11.640000,0.1818627
11.642000,0.1816494
11.644000,0.1813827
11.646000,0.1811693
11.648000,0.1809560
11.650000,0.1806892
11.652000,0.1805292
11.654000,0.1802625
11.656000,0.1801025
11.658000,0.1798091
11.660000,0.1796491
11.662000,0.1793824
11.664000,0.1791157
11.666000,0.1789557
11.668000,0.1786890
11.670000,0.1784223
11.672000,0.1781556
11.674000,0.1778889
11.676000,0.1776755
11.678000,0.1774088
11.680000,0.1771955
11.682000,0.1769021
11.684000,0.1766888
11.686000,0.1765287
11.688000,0.1762620
11.690000,0.1761020
11.692000,0.1758353
11.694000,0.1756753
11.696000,0.1754619
11.698000,0.1752486
11.700000,0.1749819
11.702000,0.1747685
11.704000,0.1745551
11.706000,0.1742885
11.708000,0.1741284
11.710000,0.1738351
11.712000,0.1736217
11.714000,0.1734617
11.716000,0.1733017
11.718000,0.1730883
11.720000,0.1729283
11.722000,0.1727149
11.724000,0.1725016
11.726000,0.1722882
11.728000,0.1721282
11.730000,0.1719148
11.732000,0.1717015
11.734000,0.1714881
11.736000,0.1713281
11.738000,0.1711147
11.740000,0.1709547
11.742000,0.1707147
11.744000,0.1705013
11.746000,0.1703413
11.748000,0.1701279
11.750000,0.1699146
11.752000,0.1697012
11.754000,0.1695412
11.756000,0.1693278
11.758000,0.1691678
11.760000,0.1689545
11.762000,0.1687944
11.764000,0.1685811
11.766000,0.1683677
11.768000,0.1681544
11.770000,0.1679943
11.772000,0.1677543
11.774000,0.1675409
11.776000,0.1673276
11.778000,0.1671142
11.780000,0.1669009
11.782000,0.1666342
11.784000,0.1664208
11.786000,0.1662074
11.788000,0.1659941
11.790000,0.1657807
11.792000,0.1656207
11.794000,0.1654073
11.796000,0.1653007
11.798000,0.1650873
11.800000,0.1648739
11.802000,0.1646873
11.804000,0.1644739
11.806000,0.1643139
11.808000,0.1641005
11.810000,0.1638872
11.812000,0.1636738
11.814000,0.1635138
11.816000,0.1633004
11.818000,0.1631404
11.820000,0.1628204
11.822000,0.1627670
11.824000,0.1625003
11.826000,0.1623403
11.828000,0.1621269
11.830000,0.1619136
11.832000,0.1617535
11.834000,0.1614602
11.836000,0.1613002
11.838000,0.1610868
11.840000,0.1609268
11.842000,0.1607134
11.844000,0.1605001
11.846000,0.1603400
11.848000,0.1601267
11.850000,0.1600733
11.852000,0.1598066
11.854000,0.1597000
11.856000,0.1594866
11.858000,0.1593266
11.860000,0.1591132
11.862000,0.1588999
11.864000,0.1587932
11.866000,0.1586332
11.868000,0.1584998
11.870000,0.1582331
11.872000,0.1581264
11.874000,0.1579131
11.876000,0.1578064
11.878000,0.1575930
11.880000,0.1573797
11.882000,0.1571663
11.884000,0.1570063
11.886000,0.1568463
11.888000,0.1566329
11.890000,0.1564729
11.892000,0.1563129
11.894000,0.1562062
11.896000,0.1559928
11.898000,0.1557795
11.900000,0.1556728
11.902000,0.1554861
11.904000,0.1553794
11.906000,0.1551661
11.908000,0.1550060
11.910000,0.1547927
11.912000,0.1546327
11.914000,0.1544726
11.916000,0.1542593
11.918000,0.1540993
11.920000,0.1539392
11.922000,0.1537259
11.924000,0.1535659
11.926000,0.1533525
11.928000,0.1531925
11.930000,0.1530325
11.932000,0.1528191
11.934000,0.1527124
11.936000,0.1524724
11.938000,0.1523657
11.940000,0.1520457
11.942000,0.1518857
11.944000,0.1516723
11.946000,0.1515123
11.948000,0.1513522
11.950000,0.1511389
11.952000,0.1509789
11.954000,0.1508189
11.956000,0.1506055
11.958000,0.1504988
11.960000,0.1502321
11.962000,0.1501788
11.964000,0.1499121
11.966000,0.1498054
11.968000,0.1495920
11.970000,0.1493520
11.972000,0.1492987
11.974000,0.1489786
11.976000,0.1489253
11.978000,0.1486586
11.980000,0.1486052
11.982000,0.1483919
11.984000,0.1482319
11.986000,0.1481252
11.988000,0.1478585
11.990000,0.1477518
11.992000,0.1475918
11.994000,0.1474851
11.996000,0.1473251
11.998000,0.1471117
12.000000,0.1470050
12.002000,0.1467917
12.004000,0.1466850
12.006000,0.1465250
12.008000,0.1464183
12.010000,0.1461249
12.012000,0.1460183
12.014000,0.1458582
12.016000,0.1456449
12.018000,0.1455382
12.020000,0.1453782
12.022000,0.1453248
12.024000,0.1451115
12.026000,0.1449515
12.028000,0.1447914
12.030000,0.1446848
12.032000,0.1444714
12.034000,0.1443114
12.036000,0.1442047
12.038000,0.1440980
12.040000,0.1439380
12.042000,0.1437780
12.044000,0.1435646
12.046000,0.1435113
12.048000,0.1433513
12.050000,0.1432179
12.052000,0.1430579
12.054000,0.1429512
12.056000,0.1427912
12.058000,0.1426845
12.060000,0.1425778
12.062000,0.1423645
12.064000,0.1422044
12.066000,0.1419911
12.068000,0.1418311
12.070000,0.1416710
12.072000,0.1415110
12.074000,0.1412977
12.076000,0.1411910
12.078000,0.1410310
12.080000,0.1409243
12.082000,0.1407643
12.084000,0.1406576
12.086000,0.1404976
12.088000,0.1403909
12.090000,0.1402842
12.092000,0.1400975
12.094000,0.1399908
12.096000,0.1398308
12.098000,0.1397241
12.100000,0.1395108
12.102000,0.1394041
12.104000,0.1392441
12.106000,0.1391374
12.108000,0.1388707
12.110000,0.1387640
12.112000,0.1386040
12.114000,0.1384440
12.116000,0.1382839
12.118000,0.1381239
12.120000,0.1379639
12.122000,0.1378039
12.124000,0.1377505
12.126000,0.1375372
12.128000,0.1374305
12.130000,0.1372705
12.132000,0.1370838
12.134000,0.1369238
12.136000,0.1367638
12.138000,0.1366037
12.140000,0.1364971
12.142000,0.1362837
12.144000,0.1361237
12.146000,0.1359103
12.148000,0.1357503
12.150000,0.1355369
12.152000,0.1354836
12.154000,0.1353236
12.156000,0.1351636
12.158000,0.1350569
12.160000,0.1348435
12.162000,0.1347902
12.164000,0.1346302
12.166000,0.1345768
12.168000,0.1343101
12.170000,0.1342568
12.172000,0.1340701
12.174000,0.1339101
12.176000,0.1338034
12.178000,0.1336967
12.180000,0.1336434
12.182000,0.1333767
12.184000,0.1333767
12.186000,0.1331633
12.188000,0.1331100
12.190000,0.1328966
12.192000,0.1328433
12.194000,0.1326299
12.196000,0.1325232
12.198000,0.1324699
12.200000,0.1322565
12.202000,0.1322032
12.204000,0.1319898
12.206000,0.1319898
12.208000,0.1317231
12.210000,0.1317231
12.212000,0.1315631
12.214000,0.1314564
12.216000,0.1312964
12.218000,0.1311897
12.220000,0.1311364
12.222000,0.1308964
12.224000,0.1308430
12.226000,0.1306297
12.228000,0.1305230
12.230000,0.1304696
12.232000,0.1303096
12.234000,0.1302029
12.236000,0.1299896
12.238000,0.1299896
12.240000,0.1298296
12.242000,0.1297229
12.244000,0.1296162
12.246000,0.1295095
12.248000,0.1294028
12.250000,0.1292428
12.252000,0.1291895
12.254000,0.1289761
12.256000,0.1289228
12.258000,0.1287628
12.260000,0.1287094
12.262000,0.1285494
12.264000,0.1283894
12.266000,0.1282827
12.268000,0.1281227
12.270000,0.1279893
12.272000,0.1278293
12.274000,0.1276693
12.276000,0.1275626
12.278000,0.1273492
12.280000,0.1272959
12.282000,0.1271359
12.284000,0.1270292
12.286000,0.1268692
12.288000,0.1267625
12.290000,0.1267092
12.292000,0.1264958
12.294000,0.1264425
12.296000,0.1262824
12.298000,0.1262291
12.300000,0.1260691
12.302000,0.1259091
12.304000,0.1258557
12.306000,0.1256957
12.308000,0.1255890
12.310000,0.1254290
12.312000,0.1253757
12.314000,0.1251623
12.316000,0.1251090
12.318000,0.1249223
12.320000,0.1248156
12.322000,0.1246556
12.324000,0.1245489
12.326000,0.1244422
12.328000,0.1242822
12.330000,0.1241755
12.332000,0.1240688
12.334000,0.1239088
12.336000,0.1238021
12.338000,0.1237488
12.340000,0.1236421
12.342000,0.1235354
12.344000,0.1233754
12.346000,0.1233221
12.348000,0.1231621
12.350000,0.1230554
12.352000,0.1228420
12.354000,0.1228420
12.356000,0.1226287
12.358000,0.1225220
12.360000,0.1224153
12.362000,0.1222553
12.364000,0.1221486
12.366000,0.1219886
12.368000,0.1218552
12.370000,0.1216952
12.372000,0.1215885
12.374000,0.1214819
12.376000,0.1213752
12.378000,0.1212685
12.380000,0.1211618
12.382000,0.1211618
12.384000,0.1210018
12.386000,0.1209484
12.388000,0.1207884
12.390000,0.1206818
12.392000,0.1206818
12.394000,0.1205217
12.396000,0.1203617
12.398000,0.1202550
12.400000,0.1201484
12.402000,0.1199883
12.404000,0.1198283
12.406000,0.1197750
12.408000,0.1195616
12.410000,0.1195616
12.412000,0.1192949
12.414000,0.1193483
12.416000,0.1192416
12.418000,0.1191882
12.420000,0.1190816
12.422000,0.1189749
12.424000,0.1189215
12.426000,0.1187348
12.428000,0.1186815
12.430000,0.1185215
12.432000,0.1184148
12.434000,0.1183081
12.436000,0.1182548
12.438000,0.1180414
12.440000,0.1180414
12.442000,0.1178281
12.444000,0.1178281
12.446000,0.1176680
12.448000,0.1176680
12.450000,0.1175614
12.452000,0.1175080
12.454000,0.1174547
12.456000,0.1172947
12.458000,0.1172947
12.460000,0.1171346
12.462000,0.1170813
12.464000,0.1169213
12.466000,0.1168679
12.468000,0.1167613
12.470000,0.1166546
12.472000,0.1166012
12.474000,0.1164412
12.476000,0.1163879
12.478000,0.1162812
12.480000,0.1162812
12.482000,0.1161212
12.484000,0.1160145
12.486000,0.1159612
12.488000,0.1158545
12.490000,0.1158011
12.492000,0.1156145
12.494000,0.1155611
12.496000,0.1154011
12.498000,0.1153477
12.500000,0.1152411
12.502000,0.1151877
12.504000,0.1150811
12.506000,0.1149744
12.508000,0.1149744
12.510000,0.1148143
12.512000,0.1147610
12.514000,0.1146543
12.516000,0.1146010
12.518000,0.1145477
12.520000,0.1144410
12.522000,0.1143876
12.524000,0.1142810
12.526000,0.1141743
12.528000,0.1140676
12.530000,0.1140142
12.532000,0.1139609
12.534000,0.1138542
12.536000,0.1138009
12.538000,0.1136942
12.540000,0.1135875
12.542000,0.1134809
12.544000,0.1133742
12.546000,0.1133208
12.548000,0.1132141
12.550000,0.1130541
12.552000,0.1130008
12.554000,0.1128408
12.556000,0.1127874
12.558000,0.1126541
12.560000,0.1126007
12.562000,0.1124407
12.564000,0.1123874
12.566000,0.1122807
12.568000,0.1122274
12.570000,0.1121207
12.572000,0.1120673
12.574000,0.1120140
12.576000,0.1118540
12.578000,0.1118006
12.580000,0.1116940
12.582000,0.1116940
12.584000,0.1115339
12.586000,0.1115339
12.588000,0.1113739
12.590000,0.1113206
12.592000,0.1112139
12.594000,0.1111072
12.596000,0.1111072
12.598000,0.1109472
12.600000,0.1109472
12.602000,0.1107872
12.604000,0.1107872
12.606000,0.1105738
12.608000,0.1105738
12.610000,0.1104138
12.612000,0.1103605
12.614000,0.1102004
12.616000,0.1101471
12.618000,0.1100404
12.620000,0.1099871
12.622000,0.1098804
12.624000,0.1097737
12.626000,0.1097204
12.628000,0.1096670
12.630000,0.1095337
12.632000,0.1094270
12.634000,0.1093203
12.636000,0.1092136
12.638000,0.1091603
12.640000,0.1091070
12.642000,0.1090536
12.644000,0.1089470
12.646000,0.1089470
12.648000,0.1088403
12.650000,0.1087869
12.652000,0.1087336
12.654000,0.1086803
12.656000,0.1085736
12.658000,0.1085202
12.660000,0.1084135
12.662000,0.1083069
12.664000,0.1083069
12.666000,0.1081469
12.668000,0.1080935
12.670000,0.1079868
12.672000,0.1079335
12.674000,0.1078268
12.676000,0.1077201
12.678000,0.1076668
12.680000,0.1076134
12.682000,0.1075601
12.684000,0.1074534
12.686000,0.1074001
12.688000,0.1073468
12.690000,0.1072401
12.692000,0.1071334
12.694000,0.1070800
12.696000,0.1070267
12.698000,0.1069734
12.700000,0.1068667
12.702000,0.1068134
12.704000,0.1067600
12.706000,0.1066533
12.708000,0.1066533
12.710000,0.1065200
12.712000,0.1064666
12.714000,0.1063600
12.716000,0.1061999
12.718000,0.1061999
12.720000,0.1060933
12.722000,0.1060399
12.724000,0.1058799
12.726000,0.1058799
12.728000,0.1057199
12.730000,0.1056665
12.732000,0.1055599
12.734000,0.1055599
12.736000,0.1055065
12.738000,0.1055065
12.740000,0.1053465
12.742000,0.1052932
12.744000,0.1052932
12.746000,0.1051331
12.748000,0.1051331
12.750000,0.1050265
12.752000,0.1049731
12.754000,0.1049198
12.756000,0.1048664
12.758000,0.1048664
12.760000,0.1047598
12.762000,0.1048131
12.764000,0.1047064
12.766000,0.1046531
12.768000,0.1045997
12.770000,0.1045997
12.772000,0.1044397
12.774000,0.1043864
12.776000,0.1043330
12.778000,0.1042264
12.780000,0.1041730
12.782000,0.1040663
12.784000,0.1040663
12.786000,0.1039597
12.788000,0.1039063
12.790000,0.1037996
12.792000,0.1037996
12.794000,0.1037463
12.796000,0.1036396
12.798000,0.1036396
12.800000,0.1036396
12.802000,0.1035329
12.804000,0.1035863
12.806000,0.1033996
12.808000,0.1033996
12.810000,0.1032929
12.812000,0.1032929
12.814000,0.1032396
12.816000,0.1031862
12.818000,0.1030796
12.820000,0.1029729
12.822000,0.1029195
12.824000,0.1028662
12.826000,0.1028128
12.828000,0.1027062
12.830000,0.1026528
12.832000,0.1026528
12.834000,0.1025995
12.836000,0.1025462
12.838000,0.1024928
12.840000,0.1024395
12.842000,0.1023328
12.844000,0.1022795
12.846000,0.1022261
12.848000,0.1021194
12.850000,0.1020127
12.852000,0.1020127
12.854000,0.1019061
12.856000,0.1019061
12.858000,0.1017994
12.860000,0.1017461
12.862000,0.1016927
12.864000,0.1016394
12.866000,0.1016394
12.868000,0.1015327
12.870000,0.1015327
12.872000,0.1014793
12.874000,0.1014260
12.876000,0.1013727
12.878000,0.1013727
12.880000,0.1013193
12.882000,0.1013193
12.884000,0.1012660
12.886000,0.1012660
12.888000,0.1011060
12.890000,0.1011593
12.892000,0.1010526
12.894000,0.1010526
12.896000,0.1009460
12.898000,0.1008926
12.900000,0.1008926
12.902000,0.1008393
12.904000,0.1007326
12.906000,0.1006792
12.908000,0.1006259
12.910000,0.1005192
12.912000,0.1005192
12.914000,0.1003859
12.916000,0.1003325
12.918000,0.1002259
12.920000,0.1001725
12.922000,0.1001192
12.924000,0.1000658
12.926000,0.1000125
12.928000,0.0999592
12.930000,0.0999058
12.932000,0.0998525
12.934000,0.0998525
12.936000,0.0997991
12.938000,0.0997991
12.940000,0.0997458
12.942000,0.0997458
12.944000,0.0996925
12.946000,0.0996391
12.948000,0.0995858
12.950000,0.0995324
12.952000,0.0994791
12.954000,0.0993724
12.956000,0.0993724
12.958000,0.0993191
12.960000,0.0992657
12.962000,0.0992124
12.964000,0.0992124
12.966000,0.0991057
12.968000,0.0991591
12.970000,0.0989990
12.972000,0.0989990
12.974000,0.0989457
12.976000,0.0989457
12.978000,0.0987857
12.980000,0.0987323
12.982000,0.0986790
12.984000,0.0986257
12.986000,0.0986257
12.988000,0.0985723
12.990000,0.0984656
12.992000,0.0984656
12.994000,0.0984123
12.996000,0.0984123
12.998000,0.0983056
13.000000,0.0983056
13.002000,0.0982523
13.004000,0.0981989
13.006000,0.0981989
13.008000,0.0980389
13.010000,0.0980389
13.012000,0.0979856
13.014000,0.0979322
13.016000,0.0978256
13.018000,0.0978256
13.020000,0.0977189
13.022000,0.0977189
13.024000,0.0976122
13.026000,0.0976122
13.028000,0.0975589
13.030000,0.0975055
13.032000,0.0975589
13.034000,0.0975055
13.036000,0.0974522
13.038000,0.0973722
13.040000,0.0973188
13.042000,0.0973188
13.044000,0.0972655
13.046000,0.0972121
13.048000,0.0971588
13.050000,0.0971055
13.052000,0.0970521
13.054000,0.0969988
13.056000,0.0969455
13.058000,0.0969455
13.060000,0.0968921
13.062000,0.0968388
13.064000,0.0967321
13.066000,0.0967321
13.068000,0.0966788
13.070000,0.0966254
13.072000,0.0965721
13.074000,0.0965187
13.076000,0.0965187
13.078000,0.0964120
13.080000,0.0964120
13.082000,0.0963587
13.084000,0.0963054
13.086000,0.0963054
13.088000,0.0962520
13.090000,0.0961987
13.092000,0.0961454
13.094000,0.0961454
13.096000,0.0961454
13.098000,0.0960920
13.100000,0.0960920
13.102000,0.0959320
13.104000,0.0959853
13.106000,0.0958253
13.108000,0.0958253
13.110000,0.0957720
13.112000,0.0957186
13.114000,0.0956653
13.116000,0.0956120
13.118000,0.0955053
13.120000,0.0955053
13.122000,0.0955053
13.124000,0.0953986
13.126000,0.0953453
13.128000,0.0952919
13.130000,0.0953453
13.132000,0.0952386
13.134000,0.0952919
13.136000,0.0952386
13.138000,0.0951852
13.140000,0.0951852
13.142000,0.0951852
13.144000,0.0951319
13.146000,0.0950785
13.148000,0.0950785
13.150000,0.0950252
13.152000,0.0949719
13.154000,0.0948652
13.156000,0.0948652
13.158000,0.0947585
13.160000,0.0948119
13.162000,0.0947052
13.164000,0.0947585
13.166000,0.0946518
13.168000,0.0947052
13.170000,0.0945985
13.172000,0.0945985
13.174000,0.0944385
13.176000,0.0944918
13.178000,0.0943851
13.180000,0.0943851
13.182000,0.0943851
13.184000,0.0942518
13.186000,0.0943851
13.188000,0.0941451
13.190000,0.0942518
13.192000,0.0941451
13.194000,0.0941984
13.196000,0.0940918
13.198000,0.0940918
13.200000,0.0940384
13.202000,0.0939851
13.204000,0.0939851
13.206000,0.0938784
13.208000,0.0939317
13.210000,0.0938251
13.212000,0.0938784
13.214000,0.0937717
13.216000,0.0937717
13.218000,0.0937184
13.220000,0.0937184
13.222000,0.0937184
13.224000,0.0936117
13.226000,0.0936650
13.228000,0.0935584
13.230000,0.0935584
13.232000,0.0935050
13.234000,0.0935050
13.236000,0.0935050
13.238000,0.0935050
13.240000,0.0934517
13.242000,0.0934517
13.244000,0.0933983
13.246000,0.0933983
13.248000,0.0932917
13.250000,0.0932917
13.252000,0.0931850
13.254000,0.0931850
13.256000,0.0931316
13.258000,0.0931316
13.260000,0.0930783
13.262000,0.0930250
13.264000,0.0930250
13.266000,0.0929183
13.268000,0.0930250
13.270000,0.0928649
13.272000,0.0929183
13.274000,0.0927583
13.276000,0.0928116
13.278000,0.0927583
13.280000,0.0927049
13.282000,0.0926516
13.284000,0.0925982
13.286000,0.0925982
13.288000,0.0925449
13.290000,0.0925982
13.292000,0.0925449
13.294000,0.0925449
13.296000,0.0925449
13.298000,0.0925449
13.300000,0.0924916
13.302000,0.0925449
13.304000,0.0924382
13.306000,0.0925449
13.308000,0.0924382
13.310000,0.0923849
13.312000,0.0923849
13.314000,0.0923315
13.316000,0.0923315
13.318000,0.0922249
13.320000,0.0922782
13.322000,0.0922249
13.324000,0.0922249
13.326000,0.0921715
13.328000,0.0921715
13.330000,0.0922249
13.332000,0.0921715
13.334000,0.0921715
13.336000,0.0921182
13.338000,0.0921182
13.340000,0.0920648
13.342000,0.0920648
13.344000,0.0919582
13.346000,0.0919048
13.348000,0.0919048
13.350000,0.0918515
13.352000,0.0918515
13.354000,0.0917981
13.356000,0.0917981
13.358000,0.0918515
13.360000,0.0917448
13.362000,0.0918515
13.364000,0.0917981
13.366000,0.0917981
13.368000,0.0916915
13.370000,0.0916915
13.372000,0.0916381
13.374000,0.0915848
13.376000,0.0915314
13.378000,0.0914781
13.380000,0.0915314
13.382000,0.0914781
13.384000,0.0915314
13.386000,0.0914781
13.388000,0.0914781
13.390000,0.0914781
13.392000,0.0914248
13.394000,0.0914781
13.396000,0.0914248
13.398000,0.0914248
13.400000,0.0913714
13.402000,0.0913714
13.404000,0.0913714
13.406000,0.0913181
13.408000,0.0913714
13.410000,0.0913181
13.412000,0.0912381
13.414000,0.0913181
13.416000,0.0912381
13.418000,0.0912381
13.420000,0.0911847
13.422000,0.0911847
13.424000,0.0911314
13.426000,0.0910781
13.428000,0.0911314
13.430000,0.0910781
13.432000,0.0911314
13.434000,0.0910247
13.436000,0.0910247
13.438000,0.0909714
13.440000,0.0909714
13.442000,0.0909714
13.444000,0.0909180
13.446000,0.0909180
13.448000,0.0908113
13.450000,0.0908647
13.452000,0.0907580
13.454000,0.0908647
13.456000,0.0907580
13.458000,0.0907580
13.460000,0.0907047
13.462000,0.0907047
13.464000,0.0907047
13.466000,0.0906513
13.468000,0.0907047
13.470000,0.0905980
13.472000,0.0906513
13.474000,0.0905980
13.476000,0.0905980
13.478000,0.0906513
13.480000,0.0906513
13.482000,0.0906513
13.484000,0.0905980
13.486000,0.0905980
13.488000,0.0905447
13.490000,0.0905447
13.492000,0.0905447
13.494000,0.0904913
13.496000,0.0904380
13.498000,0.0903846
13.500000,0.0903846
13.502000,0.0904380
13.504000,0.0903313
13.506000,0.0903846
13.508000,0.0902779
13.510000,0.0903846
13.512000,0.0902779
13.514000,0.0903313
13.516000,0.0902779
13.518000,0.0902779
13.520000,0.0902246
13.522000,0.0901179
13.524000,0.0901713
13.526000,0.0901179
13.528000,0.0900646
13.530000,0.0900646
13.532000,0.0901179
13.534000,0.0900646
13.536000,0.0900646
13.538000,0.0900646
13.540000,0.0901179
13.542000,0.0900646
13.544000,0.0899579
13.546000,0.0900113
13.548000,0.0900113
13.550000,0.0899579
13.552000,0.0899579
13.554000,0.0899046
13.556000,0.0899579
13.558000,0.0899046
13.560000,0.0899579
13.562000,0.0899579
13.564000,0.0899579
13.566000,0.0899579
13.568000,0.0899046
13.570000,0.0899046
13.572000,0.0898512
13.574000,0.0899046
13.576000,0.0898512
13.578000,0.0898512
13.580000,0.0897979
13.582000,0.0898512
13.584000,0.0897446
13.586000,0.0897979
13.588000,0.0897446
13.590000,0.0897446
13.592000,0.0897446
13.594000,0.0897446
13.596000,0.0896912
13.598000,0.0897446
13.600000,0.0896912
13.602000,0.0897979
13.604000,0.0897446
13.606000,0.0897979
13.608000,0.0897979
13.610000,0.0896912
13.612000,0.0896912
13.614000,0.0895845
13.616000,0.0896912
13.618000,0.0895312
13.620000,0.0895845
13.622000,0.0895312
13.624000,0.0895312
13.626000,0.0895845
13.628000,0.0894778
13.630000,0.0895845
13.632000,0.0895312
13.634000,0.0895845
13.636000,0.0894778
13.638000,0.0895312
13.640000,0.0894778
13.642000,0.0894245
13.644000,0.0894778
13.646000,0.0893712
13.648000,0.0894245
13.650000,0.0893712
13.652000,0.0894245
13.654000,0.0894245
13.656000,0.0893712
13.658000,0.0893712
13.660000,0.0894245
13.662000,0.0893712
13.664000,0.0893178
13.666000,0.0893178
13.668000,0.0893712
13.670000,0.0892645
13.672000,0.0892645
13.674000,0.0892645
13.676000,0.0892112
13.678000,0.0892645
13.680000,0.0892645
13.682000,0.0892645
13.684000,0.0891578
13.686000,0.0892112
13.688000,0.0892112
13.690000,0.0892112
13.692000,0.0892112
13.694000,0.0892112
13.696000,0.0892112
13.698000,0.0892112
13.700000,0.0892112
13.702000,0.0892645
13.704000,0.0892645
13.706000,0.0892645
13.708000,0.0892112
13.710000,0.0892112
13.712000,0.0892645
13.714000,0.0891578
13.716000,0.0891578
13.718000,0.0891578
13.720000,0.0891578
13.722000,0.0891578
13.724000,0.0891578
13.726000,0.0891578
13.728000,0.0892112
13.730000,0.0892112
13.732000,0.0891578
13.734000,0.0891578
13.736000,0.0891578
13.738000,0.0891578
13.740000,0.0891045
13.742000,0.0891045
13.744000,0.0891045
13.746000,0.0891045
13.748000,0.0890511
13.750000,0.0890511
13.752000,0.0890511
13.754000,0.0890511
13.756000,0.0889978
13.758000,0.0889978
13.760000,0.0889978
13.762000,0.0890511
13.764000,0.0889978
13.766000,0.0889978
13.768000,0.0890511
13.770000,0.0889445
13.772000,0.0890511
13.774000,0.0889445
13.776000,0.0890511
13.778000,0.0889978
13.780000,0.0890511
13.782000,0.0890511
13.784000,0.0890511
13.786000,0.0890511
13.788000,0.0889445
13.790000,0.0890511
13.792000,0.0889978
13.794000,0.0889978
13.796000,0.0889445
13.798000,0.0888911
13.800000,0.0889445
13.802000,0.0888378
13.804000,0.0888911
13.806000,0.0887844
13.808000,0.0888378
13.810000,0.0888378
13.812000,0.0888378
13.814000,0.0887844
13.816000,0.0887844
13.818000,0.0888378
13.820000,0.0887844
13.822000,0.0888378
13.824000,0.0887844
13.826000,0.0888378
13.828000,0.0887844
13.830000,0.0888378
13.832000,0.0887311
13.834000,0.0887844
13.836000,0.0887311
13.838000,0.0887844
13.840000,0.0887311
13.842000,0.0887311
13.844000,0.0887311
13.846000,0.0887311
13.848000,0.0887844
13.850000,0.0887311
13.852000,0.0886777
13.854000,0.0886777
13.856000,0.0887311
13.858000,0.0887311
13.860000,0.0887311
13.862000,0.0887311
13.864000,0.0887311
13.866000,0.0887311
13.868000,0.0887844
13.870000,0.0887311
13.872000,0.0887844
13.874000,0.0887311
13.876000,0.0887311
13.878000,0.0887311
13.880000,0.0887311
13.882000,0.0887844
13.884000,0.0886244
13.886000,0.0887311
13.888000,0.0886777
13.890000,0.0887311
13.892000,0.0886777
13.894000,0.0886777
13.896000,0.0886777
13.898000,0.0886777
13.900000,0.0886777
13.902000,0.0886777
13.904000,0.0887311
13.906000,0.0886777
13.908000,0.0886777
13.910000,0.0887311
13.912000,0.0886777
13.914000,0.0887311
13.916000,0.0886777
13.918000,0.0886244
13.920000,0.0886777
13.922000,0.0886777
13.924000,0.0887311
13.926000,0.0886777
13.928000,0.0887311
13.930000,0.0887311
13.932000,0.0886777
13.934000,0.0887311
13.936000,0.0887311
13.938000,0.0887311
13.940000,0.0886777
13.942000,0.0886777
13.944000,0.0886777
13.946000,0.0887311
13.948000,0.0886244
13.950000,0.0886244
13.952000,0.0886777
13.954000,0.0886777
13.956000,0.0886244
13.958000,0.0886244
13.960000,0.0886777
13.962000,0.0886244
13.964000,0.0887311
13.966000,0.0886244
13.968000,0.0887311
13.970000,0.0886244
13.972000,0.0886777
13.974000,0.0886777
13.976000,0.0886777
13.978000,0.0887844
13.980000,0.0886777
13.982000,0.0887844
13.984000,0.0887311
13.986000,0.0887844
13.988000,0.0887311
13.990000,0.0887311
13.992000,0.0887311
13.994000,0.0887311
13.996000,0.0887311
13.998000,0.0886777
14.000000,0.0886777
14.002000,0.0886777
14.004000,0.0886777
14.006000,0.0886777
14.008000,0.0886777
14.010000,0.0887311
14.012000,0.0886244
14.014000,0.0887311
14.016000,0.0886244
14.018000,0.0887311
14.020000,0.0886777
14.022000,0.0886777
14.024000,0.0886777
14.026000,0.0886777
14.028000,0.0886777
14.030000,0.0886244
14.032000,0.0886777
14.034000,0.0886244
14.036000,0.0886244
14.038000,0.0885711
14.040000,0.0886244
14.042000,0.0886244
14.044000,0.0886244
14.046000,0.0886244
14.048000,0.0886244
14.050000,0.0885711
14.052000,0.0886244
14.054000,0.0886244
14.056000,0.0886244
14.058000,0.0886244
14.060000,0.0886777
14.062000,0.0887311
14.064000,0.0887311
14.066000,0.0887311
14.068000,0.0887311
14.070000,0.0887844
14.072000,0.0887844
14.074000,0.0887311
14.076000,0.0886777
14.078000,0.0887311
14.080000,0.0887311
14.082000,0.0886777
14.084000,0.0887311
14.086000,0.0886777
14.088000,0.0887311
14.090000,0.0886244
14.092000,0.0887311
14.094000,0.0887311
14.096000,0.0887311
14.098000,0.0887844
14.100000,0.0887844
14.102000,0.0888378
14.104000,0.0887844
14.106000,0.0888378
14.108000,0.0888378
14.110000,0.0888378
14.112000,0.0888911
14.114000,0.0888378
14.116000,0.0888378
14.118000,0.0888911
14.120000,0.0888911
14.122000,0.0888911
14.124000,0.0888911
14.126000,0.0888378
14.128000,0.0888911
14.130000,0.0888911
14.132000,0.0888378
14.134000,0.0888378
14.136000,0.0888378
14.138000,0.0888911
14.140000,0.0888378
14.142000,0.0888911
14.144000,0.0888911
14.146000,0.0888911
14.148000,0.0888911
14.150000,0.0888911
14.152000,0.0888911
14.154000,0.0889445
14.156000,0.0888911
14.158000,0.0889445
14.160000,0.0888378
14.162000,0.0889445
14.164000,0.0888911
14.166000,0.0889445
14.168000,0.0889445
14.170000,0.0888911
14.172000,0.0889445
14.174000,0.0889445
14.176000,0.0889978
14.178000,0.0889978
14.180000,0.0890511
14.182000,0.0889978
14.184000,0.0890511
14.186000,0.0889978
14.188000,0.0889978
14.190000,0.0889445
14.192000,0.0889978
14.194000,0.0890511
14.196000,0.0889445
14.198000,0.0890511
14.200000,0.0890511
14.202000,0.0890511
14.204000,0.0890511
14.206000,0.0889978
14.208000,0.0891578
14.210000,0.0889978
14.212000,0.0890511
14.214000,0.0890511
14.216000,0.0890511
14.218000,0.0891045
14.220000,0.0889978
14.222000,0.0891045
14.224000,0.0889978
14.226000,0.0891045
14.228000,0.0889978
14.230000,0.0891578
14.232000,0.0890511
14.234000,0.0891045
14.236000,0.0891578
14.238000,0.0891045
14.240000,0.0891045
14.242000,0.0890511
14.244000,0.0891578
14.246000,0.0890511
14.248000,0.0891045
14.250000,0.0890511
14.252000,0.0891045
14.254000,0.0891045
14.256000,0.0891045
14.258000,0.0891045
14.260000,0.0891045
14.262000,0.0892112
14.264000,0.0891578
14.266000,0.0891578
14.268000,0.0891578
14.270000,0.0892112
14.272000,0.0891578
14.274000,0.0891578
14.276000,0.0891578
14.278000,0.0892112
14.280000,0.0892112
14.282000,0.0891578
14.284000,0.0892645
14.286000,0.0892112
14.288000,0.0893178
14.290000,0.0892645
14.292000,0.0892645
14.294000,0.0893178
14.296000,0.0893178
14.298000,0.0893712
14.300000,0.0893178
14.302000,0.0893712
14.304000,0.0893178
14.306000,0.0893712
14.308000,0.0893178
14.310000,0.0893178
14.312000,0.0893178
14.314000,0.0893178
14.316000,0.0892645
14.318000,0.0892645
14.320000,0.0893178
14.322000,0.0893178
14.324000,0.0893712
14.326000,0.0893178
14.328000,0.0893712
14.330000,0.0893178
14.332000,0.0894245
14.334000,0.0893712
14.336000,0.0894245
14.338000,0.0894245
14.340000,0.0894778
14.342000,0.0894778
14.344000,0.0894778
14.346000,0.0894778
14.348000,0.0894778
14.350000,0.0895312
14.352000,0.0894778
14.354000,0.0895312
14.356000,0.0895312
14.358000,0.0894778
14.360000,0.0894778
14.362000,0.0895312
14.364000,0.0895845
14.366000,0.0895312
14.368000,0.0895312
14.370000,0.0895312
14.372000,0.0895845
14.374000,0.0895312
14.376000,0.0896379
14.378000,0.0895845
14.380000,0.0896379
14.382000,0.0896379
14.384000,0.0896379
14.386000,0.0896912
14.388000,0.0896379
14.390000,0.0896912
14.392000,0.0896379
14.394000,0.0896912
14.396000,0.0896912
14.398000,0.0896912
14.400000,0.0897446
14.402000,0.0896912
14.404000,0.0896912
14.406000,0.0896912
14.408000,0.0897446
14.410000,0.0897446
14.412000,0.0897446
14.414000,0.0897446
14.416000,0.0897446
14.418000,0.0897979
14.420000,0.0897979
14.422000,0.0898512
14.424000,0.0897979
14.426000,0.0897979
14.428000,0.0897979
14.430000,0.0898512
14.432000,0.0897979
14.434000,0.0897446
14.436000,0.0898512
14.438000,0.0898512
14.440000,0.0898512
14.442000,0.0898512
14.444000,0.0898512
14.446000,0.0898512
14.448000,0.0898512
14.450000,0.0899046
14.452000,0.0899046
14.454000,0.0899579
14.456000,0.0899579
14.458000,0.0899579
14.460000,0.0899046
14.462000,0.0899579
14.464000,0.0899579
14.466000,0.0899046
14.468000,0.0899579
14.470000,0.0899579
14.472000,0.0900113
14.474000,0.0899579
14.476000,0.0900113
14.478000,0.0899579
14.480000,0.0900646
14.482000,0.0900113
14.484000,0.0900646
14.486000,0.0901179
14.488000,0.0901179
14.490000,0.0901713
14.492000,0.0901179
14.494000,0.0902246
14.496000,0.0901179
14.498000,0.0902779
14.500000,0.0902246
14.502000,0.0902779
14.504000,0.0902246
14.506000,0.0902779
14.508000,0.0902246
14.510000,0.0902246
14.512000,0.0902246
14.514000,0.0901713
14.516000,0.0901713
14.518000,0.0902246
14.520000,0.0902246
14.522000,0.0901713
14.524000,0.0902246
14.526000,0.0902779
14.528000,0.0903313
14.530000,0.0902246
14.532000,0.0903313
14.534000,0.0903313
14.536000,0.0903313
14.538000,0.0903313
14.540000,0.0903313
14.542000,0.0903846
14.544000,0.0902779
14.546000,0.0904380
14.548000,0.0903313
14.550000,0.0904380
14.552000,0.0903313
14.554000,0.0904380
14.556000,0.0904380
14.558000,0.0903846
14.560000,0.0905447
14.562000,0.0904380
14.564000,0.0905447
14.566000,0.0904380
14.568000,0.0905447
14.570000,0.0905447
14.572000,0.0905447
14.574000,0.0904913
14.576000,0.0905980
14.578000,0.0905447
14.580000,0.0905447
14.582000,0.0905447
14.584000,0.0905447
14.586000,0.0905447
14.588000,0.0905447
14.590000,0.0905447
14.592000,0.0905447
14.594000,0.0905447
14.596000,0.0905980
14.598000,0.0905980
14.600000,0.0906513
14.602000,0.0905980
14.604000,0.0906513
14.606000,0.0907047
14.608000,0.0907047
14.610000,0.0907580
14.612000,0.0907580
14.614000,0.0908113
14.616000,0.0908113
14.618000,0.0908113
14.620000,0.0908113
14.622000,0.0908647
14.624000,0.0909180
14.626000,0.0908647
14.628000,0.0909180
14.630000,0.0909180
14.632000,0.0909180
14.634000,0.0909180
14.636000,0.0909714
14.638000,0.0909714
14.640000,0.0910247
14.642000,0.0909714
14.644000,0.0909714
14.646000,0.0910247
14.648000,0.0909180
14.650000,0.0910247
14.652000,0.0909714
14.654000,0.0910781
14.656000,0.0909714
14.658000,0.0910781
14.660000,0.0910247
14.662000,0.0910781
14.664000,0.0910781
14.666000,0.0911314
14.668000,0.0911314
14.670000,0.0912381
14.672000,0.0911847
14.674000,0.0911847
14.676000,0.0913181
14.678000,0.0911847
14.680000,0.0913181
14.682000,0.0911847
14.684000,0.0913181
14.686000,0.0912381
14.688000,0.0913181
14.690000,0.0912381
14.692000,0.0913181
14.694000,0.0913181
14.696000,0.0913181
14.698000,0.0913714
14.700000,0.0913714
14.702000,0.0913714
14.704000,0.0913714
14.706000,0.0914248
14.708000,0.0913714
14.710000,0.0914248
14.712000,0.0913714
14.714000,0.0914248
14.716000,0.0914248
14.718000,0.0914248
14.720000,0.0914781
14.722000,0.0914781
14.724000,0.0914781
14.726000,0.0915314
14.728000,0.0915314
14.730000,0.0915314
14.732000,0.0915848
14.734000,0.0915848
14.736000,0.0916381
14.738000,0.0915848
14.740000,0.0916381
14.742000,0.0916381
14.744000,0.0916381
14.746000,0.0916915
14.748000,0.0916381
14.750000,0.0917448
14.752000,0.0916381
14.754000,0.0917448
14.756000,0.0917448
14.758000,0.0917981
14.760000,0.0917448
14.762000,0.0917981
14.764000,0.0918515
14.766000,0.0918515
14.768000,0.0919048
14.770000,0.0918515
14.772000,0.0918515
14.774000,0.0918515
14.776000,0.0918515
14.778000,0.0917448
14.780000,0.0918515
14.782000,0.0917448
14.784000,0.0918515
14.786000,0.0918515
14.788000,0.0919048
14.790000,0.0919048
14.792000,0.0919048
14.794000,0.0920115
14.796000,0.0919582
14.798000,0.0920115
14.800000,0.0920648
14.802000,0.0920648
14.804000,0.0920115
14.806000,0.0920648
14.808000,0.0920115
14.810000,0.0921182
14.812000,0.0920115
14.814000,0.0921182
14.816000,0.0920648
14.818000,0.0921182
14.820000,0.0921182
14.822000,0.0921182
14.824000,0.0922249
14.826000,0.0921715
14.828000,0.0922249
14.830000,0.0921715
14.832000,0.0922249
14.834000,0.0922249
14.836000,0.0922249
14.838000,0.0922249
14.840000,0.0922249
14.842000,0.0922782
14.844000,0.0922782
14.846000,0.0923315
14.848000,0.0923315
14.850000,0.0923849
14.852000,0.0924382
14.854000,0.0924382
14.856000,0.0923849
14.858000,0.0924382
14.860000,0.0924382
14.862000,0.0924382
14.864000,0.0924382
14.866000,0.0924916
14.868000,0.0924916
14.870000,0.0924916
14.872000,0.0924916
14.874000,0.0924916
14.876000,0.0925982
14.878000,0.0924916
14.880000,0.0925449
14.882000,0.0924916
14.884000,0.0924916
14.886000,0.0924916
14.888000,0.0925449
14.890000,0.0925449
14.892000,0.0925982
14.894000,0.0925982
14.896000,0.0926516
14.898000,0.0926516
14.900000,0.0925982
14.902000,0.0926516
14.904000,0.0927049
14.906000,0.0927049
14.908000,0.0927049
14.910000,0.0927583
14.912000,0.0927583
14.914000,0.0928116
14.916000,0.0927583
14.918000,0.0928116
14.920000,0.0928649
14.922000,0.0928649
14.924000,0.0929183
14.926000,0.0929183
14.928000,0.0930250
14.930000,0.0929716
14.932000,0.0930250
14.934000,0.0930250
14.936000,0.0930250
14.938000,0.0930783
14.940000,0.0930783
14.942000,0.0930250
14.944000,0.0930783
14.946000,0.0930783
14.948000,0.0930783
14.950000,0.0930783
14.952000,0.0931316
14.954000,0.0931850
14.956000,0.0931316
14.958000,0.0931850
14.960000,0.0931850
14.962000,0.0932383
14.964000,0.0931850
14.966000,0.0932383
14.968000,0.0932383
14.970000,0.0933450
14.972000,0.0932917
14.974000,0.0933450
14.976000,0.0932917
14.978000,0.0933450
14.980000,0.0933450
14.982000,0.0933450
14.984000,0.0933983
14.986000,0.0933450
14.988000,0.0934517
14.990000,0.0933983
14.992000,0.0935050
14.994000,0.0933983
14.996000,0.0935050
14.998000,0.0934517
15.000000,0.0935050
15.002000,0.0934517
15.004000,0.0935050
15.006000,0.0934517
15.008000,0.0935050
15.010000,0.0935584
15.012000,0.0935584
15.014000,0.0936117
15.016000,0.0936117
15.018000,0.0936117
15.020000,0.0936117
15.022000,0.0936650
15.024000,0.0936117
15.026000,0.0937184
15.028000,0.0937717
15.030000,0.0937717
15.032000,0.0937717
15.034000,0.0938251
15.036000,0.0938251
15.038000,0.0938784
15.040000,0.0938251
15.042000,0.0939317
15.044000,0.0938784
15.046000,0.0939317
15.048000,0.0939317
15.050000,0.0939317
15.052000,0.0939851
15.054000,0.0938784
15.056000,0.0939851
15.058000,0.0939317
15.060000,0.0939851
15.062000,0.0939317
15.064000,0.0939317
15.066000,0.0939851
15.068000,0.0939851
15.070000,0.0939851
15.072000,0.0940384
15.074000,0.0940384
15.076000,0.0940384
15.078000,0.0940918
15.080000,0.0940918
15.082000,0.0941451
15.084000,0.0941451
15.086000,0.0942518
15.088000,0.0941984
15.090000,0.0943051
15.092000,0.0942518
15.094000,0.0943051
15.096000,0.0943051
15.098000,0.0943051
15.100000,0.0943851
15.102000,0.0943051
15.104000,0.0943051
15.106000,0.0942518
15.108000,0.0944385
15.110000,0.0943051
15.112000,0.0944385
15.114000,0.0943851
15.116000,0.0944385
15.118000,0.0944918
15.120000,0.0944385
15.122000,0.0945452
15.124000,0.0944918
15.126000,0.0945452
15.128000,0.0945452
15.130000,0.0945985
15.132000,0.0945452
15.134000,0.0945985
15.136000,0.0946518
15.138000,0.0946518
15.140000,0.0947052
15.142000,0.0947052
15.144000,0.0947052
15.146000,0.0947585
15.148000,0.0947052
15.150000,0.0947585
15.152000,0.0947052
15.154000,0.0947585
15.156000,0.0947052
15.158000,0.0948119
15.160000,0.0948119
15.162000,0.0948119
15.164000,0.0949185
15.166000,0.0948652
15.168000,0.0949185
15.170000,0.0949185
15.172000,0.0949185
15.174000,0.0949719
15.176000,0.0949185
15.178000,0.0949719
15.180000,0.0949185
15.182000,0.0949719
15.184000,0.0950252
15.186000,0.0950252
15.188000,0.0949719
15.190000,0.0950252
15.192000,0.0950252
15.194000,0.0950252
15.196000,0.0950785
15.198000,0.0950785
15.200000,0.0951852
15.202000,0.0951319
15.204000,0.0951852
15.206000,0.0951852
15.208000,0.0952386
15.210000,0.0952386
15.212000,0.0952386
15.214000,0.0952919
15.216000,0.0952919
15.218000,0.0953986
15.220000,0.0952919
15.222000,0.0953986
15.224000,0.0953986
15.226000,0.0953986
15.228000,0.0953453
15.230000,0.0953453
15.232000,0.0953986
15.234000,0.0953453
15.236000,0.0954519
15.238000,0.0953453
15.240000,0.0954519
15.242000,0.0955053
15.244000,0.0955053
15.246000,0.0955586
15.248000,0.0955053
15.250000,0.0955586
15.252000,0.0955586
15.254000,0.0955586
15.256000,0.0955586
15.258000,0.0955586
15.260000,0.0956120
15.262000,0.0955586
15.264000,0.0956120
15.266000,0.0956120
15.268000,0.0956653
15.270000,0.0956653
15.272000,0.0957186
15.274000,0.0957186
15.276000,0.0957186
15.278000,0.0957720
15.280000,0.0958253
15.282000,0.0958786
15.284000,0.0958786
15.286000,0.0958786
15.288000,0.0959320
15.290000,0.0959320
15.292000,0.0959853
15.294000,0.0959320
15.296000,0.0959853
15.298000,0.0959320
15.300000,0.0960387
15.302000,0.0960387
15.304000,0.0960387
15.306000,0.0960920
15.308000,0.0960920
15.310000,0.0961454
15.312000,0.0961454
15.314000,0.0960920
15.316000,0.0961454
15.318000,0.0961454
15.320000,0.0961454
15.322000,0.0961987
15.324000,0.0961987
15.326000,0.0961987
15.328000,0.0961987
15.330000,0.0962520
15.332000,0.0962520
15.334000,0.0962520
15.336000,0.0961987
15.338000,0.0962520
15.340000,0.0961987
15.342000,0.0962520
15.344000,0.0963054
15.346000,0.0963587
15.348000,0.0963587
15.350000,0.0963587
15.352000,0.0964654
15.354000,0.0964120
15.356000,0.0965187
15.358000,0.0964654
15.360000,0.0965187
15.362000,0.0965187
15.364000,0.0965721
15.366000,0.0966254
15.368000,0.0966254
15.370000,0.0966788
15.372000,0.0966788
15.374000,0.0966788
15.376000,0.0966788
15.378000,0.0966788
15.380000,0.0967321
15.382000,0.0967854
15.384000,0.0967854
15.386000,0.0967854
15.388000,0.0968388
15.390000,0.0968921
15.392000,0.0968388
15.394000,0.0969455
15.396000,0.0968388
15.398000,0.0969455
15.400000,0.0968921
15.402000,0.0969455
15.404000,0.0969455
15.406000,0.0969988
15.408000,0.0969988
15.410000,0.0969455
15.412000,0.0969988
15.414000,0.0969988
15.416000,0.0970521
15.418000,0.0970521
15.420000,0.0970521
15.422000,0.0971055
15.424000,0.0971055
15.426000,0.0970521
15.428000,0.0971055
15.430000,0.0971055
15.432000,0.0971588
15.434000,0.0971588
15.436000,0.0972121
15.438000,0.0971588
15.440000,0.0972655
15.442000,0.0972655
15.444000,0.0973188
15.446000,0.0973188
15.448000,0.0973188
15.450000,0.0973188
15.452000,0.0972655
15.454000,0.0973722
15.456000,0.0972655
15.458000,0.0973722
15.460000,0.0973722
15.462000,0.0974522
15.464000,0.0974522
15.466000,0.0974522
15.468000,0.0974522
15.470000,0.0974522
15.472000,0.0975055
15.474000,0.0974522
15.476000,0.0975055
15.478000,0.0975055
15.480000,0.0975589
15.482000,0.0975589
15.484000,0.0976122
15.486000,0.0976122
15.488000,0.0976655
15.490000,0.0977722
15.492000,0.0977722
15.494000,0.0975589
15.496000,0.0966254
15.498000,0.0958253
15.500000,0.0952386
15.502000,0.0945985
15.504000,0.0944385
15.506000,0.0937717
15.508000,0.0945452
15.510000,0.0947585
15.512000,0.0961454
15.514000,0.0971055
15.516000,0.0979856
15.518000,0.0989457
15.520000,0.0986790
15.522000,0.0992124
15.524000,0.0991591
15.526000,0.0996391
15.528000,0.0993191
15.530000,0.0988390
15.532000,0.0988390
15.534000,0.0986257
15.536000,0.0988924
15.538000,0.0986790
15.540000,0.0984656
15.542000,0.0983056
15.544000,0.0980389
15.546000,0.0981989
15.548000,0.0983056
15.550000,0.0985190
15.552000,0.0985190
15.554000,0.0985190
15.556000,0.0983590
15.558000,0.0984123
15.560000,0.0986257
15.562000,0.0987323
15.564000,0.0986790
15.566000,0.0986257
15.568000,0.0984123
15.570000,0.0984656
15.572000,0.0985190
15.574000,0.0986790
15.576000,0.0986790
15.578000,0.0986257
15.580000,0.0984123
15.582000,0.0984656
15.584000,0.0986257
15.586000,0.0987323
15.588000,0.0987857
15.590000,0.0986790
15.592000,0.0985723
15.594000,0.0985190
15.596000,0.0985723
15.598000,0.0987323
15.600000,0.0986790
15.602000,0.0986790
15.604000,0.0985190
15.606000,0.0985190
15.608000,0.0986257
15.610000,0.0987323
15.612000,0.0988390
15.614000,0.0987323
15.616000,0.0986790
15.618000,0.0986790
15.620000,0.0987323
15.622000,0.0988924
15.624000,0.0988924
15.626000,0.0989457
15.628000,0.0987857
15.630000,0.0987857
15.632000,0.0987857
15.634000,0.0988924
15.636000,0.0989457
15.638000,0.0988924
15.640000,0.0988390
15.642000,0.0987857
15.644000,0.0988390
15.646000,0.0989457
15.648000,0.0990524
15.650000,0.0989457
15.652000,0.0989990
15.654000,0.0988924
15.656000,0.0989990
15.658000,0.0990524
15.660000,0.0991591
15.662000,0.0992124
15.664000,0.0991057
15.666000,0.0991591
15.668000,0.0991057
15.670000,0.0992657
15.672000,0.0993191
15.674000,0.0992657
15.676000,0.0992657
15.678000,0.0991591
15.680000,0.0992124
15.682000,0.0992657
15.684000,0.0993724
15.686000,0.0993724
15.688000,0.0993191
15.690000,0.0993191
15.692000,0.0992124
15.694000,0.0993724
15.696000,0.0994258
15.698000,0.0994791
15.700000,0.0995324
15.702000,0.0994258
15.704000,0.0995324
15.706000,0.0995324
15.708000,0.0996925
15.710000,0.0996925
15.712000,0.0995858
15.714000,0.0995858
15.716000,0.0995324
15.718000,0.0996391
15.720000,0.0996391
15.722000,0.0996925
15.724000,0.0996391
15.726000,0.0996925
15.728000,0.0996391
15.730000,0.0996391
15.732000,0.0997991
15.734000,0.0997458
15.736000,0.0997458
15.738000,0.0996925
15.740000,0.0997458
15.742000,0.0997458
15.744000,0.0997991
15.746000,0.0998525
15.748000,0.0999058
15.750000,0.0998525
15.752000,0.0999058
15.754000,0.0998525
15.756000,0.0999058
15.758000,0.0999058
15.760000,0.0998525
15.762000,0.0999058
15.764000,0.0998525
15.766000,0.0998525
15.768000,0.0998525
15.770000,0.0999592
15.772000,0.0999058
15.774000,0.1000125
15.776000,0.0999592
15.778000,0.0999592
15.780000,0.1000125
15.782000,0.1000125
15.784000,0.1000658
15.786000,0.1000658
15.788000,0.1000125
15.790000,0.1000125
15.792000,0.1000658
15.794000,0.1001192
15.796000,0.1001725
15.798000,0.1001192
15.800000,0.1001725
15.802000,0.1001192
15.804000,0.1001725
15.806000,0.1001725
15.808000,0.1002259
15.810000,0.1002259
15.812000,0.1002792
15.814000,0.1002792
15.816000,0.1003325
15.818000,0.1003859
15.820000,0.1004392
15.822000,0.1004392
15.824000,0.1004392
15.826000,0.1004392
15.828000,0.1004392
15.830000,0.1003859
15.832000,0.1005192
15.834000,0.1004392
15.836000,0.1003859
15.838000,0.1003859
15.840000,0.1003859
15.842000,0.1005192
15.844000,0.1004392
15.846000,0.1005726
15.848000,0.1004392
15.850000,0.1005192
15.852000,0.1005192
15.854000,0.1005726
15.856000,0.1006259
15.858000,0.1006259
15.860000,0.1006259
15.862000,0.1006259
15.864000,0.1005726
15.866000,0.1006259
15.868000,0.1006792
15.870000,0.1007326
15.872000,0.1007326
15.874000,0.1006792
15.876000,0.1007859
15.878000,0.1007859
15.880000,0.1008926
15.882000,0.1008393
15.884000,0.1009460
15.886000,0.1009460
15.888000,0.1009460
15.890000,0.1009460
15.892000,0.1009460
15.894000,0.1009460
15.896000,0.1009993
15.898000,0.1009460
15.900000,0.1008926
15.902000,0.1008393
15.904000,0.1008926
15.906000,0.1008926
15.908000,0.1009460
15.910000,0.1009460
15.912000,0.1009993
15.914000,0.1010526
15.916000,0.1010526
15.918000,0.1011593
15.920000,0.1011593
15.922000,0.1012127
15.924000,0.1011060
15.926000,0.1011593
15.928000,0.1011593
15.930000,0.1011593
15.932000,0.1012127
15.934000,0.1012127
15.936000,0.1012127
15.938000,0.1012660
15.940000,0.1012127
15.942000,0.1012660
15.944000,0.1012127
15.946000,0.1012660
15.948000,0.1012660
15.950000,0.1012660
15.952000,0.1012660
15.954000,0.1012660
15.956000,0.1013193
15.958000,0.1013193
15.960000,0.1013727
15.962000,0.1013727
15.964000,0.1014260
15.966000,0.1014260
15.968000,0.1014793
15.970000,0.1014793
15.972000,0.1014793
15.974000,0.1015327
15.976000,0.1015860
15.978000,0.1015860
15.980000,0.1015327
15.982000,0.1015860
15.984000,0.1016394
15.986000,0.1016394
15.988000,0.1016394
15.990000,0.1016394
15.992000,0.1016394
15.994000,0.1016927
15.996000,0.1016394
15.998000,0.1016394
16.000000,0.1016394
16.002000,0.1016927
16.004000,0.1016394
16.006000,0.1016394
16.008000,0.1016394
16.010000,0.1016927
16.012000,0.1017461
16.014000,0.1017461
16.016000,0.1018527
16.018000,0.1018527
16.020000,0.1019061
16.022000,0.1019061
16.024000,0.1019594
16.026000,0.1019594
16.028000,0.1020127
16.030000,0.1020127
16.032000,0.1019594
16.034000,0.1020127
16.036000,0.1020127
16.038000,0.1020127
16.040000,0.1020127
16.042000,0.1020661
16.044000,0.1020661
16.046000,0.1020661
16.048000,0.1020661
16.050000,0.1020661
16.052000,0.1021194
16.054000,0.1021194
16.056000,0.1021194
16.058000,0.1020661
16.060000,0.1021194
16.062000,0.1021194
16.064000,0.1021194
16.066000,0.1021194
16.068000,0.1021728
16.070000,0.1022261
16.072000,0.1021728
16.074000,0.1022261
16.076000,0.1022261
16.078000,0.1021728
16.080000,0.1021728
16.082000,0.1022261
16.084000,0.1022261
16.086000,0.1022261
16.088000,0.1022795
16.090000,0.1022795
16.092000,0.1022795
16.094000,0.1022261
16.096000,0.1020661
16.098000,0.1019594
16.100000,0.1016394
16.102000,0.1014793
16.104000,0.1013193
16.106000,0.1013727
16.108000,0.1014260
16.110000,0.1015860
16.112000,0.1019061
16.114000,0.1022261
16.116000,0.1025995
16.118000,0.1027595
16.120000,0.1028128
16.122000,0.1028662
16.124000,0.1027595
16.126000,0.1025995
16.128000,0.1023861
16.130000,0.1023328
16.132000,0.1023328
16.134000,0.1023328
16.136000,0.1023861
16.138000,0.1025462
16.140000,0.1027595
16.142000,0.1029195
16.144000,0.1029729
16.146000,0.1030796
16.148000,0.1031862
16.150000,0.1032396
16.152000,0.1031862
16.154000,0.1031329
16.156000,0.1030796
16.158000,0.1031329
16.160000,0.1031329
16.162000,0.1031329
16.164000,0.1030796
16.166000,0.1030796
16.168000,0.1030796
16.170000,0.1030796
16.172000,0.1031329
16.174000,0.1030262
16.176000,0.1030796
16.178000,0.1030796
16.180000,0.1030796
16.182000,0.1030796
16.184000,0.1030796
16.186000,0.1031862
16.188000,0.1030796
16.190000,0.1031329
16.192000,0.1031862
16.194000,0.1031862
16.196000,0.1031862
16.198000,0.1031862
16.200000,0.1032396
16.202000,0.1032396
16.204000,0.1032929
16.206000,0.1033463
16.208000,0.1032929
16.210000,0.1033463
16.212000,0.1032929
16.214000,0.1033463
16.216000,0.1032396
16.218000,0.1033463
16.220000,0.1032929
16.222000,0.1032929
16.224000,0.1032929
16.226000,0.1032929
16.228000,0.1033463
16.230000,0.1033463
16.232000,0.1033996
16.234000,0.1033463
16.236000,0.1033996
16.238000,0.1033996
16.240000,0.1035329
16.242000,0.1034529
16.244000,0.1034529
16.246000,0.1035329
16.248000,0.1035863
16.250000,0.1035329
16.252000,0.1035329
16.254000,0.1035329
16.256000,0.1035863
16.258000,0.1035863
16.260000,0.1035863
16.262000,0.1035863
16.264000,0.1036396
16.266000,0.1036396
16.268000,0.1036396
16.270000,0.1036396
16.272000,0.1036396
16.274000,0.1036396
16.276000,0.1036930
16.278000,0.1036930
16.280000,0.1036930
16.282000,0.1036930
16.284000,0.1036930
16.286000,0.1037463
16.288000,0.1037463
16.290000,0.1037996
16.292000,0.1037463
16.294000,0.1037996
16.296000,0.1037996
16.298000,0.1037996
16.300000,0.1037463
16.302000,0.1037463
16.304000,0.1037996
16.306000,0.1037463
16.308000,0.1038530
16.310000,0.1037996
16.312000,0.1039063
16.314000,0.1039063
16.316000,0.1039597
16.318000,0.1039597
16.320000,0.1039597
16.322000,0.1040130
16.324000,0.1039597
16.326000,0.1040130
16.328000,0.1039597
16.330000,0.1040130
16.332000,0.1039597
16.334000,0.1039597
16.336000,0.1039063
16.338000,0.1039597
16.340000,0.1040130
16.342000,0.1039597
16.344000,0.1040130
16.346000,0.1040130
16.348000,0.1040663
16.350000,0.1040130
16.352000,0.1040663
16.354000,0.1040663
16.356000,0.1041197
16.358000,0.1040663
16.360000,0.1041730
16.362000,0.1041197
16.364000,0.1041197
16.366000,0.1041730
16.368000,0.1041730
16.370000,0.1041730
16.372000,0.1041197
16.374000,0.1042264
16.376000,0.1041730
16.378000,0.1042264
16.380000,0.1042264
16.382000,0.1042797
16.384000,0.1042264
16.386000,0.1043330
16.388000,0.1042797
16.390000,0.1043330
16.392000,0.1042797
16.394000,0.1042797
16.396000,0.1043330
16.398000,0.1043330
16.400000,0.1043864
16.402000,0.1043330
16.404000,0.1043864
16.406000,0.1043864
16.408000,0.1043330
16.410000,0.1044397
16.412000,0.1043864
16.414000,0.1044397
16.416000,0.1043864
16.418000,0.1044931
16.420000,0.1044931
16.422000,0.1044397
16.424000,0.1045464
16.426000,0.1045997
16.428000,0.1045997
16.430000,0.1045997
16.432000,0.1045997
16.434000,0.1046531
16.436000,0.1046531
16.438000,0.1046531
16.440000,0.1047064
16.442000,0.1046531
16.444000,0.1047598
16.446000,0.1046531
16.448000,0.1047064
16.450000,0.1047598
16.452000,0.1047598
16.454000,0.1047598
16.456000,0.1047598
16.458000,0.1047598
16.460000,0.1048131
16.462000,0.1048131
16.464000,0.1048131
16.466000,0.1048131
16.468000,0.1048664
16.470000,0.1048664
16.472000,0.1049731
16.474000,0.1049198
16.476000,0.1049731
16.478000,0.1049731
16.480000,0.1050798
16.482000,0.1050265
16.484000,0.1050265
16.486000,0.1050798
16.488000,0.1050798
16.490000,0.1050798
16.492000,0.1050265
16.494000,0.1051331
16.496000,0.1051331
16.498000,0.1051331
16.500000,0.1050798
16.502000,0.1051331
16.504000,0.1051331
16.506000,0.1051331
16.508000,0.1050798
16.510000,0.1051331
16.512000,0.1051331
16.514000,0.1051865
16.516000,0.1051865
16.518000,0.1051865
16.520000,0.1052932
16.522000,0.1052398
16.524000,0.1053465
16.526000,0.1052932
16.528000,0.1053465
16.530000,0.1053465
16.532000,0.1053465
16.534000,0.1052932
16.536000,0.1053465
16.538000,0.1053465
16.540000,0.1053998
16.542000,0.1053998
16.544000,0.1053998
16.546000,0.1055065
16.548000,0.1054532
16.550000,0.1055065
16.552000,0.1055065
16.554000,0.1055065
16.556000,0.1055065
16.558000,0.1055065
16.560000,0.1055599
16.562000,0.1055599
16.564000,0.1056132
16.566000,0.1055599
16.568000,0.1056132
16.570000,0.1056132
16.572000,0.1055599
16.574000,0.1056132
16.576000,0.1056132
16.578000,0.1056665
16.580000,0.1056132
16.582000,0.1056665
16.584000,0.1056665
16.586000,0.1056665
16.588000,0.1057199
16.590000,0.1056665
16.592000,0.1057199
16.594000,0.1057199
16.596000,0.1057199
16.598000,0.1057732
16.600000,0.1057732
16.602000,0.1058266
16.604000,0.1058266
16.606000,0.1058799
16.608000,0.1058266
16.610000,0.1058799
16.612000,0.1058799
16.614000,0.1058266
16.616000,0.1059332
16.618000,0.1058266
16.620000,0.1059332
16.622000,0.1058799
16.624000,0.1059332
16.626000,0.1059332
16.628000,0.1059866
16.630000,0.1060399
16.632000,0.1059866
16.634000,0.1060933
16.636000,0.1060399
16.638000,0.1060933
16.640000,0.1060399
16.642000,0.1060399
16.644000,0.1060399
16.646000,0.1060399
16.648000,0.1060399
16.650000,0.1060399
16.652000,0.1060933
16.654000,0.1059866
16.656000,0.1060933
16.658000,0.1060933
16.660000,0.1060933
16.662000,0.1061466
16.664000,0.1061466
16.666000,0.1061999
16.668000,0.1061999
16.670000,0.1062533
16.672000,0.1061999
16.674000,0.1063066
16.676000,0.1062533
16.678000,0.1062533
16.680000,0.1062533
16.682000,0.1061999
16.684000,0.1062533
16.686000,0.1062533
16.688000,0.1063066
16.690000,0.1063600
16.692000,0.1063600
16.694000,0.1063600
16.696000,0.1064133
16.698000,0.1064666
16.700000,0.1064133
16.702000,0.1064666
16.704000,0.1064133
16.706000,0.1064666
16.708000,0.1064133
16.710000,0.1064133
16.712000,0.1064133
16.714000,0.1063600
16.716000,0.1064666
16.718000,0.1064666
16.720000,0.1065200
16.722000,0.1065200
16.724000,0.1065200
16.726000,0.1066000
16.728000,0.1065200
16.730000,0.1066000
16.732000,0.1066000
16.734000,0.1066000
16.736000,0.1066000
16.738000,0.1066000
16.740000,0.1066533
16.742000,0.1066533
16.744000,0.1067067
16.746000,0.1067067
16.748000,0.1067067
16.750000,0.1067067
16.752000,0.1067067
16.754000,0.1066533
16.756000,0.1067067
16.758000,0.1067067
16.760000,0.1066533
16.762000,0.1067600
16.764000,0.1066533
16.766000,0.1067600
16.768000,0.1067600
16.770000,0.1068134
16.772000,0.1068134
16.774000,0.1068134
16.776000,0.1069200
16.778000,0.1068667
16.780000,0.1069734
16.782000,0.1069200
16.784000,0.1069734
16.786000,0.1069734
16.788000,0.1070267
16.790000,0.1069734
16.792000,0.1069734
16.794000,0.1070267
16.796000,0.1070267
16.798000,0.1070800
16.800000,0.1070800
16.802000,0.1070267
16.804000,0.1071334
16.806000,0.1070800
16.808000,0.1071334
16.810000,0.1071334
16.812000,0.1071867
16.814000,0.1071867
16.816000,0.1071334
16.818000,0.1071867
16.820000,0.1071867
16.822000,0.1072401
16.824000,0.1072401
16.826000,0.1072934
16.828000,0.1072401
16.830000,0.1072934
16.832000,0.1072934
16.834000,0.1073468
16.836000,0.1074001
16.838000,0.1074001
16.840000,0.1074001
16.842000,0.1074001
16.844000,0.1074001
16.846000,0.1074001
16.848000,0.1074534
16.850000,0.1074001
16.852000,0.1074001
16.854000,0.1074534
16.856000,0.1074001
16.858000,0.1075601
16.860000,0.1074534
16.862000,0.1075068
16.864000,0.1074534
16.866000,0.1074534
16.868000,0.1074534
16.870000,0.1073468
16.872000,0.1074534
16.874000,0.1074001
16.876000,0.1075068
16.878000,0.1075068
16.880000,0.1075068
16.882000,0.1075601
16.884000,0.1075601
16.886000,0.1075601
16.888000,0.1075601
16.890000,0.1075601
16.892000,0.1075601
16.894000,0.1075601
16.896000,0.1076134
16.898000,0.1076668
16.900000,0.1076668
16.902000,0.1077735
16.904000,0.1077735
16.906000,0.1077735
16.908000,0.1077201
16.910000,0.1078268
16.912000,0.1077735
16.914000,0.1077735
16.916000,0.1077735
16.918000,0.1078268
16.920000,0.1078268
16.922000,0.1078268
16.924000,0.1077735
16.926000,0.1078802
16.928000,0.1078802
16.930000,0.1078802
16.932000,0.1079335
16.934000,0.1079335
16.936000,0.1080402
16.938000,0.1079868
16.940000,0.1080402
16.942000,0.1079868
16.944000,0.1080402
16.946000,0.1079335
16.948000,0.1079868
16.950000,0.1079335
16.952000,0.1079335
16.954000,0.1079335
16.956000,0.1078802
16.958000,0.1079868
16.960000,0.1079335
16.962000,0.1080402
16.964000,0.1079868
16.966000,0.1080402
16.968000,0.1080935
16.970000,0.1080935
16.972000,0.1080935
16.974000,0.1081469
16.976000,0.1081469
16.978000,0.1082002
16.980000,0.1081469
16.982000,0.1082002
16.984000,0.1082002
16.986000,0.1082002
16.988000,0.1082002
16.990000,0.1081469
16.992000,0.1081469
16.994000,0.1080935
16.996000,0.1081469
16.998000,0.1080935
17.000000,0.1081469
17.002000,0.1081469
17.004000,0.1082002
17.006000,0.1082535
17.008000,0.1082535
17.010000,0.1082535
17.012000,0.1082535
17.014000,0.1082535
17.016000,0.1082535
17.018000,0.1083069
17.020000,0.1083069
17.022000,0.1083602
17.024000,0.1083602
17.026000,0.1084135
17.028000,0.1084135
17.030000,0.1084669
17.032000,0.1084135
17.034000,0.1084669
17.036000,0.1084135
17.038000,0.1084669
17.040000,0.1084135
17.042000,0.1084135
17.044000,0.1084135
17.046000,0.1084135
17.048000,0.1084669
17.050000,0.1084135
17.052000,0.1085202
17.054000,0.1084135
17.056000,0.1084669
17.058000,0.1084669
17.060000,0.1085202
17.062000,0.1085202
17.064000,0.1085202
17.066000,0.1085202
17.068000,0.1085736
17.070000,0.1086269
17.072000,0.1086269
17.074000,0.1086803
17.076000,0.1086803
17.078000,0.1087336
17.080000,0.1086803
17.082000,0.1087869
17.084000,0.1087336
17.086000,0.1087869
17.088000,0.1087336
17.090000,0.1087869
17.092000,0.1087869
17.094000,0.1087869
17.096000,0.1087869
17.098000,0.1087869
17.100000,0.1088403
17.102000,0.1088403
17.104000,0.1088403
17.106000,0.1088403
17.108000,0.1088936
17.110000,0.1088403
17.112000,0.1088936
17.114000,0.1088403
17.116000,0.1088936
17.118000,0.1088403
17.120000,0.1089470
17.122000,0.1088936
17.124000,0.1089470
17.126000,0.1088936
17.128000,0.1089470
17.130000,0.1089470
17.132000,0.1089470
17.134000,0.1089470
17.136000,0.1088936
17.138000,0.1090003
17.140000,0.1089470
17.142000,0.1090536
17.144000,0.1090003
17.146000,0.1090536
17.148000,0.1090536
17.150000,0.1090536
17.152000,0.1090536
17.154000,0.1091070
17.156000,0.1091070
17.158000,0.1091070
17.160000,0.1091603
17.162000,0.1091070
17.164000,0.1091070
17.166000,0.1091603
17.168000,0.1091603
17.170000,0.1091603
17.172000,0.1092136
17.174000,0.1092136
17.176000,0.1092136
17.178000,0.1092670
17.180000,0.1092670
17.182000,0.1093203
17.184000,0.1093203
17.186000,0.1093203
17.188000,0.1093203
17.190000,0.1093203
17.192000,0.1093737
17.194000,0.1093203
17.196000,0.1093203
17.198000,0.1092670
17.200000,0.1093203
17.202000,0.1092136
17.204000,0.1093203
17.206000,0.1092670
17.208000,0.1093203
17.210000,0.1093737
17.212000,0.1093737
17.214000,0.1094270
17.216000,0.1094804
17.218000,0.1094804
17.220000,0.1095337
17.222000,0.1095337
17.224000,0.1095337
17.226000,0.1095870
17.228000,0.1095870
17.230000,0.1096670
17.232000,0.1095337
17.234000,0.1096670
17.236000,0.1095337
17.238000,0.1095870
17.240000,0.1095870
17.242000,0.1094804
17.244000,0.1095870
17.246000,0.1094270
17.248000,0.1095870
17.250000,0.1094270
17.252000,0.1095870
17.254000,0.1095337
17.256000,0.1095870
17.258000,0.1096670
17.260000,0.1096670
17.262000,0.1096670
17.264000,0.1097204
17.266000,0.1097204
17.268000,0.1097204
17.270000,0.1097204
17.272000,0.1096670
17.274000,0.1097737
17.276000,0.1097204
17.278000,0.1098271
17.280000,0.1097737
17.282000,0.1098804
17.284000,0.1097737
17.286000,0.1098804
17.288000,0.1098271
17.290000,0.1099337
17.292000,0.1098804
17.294000,0.1098804
17.296000,0.1098804
17.298000,0.1098804
17.300000,0.1098804
17.302000,0.1099337
17.304000,0.1098804
17.306000,0.1099337
17.308000,0.1098804
17.310000,0.1099337
17.312000,0.1099871
17.314000,0.1099337
17.316000,0.1100938
17.318000,0.1099337
17.320000,0.1100938
17.322000,0.1099871
17.324000,0.1100938
17.326000,0.1100404
17.328000,0.1100404
17.330000,0.1101471
17.332000,0.1100404
17.334000,0.1101471
17.336000,0.1100938
17.338000,0.1100938
17.340000,0.1101471
17.342000,0.1100938
17.344000,0.1101471
17.346000,0.1101471
17.348000,0.1101471
17.350000,0.1102004
17.352000,0.1101471
17.354000,0.1101471
17.356000,0.1101471
17.358000,0.1102004
17.360000,0.1102004
17.362000,0.1102004
17.364000,0.1101471
17.366000,0.1101471
17.368000,0.1102004
17.370000,0.1102004
17.372000,0.1102004
17.374000,0.1102538
17.376000,0.1102538
17.378000,0.1103071
17.380000,0.1103071
17.382000,0.1102538
17.384000,0.1103071
17.386000,0.1103071
17.388000,0.1102538
17.390000,0.1103071
17.392000,0.1103071
17.394000,0.1103071
17.396000,0.1103605
17.398000,0.1103605
17.400000,0.1103605
17.402000,0.1103605
17.404000,0.1104138
17.406000,0.1104671
17.408000,0.1104138
17.410000,0.1104671
17.412000,0.1104671
17.414000,0.1104671
17.416000,0.1105205
17.418000,0.1105205
17.420000,0.1105738
17.422000,0.1105205
17.424000,0.1105738
17.426000,0.1105738
17.428000,0.1106272
17.430000,0.1106272
17.432000,0.1105738
17.434000,0.1106272
17.436000,0.1106272
17.438000,0.1106272
17.440000,0.1106272
17.442000,0.1106805
17.444000,0.1106272
17.446000,0.1106272
17.448000,0.1106272
17.450000,0.1105738
17.452000,0.1105738
17.454000,0.1105205
17.456000,0.1105738
17.458000,0.1105738
17.460000,0.1105738
17.462000,0.1105738
17.464000,0.1106272
17.466000,0.1106805
17.468000,0.1107338
17.470000,0.1107338
17.472000,0.1107872
17.474000,0.1107338
17.476000,0.1107338
17.478000,0.1107338
17.480000,0.1107338
17.482000,0.1107338
17.484000,0.1107338
17.486000,0.1107872
17.488000,0.1107338
17.490000,0.1107872
17.492000,0.1107872
17.494000,0.1107872
17.496000,0.1108405
17.498000,0.1107872
17.500000,0.1108405
17.502000,0.1107872
17.504000,0.1108405
17.506000,0.1108405
17.508000,0.1108405
17.510000,0.1108939
17.512000,0.1108939
17.514000,0.1109472
17.516000,0.1108939
17.518000,0.1109472
17.520000,0.1108939
17.522000,0.1108939
17.524000,0.1108939
17.526000,0.1108939
17.528000,0.1108939
17.530000,0.1108939
17.532000,0.1108939
17.534000,0.1109472
17.536000,0.1109472
17.538000,0.1109472
17.540000,0.1110005
17.542000,0.1110539
17.544000,0.1110539
17.546000,0.1110005
17.548000,0.1111072
17.550000,0.1110539
17.552000,0.1111606
17.554000,0.1110539
17.556000,0.1110539
17.558000,0.1110539
17.560000,0.1110539
17.562000,0.1110539
17.564000,0.1110005
17.566000,0.1111606
17.568000,0.1110539
17.570000,0.1111072
17.572000,0.1111072
17.574000,0.1111606
17.576000,0.1111606
17.578000,0.1111606
17.580000,0.1111606
17.582000,0.1111606
17.584000,0.1112139
17.586000,0.1111606
17.588000,0.1112139
17.590000,0.1112139
17.592000,0.1112139
17.594000,0.1112672
17.596000,0.1112139
17.598000,0.1113206
17.600000,0.1112672
17.602000,0.1113206
17.604000,0.1112672
17.606000,0.1113206
17.608000,0.1113206
17.610000,0.1112672
17.612000,0.1113739
17.614000,0.1112672
17.616000,0.1113206
17.618000,0.1112672
17.620000,0.1113206
17.622000,0.1112672
17.624000,0.1113739
17.626000,0.1113206
17.628000,0.1113739
17.630000,0.1113739
17.632000,0.1114273
17.634000,0.1113739
17.636000,0.1113739
17.638000,0.1113739
17.640000,0.1113206
17.642000,0.1113739
17.644000,0.1113206
17.646000,0.1113739
17.648000,0.1113739
17.650000,0.1114273
17.652000,0.1114273
17.654000,0.1114806
17.656000,0.1114806
17.658000,0.1115339
17.660000,0.1114806
17.662000,0.1115339
17.664000,0.1114806
17.666000,0.1115339
17.668000,0.1115339
17.670000,0.1115339
17.672000,0.1114806
17.674000,0.1115873
17.676000,0.1115873
17.678000,0.1115339
17.680000,0.1115873
17.682000,0.1115873
17.684000,0.1115873
17.686000,0.1115873
17.688000,0.1115873
17.690000,0.1115873
17.692000,0.1116406
17.694000,0.1116406
17.696000,0.1116406
17.698000,0.1116406
17.700000,0.1116406
17.702000,0.1116940
17.704000,0.1116940
17.706000,0.1116940
17.708000,0.1117473
17.710000,0.1117473
17.712000,0.1118006
17.714000,0.1117473
17.716000,0.1118006
17.718000,0.1118006
17.720000,0.1117473
17.722000,0.1117473
17.724000,0.1118006
17.726000,0.1118006
17.728000,0.1118006
17.730000,0.1118540
17.732000,0.1118006
17.734000,0.1118540
17.736000,0.1118006
17.738000,0.1118540
17.740000,0.1118006
17.742000,0.1118540
17.744000,0.1119073
17.746000,0.1119073
17.748000,0.1119607
17.750000,0.1119073
17.752000,0.1119607
17.754000,0.1119073
17.756000,0.1120140
17.758000,0.1119607
17.760000,0.1119607
17.762000,0.1119607
17.764000,0.1119073
17.766000,0.1119607
17.768000,0.1119607
17.770000,0.1119073
17.772000,0.1119073
17.774000,0.1119607
17.776000,0.1119607
17.778000,0.1119607
17.780000,0.1119607
17.782000,0.1119607
17.784000,0.1119607
17.786000,0.1119607
17.788000,0.1119073
17.790000,0.1119607
17.792000,0.1118540
17.794000,0.1119073
17.796000,0.1119073
17.798000,0.1119073
17.800000,0.1120673
17.802000,0.1119607
17.804000,0.1120673
17.806000,0.1120140
17.808000,0.1121207
17.810000,0.1120673
17.812000,0.1121207
17.814000,0.1121207
17.816000,0.1121207
17.818000,0.1121207
17.820000,0.1120673
17.822000,0.1120673
17.824000,0.1120673
17.826000,0.1120673
17.828000,0.1120140
17.830000,0.1120673
17.832000,0.1120673
17.834000,0.1121207
17.836000,0.1121207
17.838000,0.1121207
17.840000,0.1121207
17.842000,0.1121207
17.844000,0.1121740
17.846000,0.1121740
17.848000,0.1121740
17.850000,0.1122274
17.852000,0.1121740
17.854000,0.1122274
17.856000,0.1122274
17.858000,0.1122807
17.860000,0.1122274
17.862000,0.1122807
17.864000,0.1122807
17.866000,0.1122274
17.868000,0.1122274
17.870000,0.1122274
17.872000,0.1122807
17.874000,0.1122807
17.876000,0.1122807
17.878000,0.1123340
17.880000,0.1123340
17.882000,0.1123874
17.884000,0.1123874
17.886000,0.1123874
17.888000,0.1124407
17.890000,0.1123874
17.892000,0.1124407
17.894000,0.1124407
17.896000,0.1123874
17.898000,0.1123874
17.900000,0.1123340
17.902000,0.1123340
17.904000,0.1123874
17.906000,0.1123340
17.908000,0.1124407
17.910000,0.1123874
17.912000,0.1124407
17.914000,0.1123874
17.916000,0.1124407
17.918000,0.1124941
17.920000,0.1124407
17.922000,0.1124941
17.924000,0.1124941
17.926000,0.1125474
17.928000,0.1124941
17.930000,0.1125474
17.932000,0.1125474
17.934000,0.1126007
17.936000,0.1126007
17.938000,0.1125474
17.940000,0.1125474
17.942000,0.1125474
17.944000,0.1125474
17.946000,0.1125474
17.948000,0.1125474
17.950000,0.1124941
17.952000,0.1124941
17.954000,0.1124941
17.956000,0.1125474
17.958000,0.1124941
17.960000,0.1125474
17.962000,0.1126007
17.964000,0.1125474
17.966000,0.1126007
17.968000,0.1126007
17.970000,0.1126541
17.972000,0.1126007
17.974000,0.1127341
17.976000,0.1126007
17.978000,0.1126007
17.980000,0.1126007
17.982000,0.1126541
17.984000,0.1126007
17.986000,0.1126541
17.988000,0.1126541
17.990000,0.1127341
17.992000,0.1127874
17.994000,0.1127341
17.996000,0.1127874
17.998000,0.1127341
18.000000,0.1127874
18.002000,0.1127341
18.004000,0.1127874
18.006000,0.1127341
18.008000,0.1127341
18.010000,0.1127874
18.012000,0.1127874
18.014000,0.1127874
18.016000,0.1127341
18.018000,0.1127874
18.020000,0.1128408
18.022000,0.1128408
18.024000,0.1128408
18.026000,0.1127874
18.028000,0.1127874
18.030000,0.1127874
18.032000,0.1127874
18.034000,0.1127341
18.036000,0.1127874
18.038000,0.1127874
18.040000,0.1127874
18.042000,0.1127874
18.044000,0.1128408
18.046000,0.1128941
18.048000,0.1128941
18.050000,0.1129475
18.052000,0.1130008
18.054000,0.1129475
18.056000,0.1130008
18.058000,0.1129475
18.060000,0.1130008
18.062000,0.1130008
18.064000,0.1129475
18.066000,0.1130008
18.068000,0.1129475
18.070000,0.1130008
18.072000,0.1129475
18.074000,0.1130541
18.076000,0.1130008
18.078000,0.1130541
18.080000,0.1130541
18.082000,0.1130541
18.084000,0.1130541
18.086000,0.1130541
18.088000,0.1130541
18.090000,0.1130008
18.092000,0.1130008
18.094000,0.1130008
18.096000,0.1130008
18.098000,0.1129475
18.100000,0.1130008
18.102000,0.1129475
18.104000,0.1130008
18.106000,0.1129475
18.108000,0.1130008
18.110000,0.1130008
18.112000,0.1131075
18.114000,0.1130541
18.116000,0.1131608
18.118000,0.1131608
18.120000,0.1132141
18.122000,0.1132141
18.124000,0.1131608
18.126000,0.1131608
18.128000,0.1131608
18.130000,0.1131608
18.132000,0.1131075
18.134000,0.1131075
18.136000,0.1131075
18.138000,0.1131075
18.140000,0.1131608
18.142000,0.1131608
18.144000,0.1131608
18.146000,0.1131075
18.148000,0.1132141
18.150000,0.1131075
18.152000,0.1131608
18.154000,0.1131075
18.156000,0.1131608
18.158000,0.1131075
18.160000,0.1131075
18.162000,0.1131608
18.164000,0.1131608
18.166000,0.1132141
18.168000,0.1131608
18.170000,0.1132675
18.172000,0.1132141
18.174000,0.1133208
18.176000,0.1132675
18.178000,0.1133208
18.180000,0.1133208
18.182000,0.1133208
18.184000,0.1133742
18.186000,0.1133208
18.188000,0.1133208
18.190000,0.1133208
18.192000,0.1133208
18.194000,0.1133208
18.196000,0.1133208
18.198000,0.1133208
18.200000,0.1132675
18.202000,0.1133208
18.204000,0.1133208
18.206000,0.1133742
18.208000,0.1133742
18.210000,0.1133742
18.212000,0.1134275
18.214000,0.1134809
18.216000,0.1134275
18.218000,0.1134275
18.220000,0.1134809
18.222000,0.1134275
18.224000,0.1134809
18.226000,0.1134275
18.228000,0.1134275
18.230000,0.1134275
18.232000,0.1133742
18.234000,0.1134275
18.236000,0.1133742
18.238000,0.1134275
18.240000,0.1134809
18.242000,0.1134275
18.244000,0.1134809
18.246000,0.1134809
18.248000,0.1135342
18.250000,0.1135342
18.252000,0.1135342
18.254000,0.1134809
18.256000,0.1134809
18.258000,0.1134809
18.260000,0.1134275
18.262000,0.1134809
18.264000,0.1134275
18.266000,0.1134809
18.268000,0.1134275
18.270000,0.1134809
18.272000,0.1134275
18.274000,0.1135342
18.276000,0.1134809
18.278000,0.1135342
18.280000,0.1135342
18.282000,0.1135875
18.284000,0.1135342
18.286000,0.1135342
18.288000,0.1136409
18.290000,0.1135342
18.292000,0.1136409
18.294000,0.1135342
18.296000,0.1136409
18.298000,0.1135342
18.300000,0.1135875
18.302000,0.1135875
18.304000,0.1135875
18.306000,0.1136409
18.308000,0.1135342
18.310000,0.1136409
18.312000,0.1136409
18.314000,0.1136942
18.316000,0.1136942
18.318000,0.1136942
18.320000,0.1136942
18.322000,0.1137476
18.324000,0.1136942
18.326000,0.1137476
18.328000,0.1136942
18.330000,0.1136942
18.332000,0.1137476
18.334000,0.1137476
18.336000,0.1137476
18.338000,0.1136942
18.340000,0.1137476
18.342000,0.1137476
18.344000,0.1137476
18.346000,0.1137476
18.348000,0.1137476
18.350000,0.1137476
18.352000,0.1137476
18.354000,0.1137476
18.356000,0.1137476
18.358000,0.1137476
18.360000,0.1138009
18.362000,0.1138009
18.364000,0.1138009
18.366000,0.1138542
18.368000,0.1138542
18.370000,0.1138542
18.372000,0.1138542
18.374000,0.1138009
18.376000,0.1138542
18.378000,0.1138009
18.380000,0.1138542
18.382000,0.1138009
18.384000,0.1138542
18.386000,0.1138009
18.388000,0.1138542
18.390000,0.1139076
18.392000,0.1138542
18.394000,0.1139076
18.396000,0.1138542
18.398000,0.1139076
18.400000,0.1138542
18.402000,0.1139076
18.404000,0.1138542
18.406000,0.1139076
18.408000,0.1138009
18.410000,0.1138542
18.412000,0.1138542
18.414000,0.1139076
18.416000,0.1138542
18.418000,0.1139076
18.420000,0.1138542
18.422000,0.1139076
18.424000,0.1139609
18.426000,0.1140142
18.428000,0.1139609
18.430000,0.1140142
18.432000,0.1140142
18.434000,0.1139609
18.436000,0.1140676
18.438000,0.1139609
18.440000,0.1139609
18.442000,0.1139076
18.444000,0.1139609
18.446000,0.1139076
18.448000,0.1139609
18.450000,0.1139609
18.452000,0.1139609
18.454000,0.1140142
18.456000,0.1140142
18.458000,0.1140142
18.460000,0.1140142
18.462000,0.1140142
18.464000,0.1140142
18.466000,0.1139609
18.468000,0.1140142
18.470000,0.1140142
18.472000,0.1140142
18.474000,0.1141209
18.476000,0.1140676
18.478000,0.1140676
18.480000,0.1141743
18.482000,0.1141743
18.484000,0.1141743
18.486000,0.1141209
18.488000,0.1141743
18.490000,0.1141209
18.492000,0.1141743
18.494000,0.1141209
18.496000,0.1141209
18.498000,0.1141743
18.500000,0.1141743
18.502000,0.1141743
18.504000,0.1141209
18.506000,0.1141209
18.508000,0.1140676
18.510000,0.1141209
18.512000,0.1141209
18.514000,0.1141743
18.516000,0.1141209
18.518000,0.1141209
18.520000,0.1141743
18.522000,0.1141743
18.524000,0.1142276
18.526000,0.1141743
18.528000,0.1142276
18.530000,0.1141743
18.532000,0.1142276
18.534000,0.1142276
18.536000,0.1142276
18.538000,0.1142276
18.540000,0.1142276
18.542000,0.1142810
18.544000,0.1142276
18.546000,0.1142810
18.548000,0.1142810
18.550000,0.1142810
18.552000,0.1142810
18.554000,0.1142810
18.556000,0.1142810
18.558000,0.1142810
18.560000,0.1143343
18.562000,0.1142810
18.564000,0.1142810
18.566000,0.1142810
18.568000,0.1142810
18.570000,0.1142810
18.572000,0.1142810
18.574000,0.1142810
18.576000,0.1142810
18.578000,0.1142810
18.580000,0.1142810
18.582000,0.1142810
18.584000,0.1143343
18.586000,0.1142810
18.588000,0.1143343
18.590000,0.1142810
18.592000,0.1143343
18.594000,0.1143343
18.596000,0.1143343
18.598000,0.1143343
18.600000,0.1143343
18.602000,0.1143876
18.604000,0.1143343
18.606000,0.1143343
18.608000,0.1143343
18.610000,0.1143343
18.612000,0.1143343
18.614000,0.1143343
18.616000,0.1143343
18.618000,0.1143343
18.620000,0.1143343
18.622000,0.1143876
18.624000,0.1143876
18.626000,0.1144410
18.628000,0.1143876
18.630000,0.1144410
18.632000,0.1144410
18.634000,0.1143876
18.636000,0.1144410
18.638000,0.1143876
18.640000,0.1143876
18.642000,0.1143876
18.644000,0.1143876
18.646000,0.1143876
18.648000,0.1144410
18.650000,0.1144410
18.652000,0.1144410
18.654000,0.1144943
18.656000,0.1144943
18.658000,0.1144943
18.660000,0.1145477
18.662000,0.1145477
18.664000,0.1146010
18.666000,0.1145477
18.668000,0.1146010
18.670000,0.1146010
18.672000,0.1146010
18.674000,0.1145477
18.676000,0.1145477
18.678000,0.1145477
18.680000,0.1144943
18.682000,0.1145477
18.684000,0.1144943
18.686000,0.1144943
18.688000,0.1144410
18.690000,0.1144410
18.692000,0.1144943
18.694000,0.1144943
18.696000,0.1145477
18.698000,0.1145477
18.700000,0.1146010
18.702000,0.1146010
18.704000,0.1146010
18.706000,0.1146543
18.708000,0.1146010
18.710000,0.1146010
18.712000,0.1146010
18.714000,0.1146010
18.716000,0.1146543
18.718000,0.1146010
18.720000,0.1146543
18.722000,0.1146010
18.724000,0.1147077
18.726000,0.1147077
18.728000,0.1146543
18.730000,0.1147077
18.732000,0.1146543
18.734000,0.1147077
18.736000,0.1146543
18.738000,0.1146010
18.740000,0.1146010
18.742000,0.1146010
18.744000,0.1146010
18.746000,0.1146010
18.748000,0.1146543
18.750000,0.1146010
18.752000,0.1146010
18.754000,0.1146543
18.756000,0.1147077
18.758000,0.1147077
18.760000,0.1147610
18.762000,0.1148143
18.764000,0.1148143
18.766000,0.1148143
18.768000,0.1148143
18.770000,0.1147610
18.772000,0.1148143
18.774000,0.1147610
18.776000,0.1147077
18.778000,0.1147077
18.780000,0.1147077
18.782000,0.1148143
18.784000,0.1147077
18.786000,0.1148677
18.788000,0.1147610
18.790000,0.1149210
18.792000,0.1148677
18.794000,0.1149210
18.796000,0.1148677
18.798000,0.1148677
18.800000,0.1149210
18.802000,0.1148677
18.804000,0.1149210
18.806000,0.1148677
18.808000,0.1148677
18.810000,0.1147610
18.812000,0.1148143
18.814000,0.1148143
18.816000,0.1147610
18.818000,0.1147610
18.820000,0.1147610
18.822000,0.1147610
18.824000,0.1147077
18.826000,0.1147610
18.828000,0.1148143
18.830000,0.1147610
18.832000,0.1148143
18.834000,0.1148143
18.836000,0.1148143
18.838000,0.1148677
18.840000,0.1148677
18.842000,0.1149210
18.844000,0.1148677
18.846000,0.1149210
18.848000,0.1149210
18.850000,0.1148677
18.852000,0.1149210
18.854000,0.1148677
18.856000,0.1149210
18.858000,0.1148677
18.860000,0.1148677
18.862000,0.1148677
18.864000,0.1148143
18.866000,0.1148677
18.868000,0.1148143
18.870000,0.1148677
18.872000,0.1148677
18.874000,0.1148677
18.876000,0.1148677
18.878000,0.1148677
18.880000,0.1149210
18.882000,0.1149210
18.884000,0.1149744
18.886000,0.1149210
18.888000,0.1149744
18.890000,0.1149210
18.892000,0.1149210
18.894000,0.1149744
18.896000,0.1149744
18.898000,0.1149744
18.900000,0.1149744
18.902000,0.1149210
18.904000,0.1149744
18.906000,0.1149744
18.908000,0.1149744
18.910000,0.1149210
18.912000,0.1149744
18.914000,0.1149744
18.916000,0.1149210
18.918000,0.1149744
18.920000,0.1149744
18.922000,0.1150277
18.924000,0.1149744
18.926000,0.1150277
18.928000,0.1149744
18.930000,0.1150277
18.932000,0.1149744
18.934000,0.1150277
18.936000,0.1149744
18.938000,0.1150277
18.940000,0.1150811
18.942000,0.1150811
18.944000,0.1151344
18.946000,0.1151344
18.948000,0.1151877
18.950000,0.1151344
18.952000,0.1151344
18.954000,0.1151344
18.956000,0.1151344
18.958000,0.1150811
18.960000,0.1150811
18.962000,0.1150811
18.964000,0.1151344
18.966000,0.1150277
18.968000,0.1151344
18.970000,0.1150277
18.972000,0.1151344
18.974000,0.1150811
18.976000,0.1151344
18.978000,0.1151877
18.980000,0.1151877
18.982000,0.1152411
18.984000,0.1152411
18.986000,0.1152944
18.988000,0.1152411
18.990000,0.1152944
18.992000,0.1152411
18.994000,0.1152944
18.996000,0.1152944
18.998000,0.1152411
19.000000,0.1151877
19.002000,0.1152411
19.004000,0.1152411
19.006000,0.1151877
19.008000,0.1151877
19.010000,0.1151344
19.012000,0.1151877
19.014000,0.1150811
19.016000,0.1151344
19.018000,0.1150811
19.020000,0.1151877
19.022000,0.1151877
19.024000,0.1151877
19.026000,0.1152411
19.028000,0.1152411
19.030000,0.1152944
19.032000,0.1152411
19.034000,0.1152944
19.036000,0.1152411
19.038000,0.1152944
19.040000,0.1152411
19.042000,0.1152944
19.044000,0.1152944
19.046000,0.1152944
19.048000,0.1152944
19.050000,0.1152944
19.052000,0.1153477
19.054000,0.1152411
19.056000,0.1153477
19.058000,0.1152944
19.060000,0.1153477
19.062000,0.1152944
19.064000,0.1152411
19.066000,0.1152411
19.068000,0.1152411
19.070000,0.1152944
19.072000,0.1152411
19.074000,0.1152944
19.076000,0.1152944
19.078000,0.1152944
19.080000,0.1152944
19.082000,0.1152944
19.084000,0.1153477
19.086000,0.1152944
19.088000,0.1152944
19.090000,0.1153477
19.092000,0.1152944
19.094000,0.1154011
19.096000,0.1153477
19.098000,0.1153477
19.100000,0.1153477
19.102000,0.1154011
19.104000,0.1153477
19.106000,0.1153477
19.108000,0.1152944
19.110000,0.1152411
19.112000,0.1152944
19.114000,0.1152944
19.116000,0.1153477
19.118000,0.1152944
19.120000,0.1153477
19.122000,0.1152944
19.124000,0.1153477
19.126000,0.1153477
19.128000,0.1154544
19.130000,0.1153477
19.132000,0.1154011
19.134000,0.1153477
19.136000,0.1154011
19.138000,0.1153477
19.140000,0.1153477
19.142000,0.1153477
19.144000,0.1152944
19.146000,0.1154011
19.148000,0.1152944
19.150000,0.1154011
19.152000,0.1154011
19.154000,0.1154011
19.156000,0.1154011
19.158000,0.1154011
19.160000,0.1154011
19.162000,0.1154011
19.164000,0.1154011
19.166000,0.1154011
19.168000,0.1152944
19.170000,0.1153477
19.172000,0.1153477
19.174000,0.1153477
19.176000,0.1153477
19.178000,0.1152944
19.180000,0.1153477
19.182000,0.1153477
19.184000,0.1154011
19.186000,0.1154011
19.188000,0.1154011
19.190000,0.1154544
19.192000,0.1154544
19.194000,0.1155078
19.196000,0.1154544
19.198000,0.1155078
19.200000,0.1155078
19.202000,0.1155078
19.204000,0.1155078
19.206000,0.1155078
19.208000,0.1154544
19.210000,0.1155611
19.212000,0.1155078
19.214000,0.1154544
19.216000,0.1155611
19.218000,0.1154544
19.220000,0.1155078
19.222000,0.1154544
19.224000,0.1155078
19.226000,0.1154544
19.228000,0.1154544
19.230000,0.1154544
19.232000,0.1154544
19.234000,0.1154544
19.236000,0.1155078
19.238000,0.1155078
19.240000,0.1155611
19.242000,0.1155078
19.244000,0.1156145
19.246000,0.1156145
19.248000,0.1156145
19.250000,0.1156145
19.252000,0.1156145
19.254000,0.1156145
19.256000,0.1155611
19.258000,0.1155611
19.260000,0.1155611
19.262000,0.1155078
19.264000,0.1155611
19.266000,0.1155078
19.268000,0.1155078
19.270000,0.1155611
19.272000,0.1155611
19.274000,0.1155611
19.276000,0.1155078
19.278000,0.1155078
19.280000,0.1155078
19.282000,0.1155611
19.284000,0.1155078
19.286000,0.1155611
19.288000,0.1155611
19.290000,0.1156145
19.292000,0.1155611
19.294000,0.1156145
19.296000,0.1156678
19.298000,0.1156678
19.300000,0.1157211
19.302000,0.1156678
19.304000,0.1157211
19.306000,0.1156678
19.308000,0.1156678
19.310000,0.1156145
19.312000,0.1156145
19.314000,0.1156145
19.316000,0.1155611
19.318000,0.1155611
19.320000,0.1155611
19.322000,0.1155078
19.324000,0.1155078
19.326000,0.1155078
19.328000,0.1156145
19.330000,0.1155078
19.332000,0.1156145
19.334000,0.1156145
19.336000,0.1156678
19.338000,0.1156145
19.340000,0.1156678
19.342000,0.1156678
19.344000,0.1157211
19.346000,0.1156678
19.348000,0.1156678
19.350000,0.1157211
19.352000,0.1156145
19.354000,0.1156678
19.356000,0.1156145
19.358000,0.1156678
19.360000,0.1156678
19.362000,0.1156678
19.364000,0.1156678
19.366000,0.1156678
19.368000,0.1157211
19.370000,0.1156678
19.372000,0.1158011
19.374000,0.1157211
19.376000,0.1158011
19.378000,0.1158011
19.380000,0.1157211
19.382000,0.1158011
19.384000,0.1157211
19.386000,0.1157211
19.388000,0.1156678
19.390000,0.1157211
19.392000,0.1157211
19.394000,0.1157211
19.396000,0.1157211
19.398000,0.1158011
19.400000,0.1157211
19.402000,0.1157211
19.404000,0.1157211
19.406000,0.1157211
19.408000,0.1156678
19.410000,0.1157211
19.412000,0.1156678
19.414000,0.1157211
19.416000,0.1156678
19.418000,0.1157211
19.420000,0.1157211
19.422000,0.1157211
19.424000,0.1158011
19.426000,0.1157211
19.428000,0.1158011
19.430000,0.1157211
19.432000,0.1158011
19.434000,0.1157211
19.436000,0.1158545
19.438000,0.1158011
19.440000,0.1158545
19.442000,0.1158011
19.444000,0.1159078
19.446000,0.1158545
19.448000,0.1159078
19.450000,0.1158545
19.452000,0.1158545
19.454000,0.1158545
19.456000,0.1158011
19.458000,0.1158545
19.460000,0.1158011
19.462000,0.1159078
19.464000,0.1157211
19.466000,0.1159078
19.468000,0.1158011
19.470000,0.1158545
19.472000,0.1158545
19.474000,0.1158011
19.476000,0.1158545
19.478000,0.1158011
19.480000,0.1158545
19.482000,0.1158011
19.484000,0.1158545
19.486000,0.1158011
19.488000,0.1158545
19.490000,0.1158545
19.492000,0.1158545
19.494000,0.1159078
19.496000,0.1158545
19.498000,0.1159078
19.500000,0.1159078
19.502000,0.1159078
19.504000,0.1159078
19.506000,0.1158545
19.508000,0.1159078
19.510000,0.1158545
19.512000,0.1159078
19.514000,0.1158545
19.516000,0.1158011
19.518000,0.1158545
19.520000,0.1158011
19.522000,0.1159078
19.524000,0.1158011
19.526000,0.1159078
19.528000,0.1158545
19.530000,0.1159078
19.532000,0.1159078
19.534000,0.1159078
19.536000,0.1159612
19.538000,0.1159078
19.540000,0.1159612
19.542000,0.1159078
19.544000,0.1159612
19.546000,0.1159078
19.548000,0.1159078
19.550000,0.1158545
19.552000,0.1159612
19.554000,0.1159078
19.556000,0.1159078
19.558000,0.1159078
19.560000,0.1159612
19.562000,0.1159612
19.564000,0.1159078
19.566000,0.1160145
19.568000,0.1159612
19.570000,0.1159612
19.572000,0.1159612
19.574000,0.1159612
19.576000,0.1160145
19.578000,0.1160145
19.580000,0.1160145
19.582000,0.1159612
19.584000,0.1160145
19.586000,0.1160145
19.588000,0.1159612
19.590000,0.1160145
19.592000,0.1159612
19.594000,0.1159612
19.596000,0.1159078
19.598000,0.1159612
19.600000,0.1159078
19.602000,0.1159612
19.604000,0.1159078
19.606000,0.1159078
19.608000,0.1159612
19.610000,0.1159612
19.612000,0.1159612
19.614000,0.1159612
19.616000,0.1160145
19.618000,0.1160678
19.620000,0.1160145
19.622000,0.1160145
19.624000,0.1160145
19.626000,0.1160145
19.628000,0.1160145
19.630000,0.1160145
19.632000,0.1160145
19.634000,0.1159612
19.636000,0.1160145
19.638000,0.1160678
19.640000,0.1160678
19.642000,0.1160678
19.644000,0.1161212
19.646000,0.1161212
19.648000,0.1161212
19.650000,0.1160678
19.652000,0.1161212
19.654000,0.1160678
19.656000,0.1160678
19.658000,0.1160145
19.660000,0.1159612
19.662000,0.1160145
19.664000,0.1160145
19.666000,0.1160678
19.668000,0.1160145
19.670000,0.1160678
19.672000,0.1160145
19.674000,0.1160678
19.676000,0.1159612
19.678000,0.1160145
19.680000,0.1160145
19.682000,0.1160145
19.684000,0.1160145
19.686000,0.1159612
19.688000,0.1160678
19.690000,0.1160145
19.692000,0.1160678
19.694000,0.1160678
19.696000,0.1160678
19.698000,0.1160145
19.700000,0.1160678
19.702000,0.1161212
19.704000,0.1160678
19.706000,0.1160678
19.708000,0.1160678
19.710000,0.1161212
19.712000,0.1161212
19.714000,0.1161212
19.716000,0.1161212
19.718000,0.1161745
19.720000,0.1160678
19.722000,0.1161212
19.724000,0.1160678
19.726000,0.1160678
19.728000,0.1160678
19.730000,0.1160678
19.732000,0.1161212
19.734000,0.1160678
19.736000,0.1161212
19.738000,0.1160678
19.740000,0.1161745
19.742000,0.1161212
19.744000,0.1161745
19.746000,0.1161212
19.748000,0.1160678
19.750000,0.1160678
19.752000,0.1160145
19.754000,0.1160145
19.756000,0.1160678
19.758000,0.1160145
19.760000,0.1160678
19.762000,0.1160145
19.764000,0.1160678
19.766000,0.1161212
19.768000,0.1161212
19.770000,0.1161212
19.772000,0.1160678
19.774000,0.1161745
19.776000,0.1160678
19.778000,0.1161745
19.780000,0.1160678
19.782000,0.1161212
19.784000,0.1161212
19.786000,0.1161745
19.788000,0.1161745
19.790000,0.1161745
19.792000,0.1161745
19.794000,0.1161212
19.796000,0.1161212
19.798000,0.1160678
19.800000,0.1160145
19.802000,0.1160145
19.804000,0.1160145
19.806000,0.1160145
19.808000,0.1160145
19.810000,0.1160145
19.812000,0.1160145
19.814000,0.1160678
19.816000,0.1161212
19.818000,0.1161212
19.820000,0.1161212
19.822000,0.1161745
19.824000,0.1161745
19.826000,0.1162279
19.828000,0.1162812
19.830000,0.1161745
19.832000,0.1162279
19.834000,0.1162279
19.836000,0.1162279
19.838000,0.1161745
19.840000,0.1162279
19.842000,0.1162279
19.844000,0.1161745
19.846000,0.1161745
19.848000,0.1161745
19.850000,0.1162279
19.852000,0.1161745
19.854000,0.1161745
19.856000,0.1161745
19.858000,0.1161745
19.860000,0.1161745
19.862000,0.1161745
19.864000,0.1162279
19.866000,0.1161745
19.868000,0.1161745
19.870000,0.1161212
19.872000,0.1161212
19.874000,0.1161212
19.876000,0.1161212
19.878000,0.1160678
19.880000,0.1161212
19.882000,0.1161745
19.884000,0.1161212
19.886000,0.1161745
19.888000,0.1161745
19.890000,0.1161745
19.892000,0.1161212
19.894000,0.1161745
19.896000,0.1162279
19.898000,0.1161745
19.900000,0.1161745
19.902000,0.1161745
19.904000,0.1162279
19.906000,0.1161745
19.908000,0.1161745
19.910000,0.1161745
19.912000,0.1162279
19.914000,0.1161745
19.916000,0.1162279
19.918000,0.1162279
19.920000,0.1162279
19.922000,0.1162279
19.924000,0.1162812
19.926000,0.1162812
19.928000,0.1161745
19.930000,0.1162279
19.932000,0.1162279
19.934000,0.1162279
19.936000,0.1162279
19.938000,0.1162812
19.940000,0.1162279
19.942000,0.1162279
19.944000,0.1161745
19.946000,0.1162279
19.948000,0.1162279
19.950000,0.1162812
19.952000,0.1161745
19.954000,0.1162279
19.956000,0.1162279
19.958000,0.1162279
19.960000,0.1162812
19.962000,0.1162279
19.964000,0.1162812
19.966000,0.1162812
19.968000,0.1162812
19.970000,0.1162812
19.972000,0.1162279
19.974000,0.1162812
19.976000,0.1162279
19.978000,0.1163345
19.980000,0.1162279
19.982000,0.1162812
19.984000,0.1162279
19.986000,0.1162812
19.988000,0.1161745
19.990000,0.1162279
19.992000,0.1162812
19.994000,0.1162279
19.996000,0.1162812
19.998000,0.1162812
20.000000,0.1163345
20.002000,0.1162812
20.004000,0.1163345
20.006000,0.1162812
20.008000,0.1162812
20.010000,0.1162812
20.012000,0.1162812
20.014000,0.1163345
20.016000,0.1163345
20.018000,0.1163345
20.020000,0.1163345
20.022000,0.1163345
20.024000,0.1163345
20.026000,0.1162279
20.028000,0.1163345
20.030000,0.1162812
20.032000,0.1162812
20.034000,0.1162812
20.036000,0.1162812
20.038000,0.1162812
20.040000,0.1163345
20.042000,0.1163345
20.044000,0.1162812
20.046000,0.1162812
20.048000,0.1162812
20.050000,0.1162812
20.052000,0.1162812
20.054000,0.1163345
20.056000,0.1163345
20.058000,0.1163879
20.060000,0.1163345
20.062000,0.1163879
20.064000,0.1163345
20.066000,0.1163879
20.068000,0.1162812
20.070000,0.1163345
20.072000,0.1162812
20.074000,0.1162812
20.076000,0.1162812
20.078000,0.1162812
20.080000,0.1163345
20.082000,0.1162812
20.084000,0.1163345
20.086000,0.1163345
20.088000,0.1163345
20.090000,0.1163879
20.092000,0.1163879
20.094000,0.1163345
20.096000,0.1163879
20.098000,0.1163345
20.100000,0.1163879
20.102000,0.1163345
20.104000,0.1162812
20.106000,0.1163345
20.108000,0.1163345
20.110000,0.1162812
20.112000,0.1162812
20.114000,0.1163345
20.116000,0.1163345
20.118000,0.1162812
20.120000,0.1163345
20.122000,0.1162812
20.124000,0.1163345
20.126000,0.1163345
20.128000,0.1163345
20.130000,0.1163345
20.132000,0.1163879
20.134000,0.1163345
20.136000,0.1163345
20.138000,0.1163879
20.140000,0.1163345
20.142000,0.1163879
20.144000,0.1162812
20.146000,0.1163879
20.148000,0.1163345
20.150000,0.1163345
20.152000,0.1163345
20.154000,0.1162812
20.156000,0.1163345
20.158000,0.1162812
20.160000,0.1163879
20.162000,0.1163345
20.164000,0.1163345
20.166000,0.1163345
20.168000,0.1163345
20.170000,0.1164412
20.172000,0.1163345
20.174000,0.1163879
20.176000,0.1163879
20.178000,0.1163879
20.180000,0.1163879
20.182000,0.1163879
20.184000,0.1163879
20.186000,0.1163345
20.188000,0.1163345
20.190000,0.1163345
20.192000,0.1163345
20.194000,0.1163345
20.196000,0.1163345
20.198000,0.1163345
20.200000,0.1163345
20.202000,0.1163345
20.204000,0.1163345
20.206000,0.1163345
20.208000,0.1163879
20.210000,0.1163345
20.212000,0.1163879
20.214000,0.1163879
20.216000,0.1163345
20.218000,0.1163345
20.220000,0.1163879
20.222000,0.1163879
20.224000,0.1163345
20.226000,0.1163345
20.228000,0.1163879
20.230000,0.1163879
20.232000,0.1163879
20.234000,0.1163879
20.236000,0.1163345
20.238000,0.1164412
20.240000,0.1163879
20.242000,0.1164412
20.244000,0.1163345
20.246000,0.1163879
20.248000,0.1162812
20.250000,0.1162812
20.252000,0.1163879
20.254000,0.1163345
20.256000,0.1163879
20.258000,0.1163345
20.260000,0.1163879
20.262000,0.1163879
20.264000,0.1164412
20.266000,0.1164412
20.268000,0.1163879
20.270000,0.1164946
20.272000,0.1164412
20.274000,0.1164412
20.276000,0.1164412
20.278000,0.1164412
20.280000,0.1164946
20.282000,0.1164412
20.284000,0.1163879
20.286000,0.1164412
20.288000,0.1164946
20.290000,0.1163879
20.292000,0.1163879
20.294000,0.1164412
20.296000,0.1164946
20.298000,0.1163879
20.300000,0.1163879
20.302000,0.1163879
20.304000,0.1164412
20.306000,0.1163879
20.308000,0.1163879
20.310000,0.1163345
20.312000,0.1164412
20.314000,0.1163879
20.316000,0.1163879
20.318000,0.1163879
20.320000,0.1163345
20.322000,0.1163879
20.324000,0.1163345
20.326000,0.1163879
20.328000,0.1163345
20.330000,0.1163879
20.332000,0.1163879
20.334000,0.1164412
20.336000,0.1163879
20.338000,0.1164412
20.340000,0.1164412
20.342000,0.1164412
20.344000,0.1164412
20.346000,0.1164412
20.348000,0.1164946
20.350000,0.1164412
20.352000,0.1164412
20.354000,0.1164412
20.356000,0.1164946
20.358000,0.1164946
20.360000,0.1164412
20.362000,0.1164412
20.364000,0.1164946
20.366000,0.1164412
20.368000,0.1165479
20.370000,0.1163879
20.372000,0.1164412
20.374000,0.1164412
20.376000,0.1164412
20.378000,0.1164412
20.380000,0.1163345
20.382000,0.1164412
20.384000,0.1163879
20.386000,0.1163879
20.388000,0.1163879
20.390000,0.1163879
20.392000,0.1164412
20.394000,0.1163879
20.396000,0.1164412
20.398000,0.1164412
20.400000,0.1164946
20.402000,0.1164412
20.404000,0.1164946
20.406000,0.1164946
20.408000,0.1164946
20.410000,0.1164946
20.412000,0.1165479
20.414000,0.1164946
20.416000,0.1164412
20.418000,0.1164946
20.420000,0.1164946
20.422000,0.1164412
20.424000,0.1164412
20.426000,0.1164412
20.428000,0.1163879
20.430000,0.1164412
20.432000,0.1164412
20.434000,0.1164412
20.436000,0.1164946
20.438000,0.1164412
20.440000,0.1164412
20.442000,0.1164412
20.444000,0.1164946
20.446000,0.1164946
20.448000,0.1164946
20.450000,0.1164412
20.452000,0.1164946
20.454000,0.1164946
20.456000,0.1165479
20.458000,0.1164946
20.460000,0.1164946
20.462000,0.1164946
20.464000,0.1164946
20.466000,0.1164412
20.468000,0.1164946
20.470000,0.1164412
20.472000,0.1164412
20.474000,0.1164946
20.476000,0.1164412
20.478000,0.1164946
20.480000,0.1164412
20.482000,0.1166012
20.484000,0.1164946
20.486000,0.1164946
20.488000,0.1164412
20.490000,0.1164412
20.492000,0.1165479
20.494000,0.1164412
20.496000,0.1164412
20.498000,0.1164412
20.500000,0.1165479
20.502000,0.1164412
20.504000,0.1165479
20.506000,0.1164946
20.508000,0.1165479
20.510000,0.1165479
20.512000,0.1165479
20.514000,0.1166012
20.516000,0.1165479
20.518000,0.1166012
20.520000,0.1165479
20.522000,0.1166012
20.524000,0.1165479
20.526000,0.1164946
20.528000,0.1164946
20.530000,0.1164946
20.532000,0.1165479
20.534000,0.1165479
20.536000,0.1164412
20.538000,0.1164946
20.540000,0.1164946
20.542000,0.1164946
20.544000,0.1163879
20.546000,0.1164412
20.548000,0.1164946
20.550000,0.1163879
20.552000,0.1164412
20.554000,0.1164412
20.556000,0.1164946
20.558000,0.1165479
20.560000,0.1164946
20.562000,0.1165479
20.564000,0.1165479
20.566000,0.1165479
20.568000,0.1165479
20.570000,0.1165479
20.572000,0.1166012
20.574000,0.1166012
20.576000,0.1166012
20.578000,0.1165479
20.580000,0.1166012
20.582000,0.1165479
20.584000,0.1166012
20.586000,0.1165479
20.588000,0.1165479
20.590000,0.1165479
20.592000,0.1165479
20.594000,0.1164946
20.596000,0.1165479
20.598000,0.1165479
20.600000,0.1165479
20.602000,0.1165479
20.604000,0.1165479
20.606000,0.1166012
20.608000,0.1166012
20.610000,0.1165479
20.612000,0.1165479
20.614000,0.1165479
20.616000,0.1165479
20.618000,0.1165479
20.620000,0.1165479
20.622000,0.1165479
20.624000,0.1164946
20.626000,0.1165479
20.628000,0.1164946
20.630000,0.1164946
20.632000,0.1164412
20.634000,0.1164412
20.636000,0.1164946
20.638000,0.1164946
20.640000,0.1164946
20.642000,0.1164946
20.644000,0.1164946
20.646000,0.1165479
20.648000,0.1165479
20.650000,0.1166012
20.652000,0.1166012
20.654000,0.1166012
20.656000,0.1165479
20.658000,0.1166012
20.660000,0.1166012
20.662000,0.1166012
20.664000,0.1164946
20.666000,0.1164946
20.668000,0.1165479
20.670000,0.1164946
20.672000,0.1165479
20.674000,0.1164946
20.676000,0.1165479
20.678000,0.1165479
20.680000,0.1165479
20.682000,0.1165479
20.684000,0.1165479
20.686000,0.1166012
20.688000,0.1165479
20.690000,0.1166012
20.692000,0.1165479
20.694000,0.1165479
20.696000,0.1165479
20.698000,0.1165479
20.700000,0.1165479
20.702000,0.1164412
20.704000,0.1164946
20.706000,0.1164946
20.708000,0.1165479
20.710000,0.1164946
20.712000,0.1164946
20.714000,0.1165479
20.716000,0.1165479
20.718000,0.1166546
20.720000,0.1165479
20.722000,0.1166012
20.724000,0.1165479
20.726000,0.1166546
20.728000,0.1166012
20.730000,0.1165479
20.732000,0.1166012
20.734000,0.1166012
20.736000,0.1165479
20.738000,0.1165479
20.740000,0.1166012
20.742000,0.1166012
20.744000,0.1166012
20.746000,0.1165479
20.748000,0.1166012
20.750000,0.1165479
20.752000,0.1165479
20.754000,0.1165479
20.756000,0.1165479
20.758000,0.1166012
20.760000,0.1165479
20.762000,0.1166546
20.764000,0.1166012
20.766000,0.1166012
20.768000,0.1165479
20.770000,0.1166546
20.772000,0.1166546
20.774000,0.1166012
20.776000,0.1166546
20.778000,0.1166546
20.780000,0.1165479
20.782000,0.1165479
20.784000,0.1165479
20.786000,0.1164946
20.788000,0.1164412
20.790000,0.1164412
20.792000,0.1164946
20.794000,0.1164946
20.796000,0.1165479
20.798000,0.1165479
20.800000,0.1165479
20.802000,0.1165479
20.804000,0.1166012
20.806000,0.1165479
20.808000,0.1166012
20.810000,0.1166012
20.812000,0.1166012
20.814000,0.1166012
20.816000,0.1166012
20.818000,0.1166012
20.820000,0.1165479
20.822000,0.1166012
20.824000,0.1165479
20.826000,0.1166012
20.828000,0.1166012
20.830000,0.1166546
20.832000,0.1165479
20.834000,0.1166012
20.836000,0.1165479
20.838000,0.1166012
20.840000,0.1165479
20.842000,0.1165479
20.844000,0.1166012
20.846000,0.1165479
20.848000,0.1165479
20.850000,0.1164946
20.852000,0.1166012
20.854000,0.1165479
20.856000,0.1165479
20.858000,0.1166012
20.860000,0.1166012
20.862000,0.1165479
20.864000,0.1165479
20.866000,0.1165479
20.868000,0.1166012
20.870000,0.1164946
20.872000,0.1165479
20.874000,0.1165479
20.876000,0.1165479
20.878000,0.1165479
20.880000,0.1166012
20.882000,0.1166012
20.884000,0.1166012
20.886000,0.1166012
20.888000,0.1165479
20.890000,0.1166546
20.892000,0.1166012
20.894000,0.1166012
20.896000,0.1166012
20.898000,0.1166012
20.900000,0.1166546
20.902000,0.1166012
20.904000,0.1166012
20.906000,0.1166012
20.908000,0.1166546
20.910000,0.1166012
20.912000,0.1165479
20.914000,0.1165479
20.916000,0.1166012
20.918000,0.1166546
20.920000,0.1167079
20.922000,0.1166012
20.924000,0.1167079
20.926000,0.1166546
20.928000,0.1166546
20.930000,0.1166012
20.932000,0.1166012
20.934000,0.1166012
20.936000,0.1164946
20.938000,0.1164946
20.940000,0.1164412
20.942000,0.1165479
20.944000,0.1163879
20.946000,0.1164946
20.948000,0.1164412
20.950000,0.1165479
20.952000,0.1164412
20.954000,0.1164946
20.956000,0.1166012
20.958000,0.1165479
20.960000,0.1166012
20.962000,0.1164946
20.964000,0.1166546
20.966000,0.1165479
20.968000,0.1166546
20.970000,0.1166012
20.972000,0.1166012
20.974000,0.1166546
20.976000,0.1166012
20.978000,0.1166546
20.980000,0.1166546
20.982000,0.1166546
20.984000,0.1166546
20.986000,0.1166546
20.988000,0.1167079
20.990000,0.1166546
20.992000,0.1166546
20.994000,0.1167079
20.996000,0.1166546
20.998000,0.1166546
21.000000,0.1166546
21.002000,0.1166546
21.004000,0.1166012
21.006000,0.1166012
21.008000,0.1165479
21.010000,0.1164946
21.012000,0.1164946
21.014000,0.1165479
21.016000,0.1164946
21.018000,0.1164946
21.020000,0.1165479
21.022000,0.1166012
21.024000,0.1165479
21.026000,0.1166012
21.028000,0.1165479
21.030000,0.1166546
21.032000,0.1166012
21.034000,0.1166012
21.036000,0.1165479
21.038000,0.1166012
21.040000,0.1166012
21.042000,0.1165479
21.044000,0.1166012
21.046000,0.1165479
21.048000,0.1165479
21.050000,0.1165479
21.052000,0.1166012
21.054000,0.1165479
21.056000,0.1166012
21.058000,0.1165479
21.060000,0.1166546
21.062000,0.1166012
21.064000,0.1166546
21.066000,0.1166012
21.068000,0.1166012
21.070000,0.1166546
21.072000,0.1166012
21.074000,0.1166012
21.076000,0.1164946
21.078000,0.1166012
21.080000,0.1165479
21.082000,0.1165479
21.084000,0.1164946
21.086000,0.1165479
21.088000,0.1165479
21.090000,0.1165479
21.092000,0.1165479
21.094000,0.1166012
21.096000,0.1166012
21.098000,0.1166012
21.100000,0.1166012
21.102000,0.1166012
21.104000,0.1166012
21.106000,0.1166546
21.108000,0.1166546
21.110000,0.1166546
21.112000,0.1166546
21.114000,0.1166546
21.116000,0.1167079
21.118000,0.1166546
21.120000,0.1167079
21.122000,0.1166546
21.124000,0.1166546
21.126000,0.1166012
21.128000,0.1166546
21.130000,0.1166546
21.132000,0.1166012
21.134000,0.1166546
21.136000,0.1166012
21.138000,0.1166546
21.140000,0.1166012
21.142000,0.1167079
21.144000,0.1166546
21.146000,0.1166546
21.148000,0.1166546
21.150000,0.1165479
21.152000,0.1166546
21.154000,0.1165479
21.156000,0.1166012
21.158000,0.1166012
21.160000,0.1166012
21.162000,0.1166012
21.164000,0.1166012
21.166000,0.1166546
21.168000,0.1166546
21.170000,0.1166546
21.172000,0.1166012
21.174000,0.1167079
21.176000,0.1166546
21.178000,0.1166012
21.180000,0.1166012
21.182000,0.1165479
21.184000,0.1166012
21.186000,0.1166012
21.188000,0.1166012
21.190000,0.1165479
21.192000,0.1166012
21.194000,0.1166012
21.196000,0.1166012
21.198000,0.1166012
21.200000,0.1166012
21.202000,0.1166012
21.204000,0.1166012
21.206000,0.1166012
21.208000,0.1166012
21.210000,0.1166546
21.212000,0.1166546
21.214000,0.1166012
21.216000,0.1166546
21.218000,0.1166546
21.220000,0.1166546
21.222000,0.1165479
21.224000,0.1166012
21.226000,0.1166012
21.228000,0.1166546
21.230000,0.1166012
21.232000,0.1167079
21.234000,0.1166546
21.236000,0.1167079
21.238000,0.1167079
21.240000,0.1166546
21.242000,0.1167079
21.244000,0.1166546
21.246000,0.1167613
21.248000,0.1166546
21.250000,0.1167079
21.252000,0.1167079
21.254000,0.1166546
21.256000,0.1167613
21.258000,0.1166546
21.260000,0.1167079
21.262000,0.1166546
21.264000,0.1167079
21.266000,0.1166546
21.268000,0.1166012
21.270000,0.1166546
21.272000,0.1166546
21.274000,0.1166012
21.276000,0.1166012
21.278000,0.1165479
21.280000,0.1166012
21.282000,0.1165479
21.284000,0.1165479
21.286000,0.1164946
21.288000,0.1164946
21.290000,0.1165479
21.292000,0.1165479
21.294000,0.1165479
21.296000,0.1166012
21.298000,0.1166546
21.300000,0.1166012
21.302000,0.1166546
21.304000,0.1167079
21.306000,0.1167079
21.308000,0.1166546
21.310000,0.1167079
21.312000,0.1167079
21.314000,0.1166546
21.316000,0.1166546
21.318000,0.1166546
21.320000,0.1166012
21.322000,0.1166012
21.324000,0.1166546
21.326000,0.1166546
21.328000,0.1166012
21.330000,0.1167079
21.332000,0.1167079
21.334000,0.1167079
21.336000,0.1166546
21.338000,0.1167079
21.340000,0.1166546
21.342000,0.1167079
21.344000,0.1166546
21.346000,0.1166546
21.348000,0.1167079
21.350000,0.1166546
21.352000,0.1167079
21.354000,0.1166546
21.356000,0.1167079
21.358000,0.1166546
21.360000,0.1167079
21.362000,0.1166012
21.364000,0.1166546
21.366000,0.1166012
21.368000,0.1166546
21.370000,0.1166012
21.372000,0.1165479
21.374000,0.1166012
21.376000,0.1166012
21.378000,0.1165479
21.380000,0.1165479
21.382000,0.1166546
21.384000,0.1166546
21.386000,0.1166012
21.388000,0.1166546
21.390000,0.1166012
21.392000,0.1167079
21.394000,0.1166546
21.396000,0.1166546
21.398000,0.1167079
21.400000,0.1166546
21.402000,0.1167079
21.404000,0.1166012
21.406000,0.1167613
21.408000,0.1166546
21.410000,0.1167079
21.412000,0.1167079
21.414000,0.1167079
21.416000,0.1167079
21.418000,0.1166012
21.420000,0.1166546
21.422000,0.1166012
21.424000,0.1166012
21.426000,0.1166012
21.428000,0.1165479
21.430000,0.1165479
21.432000,0.1164946
21.434000,0.1165479
21.436000,0.1164946
21.438000,0.1165479
21.440000,0.1165479
21.442000,0.1166012
21.444000,0.1165479
21.446000,0.1165479
21.448000,0.1165479
21.450000,0.1166012
21.452000,0.1165479
21.454000,0.1165479
21.456000,0.1166012
21.458000,0.1166012
21.460000,0.1166546
21.462000,0.1166546
21.464000,0.1167079
21.466000,0.1166546
21.468000,0.1167079
21.470000,0.1166546
21.472000,0.1167079
21.474000,0.1166546
21.476000,0.1166012
21.478000,0.1166012
21.480000,0.1166012
21.482000,0.1166012
21.484000,0.1166012
21.486000,0.1166012
21.488000,0.1166546
21.490000,0.1165479
21.492000,0.1166012
21.494000,0.1165479
21.496000,0.1165479
21.498000,0.1166012
21.500000,0.1165479
21.502000,0.1166546
21.504000,0.1166012
21.506000,0.1166546
21.508000,0.1166012
21.510000,0.1166012
21.512000,0.1166546
21.514000,0.1166012
21.516000,0.1167079
21.518000,0.1166012
21.520000,0.1166546
21.522000,0.1166546
21.524000,0.1167079
21.526000,0.1166546
21.528000,0.1166546
21.530000,0.1166546
21.532000,0.1166012
21.534000,0.1166012
21.536000,0.1165479
21.538000,0.1165479
21.540000,0.1166012
21.542000,0.1165479
21.544000,0.1166012
21.546000,0.1165479
21.548000,0.1166546
21.550000,0.1166546
21.552000,0.1166546
21.554000,0.1166546
21.556000,0.1166546
21.558000,0.1166546
21.560000,0.1166012
21.562000,0.1166546
21.564000,0.1166012
21.566000,0.1166012
21.568000,0.1166012
21.570000,0.1166546
21.572000,0.1166012
21.574000,0.1166546
21.576000,0.1166546
21.578000,0.1166546
21.580000,0.1166012
21.582000,0.1166546
21.584000,0.1166546
21.586000,0.1166012
21.588000,0.1166012
21.590000,0.1165479
21.592000,0.1166012
21.594000,0.1165479
21.596000,0.1165479
21.598000,0.1165479
21.600000,0.1165479
21.602000,0.1166012
21.604000,0.1165479
21.606000,0.1166012
21.608000,0.1166012
21.610000,0.1166012
21.612000,0.1166012
21.614000,0.1165479
21.616000,0.1166012
21.618000,0.1166012
21.620000,0.1166546
21.622000,0.1166012
21.624000,0.1166012
21.626000,0.1166546
21.628000,0.1166546
21.630000,0.1166546
21.632000,0.1166012
21.634000,0.1166012
21.636000,0.1166012
21.638000,0.1166012
21.640000,0.1166012
21.642000,0.1165479
21.644000,0.1164946
21.646000,0.1165479
21.648000,0.1165479
21.650000,0.1166012
21.652000,0.1165479
21.654000,0.1166012
21.656000,0.1166012
21.658000,0.1166012
21.660000,0.1165479
21.662000,0.1166012
21.664000,0.1166012
21.666000,0.1166546
21.668000,0.1166546
21.670000,0.1166012
21.672000,0.1166012
21.674000,0.1166012
21.676000,0.1166546
21.678000,0.1166012
21.680000,0.1166012
21.682000,0.1166012
21.684000,0.1166546
21.686000,0.1166012
21.688000,0.1166546
21.690000,0.1166012
21.692000,0.1166012
21.694000,0.1166012
21.696000,0.1166546
21.698000,0.1166546
21.700000,0.1165479
21.702000,0.1167079
21.704000,0.1166012
21.706000,0.1166546
21.708000,0.1165479
21.710000,0.1166012
21.712000,0.1165479
21.714000,0.1165479
21.716000,0.1166012
21.718000,0.1164946
21.720000,0.1165479
21.722000,0.1165479
21.724000,0.1166012
21.726000,0.1165479
21.728000,0.1166012
21.730000,0.1166012
21.732000,0.1165479
21.734000,0.1166012
21.736000,0.1166012
21.738000,0.1166012
21.740000,0.1166012
21.742000,0.1166546
21.744000,0.1166012
21.746000,0.1166012
21.748000,0.1166546
21.750000,0.1166012
21.752000,0.1166546
21.754000,0.1166012
21.756000,0.1166012
21.758000,0.1166546
21.760000,0.1166012
21.762000,0.1166012
21.764000,0.1166012
21.766000,0.1166012
21.768000,0.1166012
21.770000,0.1166012
21.772000,0.1166012
21.774000,0.1166546
21.776000,0.1166546
21.778000,0.1166012
21.780000,0.1166546
21.782000,0.1166546
21.784000,0.1166012
21.786000,0.1166012
21.788000,0.1165479
21.790000,0.1166012
21.792000,0.1165479
21.794000,0.1166012
21.796000,0.1165479
21.798000,0.1166012
21.800000,0.1166012
21.802000,0.1166012
21.804000,0.1166546
21.806000,0.1166546
21.808000,0.1166546
21.810000,0.1166546
21.812000,0.1166546
21.814000,0.1167079
21.816000,0.1166012
21.818000,0.1166012
21.820000,0.1166012
21.822000,0.1166546
21.824000,0.1166546
21.826000,0.1166012
21.828000,0.1166546
21.830000,0.1166546
21.832000,0.1166012
21.834000,0.1166012
21.836000,0.1166012
21.838000,0.1166012
21.840000,0.1166546
21.842000,0.1166012
21.844000,0.1166012
21.846000,0.1165479
21.848000,0.1166012
21.850000,0.1166012
21.852000,0.1166012
21.854000,0.1166012
21.856000,0.1166012
21.858000,0.1166546
21.860000,0.1166012
21.862000,0.1166012
21.864000,0.1166546
21.866000,0.1166546
21.868000,0.1166546
21.870000,0.1166546
21.872000,0.1166546
21.874000,0.1167079
21.876000,0.1166012
21.878000,0.1166012
21.880000,0.1166546
21.882000,0.1166546
21.884000,0.1166546
21.886000,0.1166012
21.888000,0.1166546
21.890000,0.1166546
21.892000,0.1166546
21.894000,0.1166546
21.896000,0.1166012
21.898000,0.1166546
21.900000,0.1166012
21.902000,0.1166546
21.904000,0.1166012
21.906000,0.1166546
21.908000,0.1166012
21.910000,0.1166546
21.912000,0.1166546
21.914000,0.1166012
21.916000,0.1166546
21.918000,0.1166546
21.920000,0.1166546
21.922000,0.1166012
21.924000,0.1166012
21.926000,0.1167079
21.928000,0.1166546
21.930000,0.1166546
21.932000,0.1166546
21.934000,0.1167079
21.936000,0.1166546
21.938000,0.1166546
21.940000,0.1166546
21.942000,0.1166012
21.944000,0.1166012
21.946000,0.1166012
21.948000,0.1166012
21.950000,0.1166012
21.952000,0.1166012
21.954000,0.1166546
21.956000,0.1166012
21.958000,0.1167079
21.960000,0.1166546
21.962000,0.1167079
21.964000,0.1166546
21.966000,0.1167079
21.968000,0.1167613
21.970000,0.1166546
21.972000,0.1167079
21.974000,0.1166546
21.976000,0.1167079
21.978000,0.1166012
21.980000,0.1166546
21.982000,0.1166012
21.984000,0.1166012
21.986000,0.1166012
21.988000,0.1166012
21.990000,0.1165479
21.992000,0.1166546
21.994000,0.1166012
21.996000,0.1166012
21.998000,0.1166012
22.000000,0.1166012
22.002000,0.1166546
22.004000,0.1166012
22.006000,0.1167079
22.008000,0.1166546
22.010000,0.1167079
22.012000,0.1167079
22.014000,0.1166546
22.016000,0.1166546
22.018000,0.1166546
22.020000,0.1166546
22.022000,0.1166012
22.024000,0.1166012
22.026000,0.1166012
22.028000,0.1166012
22.030000,0.1166012
22.032000,0.1166012
22.034000,0.1166012
22.036000,0.1166012
22.038000,0.1166012
22.040000,0.1166012
22.042000,0.1166012
22.044000,0.1166546
22.046000,0.1166546
22.048000,0.1166012
22.050000,0.1165479
22.052000,0.1166012
22.054000,0.1166012
22.056000,0.1166012
22.058000,0.1165479
22.060000,0.1165479
22.062000,0.1166012
22.064000,0.1166012
22.066000,0.1166546
22.068000,0.1166012
22.070000,0.1166012
22.072000,0.1166012
22.074000,0.1166012
22.076000,0.1165479
22.078000,0.1165479
22.080000,0.1165479
22.082000,0.1166012
22.084000,0.1166012
22.086000,0.1165479
22.088000,0.1165479
22.090000,0.1166012
22.092000,0.1166012
22.094000,0.1166012
22.096000,0.1165479
22.098000,0.1166012
22.100000,0.1165479
22.102000,0.1165479
22.104000,0.1166012
22.106000,0.1166012
22.108000,0.1165479
22.110000,0.1165479
22.112000,0.1166012
22.114000,0.1166012
22.116000,0.1165479
22.118000,0.1166012
22.120000,0.1165479
22.122000,0.1166012
22.124000,0.1165479
22.126000,0.1166012
22.128000,0.1166012
22.130000,0.1165479
22.132000,0.1166546
22.134000,0.1166012
22.136000,0.1166546
22.138000,0.1165479
22.140000,0.1166012
22.142000,0.1166012
22.144000,0.1166546
22.146000,0.1165479
22.148000,0.1166012
22.150000,0.1166546
22.152000,0.1166012
22.154000,0.1166012
22.156000,0.1166012
22.158000,0.1166546
22.160000,0.1166546
22.162000,0.1166012
22.164000,0.1166012
22.166000,0.1166012
22.168000,0.1166012
22.170000,0.1166012
22.172000,0.1166012
22.174000,0.1166012
22.176000,0.1165479
22.178000,0.1165479
22.180000,0.1165479
22.182000,0.1165479
22.184000,0.1165479
22.186000,0.1164946
22.188000,0.1165479
22.190000,0.1165479
22.192000,0.1165479
22.194000,0.1165479
22.196000,0.1165479
22.198000,0.1165479
22.200000,0.1166012
22.202000,0.1166012
22.204000,0.1166012
22.206000,0.1166012
22.208000,0.1166012
22.210000,0.1166012
22.212000,0.1166012
22.214000,0.1166012
22.216000,0.1166012
22.218000,0.1166012
22.220000,0.1165479
22.222000,0.1166012
22.224000,0.1165479
22.226000,0.1166546
22.228000,0.1165479
22.230000,0.1166546
22.232000,0.1165479
22.234000,0.1166546
22.236000,0.1166012
22.238000,0.1166012
22.240000,0.1166546
22.242000,0.1166012
22.244000,0.1166012
22.246000,0.1165479
22.248000,0.1166546
22.250000,0.1165479
22.252000,0.1166012
22.254000,0.1165479
22.256000,0.1166012
22.258000,0.1165479
22.260000,0.1166012
22.262000,0.1165479
22.264000,0.1166012
22.266000,0.1164946
22.268000,0.1166012
22.270000,0.1165479
22.272000,0.1166546
22.274000,0.1166012
22.276000,0.1166546
22.278000,0.1166546
22.280000,0.1166012
22.282000,0.1166546
22.284000,0.1165479
22.286000,0.1166012
22.288000,0.1165479
22.290000,0.1165479
22.292000,0.1164946
22.294000,0.1165479
22.296000,0.1165479
22.298000,0.1165479
22.300000,0.1166012
22.302000,0.1165479
22.304000,0.1165479
22.306000,0.1166012
22.308000,0.1165479
22.310000,0.1166012
22.312000,0.1165479
22.314000,0.1166012
22.316000,0.1165479
22.318000,0.1166546
22.320000,0.1165479
22.322000,0.1166012
22.324000,0.1166546
22.326000,0.1166012
22.328000,0.1166012
22.330000,0.1165479
22.332000,0.1166012
22.334000,0.1165479
22.336000,0.1165479
22.338000,0.1165479
22.340000,0.1165479
22.342000,0.1165479
22.344000,0.1166012
22.346000,0.1165479
22.348000,0.1166012
22.350000,0.1166012
22.352000,0.1166012
22.354000,0.1166546
22.356000,0.1166012
22.358000,0.1166546
22.360000,0.1166012
22.362000,0.1166012
22.364000,0.1165479
22.366000,0.1165479
22.368000,0.1165479
22.370000,0.1166012
22.372000,0.1165479
22.374000,0.1165479
22.376000,0.1164946
22.378000,0.1166546
22.380000,0.1165479
22.382000,0.1166012
22.384000,0.1166012
22.386000,0.1166012
22.388000,0.1166012
22.390000,0.1165479
22.392000,0.1166546
22.394000,0.1166012
22.396000,0.1166546
22.398000,0.1166012
22.400000,0.1167079
22.402000,0.1167079
22.404000,0.1166546
22.406000,0.1166546
22.408000,0.1167079
22.410000,0.1166546
22.412000,0.1166012
22.414000,0.1166546
22.416000,0.1167079
22.418000,0.1166012
22.420000,0.1166546
22.422000,0.1166546
22.424000,0.1166546
22.426000,0.1166012
22.428000,0.1166012
22.430000,0.1166012
22.432000,0.1166012
22.434000,0.1166012
22.436000,0.1166012
22.438000,0.1166012
22.440000,0.1165479
22.442000,0.1166012
22.444000,0.1165479
22.446000,0.1164946
22.448000,0.1164946
22.450000,0.1165479
22.452000,0.1164412
22.454000,0.1164946
22.456000,0.1164412
22.458000,0.1164946
22.460000,0.1164946
22.462000,0.1164946
22.464000,0.1164946
22.466000,0.1165479
22.468000,0.1166546
22.470000,0.1165479
22.472000,0.1166546
22.474000,0.1166546
22.476000,0.1166012
22.478000,0.1166012
22.480000,0.1166546
22.482000,0.1166012
22.484000,0.1166012
22.486000,0.1166012
22.488000,0.1166546
22.490000,0.1166012
22.492000,0.1166012
22.494000,0.1165479
22.496000,0.1166012
22.498000,0.1165479
22.500000,0.1165479
22.502000,0.1165479
22.504000,0.1166012
22.506000,0.1166012
22.508000,0.1166546
22.510000,0.1166012
22.512000,0.1166546
22.514000,0.1167079
22.516000,0.1166546
22.518000,0.1166012
22.520000,0.1166012
22.522000,0.1166012
22.524000,0.1165479
22.526000,0.1165479
22.528000,0.1165479
22.530000,0.1166012
22.532000,0.1165479
22.534000,0.1166012
22.536000,0.1164946
22.538000,0.1166012
22.540000,0.1164946
22.542000,0.1165479
22.544000,0.1164946
22.546000,0.1165479
22.548000,0.1165479
22.550000,0.1165479
22.552000,0.1166012
22.554000,0.1166012
22.556000,0.1165479
22.558000,0.1166012
22.560000,0.1166546
22.562000,0.1166012
22.564000,0.1165479
22.566000,0.1166012
22.568000,0.1166012
22.570000,0.1166012
22.572000,0.1166546
22.574000,0.1166546
22.576000,0.1166012
22.578000,0.1166012
22.580000,0.1166546
22.582000,0.1166012
22.584000,0.1166012
22.586000,0.1166012
22.588000,0.1166012
22.590000,0.1165479
22.592000,0.1166012
22.594000,0.1165479
22.596000,0.1166012
22.598000,0.1165479
22.600000,0.1166546
22.602000,0.1166012
22.604000,0.1166546
22.606000,0.1165479
22.608000,0.1166012
22.610000,0.1166012
22.612000,0.1164946
22.614000,0.1165479
22.616000,0.1164946
22.618000,0.1166546
22.620000,0.1164946
22.622000,0.1166546
22.624000,0.1166012
22.626000,0.1166012
22.628000,0.1166546
22.630000,0.1165479
22.632000,0.1167079
22.634000,0.1165479
22.636000,0.1166546
22.638000,0.1164946
22.640000,0.1166012
22.642000,0.1166012
22.644000,0.1165479
22.646000,0.1165479
22.648000,0.1164946
22.650000,0.1166012
22.652000,0.1165479
22.654000,0.1166012
22.656000,0.1165479
22.658000,0.1165479
22.660000,0.1166012
22.662000,0.1165479
22.664000,0.1166012
22.666000,0.1166012
22.668000,0.1166012
22.670000,0.1165479
22.672000,0.1166012
22.674000,0.1166012
22.676000,0.1165479
22.678000,0.1166012
22.680000,0.1165479
22.682000,0.1165479
22.684000,0.1165479
22.686000,0.1165479
22.688000,0.1165479
22.690000,0.1165479
22.692000,0.1165479
22.694000,0.1165479
22.696000,0.1165479
22.698000,0.1166012
22.700000,0.1166012
22.702000,0.1166012
22.704000,0.1166546
22.706000,0.1166546
22.708000,0.1166012
22.710000,0.1166012
22.712000,0.1166012
22.714000,0.1166012
22.716000,0.1165479
22.718000,0.1166012
22.720000,0.1166012
22.722000,0.1166012
22.724000,0.1166546
22.726000,0.1165479
22.728000,0.1166546
22.730000,0.1165479
22.732000,0.1166012
22.734000,0.1165479
22.736000,0.1164946
22.738000,0.1165479
22.740000,0.1164946
22.742000,0.1165479
22.744000,0.1164946
22.746000,0.1165479
22.748000,0.1164946
22.750000,0.1164946
22.752000,0.1164946
22.754000,0.1165479
22.756000,0.1164946
22.758000,0.1164946
22.760000,0.1164946
22.762000,0.1165479
22.764000,0.1164946
22.766000,0.1165479
22.768000,0.1165479
22.770000,0.1166546
22.772000,0.1165479
22.774000,0.1165479
22.776000,0.1165479
22.778000,0.1166012
22.780000,0.1165479
22.782000,0.1164946
22.784000,0.1166012
22.786000,0.1165479
22.788000,0.1166012
22.790000,0.1165479
22.792000,0.1165479
22.794000,0.1164946
22.796000,0.1165479
22.798000,0.1165479
22.800000,0.1165479
22.802000,0.1165479
22.804000,0.1166012
22.806000,0.1166012
22.808000,0.1165479
22.810000,0.1166012
22.812000,0.1165479
22.814000,0.1166012
22.816000,0.1165479
22.818000,0.1165479
22.820000,0.1165479
22.822000,0.1165479
22.824000,0.1164946
22.826000,0.1164946
22.828000,0.1164946
22.830000,0.1165479
22.832000,0.1164946
22.834000,0.1164946
22.836000,0.1164946
22.838000,0.1164946
22.840000,0.1165479
22.842000,0.1164946
22.844000,0.1165479
22.846000,0.1165479
22.848000,0.1166012
22.850000,0.1165479
22.852000,0.1166012
22.854000,0.1166546
22.856000,0.1166012
22.858000,0.1166546
22.860000,0.1166012
22.862000,0.1166546
22.864000,0.1165479
22.866000,0.1166012
22.868000,0.1165479
22.870000,0.1166012
22.872000,0.1165479
22.874000,0.1165479
22.876000,0.1166012
22.878000,0.1164946
22.880000,0.1165479
22.882000,0.1164946
22.884000,0.1164946
22.886000,0.1165479
22.888000,0.1165479
22.890000,0.1165479
22.892000,0.1164412
22.894000,0.1166012
22.896000,0.1166012
22.898000,0.1166012
22.900000,0.1166012
22.902000,0.1165479
22.904000,0.1166546
22.906000,0.1165479
22.908000,0.1166012
22.910000,0.1165479
22.912000,0.1166012
22.914000,0.1165479
22.916000,0.1165479
22.918000,0.1165479
22.920000,0.1165479
22.922000,0.1165479
22.924000,0.1166012
22.926000,0.1165479
22.928000,0.1165479
22.930000,0.1165479
22.932000,0.1165479
22.934000,0.1165479
22.936000,0.1165479
22.938000,0.1165479
22.940000,0.1165479
22.942000,0.1164946
22.944000,0.1165479
22.946000,0.1165479
22.948000,0.1165479
22.950000,0.1165479
22.952000,0.1164946
22.954000,0.1164946
22.956000,0.1164412
22.958000,0.1164946
22.960000,0.1164412
22.962000,0.1164412
22.964000,0.1163879
22.966000,0.1164412
22.968000,0.1164412
22.970000,0.1164946
22.972000,0.1164412
22.974000,0.1165479
22.976000,0.1165479
22.978000,0.1164946
22.980000,0.1166012
22.982000,0.1166012
22.984000,0.1166012
22.986000,0.1165479
22.988000,0.1166012
22.990000,0.1165479
22.992000,0.1166012
22.994000,0.1165479
22.996000,0.1165479
22.998000,0.1165479
23.000000,0.1165479
23.002000,0.1165479
23.004000,0.1165479
23.006000,0.1165479
23.008000,0.1164412
23.010000,0.1166012
23.012000,0.1164946
23.014000,0.1165479
23.016000,0.1164946
23.018000,0.1166012
23.020000,0.1165479
23.022000,0.1165479
23.024000,0.1165479
23.026000,0.1164946
23.028000,0.1166012
23.030000,0.1164946
23.032000,0.1166012
23.034000,0.1164946
23.036000,0.1165479
23.038000,0.1164946
23.040000,0.1164946
23.042000,0.1165479
23.044000,0.1164412
23.046000,0.1165479
23.048000,0.1164946
23.050000,0.1165479
23.052000,0.1164946
23.054000,0.1165479
23.056000,0.1165479
23.058000,0.1164412
23.060000,0.1165479
23.062000,0.1164946
23.064000,0.1164946
23.066000,0.1164412
23.068000,0.1164946
23.070000,0.1164412
23.072000,0.1163879
23.074000,0.1164412
23.076000,0.1164412
23.078000,0.1164946
23.080000,0.1164412
23.082000,0.1164946
23.084000,0.1164412
23.086000,0.1164946
23.088000,0.1164946
23.090000,0.1164946
23.092000,0.1164946
23.094000,0.1164412
23.096000,0.1164946
23.098000,0.1165479
23.100000,0.1164946
23.102000,0.1165479
23.104000,0.1165479
23.106000,0.1165479
23.108000,0.1164946
23.110000,0.1164946
23.112000,0.1164946
23.114000,0.1164946
23.116000,0.1164946
23.118000,0.1164946
23.120000,0.1164946
23.122000,0.1164412
23.124000,0.1164946
23.126000,0.1164946
23.128000,0.1164946
23.130000,0.1164412
23.132000,0.1164412
23.134000,0.1164946
23.136000,0.1164946
23.138000,0.1164412
23.140000,0.1164946
23.142000,0.1164946
23.144000,0.1164946
23.146000,0.1165479
23.148000,0.1165479
23.150000,0.1165479
23.152000,0.1164946
23.154000,0.1166012
23.156000,0.1164946
23.158000,0.1164946
23.160000,0.1164946
23.162000,0.1164946
23.164000,0.1164412
23.166000,0.1164946
23.168000,0.1164946
23.170000,0.1164946
23.172000,0.1164946
23.174000,0.1164946
23.176000,0.1165479
23.178000,0.1164946
23.180000,0.1164946
23.182000,0.1164946
23.184000,0.1164946
23.186000,0.1164946
23.188000,0.1164412
23.190000,0.1164412
23.192000,0.1164412
23.194000,0.1164412
23.196000,0.1164946
23.198000,0.1164412
23.200000,0.1164412
23.202000,0.1164412
23.204000,0.1164946
23.206000,0.1165479
23.208000,0.1166012
23.210000,0.1165479
23.212000,0.1165479
23.214000,0.1165479
23.216000,0.1165479
23.218000,0.1165479
23.220000,0.1164946
23.222000,0.1164946
23.224000,0.1164946
23.226000,0.1165479
23.228000,0.1164946
23.230000,0.1166012
23.232000,0.1165479
23.234000,0.1166012
23.236000,0.1166012
23.238000,0.1166012
23.240000,0.1166012
23.242000,0.1165479
23.244000,0.1164946
23.246000,0.1164946
23.248000,0.1164946
23.250000,0.1164412
23.252000,0.1164412
23.254000,0.1164946
23.256000,0.1164946
23.258000,0.1164946
23.260000,0.1164412
23.262000,0.1164946
23.264000,0.1164412
23.266000,0.1164946
23.268000,0.1164946
23.270000,0.1164412
23.272000,0.1164412
23.274000,0.1164412
23.276000,0.1165479
23.278000,0.1164946
23.280000,0.1164946
23.282000,0.1164946
23.284000,0.1164946
23.286000,0.1164946
23.288000,0.1164946
23.290000,0.1164946
23.292000,0.1164412
23.294000,0.1164412
23.296000,0.1164412
23.298000,0.1164412
23.300000,0.1163879
23.302000,0.1164412
23.304000,0.1164946
23.306000,0.1164412
23.308000,0.1164946
23.310000,0.1163879
23.312000,0.1164412
23.314000,0.1164946
23.316000,0.1164412
23.318000,0.1164412
23.320000,0.1163879
23.322000,0.1164946
23.324000,0.1163879
23.326000,0.1164412
23.328000,0.1164412
23.330000,0.1164412
23.332000,0.1164946
23.334000,0.1164412
23.336000,0.1165479
23.338000,0.1164412
23.340000,0.1165479
23.342000,0.1164412
23.344000,0.1164946
23.346000,0.1164946
23.348000,0.1164946
23.350000,0.1164946
23.352000,0.1164946
23.354000,0.1165479
23.356000,0.1165479
23.358000,0.1165479
23.360000,0.1164946
23.362000,0.1165479
23.364000,0.1164946
23.366000,0.1165479
23.368000,0.1164946
23.370000,0.1165479
23.372000,0.1164946
23.374000,0.1165479
23.376000,0.1164946
23.378000,0.1164412
23.380000,0.1164412
23.382000,0.1164412
23.384000,0.1164946
23.386000,0.1163879
23.388000,0.1164946
23.390000,0.1163879
23.392000,0.1164946
23.394000,0.1164412
23.396000,0.1164946
23.398000,0.1164946
23.400000,0.1164946
23.402000,0.1165479
23.404000,0.1164412
23.406000,0.1164946
23.408000,0.1164412
23.410000,0.1165479
23.412000,0.1164946
23.414000,0.1164412
23.416000,0.1164946
23.418000,0.1164412
23.420000,0.1164946
23.422000,0.1163879
23.424000,0.1164946
23.426000,0.1164412
23.428000,0.1164946
23.430000,0.1164412
23.432000,0.1164946
23.434000,0.1164946
23.436000,0.1164412
23.438000,0.1164412
23.440000,0.1164412
23.442000,0.1164412
23.444000,0.1164412
23.446000,0.1164412
23.448000,0.1164412
23.450000,0.1163879
23.452000,0.1163879
23.454000,0.1164412
23.456000,0.1164412
23.458000,0.1164946
23.460000,0.1164412
23.462000,0.1164412
23.464000,0.1164412
23.466000,0.1164946
23.468000,0.1164946
23.470000,0.1164946
23.472000,0.1164946
23.474000,0.1164946
23.476000,0.1164946
23.478000,0.1164412
23.480000,0.1164412
23.482000,0.1163879
23.484000,0.1164412
23.486000,0.1164412
23.488000,0.1164412
23.490000,0.1164412
23.492000,0.1163879
23.494000,0.1164946
23.496000,0.1164412
23.498000,0.1164946
23.500000,0.1164946
23.502000,0.1164946
23.504000,0.1165479
23.506000,0.1164946
23.508000,0.1165479
23.510000,0.1164412
23.512000,0.1164946
23.514000,0.1164412
23.516000,0.1164946
23.518000,0.1163879
23.520000,0.1164412
23.522000,0.1163879
23.524000,0.1163879
23.526000,0.1164412
23.528000,0.1163879
23.530000,0.1164412
23.532000,0.1163879
23.534000,0.1164946
23.536000,0.1164412
23.538000,0.1164412
23.540000,0.1164946
23.542000,0.1164946
23.544000,0.1165479
23.546000,0.1164412
23.548000,0.1165479
23.550000,0.1164946
23.552000,0.1164946
23.554000,0.1164412
23.556000,0.1164412
23.558000,0.1164946
23.560000,0.1163879
23.562000,0.1164946
23.564000,0.1164946
23.566000,0.1165479
23.568000,0.1164946
23.570000,0.1165479
23.572000,0.1165479
23.574000,0.1165479
23.576000,0.1164946
23.578000,0.1164946
23.580000,0.1164946
23.582000,0.1164412
23.584000,0.1164412
23.586000,0.1163879
23.588000,0.1164412
23.590000,0.1163879
23.592000,0.1164946
23.594000,0.1163879
23.596000,0.1164946
23.598000,0.1164412
23.600000,0.1164946
23.602000,0.1164412
23.604000,0.1164412
23.606000,0.1164946
23.608000,0.1164412
23.610000,0.1164946
23.612000,0.1164412
23.614000,0.1165479
23.616000,0.1164412
23.618000,0.1164946
23.620000,0.1163879
23.622000,0.1164946
23.624000,0.1164412
23.626000,0.1163879
23.628000,0.1164412
23.630000,0.1164412
23.632000,0.1163879
23.634000,0.1164412
23.636000,0.1163879
23.638000,0.1164412
23.640000,0.1163345
23.642000,0.1163879
23.644000,0.1163345
23.646000,0.1163345
23.648000,0.1162812
23.650000,0.1163345
23.652000,0.1163879
23.654000,0.1163345
23.656000,0.1164412
23.658000,0.1163879
23.660000,0.1164412
23.662000,0.1164412
23.664000,0.1164412
23.666000,0.1164946
23.668000,0.1164412
23.670000,0.1164412
23.672000,0.1164412
23.674000,0.1164946
23.676000,0.1164412
23.678000,0.1164412
23.680000,0.1164412
23.682000,0.1163879
23.684000,0.1164412
23.686000,0.1163879
23.688000,0.1164412
23.690000,0.1163345
23.692000,0.1164412
23.694000,0.1164412
23.696000,0.1164412
23.698000,0.1163879
23.700000,0.1164412
23.702000,0.1164946
23.704000,0.1164412
23.706000,0.1164946
23.708000,0.1164946
23.710000,0.1164946
23.712000,0.1164946
23.714000,0.1164946
23.716000,0.1164412
23.718000,0.1164946
23.720000,0.1165479
23.722000,0.1164412
23.724000,0.1164412
23.726000,0.1164946
23.728000,0.1164946
23.730000,0.1164412
23.732000,0.1163879
23.734000,0.1164412
23.736000,0.1164946
23.738000,0.1163879
23.740000,0.1164412
23.742000,0.1164412
23.744000,0.1164946
23.746000,0.1164412
23.748000,0.1164946
23.750000,0.1164946
23.752000,0.1164946
23.754000,0.1164412
23.756000,0.1164412
23.758000,0.1163879
23.760000,0.1163879
23.762000,0.1163879
23.764000,0.1163345
23.766000,0.1163345
23.768000,0.1163879
23.770000,0.1163879
23.772000,0.1163879
23.774000,0.1163879
23.776000,0.1163879
23.778000,0.1163879
23.780000,0.1164412
23.782000,0.1164946
23.784000,0.1164946
23.786000,0.1164946
23.788000,0.1165479
23.790000,0.1165479
23.792000,0.1164946
23.794000,0.1164946
23.796000,0.1164412
23.798000,0.1164412
23.800000,0.1164412
23.802000,0.1163879
23.804000,0.1163879
23.806000,0.1163879
23.808000,0.1163879
23.810000,0.1162812
23.812000,0.1163879
23.814000,0.1163879
23.816000,0.1163879
23.818000,0.1164412
23.820000,0.1164412
23.822000,0.1164946
23.824000,0.1164946
23.826000,0.1165479
23.828000,0.1164946
23.830000,0.1165479
23.832000,0.1165479
23.834000,0.1164946
23.836000,0.1164946
23.838000,0.1164412
23.840000,0.1164946
23.842000,0.1164412
23.844000,0.1164412
23.846000,0.1164412
23.848000,0.1163879
23.850000,0.1164412
23.852000,0.1164412
23.854000,0.1164412
23.856000,0.1164412
23.858000,0.1164412
23.860000,0.1164946
23.862000,0.1164946
23.864000,0.1164412
23.866000,0.1164412
23.868000,0.1164412
23.870000,0.1163879
23.872000,0.1163879
23.874000,0.1163879
23.876000,0.1164412
23.878000,0.1164412
23.880000,0.1163879
23.882000,0.1164946
23.884000,0.1163879
23.886000,0.1164946
23.888000,0.1164412
23.890000,0.1164412
23.892000,0.1164412
23.894000,0.1164946
23.896000,0.1164946
23.898000,0.1164412
23.900000,0.1164946
23.902000,0.1164412
23.904000,0.1164946
23.906000,0.1163879
23.908000,0.1164412
23.910000,0.1163879
23.912000,0.1163879
23.914000,0.1163879
23.916000,0.1163345
23.918000,0.1163879
23.920000,0.1163345
23.922000,0.1163879
23.924000,0.1163879
23.926000,0.1164412
23.928000,0.1164412
23.930000,0.1164412
23.932000,0.1164412
23.934000,0.1164412
23.936000,0.1164412
23.938000,0.1163879
23.940000,0.1163879
23.942000,0.1163345
23.944000,0.1163879
23.946000,0.1163345
23.948000,0.1163879
23.950000,0.1163879
23.952000,0.1164412
23.954000,0.1163879
23.956000,0.1164412
23.958000,0.1164412
23.960000,0.1164412
23.962000,0.1163879
23.964000,0.1163879
23.966000,0.1163345
23.968000,0.1163879
23.970000,0.1163345
23.972000,0.1163345
23.974000,0.1163345
23.976000,0.1162812
23.978000,0.1163345
23.980000,0.1162812
23.982000,0.1163345
23.984000,0.1162812
23.986000,0.1162812
23.988000,0.1163345
23.990000,0.1162812
23.992000,0.1163345
23.994000,0.1162812
23.996000,0.1163345
23.998000,0.1163345
24.000000,0.1162812
24.002000,0.1163345
24.004000,0.1163879
24.006000,0.1163879
24.008000,0.1163345
24.010000,0.1163345
24.012000,0.1163345
24.014000,0.1163879
24.016000,0.1163345
24.018000,0.1162812
24.020000,0.1163345
24.022000,0.1162812
24.024000,0.1164412
24.026000,0.1163345
24.028000,0.1163345
24.030000,0.1163879
24.032000,0.1163879
24.034000,0.1164412
24.036000,0.1163345
24.038000,0.1164946
24.040000,0.1163879
24.042000,0.1163879
24.044000,0.1164412
24.046000,0.1164412
24.048000,0.1164412
24.050000,0.1163879
24.052000,0.1164412
24.054000,0.1164412
24.056000,0.1164412
24.058000,0.1163345
24.060000,0.1163345
24.062000,0.1164412
24.064000,0.1163879
24.066000,0.1164412
24.068000,0.1163879
24.070000,0.1163879
24.072000,0.1164412
24.074000,0.1164412
24.076000,0.1164412
24.078000,0.1164412
24.080000,0.1164412
24.082000,0.1164412
24.084000,0.1164412
24.086000,0.1164412
24.088000,0.1163879
24.090000,0.1163879
24.092000,0.1164412
24.094000,0.1163879
24.096000,0.1163345
24.098000,0.1163879
24.100000,0.1163879
24.102000,0.1163879
24.104000,0.1163879
24.106000,0.1164412
24.108000,0.1164412
24.110000,0.1164412
24.112000,0.1163879
24.114000,0.1164412
24.116000,0.1164412
24.118000,0.1164412
24.120000,0.1163879
24.122000,0.1164412
24.124000,0.1164412
24.126000,0.1163879
24.128000,0.1163879
24.130000,0.1163879
24.132000,0.1163879
24.134000,0.1164412
24.136000,0.1163879
24.138000,0.1164412
24.140000,0.1163879
24.142000,0.1164946
24.144000,0.1164946
24.146000,0.1164946
24.148000,0.1164946
24.150000,0.1164946
24.152000,0.1165479
24.154000,0.1163879
24.156000,0.1164412
24.158000,0.1163879
24.160000,0.1164946
24.162000,0.1163345
24.164000,0.1163879
24.166000,0.1164412
24.168000,0.1163879
24.170000,0.1163879
24.172000,0.1163345
24.174000,0.1164412
24.176000,0.1162812
24.178000,0.1163879
24.180000,0.1162812
24.182000,0.1163879
24.184000,0.1162812
24.186000,0.1163345
24.188000,0.1163345
24.190000,0.1163345
24.192000,0.1163345
24.194000,0.1163345
24.196000,0.1163345
24.198000,0.1163345
24.200000,0.1163879
24.202000,0.1163879
24.204000,0.1163345
24.206000,0.1163345
24.208000,0.1164412
24.210000,0.1163879
24.212000,0.1163879
24.214000,0.1163879
24.216000,0.1164412
24.218000,0.1164412
24.220000,0.1163879
24.222000,0.1163879
24.224000,0.1163879
24.226000,0.1163879
24.228000,0.1163345
24.230000,0.1163345
24.232000,0.1163879
24.234000,0.1163879
24.236000,0.1163345
24.238000,0.1163879
24.240000,0.1163879
24.242000,0.1163879
24.244000,0.1163879
24.246000,0.1163879
24.248000,0.1163345
24.250000,0.1163879
24.252000,0.1163879
24.254000,0.1164412
24.256000,0.1163879
24.258000,0.1164412
24.260000,0.1163879
24.262000,0.1163879
24.264000,0.1164412
24.266000,0.1163879
24.268000,0.1163879
24.270000,0.1163345
24.272000,0.1164412
24.274000,0.1163345
24.276000,0.1163879
24.278000,0.1163879
24.280000,0.1164412
24.282000,0.1163879
24.284000,0.1164412
24.286000,0.1164412
24.288000,0.1164412
24.290000,0.1163879
24.292000,0.1163879
24.294000,0.1163879
24.296000,0.1163879
24.298000,0.1163879
24.300000,0.1163345
24.302000,0.1164412
24.304000,0.1162812
24.306000,0.1163879
24.308000,0.1162812
24.310000,0.1163345
24.312000,0.1163345
24.314000,0.1162812
24.316000,0.1163345
24.318000,0.1163345
24.320000,0.1163879
24.322000,0.1163345
24.324000,0.1164412
24.326000,0.1164412
24.328000,0.1163879
24.330000,0.1164412
24.332000,0.1164412
24.334000,0.1164412
24.336000,0.1163879
24.338000,0.1164412
24.340000,0.1163879
24.342000,0.1163879
24.344000,0.1163879
24.346000,0.1164412
24.348000,0.1164412
24.350000,0.1163879
24.352000,0.1164412
24.354000,0.1163879
24.356000,0.1164412
24.358000,0.1163879
24.360000,0.1163879
24.362000,0.1164412
24.364000,0.1164412
24.366000,0.1163879
24.368000,0.1163345
24.370000,0.1163879
24.372000,0.1163879
24.374000,0.1163345
24.376000,0.1163879
24.378000,0.1162812
24.380000,0.1163879
24.382000,0.1163345
24.384000,0.1164412
24.386000,0.1163879
24.388000,0.1163879
24.390000,0.1163879
24.392000,0.1163879
24.394000,0.1164412
24.396000,0.1163345
24.398000,0.1163879
24.400000,0.1162812
24.402000,0.1163879
24.404000,0.1162812
24.406000,0.1163879
24.408000,0.1162812
24.410000,0.1163345
24.412000,0.1162812
24.414000,0.1162812
24.416000,0.1163345
24.418000,0.1162812
24.420000,0.1163879
24.422000,0.1163345
24.424000,0.1164946
24.426000,0.1163879
24.428000,0.1164946
24.430000,0.1163879
24.432000,0.1164412
24.434000,0.1163879
24.436000,0.1163879
24.438000,0.1163345
24.440000,0.1163879
24.442000,0.1163345
24.444000,0.1163345
24.446000,0.1162812
24.448000,0.1163345
24.450000,0.1163879
24.452000,0.1163345
24.454000,0.1164412
24.456000,0.1163879
24.458000,0.1165479
24.460000,0.1164412
24.462000,0.1164946
24.464000,0.1164946
24.466000,0.1164946
24.468000,0.1164412
24.470000,0.1164946
24.472000,0.1163879
24.474000,0.1163879
24.476000,0.1164412
24.478000,0.1163879
24.480000,0.1164412
24.482000,0.1163345
24.484000,0.1163879
24.486000,0.1163345
24.488000,0.1163879
24.490000,0.1163345
24.492000,0.1163879
24.494000,0.1163345
24.496000,0.1163345
24.498000,0.1163345
24.500000,0.1162812
24.502000,0.1163345
24.504000,0.1163345
24.506000,0.1163879
24.508000,0.1162812
24.510000,0.1163879
24.512000,0.1162812
24.514000,0.1163879
24.516000,0.1163345
24.518000,0.1163345
24.520000,0.1163345
24.522000,0.1163345
24.524000,0.1163345
24.526000,0.1162812
24.528000,0.1163345
24.530000,0.1162812
24.532000,0.1163345
24.534000,0.1163345
24.536000,0.1163345
24.538000,0.1163345
24.540000,0.1163879
24.542000,0.1163879
24.544000,0.1163345
24.546000,0.1163879
24.548000,0.1164412
24.550000,0.1163879
24.552000,0.1163345
24.554000,0.1163345
24.556000,0.1164412
24.558000,0.1163345
24.560000,0.1163345
24.562000,0.1163345
24.564000,0.1163345
24.566000,0.1162812
24.568000,0.1162812
24.570000,0.1162279
24.572000,0.1162279
24.574000,0.1162279
24.576000,0.1162812
24.578000,0.1162812
24.580000,0.1162279
24.582000,0.1162812
24.584000,0.1163345
24.586000,0.1163879
24.588000,0.1163345
24.590000,0.1163879
24.592000,0.1163345
24.594000,0.1163879
24.596000,0.1163345
24.598000,0.1163345
24.600000,0.1162812
24.602000,0.1162812
24.604000,0.1163345
24.606000,0.1162812
24.608000,0.1162812
24.610000,0.1162812
24.612000,0.1162812
24.614000,0.1163345
24.616000,0.1163345
24.618000,0.1163345
24.620000,0.1163345
24.622000,0.1163345
24.624000,0.1163879
24.626000,0.1163345
24.628000,0.1163345
24.630000,0.1163345
24.632000,0.1163345
24.634000,0.1163345
24.636000,0.1163345
24.638000,0.1163345
24.640000,0.1162812
24.642000,0.1163345
24.644000,0.1163345
24.646000,0.1163345
24.648000,0.1162812
24.650000,0.1163879
24.652000,0.1162812
24.654000,0.1163345
24.656000,0.1163345
24.658000,0.1163345
24.660000,0.1163879
24.662000,0.1163345
24.664000,0.1164412
24.666000,0.1163879
24.668000,0.1164412
24.670000,0.1164412
24.672000,0.1163879
24.674000,0.1163879
24.676000,0.1163879
24.678000,0.1163879
24.680000,0.1163345
24.682000,0.1163879
24.684000,0.1163879
24.686000,0.1163879
24.688000,0.1163345
24.690000,0.1163345
24.692000,0.1163345
24.694000,0.1163345
24.696000,0.1163879
24.698000,0.1162812
24.700000,0.1163345
24.702000,0.1163879
24.704000,0.1162812
24.706000,0.1163345
24.708000,0.1162812
24.710000,0.1162812
24.712000,0.1162812
24.714000,0.1162812
24.716000,0.1162812
24.718000,0.1162279
24.720000,0.1163345
24.722000,0.1162812
24.724000,0.1163345
24.726000,0.1163345
24.728000,0.1163345
24.730000,0.1163345
24.732000,0.1163345
24.734000,0.1162812
24.736000,0.1163345
24.738000,0.1162812
24.740000,0.1162812
24.742000,0.1162812
24.744000,0.1163345
24.746000,0.1162812
24.748000,0.1163879
24.750000,0.1163345
24.752000,0.1163879
24.754000,0.1163879
24.756000,0.1163879
24.758000,0.1163879
24.760000,0.1163345
24.762000,0.1163879
24.764000,0.1163345
24.766000,0.1162812
24.768000,0.1162812
24.770000,0.1163345
24.772000,0.1162812
24.774000,0.1163879
24.776000,0.1163345
24.778000,0.1163879
24.780000,0.1163345
24.782000,0.1163345
24.784000,0.1163345
24.786000,0.1163345
24.788000,0.1163345
24.790000,0.1162812
24.792000,0.1163345
24.794000,0.1163345
24.796000,0.1163345
24.798000,0.1163345
24.800000,0.1163879
24.802000,0.1163345
24.804000,0.1163345
24.806000,0.1163345
24.808000,0.1163345
24.810000,0.1163345
24.812000,0.1162812
24.814000,0.1162812
24.816000,0.1162812
24.818000,0.1162812
24.820000,0.1163345
24.822000,0.1162279
24.824000,0.1163879
24.826000,0.1162812
24.828000,0.1163879
24.830000,0.1162812
24.832000,0.1163345
24.834000,0.1163345
24.836000,0.1162812
24.838000,0.1163345
24.840000,0.1162812
24.842000,0.1163345
24.844000,0.1162812
24.846000,0.1162812
24.848000,0.1162812
24.850000,0.1162812
24.852000,0.1162812
24.854000,0.1162812
24.856000,0.1162812
24.858000,0.1163345
24.860000,0.1162812
24.862000,0.1162812
24.864000,0.1162812
24.866000,0.1162812
24.868000,0.1162279
24.870000,0.1163345
24.872000,0.1163345
24.874000,0.1163345
24.876000,0.1163345
24.878000,0.1163345
24.880000,0.1163879
24.882000,0.1163345
24.884000,0.1163345
24.886000,0.1163345
24.888000,0.1163345
24.890000,0.1163345
24.892000,0.1162812
24.894000,0.1163345
24.896000,0.1162812
24.898000,0.1163345
24.900000,0.1163345
24.902000,0.1163345
24.904000,0.1163345
24.906000,0.1162812
24.908000,0.1163879
24.910000,0.1163879
24.912000,0.1163879
24.914000,0.1162812
24.916000,0.1163879
24.918000,0.1163879
24.920000,0.1164412
24.922000,0.1163879
24.924000,0.1163879
24.926000,0.1163879
24.928000,0.1163879
24.930000,0.1163879
24.932000,0.1163345
24.934000,0.1163345
24.936000,0.1162812
24.938000,0.1163345
24.940000,0.1163345
24.942000,0.1162812
24.944000,0.1162812
24.946000,0.1162812
24.948000,0.1162812
24.950000,0.1162279
24.952000,0.1162812
24.954000,0.1162279
24.956000,0.1162812
24.958000,0.1162812
24.960000,0.1162812
24.962000,0.1162812
24.964000,0.1162812
24.966000,0.1162812
24.968000,0.1163345
24.970000,0.1162812
24.972000,0.1163345
24.974000,0.1162812
24.976000,0.1163345
24.978000,0.1162279
24.980000,0.1163345
24.982000,0.1162279
24.984000,0.1163345
24.986000,0.1162279
24.988000,0.1163345
24.990000,0.1163345
24.992000,0.1163345
24.994000,0.1163345
24.996000,0.1163345
24.998000,0.1163345
25.000000,0.1163345
25.002000,0.1163879
25.004000,0.1162812
25.006000,0.1163879
25.008000,0.1162812
25.010000,0.1163345
25.012000,0.1162812
25.014000,0.1162812
25.016000,0.1162812
25.018000,0.1162812
25.020000,0.1162812
25.022000,0.1162812
25.024000,0.1162812
25.026000,0.1162812
25.028000,0.1162812
25.030000,0.1162812
25.032000,0.1162812
25.034000,0.1162812
25.036000,0.1162812
25.038000,0.1163345
25.040000,0.1163345
25.042000,0.1163879
25.044000,0.1163879
25.046000,0.1163879
25.048000,0.1163879
25.050000,0.1163345
25.052000,0.1163345
25.054000,0.1162812
25.056000,0.1162812
25.058000,0.1162812
25.060000,0.1162812
25.062000,0.1162279
25.064000,0.1162812
25.066000,0.1162812
25.068000,0.1163345
25.070000,0.1162812
25.072000,0.1162812
25.074000,0.1162812
25.076000,0.1162279
25.078000,0.1163345
25.080000,0.1162279
25.082000,0.1163345
25.084000,0.1161745
25.086000,0.1162812
25.088000,0.1162279
25.090000,0.1162279
25.092000,0.1162279
25.094000,0.1162279
25.096000,0.1162812
25.098000,0.1162279
25.100000,0.1162812
25.102000,0.1162812
25.104000,0.1163345
25.106000,0.1162279
25.108000,0.1162812
25.110000,0.1162279
25.112000,0.1162812
25.114000,0.1162279
25.116000,0.1163345
25.118000,0.1162279
25.120000,0.1162812
25.122000,0.1162279
25.124000,0.1163879
25.126000,0.1162812
25.128000,0.1162812
25.130000,0.1163345
25.132000,0.1162812
25.134000,0.1163345
25.136000,0.1162812
25.138000,0.1162812
25.140000,0.1162279
25.142000,0.1162812
25.144000,0.1162812
25.146000,0.1162812
25.148000,0.1162279
25.150000,0.1162279
25.152000,0.1162279
25.154000,0.1162279
25.156000,0.1162279
25.158000,0.1162279
25.160000,0.1162279
25.162000,0.1162812
25.164000,0.1163345
25.166000,0.1163345
25.168000,0.1163345
25.170000,0.1162812
25.172000,0.1163879
25.174000,0.1163345
25.176000,0.1162812
25.178000,0.1163345
25.180000,0.1163345
25.182000,0.1163879
25.184000,0.1162812
25.186000,0.1163345
25.188000,0.1162812
25.190000,0.1163345
25.192000,0.1163345
25.194000,0.1163345
25.196000,0.1163345
25.198000,0.1163345
25.200000,0.1163345
25.202000,0.1162812
25.204000,0.1162812
25.206000,0.1162279
25.208000,0.1162812
25.210000,0.1162279
25.212000,0.1162812
25.214000,0.1161745
25.216000,0.1162279
25.218000,0.1161745
25.220000,0.1161745
25.222000,0.1162279
25.224000,0.1161745
25.226000,0.1162279
25.228000,0.1161745
25.230000,0.1162279
25.232000,0.1161745
25.234000,0.1162279
25.236000,0.1162812
25.238000,0.1162812
25.240000,0.1162812
25.242000,0.1163345
25.244000,0.1163345
25.246000,0.1163345
25.248000,0.1162812
25.250000,0.1162279
25.252000,0.1162812
25.254000,0.1162812
25.256000,0.1162812
25.258000,0.1162812
25.260000,0.1162812
25.262000,0.1162279
25.264000,0.1162279
25.266000,0.1162812
25.268000,0.1161745
25.270000,0.1161745
25.272000,0.1162279
25.274000,0.1162279
25.276000,0.1162279
25.278000,0.1161745
25.280000,0.1162279
25.282000,0.1162279
25.284000,0.1162279
25.286000,0.1162279
25.288000,0.1163345
25.290000,0.1162812
25.292000,0.1162812
25.294000,0.1163345
25.296000,0.1163345
25.298000,0.1163345
25.300000,0.1162279
25.302000,0.1162812
25.304000,0.1162812
25.306000,0.1162279
25.308000,0.1162279
25.310000,0.1162279
25.312000,0.1162812
25.314000,0.1162279
25.316000,0.1162812
25.318000,0.1162812
25.320000,0.1162812
25.322000,0.1162279
25.324000,0.1162812
25.326000,0.1163345
25.328000,0.1162812
25.330000,0.1162812
25.332000,0.1162812
25.334000,0.1162812
25.336000,0.1162812
25.338000,0.1162279
25.340000,0.1162279
25.342000,0.1161745
25.344000,0.1161745
25.346000,0.1161745
25.348000,0.1161745
25.350000,0.1161212
25.352000,0.1161745
25.354000,0.1161745
25.356000,0.1162812
25.358000,0.1162279
25.360000,0.1162812
25.362000,0.1163345
25.364000,0.1162812
25.366000,0.1162812
25.368000,0.1162279
25.370000,0.1163345
25.372000,0.1162812
25.374000,0.1162279
25.376000,0.1162812
25.378000,0.1162812
25.380000,0.1163879
25.382000,0.1162812
25.384000,0.1163345
25.386000,0.1163345
25.388000,0.1163345
25.390000,0.1163879
25.392000,0.1163345
25.394000,0.1163345
25.396000,0.1162812
25.398000,0.1163345
25.400000,0.1163345
25.402000,0.1163345
25.404000,0.1162812
25.406000,0.1162812
25.408000,0.1163345
25.410000,0.1162279
25.412000,0.1163345
25.414000,0.1162812
25.416000,0.1162812
25.418000,0.1162812
25.420000,0.1162812
25.422000,0.1162812
25.424000,0.1162812
25.426000,0.1163345
25.428000,0.1161745
25.430000,0.1162812
25.432000,0.1161745
25.434000,0.1162812
25.436000,0.1161745
25.438000,0.1162812
25.440000,0.1162279
25.442000,0.1162812
25.444000,0.1162812
25.446000,0.1163345
25.448000,0.1163345
25.450000,0.1162279
25.452000,0.1163345
25.454000,0.1162812
25.456000,0.1163345
25.458000,0.1162812
25.460000,0.1163345
25.462000,0.1162812
25.464000,0.1162812
25.466000,0.1162812
25.468000,0.1163345
25.470000,0.1162812
25.472000,0.1162812
25.474000,0.1162812
25.476000,0.1162279
25.478000,0.1162812
25.480000,0.1162279
25.482000,0.1162812
25.484000,0.1162812
25.486000,0.1162812
25.488000,0.1162812
25.490000,0.1162812
25.492000,0.1163345
25.494000,0.1162812
25.496000,0.1162812
25.498000,0.1163879
25.500000,0.1162279
25.502000,0.1163345
