sample_delay_us,ch1_V
5.504000,1.4739709
5.506000,1.4553552
5.508000,1.4739709
5.510000,1.4739709
5.512000,1.4739709
5.514000,1.4739709
5.516000,1.4739709
5.518000,1.4739709
5.520000,1.4739709
5.522000,1.4739709
5.524000,1.4739709
5.526000,1.4739709
5.528000,1.4739709
5.530000,1.4739709
5.532000,1.4739709
5.534000,1.4739709
5.536000,1.4739709
5.538000,1.4739709
5.540000,1.4739709
5.542000,1.4739709
5.544000,1.4739709
5.546000,1.4739709
5.548000,1.4739709
5.550000,1.4739709
5.552000,1.4739709
5.554000,1.4739709
5.556000,1.4739709
5.558000,1.4739709
5.560000,1.4739709
5.562000,1.4739709
5.564000,1.4739709
5.566000,1.4739709
5.568000,1.4739709
5.570000,1.4739709
5.572000,1.4739709
5.574000,1.4739709
5.576000,1.4739709
5.578000,1.4739709
5.580000,1.4739709
5.582000,1.4739709
5.584000,1.4739709
5.586000,1.4739709
5.588000,1.4739709
5.590000,1.4739709
5.592000,1.4739709
5.594000,1.4739709
5.596000,1.4739709
5.598000,1.4739709
5.600000,1.4739709
5.602000,1.4739709
5.604000,1.4739709
5.606000,1.4739709
5.608000,1.4739709
5.610000,1.4739709
5.612000,1.4739709
5.614000,1.4739709
5.616000,1.4739709
5.618000,1.4739709
5.620000,1.4739709
5.622000,1.4739709
5.624000,1.4739709
5.626000,1.4739709
5.628000,1.4739709
5.630000,1.4739709
5.632000,1.4739709
5.634000,1.4739709
5.636000,1.4739709
5.638000,1.4739709
5.640000,1.4739709
5.642000,1.4739709
5.644000,1.4739709
5.646000,1.4739709
5.648000,1.4739709
5.650000,1.4739709
5.652000,1.4739709
5.654000,1.4739709
5.656000,1.4739709
5.658000,1.4739709
5.660000,1.4739709
5.662000,1.4739709
5.664000,1.4739709
5.666000,1.4739709
5.668000,1.4739709
5.670000,1.4739709
5.672000,1.4739709
5.674000,1.4739709
5.676000,1.4739709
5.678000,1.4739709
5.680000,1.4739709
5.682000,1.4739709
5.684000,1.4739709
5.686000,1.4739709
5.688000,1.4739709
5.690000,1.4739709
5.692000,1.4739709
5.694000,1.4739709
5.696000,1.4739709
5.698000,1.4739709
5.700000,1.4739709
5.702000,1.4739709
5.704000,1.4739709
5.706000,1.4739709
5.708000,1.4739709
5.710000,1.4739709
5.712000,1.4739709
5.714000,1.4739709
5.716000,1.4739709
5.718000,1.4739709
5.720000,1.4739709
5.722000,1.4739709
5.724000,1.4739709
5.726000,1.4739709
5.728000,1.4739709
5.730000,1.4739709
5.732000,1.4739709
5.734000,1.4739709
5.736000,1.4739709
5.738000,1.4739709
5.740000,1.4739709
5.742000,1.4739709
5.744000,1.4739709
5.746000,1.4739709
5.748000,1.4739709
5.750000,1.4739709
5.752000,1.4739709
5.754000,1.4739709
5.756000,1.4739709
5.758000,1.4739709
5.760000,1.4739709
5.762000,1.4739709
5.764000,1.4739709
5.766000,1.4739709
5.768000,1.4739709
5.770000,1.4739709
5.772000,1.4739709
5.774000,1.4739709
5.776000,1.4739709
5.778000,1.4739709
5.780000,1.4739709
5.782000,1.4739709
5.784000,1.4739709
5.786000,1.4739709
5.788000,1.4739709
5.790000,1.4739709
5.792000,1.4739709
5.794000,1.4739709
5.796000,1.4739709
5.798000,1.4739709
5.800000,1.4739709
5.802000,1.4739709
5.804000,1.4739709
5.806000,1.4739709
5.808000,1.4739709
5.810000,1.4739709
5.812000,1.4739709
5.814000,1.4739709
5.816000,1.4739709
5.818000,1.4739709
5.820000,1.4739709
5.822000,1.4739709
5.824000,1.4739709
5.826000,1.4739709
5.828000,1.4739709
5.830000,1.4739709
5.832000,1.4739709
5.834000,1.4739709
5.836000,1.4739709
5.838000,1.4739709
5.840000,1.4739709
5.842000,1.4739709
5.844000,1.4739709
5.846000,1.4739709
5.848000,1.4739709
5.850000,1.4739709
5.852000,1.4739709
5.854000,1.4739709
5.856000,1.4739709
5.858000,1.4739709
5.860000,1.4739709
5.862000,1.4739709
5.864000,1.4739709
5.866000,1.4739709
5.868000,1.4739709
5.870000,1.4739709
5.872000,1.4739709
5.874000,1.4739709
5.876000,1.4739709
5.878000,1.4739709
5.880000,1.4739709
5.882000,1.4739709
5.884000,1.4739709
5.886000,1.4739709
5.888000,1.4739709
5.890000,1.4739709
5.892000,1.4739709
5.894000,1.4739709
5.896000,1.4739709
5.898000,1.4739709
5.900000,1.4739709
5.902000,1.4739709
5.904000,1.4739709
5.906000,1.4739709
5.908000,1.4739709
5.910000,1.4739709
5.912000,1.4739709
5.914000,1.4739709
5.916000,1.4739709
5.918000,1.4739709
5.920000,1.4739709
5.922000,1.4739709
5.924000,1.4739709
5.926000,1.4739709
5.928000,1.4739709
5.930000,1.4739709
5.932000,1.4739709
5.934000,1.4739709
5.936000,1.4739709
5.938000,1.4739709
5.940000,1.4739709
5.942000,1.4739709
5.944000,1.4739709
5.946000,1.4739709
5.948000,1.4739709
5.950000,1.4739709
5.952000,1.4739709
5.954000,1.4739709
5.956000,1.4739709
5.958000,1.4739709
5.960000,1.4739709
5.962000,1.4739709
5.964000,1.4739709
5.966000,1.4739709
5.968000,1.4739709
5.970000,1.4739709
5.972000,1.4739709
5.974000,1.4739709
5.976000,1.4739709
5.978000,1.4739709
5.980000,1.4739709
5.982000,1.4739709
5.984000,1.4739709
5.986000,1.4739709
5.988000,1.4739709
5.990000,1.4739709
5.992000,1.4739709
5.994000,1.4739709
5.996000,1.4739709
5.998000,1.4739709
6.000000,1.4739709
6.002000,1.4739709
6.004000,1.4739709
6.006000,1.4739709
6.008000,1.4739709
6.010000,1.4739709
6.012000,1.4739709
6.014000,1.4739709
6.016000,1.4739709
6.018000,1.4739709
6.020000,1.4739709
6.022000,1.4739709
6.024000,1.4739709
6.026000,1.4739709
6.028000,1.4739709
6.030000,1.4739709
6.032000,1.4739709
6.034000,1.4739709
6.036000,1.4739709
6.038000,1.4739709
6.040000,1.4739709
6.042000,1.4739709
6.044000,1.4739709
6.046000,1.4739709
6.048000,1.4739709
6.050000,1.4739709
6.052000,1.4739709
6.054000,1.4739709
6.056000,1.4739709
6.058000,1.4739709
6.060000,1.4739709
6.062000,1.4739709
6.064000,1.4739709
6.066000,1.4739709
6.068000,1.4739709
6.070000,1.4739709
6.072000,1.4739709
6.074000,1.4739709
6.076000,1.4739709
6.078000,1.4739709
6.080000,1.4739709
6.082000,1.4739709
6.084000,1.4739709
6.086000,1.4739709
6.088000,1.4739709
6.090000,1.4739709
6.092000,1.4739709
6.094000,1.4739709
6.096000,1.4739709
6.098000,1.4739709
6.100000,1.4739709
6.102000,1.4739709
6.104000,1.4739709
6.106000,1.4739709
6.108000,1.4739709
6.110000,1.4739709
6.112000,1.4739709
6.114000,1.4739709
6.116000,1.4739709
6.118000,1.4739709
6.120000,1.4739709
6.122000,1.4739709
6.124000,1.4739709
6.126000,1.4739709
6.128000,1.4739709
6.130000,1.4739709
6.132000,1.4739709
6.134000,1.4739709
6.136000,1.4739709
6.138000,1.4739709
6.140000,1.4739709
6.142000,1.4739709
6.144000,1.4739709
6.146000,1.4739709
6.148000,1.4739709
6.150000,1.4739709
6.152000,1.4739709
6.154000,1.4739709
6.156000,1.4739709
6.158000,1.4739709
6.160000,1.4739709
6.162000,1.4739709
6.164000,1.4739709
6.166000,1.4739709
6.168000,1.4739709
6.170000,1.4739709
6.172000,1.4739709
6.174000,1.4739709
6.176000,1.4739709
6.178000,1.4739709
6.180000,1.4739709
6.182000,1.4739709
6.184000,1.4739709
6.186000,1.4739709
6.188000,1.4739709
6.190000,1.4739709
6.192000,1.4739709
6.194000,1.4739709
6.196000,1.4739709
6.198000,1.4739709
6.200000,1.4739709
6.202000,1.4739709
6.204000,1.4739709
6.206000,1.4739709
6.208000,1.4739709
6.210000,1.4739709
6.212000,1.4739709
6.214000,1.4739709
6.216000,1.4739709
6.218000,1.4739709
6.220000,1.4739709
6.222000,1.4739709
6.224000,1.4739709
6.226000,1.4739709
6.228000,1.4739709
6.230000,1.4739709
6.232000,1.4739709
6.234000,1.4739709
6.236000,1.4739709
6.238000,1.4739709
6.240000,1.4739709
6.242000,1.4739709
6.244000,1.4739709
6.246000,1.4739709
6.248000,1.4739709
6.250000,1.4739709
6.252000,1.4739709
6.254000,1.4739709
6.256000,1.4739709
6.258000,1.4739709
6.260000,1.4739709
6.262000,1.4739709
6.264000,1.4739709
6.266000,1.4739709
6.268000,1.4739709
6.270000,1.4739709
6.272000,1.4739709
6.274000,1.4739709
6.276000,1.4739709
6.278000,1.4739709
6.280000,1.4739709
6.282000,1.4739709
6.284000,1.4739709
6.286000,1.4739709
6.288000,1.4739709
6.290000,1.4739709
6.292000,1.4739709
6.294000,1.4739709
6.296000,1.4739709
6.298000,1.4739709
6.300000,1.4739709
6.302000,1.4739709
6.304000,1.4739709
6.306000,1.4739709
6.308000,1.4739709
6.310000,1.4739709
6.312000,1.4739709
6.314000,1.4739709
6.316000,1.4739709
6.318000,1.4739709
6.320000,1.4739709
6.322000,1.4739709
6.324000,1.4739709
6.326000,1.4739709
6.328000,1.4739709
6.330000,1.4739709
6.332000,1.4739709
6.334000,1.4739709
6.336000,1.4739709
6.338000,1.4739709
6.340000,1.4739709
6.342000,1.4739709
6.344000,1.4739709
6.346000,1.4739709
6.348000,1.4739709
6.350000,1.4739709
6.352000,1.4739709
6.354000,1.4739709
6.356000,1.4739709
6.358000,1.4739709
6.360000,1.4739709
6.362000,1.4739709
6.364000,1.4739709
6.366000,1.4739709
6.368000,1.4739709
6.370000,1.4739709
6.372000,1.4739709
6.374000,1.4739709
6.376000,1.4739709
6.378000,1.4739709
6.380000,1.4739709
6.382000,1.4739709
6.384000,1.4739709
6.386000,1.4739709
6.388000,1.4739709
6.390000,1.4739709
6.392000,1.4739709
6.394000,1.4739709
6.396000,1.4739709
6.398000,1.4739709
6.400000,1.4739709
6.402000,1.4739709
6.404000,1.4739709
6.406000,1.4739709
6.408000,1.4739709
6.410000,1.4739709
6.412000,1.4739709
6.414000,1.4739709
6.416000,1.4739709
6.418000,1.4739709
6.420000,1.4739709
6.422000,1.4739709
6.424000,1.4739709
6.426000,1.4739709
6.428000,1.4739709
6.430000,1.4739709
6.432000,1.4739709
6.434000,1.4739709
6.436000,1.4739709
6.438000,1.4739709
6.440000,1.4739709
6.442000,1.4739709
6.444000,1.4739709
6.446000,1.4739709
6.448000,1.4739709
6.450000,1.4739709
6.452000,1.4739709
6.454000,1.4739709
6.456000,1.4739709
6.458000,1.4739709
6.460000,1.4739709
6.462000,1.4739709
6.464000,1.4739709
6.466000,1.4739709
6.468000,1.4739709
6.470000,1.4739709
6.472000,1.4739709
6.474000,1.4739709
6.476000,1.4739709
6.478000,1.4739709
6.480000,1.4739709
6.482000,1.4739709
6.484000,1.4739709
6.486000,1.4739709
6.488000,1.4739709
6.490000,1.4739709
6.492000,1.4739709
6.494000,1.4739709
6.496000,1.4739709
6.498000,1.4739709
6.500000,1.4739709
6.502000,1.4739709
6.504000,1.4739709
6.506000,1.4739709
6.508000,1.4739709
6.510000,1.4739709
6.512000,1.4739709
6.514000,1.4739709
6.516000,1.4739709
6.518000,1.4739709
6.520000,1.4739709
6.522000,1.4739709
6.524000,1.4739709
6.526000,1.4739709
6.528000,1.4739709
6.530000,1.4739709
6.532000,1.4739709
6.534000,1.4739709
6.536000,1.4739709
6.538000,1.4739709
6.540000,1.4739709
6.542000,1.4739709
6.544000,1.4739709
6.546000,1.4739709
6.548000,1.4739709
6.550000,1.4739709
6.552000,1.4739709
6.554000,1.4739709
6.556000,1.4739709
6.558000,1.4739709
6.560000,1.4739709
6.562000,1.4739709
6.564000,1.4739709
6.566000,1.4739709
6.568000,1.4739709
6.570000,1.4739709
6.572000,1.4739709
6.574000,1.4739709
6.576000,1.4739709
6.578000,1.4739709
6.580000,1.4739709
6.582000,1.4739709
6.584000,1.4739709
6.586000,1.4739709
6.588000,1.4739709
6.590000,1.4739709
6.592000,1.4739709
6.594000,1.4739709
6.596000,1.4739709
6.598000,1.4739709
6.600000,1.4739709
6.602000,1.4739709
6.604000,1.4739709
6.606000,1.4739709
6.608000,1.4739709
6.610000,1.4739709
6.612000,1.4739709
6.614000,1.4739709
6.616000,1.4739709
6.618000,1.4739709
6.620000,1.4739709
6.622000,1.4739709
6.624000,1.4739709
6.626000,1.4739709
6.628000,1.4739709
6.630000,1.4739709
6.632000,1.4739709
6.634000,1.4739709
6.636000,1.4739709
6.638000,1.4739709
6.640000,1.4739709
6.642000,1.4739709
6.644000,1.4739709
6.646000,1.4739709
6.648000,1.4739709
6.650000,1.4739709
6.652000,1.4739709
6.654000,1.4739709
6.656000,1.4739709
6.658000,1.4739709
6.660000,1.4739709
6.662000,1.4739709
6.664000,1.4739709
6.666000,1.4739709
6.668000,1.4739709
6.670000,1.4739709
6.672000,1.4739709
6.674000,1.4739709
6.676000,1.4739709
6.678000,1.4739709
6.680000,1.4739709
6.682000,1.4739709
6.684000,1.4739709
6.686000,1.4739709
6.688000,1.4739709
6.690000,1.4739709
6.692000,1.4739709
6.694000,1.4739709
6.696000,1.4739709
6.698000,1.4739709
6.700000,1.4739709
6.702000,1.4739709
6.704000,1.4739709
6.706000,1.4739709
6.708000,1.4739709
6.710000,1.4739709
6.712000,1.4739709
6.714000,1.4739709
6.716000,1.4739709
6.718000,1.4739709
6.720000,1.4739709
6.722000,1.4739709
6.724000,1.4739709
6.726000,1.4739709
6.728000,1.4739709
6.730000,1.4739709
6.732000,1.4739709
6.734000,1.4739709
6.736000,1.4739709
6.738000,1.4739709
6.740000,1.4739709
6.742000,1.4739709
6.744000,1.4739709
6.746000,1.4739709
6.748000,1.4739709
6.750000,1.4739709
6.752000,1.4739709
6.754000,1.4739709
6.756000,1.4739709
6.758000,1.4739709
6.760000,1.4739709
6.762000,1.4739709
6.764000,1.4739709
6.766000,1.4739709
6.768000,1.4739709
6.770000,1.4739709
6.772000,1.4739709
6.774000,1.4739709
6.776000,1.4739709
6.778000,1.4739709
6.780000,1.4739709
6.782000,1.4739709
6.784000,1.4739709
6.786000,1.4739709
6.788000,1.4739709
6.790000,1.4739709
6.792000,1.4739709
6.794000,1.4739709
6.796000,1.4739709
6.798000,1.4739709
6.800000,1.4739709
6.802000,1.4739709
6.804000,1.4739709
6.806000,1.4739709
6.808000,1.4739709
6.810000,1.4739709
6.812000,1.4739709
6.814000,1.4739709
6.816000,1.4739709
6.818000,1.4739709
6.820000,1.4739709
6.822000,1.4739709
6.824000,1.4739709
6.826000,1.4739709
6.828000,1.4739709
6.830000,1.4739709
6.832000,1.4739709
6.834000,1.4739709
6.836000,1.4739709
6.838000,1.4739709
6.840000,1.4739709
6.842000,1.4739709
6.844000,1.4739709
6.846000,1.4739709
6.848000,1.4739709
6.850000,1.4739709
6.852000,1.4739709
6.854000,1.4739709
6.856000,1.4739709
6.858000,1.4739709
6.860000,1.4739709
6.862000,1.4739709
6.864000,1.4739709
6.866000,1.4739709
6.868000,1.4739709
6.870000,1.4739709
6.872000,1.4739709
6.874000,1.4739709
6.876000,1.4739709
6.878000,1.4739709
6.880000,1.4739709
6.882000,1.4739709
6.884000,1.4739709
6.886000,1.4739709
6.888000,1.4739709
6.890000,1.4739709
6.892000,1.4739709
6.894000,1.4739709
6.896000,1.4739709
6.898000,1.4739709
6.900000,1.4739709
6.902000,1.4739709
6.904000,1.4739709
6.906000,1.4739709
6.908000,1.4739709
6.910000,1.4739709
6.912000,1.4739709
6.914000,1.4739709
6.916000,1.4739709
6.918000,1.4739709
6.920000,1.4739709
6.922000,1.4739709
6.924000,1.4739709
6.926000,1.4739709
6.928000,1.4739709
6.930000,1.4739709
6.932000,1.4739709
6.934000,1.4739709
6.936000,1.4739709
6.938000,1.4739709
6.940000,1.4739709
6.942000,1.4739709
6.944000,1.4739709
6.946000,1.4739709
6.948000,1.4739709
6.950000,1.4739709
6.952000,1.4739709
6.954000,1.4739709
6.956000,1.4739709
6.958000,1.4739709
6.960000,1.4739709
6.962000,1.4739709
6.964000,1.4739709
6.966000,1.4739709
6.968000,1.4739709
6.970000,1.4739709
6.972000,1.4739709
6.974000,1.4739709
6.976000,1.4739709
6.978000,1.4739709
6.980000,1.4739709
6.982000,1.4739709
6.984000,1.4739709
6.986000,1.4739709
6.988000,1.4739709
6.990000,1.4739709
6.992000,1.4739709
6.994000,1.4739709
6.996000,1.4739709
6.998000,1.4739709
7.000000,1.4739709
7.002000,1.4739709
7.004000,1.4739709
7.006000,1.4739709
7.008000,1.4739709
7.010000,1.4739709
7.012000,1.4739709
7.014000,1.4739709
7.016000,1.4739709
7.018000,1.4739709
7.020000,1.4739709
7.022000,1.4739709
7.024000,1.4739709
7.026000,1.4739709
7.028000,1.4739709
7.030000,1.4739709
7.032000,1.4739709
7.034000,1.4739709
7.036000,1.4739709
7.038000,1.4739709
7.040000,1.4739709
7.042000,1.4739709
7.044000,1.4739709
7.046000,1.4739709
7.048000,1.4739709
7.050000,1.4739709
7.052000,1.4739709
7.054000,1.4739709
7.056000,1.4739709
7.058000,1.4739709
7.060000,1.4739709
7.062000,1.4739709
7.064000,1.4739709
7.066000,1.4739709
7.068000,1.4739709
7.070000,1.4739709
7.072000,1.4739709
7.074000,1.4739709
7.076000,1.4739709
7.078000,1.4739709
7.080000,1.4739709
7.082000,1.4739709
7.084000,1.4739709
7.086000,1.4739709
7.088000,1.4739709
7.090000,1.4739709
7.092000,1.4739709
7.094000,1.4739709
7.096000,1.4739709
7.098000,1.4739709
7.100000,1.4739709
7.102000,1.4739709
7.104000,1.4739709
7.106000,1.4739709
7.108000,1.4739709
7.110000,1.4739709
7.112000,1.4739709
7.114000,1.4739709
7.116000,1.4739709
7.118000,1.4739709
7.120000,1.4739709
7.122000,1.4739709
7.124000,1.4739709
7.126000,1.4739709
7.128000,1.4739709
7.130000,1.4739709
7.132000,1.4739709
7.134000,1.4739709
7.136000,1.4739709
7.138000,1.4739709
7.140000,1.4739709
7.142000,1.4739709
7.144000,1.4739709
7.146000,1.4739709
7.148000,1.4739709
7.150000,1.4739709
7.152000,1.4739709
7.154000,1.4739709
7.156000,1.4739709
7.158000,1.4739709
7.160000,1.4739709
7.162000,1.4739709
7.164000,1.4739709
7.166000,1.4739709
7.168000,1.4739709
7.170000,1.4739709
7.172000,1.4739709
7.174000,1.4739709
7.176000,1.4739709
7.178000,1.4739709
7.180000,1.4739709
7.182000,1.4739709
7.184000,1.4739709
7.186000,1.4739709
7.188000,1.4739709
7.190000,1.4739709
7.192000,1.4739709
7.194000,1.4739709
7.196000,1.4739709
7.198000,1.4739709
7.200000,1.4739709
7.202000,1.4739709
7.204000,1.4739709
7.206000,1.4739709
7.208000,1.4739709
7.210000,1.4739709
7.212000,1.4739709
7.214000,1.4739709
7.216000,1.4739709
7.218000,1.4739709
7.220000,1.4739709
7.222000,1.4739709
7.224000,1.4739709
7.226000,1.4739709
7.228000,1.4739709
7.230000,1.4739709
7.232000,1.4739709
7.234000,1.4739709
7.236000,1.4739709
7.238000,1.4739709
7.240000,1.4739709
7.242000,1.4739709
7.244000,1.4739709
7.246000,1.4739709
7.248000,1.4739709
7.250000,1.4739709
7.252000,1.4739709
7.254000,1.4739709
7.256000,1.4739709
7.258000,1.4739709
7.260000,1.4739709
7.262000,1.4739709
7.264000,1.4739709
7.266000,1.4739709
7.268000,1.4739709
7.270000,1.4739709
7.272000,1.4739709
7.274000,1.4739709
7.276000,1.4739709
7.278000,1.4739709
7.280000,1.4739709
7.282000,1.4739709
7.284000,1.4739709
7.286000,1.4739709
7.288000,1.4739709
7.290000,1.4739709
7.292000,1.4739709
7.294000,1.4739709
7.296000,1.4739709
7.298000,1.4739709
7.300000,1.4739709
7.302000,1.4739709
7.304000,1.4739709
7.306000,1.4739709
7.308000,1.4739709
7.310000,1.4739709
7.312000,1.4739709
7.314000,1.4739709
7.316000,1.4739709
7.318000,1.4739709
7.320000,1.4739709
7.322000,1.4739709
7.324000,1.4739709
7.326000,1.4739709
7.328000,1.4739709
7.330000,1.4739709
7.332000,1.4739709
7.334000,1.4739709
7.336000,1.4739709
7.338000,1.4739709
7.340000,1.4739709
7.342000,1.4739709
7.344000,1.4739709
7.346000,1.4739709
7.348000,1.4739709
7.350000,1.4739709
7.352000,1.4739709
7.354000,1.4739709
7.356000,1.4739709
7.358000,1.4739709
7.360000,1.4739709
7.362000,1.4739709
7.364000,1.4739709
7.366000,1.4739709
7.368000,1.4739709
7.370000,1.4739709
7.372000,1.4739709
7.374000,1.4739709
7.376000,1.4739709
7.378000,1.4739709
7.380000,1.4739709
7.382000,1.4739709
7.384000,1.4739709
7.386000,1.4739709
7.388000,1.4739709
7.390000,1.4739709
7.392000,1.4739709
7.394000,1.4739709
7.396000,1.4739709
7.398000,1.4739709
7.400000,1.4739709
7.402000,1.4739709
7.404000,1.4739709
7.406000,1.4739709
7.408000,1.4739709
7.410000,1.4739709
7.412000,1.4739709
7.414000,1.4739709
7.416000,1.4739709
7.418000,1.4739709
7.420000,1.4739709
7.422000,1.4739709
7.424000,1.4739709
7.426000,1.4739709
7.428000,1.4739709
7.430000,1.4739709
7.432000,1.4739709
7.434000,1.4739709
7.436000,1.4739709
7.438000,1.4739709
7.440000,1.4739709
7.442000,1.4739709
7.444000,1.4739709
7.446000,1.4739709
7.448000,1.4739709
7.450000,1.4739709
7.452000,1.4739709
7.454000,1.4739709
7.456000,1.4739709
7.458000,1.4739709
7.460000,1.4739709
7.462000,1.4739709
7.464000,1.4739709
7.466000,1.4739709
7.468000,1.4739709
7.470000,1.4739709
7.472000,1.4739709
7.474000,1.4739709
7.476000,1.4739709
7.478000,1.4739709
7.480000,1.4739709
7.482000,1.4739709
7.484000,1.4739709
7.486000,1.4739709
7.488000,1.4739709
7.490000,1.4739709
7.492000,1.4739709
7.494000,1.4739709
7.496000,1.4739709
7.498000,1.4739709
7.500000,1.4739709
7.502000,1.4739709
7.504000,1.4739709
7.506000,1.4739709
7.508000,1.4739709
7.510000,1.4739709
7.512000,1.4739709
7.514000,1.4739709
7.516000,1.4739709
7.518000,1.4739709
7.520000,1.4739709
7.522000,1.4739709
7.524000,1.4739709
7.526000,1.4739709
7.528000,1.4739709
7.530000,1.4739709
7.532000,1.4739709
7.534000,1.4739709
7.536000,1.4739709
7.538000,1.4739709
7.540000,1.4739709
7.542000,1.4739709
7.544000,1.4739709
7.546000,1.4739709
7.548000,1.4739709
7.550000,1.4739709
7.552000,1.4739709
7.554000,1.4739709
7.556000,1.4739709
7.558000,1.4739709
7.560000,1.4739709
7.562000,1.4739709
7.564000,1.4739709
7.566000,1.4739709
7.568000,1.4739709
7.570000,1.4739709
7.572000,1.4739709
7.574000,1.4739709
7.576000,1.4739709
7.578000,1.4739709
7.580000,1.4739709
7.582000,1.4739709
7.584000,1.4739709
7.586000,1.4739709
7.588000,1.4739709
7.590000,1.4739709
7.592000,1.4739709
7.594000,1.4739709
7.596000,1.4739709
7.598000,1.4739709
7.600000,1.4739709
7.602000,1.4739709
7.604000,1.4739709
7.606000,1.4739709
7.608000,1.4739709
7.610000,1.4739709
7.612000,1.4739709
7.614000,1.4739709
7.616000,1.4739709
7.618000,1.4739709
7.620000,1.4739709
7.622000,1.4739709
7.624000,1.4739709
7.626000,1.4739709
7.628000,1.4739709
7.630000,1.4739709
7.632000,1.4739709
7.634000,1.4739709
7.636000,1.4739709
7.638000,1.4739709
7.640000,1.4739709
7.642000,1.4739709
7.644000,1.4739709
7.646000,1.4739709
7.648000,1.4739709
7.650000,1.4739709
7.652000,1.4739709
7.654000,1.4739709
7.656000,1.4739709
7.658000,1.4739709
7.660000,1.4739709
7.662000,1.4739709
7.664000,1.4739709
7.666000,1.4739709
7.668000,1.4739709
7.670000,1.4739709
7.672000,1.4739709
7.674000,1.4739709
7.676000,1.4739709
7.678000,1.4739709
7.680000,1.4739709
7.682000,1.4739709
7.684000,1.4739709
7.686000,1.4739709
7.688000,1.4739709
7.690000,1.4739709
7.692000,1.4739709
7.694000,1.4739709
7.696000,1.4739709
7.698000,1.4739709
7.700000,1.4739709
7.702000,1.4739709
7.704000,1.4739709
7.706000,1.4739709
7.708000,1.4739709
7.710000,1.4739709
7.712000,1.4739709
7.714000,1.4739709
7.716000,1.4739709
7.718000,1.4739709
7.720000,1.4739709
7.722000,1.4739709
7.724000,1.4739709
7.726000,1.4739709
7.728000,1.4739709
7.730000,1.4739709
7.732000,1.4739709
7.734000,1.4739709
7.736000,1.4739709
7.738000,1.4739709
7.740000,1.4739709
7.742000,1.4739709
7.744000,1.4739709
7.746000,1.4739709
7.748000,1.4739709
7.750000,1.4739709
7.752000,1.4739709
7.754000,1.4739709
7.756000,1.4739709
7.758000,1.4739709
7.760000,1.4739709
7.762000,1.4739709
7.764000,1.4739709
7.766000,1.4739709
7.768000,1.4739709
7.770000,1.4739709
7.772000,1.4739709
7.774000,1.4739709
7.776000,1.4739709
7.778000,1.4739709
7.780000,1.4739709
7.782000,1.4739709
7.784000,1.4739709
7.786000,1.4739709
7.788000,1.4739709
7.790000,1.4739709
7.792000,1.4739709
7.794000,1.4739709
7.796000,1.4739709
7.798000,1.4739709
7.800000,1.4739709
7.802000,1.4739709
7.804000,1.4739709
7.806000,1.4739709
7.808000,1.4739709
7.810000,1.4739709
7.812000,1.4739709
7.814000,1.4739709
7.816000,1.4739709
7.818000,1.4739709
7.820000,1.4739709
7.822000,1.4739709
7.824000,1.4739709
7.826000,1.4739709
7.828000,1.4739709
7.830000,1.4739709
7.832000,1.4739709
7.834000,1.4739709
7.836000,1.4739709
7.838000,1.4739709
7.840000,1.4739709
7.842000,1.4739709
7.844000,1.4739709
7.846000,1.4739709
7.848000,1.4739709
7.850000,1.4739709
7.852000,1.4739709
7.854000,1.4739709
7.856000,1.4739709
7.858000,1.4739709
7.860000,1.4739709
7.862000,1.4739709
7.864000,1.4739709
7.866000,1.4739709
7.868000,1.4739709
7.870000,1.4739709
7.872000,1.4739709
7.874000,1.4739709
7.876000,1.4739709
7.878000,1.4739709
7.880000,1.4739709
7.882000,1.4739709
7.884000,1.4739709
7.886000,1.4739709
7.888000,1.4739709
7.890000,1.4739709
7.892000,1.4739709
7.894000,1.4739709
7.896000,1.4739709
7.898000,1.4739709
7.900000,1.4739709
7.902000,1.4739709
7.904000,1.4739709
7.906000,1.4739709
7.908000,1.4739709
7.910000,1.4739709
7.912000,1.4739709
7.914000,1.4739709
7.916000,1.4739709
7.918000,1.4739709
7.920000,1.4739709
7.922000,1.4739709
7.924000,1.4739709
7.926000,1.4739709
7.928000,1.4739709
7.930000,1.4739709
7.932000,1.4739709
7.934000,1.4739709
7.936000,1.4739709
7.938000,1.4739709
7.940000,1.4739709
7.942000,1.4739709
7.944000,1.4739709
7.946000,1.4739709
7.948000,1.4739709
7.950000,1.4739709
7.952000,1.4739709
7.954000,1.4739709
7.956000,1.4739709
7.958000,1.4739709
7.960000,1.4739709
7.962000,1.4739709
7.964000,1.4739709
7.966000,1.4739709
7.968000,1.4739709
7.970000,1.4739709
7.972000,1.4739709
7.974000,1.4739709
7.976000,1.4739709
7.978000,1.4739709
7.980000,1.4739709
7.982000,1.4739709
7.984000,1.4739709
7.986000,1.4739709
7.988000,1.4739709
7.990000,1.4739709
7.992000,1.4739709
7.994000,1.4739709
7.996000,1.4739709
7.998000,1.4739709
8.000000,1.4739709
8.002000,1.4739709
8.004000,1.4739709
8.006000,1.4739709
8.008000,1.4739709
8.010000,1.4739709
8.012000,1.4739709
8.014000,1.4739709
8.016000,1.4739709
8.018000,1.4739709
8.020000,1.4739709
8.022000,1.4739709
8.024000,1.4739709
8.026000,1.4739709
8.028000,1.4739709
8.030000,1.4739709
8.032000,1.4739709
8.034000,1.4739709
8.036000,1.4739709
8.038000,1.4739709
8.040000,1.4739709
8.042000,1.4739709
8.044000,1.4739709
8.046000,1.4739709
8.048000,1.4739709
8.050000,1.4739709
8.052000,1.4739709
8.054000,1.4739709
8.056000,1.4739709
8.058000,1.4739709
8.060000,1.4739709
8.062000,1.4739709
8.064000,1.4739709
8.066000,1.4739709
8.068000,1.4739709
8.070000,1.4739709
8.072000,1.4739709
8.074000,1.4739709
8.076000,1.4739709
8.078000,1.4739709
8.080000,1.4739709
8.082000,1.4739709
8.084000,1.4739709
8.086000,1.4739709
8.088000,1.4739709
8.090000,1.4739709
8.092000,1.4739709
8.094000,1.4739709
8.096000,1.4739709
8.098000,1.4739709
8.100000,1.4739709
8.102000,1.4739709
8.104000,1.4739709
8.106000,1.4739709
8.108000,1.4739709
8.110000,1.4739709
8.112000,1.4739709
8.114000,1.4739709
8.116000,1.4739709
8.118000,1.4739709
8.120000,1.4739709
8.122000,1.4739709
8.124000,1.4739709
8.126000,1.4739709
8.128000,1.4739709
8.130000,1.4739709
8.132000,1.4739709
8.134000,1.4739709
8.136000,1.4739709
8.138000,1.4739709
8.140000,1.4739709
8.142000,1.4739709
8.144000,1.4739709
8.146000,1.4739709
8.148000,1.4739709
8.150000,1.4739709
8.152000,1.4739709
8.154000,1.4739709
8.156000,1.4739709
8.158000,1.4739709
8.160000,1.4739709
8.162000,1.4739709
8.164000,1.4739709
8.166000,1.4739709
8.168000,1.4739709
8.170000,1.4739709
8.172000,1.4739709
8.174000,1.4739709
8.176000,1.4739709
8.178000,1.4739709
8.180000,1.4739709
8.182000,1.4739709
8.184000,1.4739709
8.186000,1.4739709
8.188000,1.4739709
8.190000,1.4739709
8.192000,1.4739709
8.194000,1.4739709
8.196000,1.4739709
8.198000,1.4739709
8.200000,1.4739709
8.202000,1.4739709
8.204000,1.4739709
8.206000,1.4739709
8.208000,1.4739709
8.210000,1.4739709
8.212000,1.4739709
8.214000,1.4739709
8.216000,1.4739709
8.218000,1.4739709
8.220000,1.4739709
8.222000,1.4739709
8.224000,1.4739709
8.226000,1.4739709
8.228000,1.4739709
8.230000,1.4739709
8.232000,1.4739709
8.234000,1.4739709
8.236000,1.4739709
8.238000,1.4739709
8.240000,1.4739709
8.242000,1.4739709
8.244000,1.4739709
8.246000,1.4739709
8.248000,1.4739709
8.250000,1.4739709
8.252000,1.4739709
8.254000,1.4739709
8.256000,1.4739709
8.258000,1.4739709
8.260000,1.4739709
8.262000,1.4739709
8.264000,1.4739709
8.266000,1.4739709
8.268000,1.4739709
8.270000,1.4739709
8.272000,1.4739709
8.274000,1.4739709
8.276000,1.4739709
8.278000,1.4739709
8.280000,1.4739709
8.282000,1.4739709
8.284000,1.4739709
8.286000,1.4739709
8.288000,1.4739709
8.290000,1.4739709
8.292000,1.4739709
8.294000,1.4739709
8.296000,1.4739709
8.298000,1.4739709
8.300000,1.4739709
8.302000,1.4739709
8.304000,1.4739709
8.306000,1.4739709
8.308000,1.4739709
8.310000,1.4739709
8.312000,1.4739709
8.314000,1.4739709
8.316000,1.4739709
8.318000,1.4739709
8.320000,1.4739709
8.322000,1.4739709
8.324000,1.4739709
8.326000,1.4739709
8.328000,1.4739709
8.330000,1.4739709
8.332000,1.4739709
8.334000,1.4739709
8.336000,1.4739709
8.338000,1.4739709
8.340000,1.4739709
8.342000,1.4739709
8.344000,1.4739709
8.346000,1.4739709
8.348000,1.4739709
8.350000,1.4739709
8.352000,1.4739709
8.354000,1.4739709
8.356000,1.4739709
8.358000,1.4739709
8.360000,1.4739709
8.362000,1.4739709
8.364000,1.4739709
8.366000,1.4739709
8.368000,1.4739709
8.370000,1.4739709
8.372000,1.4739709
8.374000,1.4739709
8.376000,1.4739709
8.378000,1.4739709
8.380000,1.4739709
8.382000,1.4739709
8.384000,1.4739709
8.386000,1.4739709
8.388000,1.4739709
8.390000,1.4739709
8.392000,1.4739709
8.394000,1.4739709
8.396000,1.4739709
8.398000,1.4739709
8.400000,1.4739709
8.402000,1.4739709
8.404000,1.4739709
8.406000,1.4739709
8.408000,1.4739709
8.410000,1.4739709
8.412000,1.4739709
8.414000,1.4739709
8.416000,1.4739709
8.418000,1.4739709
8.420000,1.4739709
8.422000,1.4739709
8.424000,1.4739709
8.426000,1.4739709
8.428000,1.4739709
8.430000,1.4739709
8.432000,1.4739709
8.434000,1.4739709
8.436000,1.4739709
8.438000,1.4739709
8.440000,1.4739709
8.442000,1.4739709
8.444000,1.4739709
8.446000,1.4739709
8.448000,1.4739709
8.450000,1.4739709
8.452000,1.4739709
8.454000,1.4739709
8.456000,1.4739709
8.458000,1.4739709
8.460000,1.4739709
8.462000,1.4739709
8.464000,1.4739709
8.466000,1.4739709
8.468000,1.4739709
8.470000,1.4739709
8.472000,1.4739709
8.474000,1.4739709
8.476000,1.4739709
8.478000,1.4739709
8.480000,1.4739709
8.482000,1.4739709
8.484000,1.4739709
8.486000,1.4739709
8.488000,1.4739709
8.490000,1.4739709
8.492000,1.4739709
8.494000,1.4739709
8.496000,1.4739709
8.498000,1.4739709
8.500000,1.4739709
8.502000,1.4739709
8.504000,1.4739709
8.506000,1.4739709
8.508000,1.4739709
8.510000,1.4739709
8.512000,1.4739709
8.514000,1.4739709
8.516000,1.4739709
8.518000,1.4739709
8.520000,1.4739709
8.522000,1.4739709
8.524000,1.4739709
8.526000,1.4739709
8.528000,1.4739709
8.530000,1.4739709
8.532000,1.4739709
8.534000,1.4739709
8.536000,1.4739709
8.538000,1.4739709
8.540000,1.4739709
8.542000,1.4739709
8.544000,1.4739709
8.546000,1.4739709
8.548000,1.4739709
8.550000,1.4739709
8.552000,1.4739709
8.554000,1.4739709
8.556000,1.4739709
8.558000,1.4739709
8.560000,1.4739709
8.562000,1.4739709
8.564000,1.4739709
8.566000,1.4739709
8.568000,1.4739709
8.570000,1.4739709
8.572000,1.4739709
8.574000,1.4739709
8.576000,1.4739709
8.578000,1.4739709
8.580000,1.4739709
8.582000,1.4739709
8.584000,1.4739709
8.586000,1.4739709
8.588000,1.4739709
8.590000,1.4739709
8.592000,1.4739709
8.594000,1.4739709
8.596000,1.4739709
8.598000,1.4739709
8.600000,1.4739709
8.602000,1.4739709
8.604000,1.4739709
8.606000,1.4739709
8.608000,1.4739709
8.610000,1.4739709
8.612000,1.4739709
8.614000,1.4739709
8.616000,1.4739709
8.618000,1.4739709
8.620000,1.4739709
8.622000,1.4739709
8.624000,1.4739709
8.626000,1.4739709
8.628000,1.4739709
8.630000,1.4739709
8.632000,1.4739709
8.634000,1.4739709
8.636000,1.4739709
8.638000,1.4739709
8.640000,1.4739709
8.642000,1.4739709
8.644000,1.4739709
8.646000,1.4739709
8.648000,1.4739709
8.650000,1.4739709
8.652000,1.4739709
8.654000,1.4739709
8.656000,1.4739709
8.658000,1.4739709
8.660000,1.4739709
8.662000,1.4739709
8.664000,1.4739709
8.666000,1.4739709
8.668000,1.4739709
8.670000,1.4739709
8.672000,1.4739709
8.674000,1.4739709
8.676000,1.4739709
8.678000,1.4739709
8.680000,1.4737575
8.682000,1.4718906
8.684000,1.4701571
8.686000,1.4681568
8.688000,1.4662366
8.690000,1.4643964
8.692000,1.4625561
8.694000,1.4607426
8.696000,1.4587423
8.698000,1.4570888
8.700000,1.4551952
8.702000,1.4533550
8.704000,1.4513814
8.706000,1.4496479
8.708000,1.4478876
8.710000,1.4459407
8.712000,1.4441005
8.714000,1.4423403
8.716000,1.4403934
8.718000,1.4385265
8.720000,1.4367396
8.722000,1.4349527
8.724000,1.4330858
8.726000,1.4311922
8.728000,1.4294320
8.730000,1.4276451
8.732000,1.4256982
8.734000,1.4238846
8.736000,1.4219911
8.738000,1.4202308
8.740000,1.4182839
8.742000,1.4164437
8.744000,1.4146835
8.746000,1.4127899
8.748000,1.4109764
8.750000,1.4091361
8.752000,1.4074026
8.754000,1.4055357
8.756000,1.4036421
8.758000,1.4020419
8.760000,1.4002550
8.762000,1.3984414
8.764000,1.3966012
8.766000,1.3948677
8.768000,1.3931608
8.770000,1.3912672
8.772000,1.3895070
8.774000,1.3876668
8.776000,1.3860399
8.778000,1.3840663
8.780000,1.3824395
8.782000,1.3806792
8.784000,1.3789990
8.786000,1.3771321
8.788000,1.3752919
8.790000,1.3736117
8.792000,1.3717981
8.794000,1.3698512
8.796000,1.3680376
8.798000,1.3663041
8.800000,1.3645706
8.802000,1.3626503
8.804000,1.3609168
8.806000,1.3592632
8.808000,1.3574763
8.810000,1.3556094
8.812000,1.3538759
8.814000,1.3522490
8.816000,1.3503288
8.818000,1.3486486
8.820000,1.3468350
8.822000,1.3451548
8.824000,1.3434479
8.826000,1.3416077
8.828000,1.3398741
8.830000,1.3382206
8.832000,1.3364870
8.834000,1.3346735
8.836000,1.3330466
8.838000,1.3312864
8.840000,1.3296062
8.842000,1.3277126
8.844000,1.3261124
8.846000,1.3242722
8.848000,1.3225653
8.850000,1.3207784
8.852000,1.3190715
8.854000,1.3175513
8.856000,1.3156044
8.858000,1.3140576
8.860000,1.3123240
8.862000,1.3108305
8.864000,1.3089903
8.866000,1.3072301
8.868000,1.3056032
8.870000,1.3039496
8.872000,1.3022694
8.874000,1.3003759
8.876000,1.2987757
8.878000,1.2971488
8.880000,1.2954953
8.882000,1.2937084
8.884000,1.2920015
8.886000,1.2904813
8.888000,1.2887744
8.890000,1.2870409
8.892000,1.2853340
8.894000,1.2837604
8.896000,1.2819736
8.898000,1.2802133
8.900000,1.2784798
8.902000,1.2769329
8.904000,1.2751994
8.906000,1.2734925
8.908000,1.2717056
8.910000,1.2701054
8.912000,1.2685852
8.914000,1.2667717
8.916000,1.2651448
8.918000,1.2635713
8.920000,1.2619711
8.922000,1.2602375
8.924000,1.2584773
8.926000,1.2569571
8.928000,1.2553036
8.930000,1.2536234
8.932000,1.2519698
8.934000,1.2503429
8.936000,1.2487961
8.938000,1.2471692
8.940000,1.2456224
8.942000,1.2438888
8.944000,1.2423953
8.946000,1.2407151
8.948000,1.2390349
8.950000,1.2373813
8.952000,1.2357544
8.954000,1.2342076
8.956000,1.2325274
8.958000,1.2309272
8.960000,1.2294070
8.962000,1.2278601
8.964000,1.2262333
8.966000,1.2244730
8.968000,1.2228995
8.970000,1.2213527
8.972000,1.2196724
8.974000,1.2179656
8.976000,1.2163387
8.978000,1.2148452
8.980000,1.2132183
8.982000,1.2114848
8.984000,1.2099379
8.986000,1.2083644
8.988000,1.2068175
8.990000,1.2051373
8.992000,1.2035371
8.994000,1.2019636
8.996000,1.2004167
8.998000,1.1987365
9.000000,1.1970829
9.002000,1.1955628
9.004000,1.1939626
9.006000,1.1924957
9.008000,1.1907888
9.010000,1.1892686
9.012000,1.1877751
9.014000,1.1862549
9.016000,1.1846547
9.018000,1.1829745
9.020000,1.1815343
9.022000,1.1800142
9.024000,1.1785206
9.026000,1.1769471
9.028000,1.1754536
9.030000,1.1738800
9.032000,1.1724399
9.034000,1.1707597
9.036000,1.1691595
9.038000,1.1676393
9.040000,1.1661458
9.042000,1.1645722
9.044000,1.1629720
9.046000,1.1615052
9.048000,1.1600116
9.050000,1.1585448
9.052000,1.1568913
9.054000,1.1552644
9.056000,1.1537709
9.058000,1.1523574
9.060000,1.1508105
9.062000,1.1491836
9.064000,1.1476901
9.066000,1.1462766
9.068000,1.1447297
9.070000,1.1431029
9.072000,1.1415560
9.074000,1.1400358
9.076000,1.1386490
9.078000,1.1369688
9.080000,1.1354753
9.082000,1.1340084
9.084000,1.1325682
9.086000,1.1310480
9.088000,1.1295545
9.090000,1.1279810
9.092000,1.1264875
9.094000,1.1250739
9.096000,1.1236338
9.098000,1.1220602
9.100000,1.1205667
9.102000,1.1192065
9.104000,1.1177130
9.106000,1.1162995
9.108000,1.1147527
9.110000,1.1133925
9.112000,1.1120056
9.114000,1.1107788
9.116000,1.1092586
9.118000,1.1077651
9.120000,1.1062449
9.122000,1.1048048
9.124000,1.1033379
9.126000,1.1016310
9.128000,1.1001108
9.130000,1.0985640
9.132000,1.0972038
9.134000,1.0956036
9.136000,1.0942434
9.138000,1.0928033
9.140000,1.0913897
9.142000,1.0900029
9.144000,1.0885361
9.146000,1.0870959
9.148000,1.0855223
9.150000,1.0841888
9.152000,1.0827220
9.154000,1.0811218
9.156000,1.0796549
9.158000,1.0782681
9.160000,1.0768012
9.162000,1.0753077
9.164000,1.0737875
9.166000,1.0723474
9.168000,1.0709605
9.170000,1.0695470
9.172000,1.0681602
9.174000,1.0666400
9.176000,1.0652531
9.178000,1.0639463
9.180000,1.0625595
9.182000,1.0610393
9.184000,1.0596524
9.186000,1.0582389
9.188000,1.0568521
9.190000,1.0554919
9.192000,1.0541051
9.194000,1.0526649
9.196000,1.0511447
9.198000,1.0499712
9.200000,1.0484510
9.202000,1.0471175
9.204000,1.0456507
9.206000,1.0443172
9.208000,1.0430104
9.210000,1.0416769
9.212000,1.0403434
9.214000,1.0388765
9.216000,1.0375430
9.218000,1.0361828
9.220000,1.0348493
9.222000,1.0333291
9.224000,1.0319423
9.226000,1.0305288
9.228000,1.0293020
9.230000,1.0279418
9.232000,1.0266617
9.234000,1.0252215
9.236000,1.0239146
9.238000,1.0226345
9.240000,1.0211676
9.242000,1.0198875
9.244000,1.0183673
9.246000,1.0170338
9.248000,1.0156203
9.250000,1.0142868
9.252000,1.0130066
9.254000,1.0115398
9.256000,1.0102063
9.258000,1.0088461
9.260000,1.0075659
9.262000,1.0060457
9.264000,1.0046589
9.266000,1.0032454
9.268000,1.0019652
9.270000,1.0005784
9.272000,0.9992182
9.274000,0.9978314
9.276000,0.9965246
9.278000,0.9952444
9.280000,0.9939909
9.282000,0.9926574
9.284000,0.9912706
9.286000,0.9899104
9.288000,0.9886836
9.290000,0.9874301
9.292000,0.9860966
9.294000,0.9847364
9.296000,0.9834029
9.298000,0.9822294
9.300000,0.9808693
9.302000,0.9795891
9.304000,0.9782823
9.306000,0.9769488
9.308000,0.9755886
9.310000,0.9744151
9.312000,0.9731350
9.314000,0.9718815
9.316000,0.9704946
9.318000,0.9690811
9.320000,0.9679610
9.322000,0.9665475
9.324000,0.9653207
9.326000,0.9638271
9.328000,0.9625203
9.330000,0.9612401
9.332000,0.9599867
9.334000,0.9587598
9.336000,0.9573997
9.338000,0.9561728
9.340000,0.9547860
9.342000,0.9536392
9.344000,0.9524657
9.346000,0.9511055
9.348000,0.9497720
9.350000,0.9484919
9.352000,0.9471850
9.354000,0.9460116
9.356000,0.9448114
9.358000,0.9435313
9.360000,0.9422244
9.362000,0.9409976
9.364000,0.9398241
9.366000,0.9385173
9.368000,0.9372371
9.370000,0.9358770
9.372000,0.9345435
9.374000,0.9333166
9.376000,0.9321165
9.378000,0.9308363
9.380000,0.9295295
9.382000,0.9283027
9.384000,0.9271826
9.386000,0.9259291
9.388000,0.9247556
9.390000,0.9235021
9.392000,0.9222219
9.394000,0.9209418
9.396000,0.9196349
9.398000,0.9185148
9.400000,0.9173147
9.402000,0.9159812
9.404000,0.9147543
9.406000,0.9136075
9.408000,0.9123274
9.410000,0.9111272
9.412000,0.9098470
9.414000,0.9086736
9.416000,0.9072601
9.418000,0.9061933
9.420000,0.9048864
9.422000,0.9037663
9.424000,0.9025395
9.426000,0.9013393
9.428000,0.9001125
9.430000,0.8990190
9.432000,0.8978455
9.434000,0.8966187
9.436000,0.8953652
9.438000,0.8940851
9.440000,0.8928316
9.442000,0.8916581
9.444000,0.8905380
9.446000,0.8893912
9.448000,0.8881110
9.450000,0.8869642
9.452000,0.8857907
9.454000,0.8847239
9.456000,0.8835771
9.458000,0.8823503
9.460000,0.8811235
9.462000,0.8798700
9.464000,0.8786965
9.466000,0.8775497
9.468000,0.8763762
9.470000,0.8752027
9.472000,0.8738959
9.474000,0.8727224
9.476000,0.8716289
9.478000,0.8704555
9.480000,0.8692820
9.482000,0.8679218
9.484000,0.8668017
9.486000,0.8655482
9.488000,0.8643747
9.490000,0.8632546
9.492000,0.8621078
9.494000,0.8609343
9.496000,0.8597608
9.498000,0.8586673
9.500000,0.8575472
9.502000,0.8564004
9.504000,0.8553336
9.506000,0.8541068
9.508000,0.8529066
9.510000,0.8517331
9.512000,0.8506663
9.514000,0.8495729
9.516000,0.8486127
9.518000,0.8473859
9.520000,0.8462924
9.522000,0.8452790
9.524000,0.8441855
9.526000,0.8431721
9.528000,0.8419986
9.530000,0.8408518
9.532000,0.8396249
9.534000,0.8384515
9.536000,0.8372513
9.538000,0.8361845
9.540000,0.8350377
9.542000,0.8338642
9.544000,0.8327974
9.546000,0.8315439
9.548000,0.8305305
9.550000,0.8294637
9.552000,0.8283702
9.554000,0.8271434
9.556000,0.8259699
9.558000,0.8248231
9.560000,0.8236496
9.562000,0.8225561
9.564000,0.8214893
9.566000,0.8203692
9.568000,0.8192224
9.570000,0.8181556
9.572000,0.8171421
9.574000,0.8159420
9.576000,0.8149285
9.578000,0.8138084
9.580000,0.8126616
9.582000,0.8115414
9.584000,0.8103413
9.586000,0.8093278
9.588000,0.8082077
9.590000,0.8072209
9.592000,0.8060474
9.594000,0.8049273
9.596000,0.8037271
9.598000,0.8027137
9.600000,0.8016469
9.602000,0.8004467
9.604000,0.7993266
9.606000,0.7982331
9.608000,0.7971130
9.610000,0.7961528
9.612000,0.7950594
9.614000,0.7940459
9.616000,0.7929791
9.618000,0.7918856
9.620000,0.7908188
9.622000,0.7896987
9.624000,0.7887119
9.626000,0.7876985
9.628000,0.7866317
9.630000,0.7854848
9.632000,0.7843647
9.634000,0.7832979
9.636000,0.7822044
9.638000,0.7812443
9.640000,0.7801775
9.642000,0.7791907
9.644000,0.7781239
9.646000,0.7770571
9.648000,0.7760703
9.650000,0.7750569
9.652000,0.7740434
9.654000,0.7729499
9.656000,0.7719365
9.658000,0.7707897
9.660000,0.7697229
9.662000,0.7686027
9.664000,0.7676159
9.666000,0.7666025
9.668000,0.7655890
9.670000,0.7645489
9.672000,0.7634821
9.674000,0.7625220
9.676000,0.7614818
9.678000,0.7604684
9.680000,0.7595083
9.682000,0.7583081
9.684000,0.7572946
9.686000,0.7562279
9.688000,0.7551344
9.690000,0.7541743
9.692000,0.7532141
9.694000,0.7522807
9.696000,0.7512139
9.698000,0.7502004
9.700000,0.7491603
9.702000,0.7482002
9.704000,0.7472934
9.706000,0.7461999
9.708000,0.7452398
9.710000,0.7441197
9.712000,0.7430795
9.714000,0.7420127
9.716000,0.7410526
9.718000,0.7400125
9.720000,0.7389990
9.722000,0.7380923
9.724000,0.7369988
9.726000,0.7359853
9.728000,0.7349719
9.730000,0.7340384
9.732000,0.7330783
9.734000,0.7320648
9.736000,0.7311047
9.738000,0.7300112
9.740000,0.7289978
9.742000,0.7279577
9.744000,0.7269442
9.746000,0.7260374
9.748000,0.7250239
9.750000,0.7240372
9.752000,0.7231304
9.754000,0.7221169
9.756000,0.7210768
9.758000,0.7201700
9.760000,0.7192632
9.762000,0.7182231
9.764000,0.7172630
9.766000,0.7162495
9.768000,0.7152094
9.770000,0.7142493
9.772000,0.7132358
9.774000,0.7123024
9.776000,0.7113422
9.778000,0.7104888
9.780000,0.7095020
9.782000,0.7085952
9.784000,0.7076351
9.786000,0.7066750
9.788000,0.7057415
9.790000,0.7046747
9.792000,0.7037680
9.794000,0.7026745
9.796000,0.7017144
9.798000,0.7007009
9.800000,0.6997141
9.802000,0.6988607
9.804000,0.6979006
9.806000,0.6970738
9.808000,0.6960603
9.810000,0.6952069
9.812000,0.6942201
9.814000,0.6933133
9.816000,0.6924599
9.818000,0.6914998
9.820000,0.6905663
9.822000,0.6895528
9.824000,0.6885927
9.826000,0.6876059
9.828000,0.6866458
9.830000,0.6856857
9.832000,0.6848056
9.834000,0.6838988
9.836000,0.6830454
9.838000,0.6821386
9.840000,0.6812051
9.842000,0.6802984
9.844000,0.6793916
9.846000,0.6785115
9.848000,0.6776047
9.850000,0.6766979
9.852000,0.6756044
9.854000,0.6746977
9.856000,0.6736309
9.858000,0.6727508
9.860000,0.6717373
9.862000,0.6708839
9.864000,0.6699771
9.866000,0.6689903
9.868000,0.6681368
9.870000,0.6671234
9.872000,0.6664033
9.874000,0.6653898
9.876000,0.6646431
9.878000,0.6636029
9.880000,0.6627495
9.882000,0.6617894
9.884000,0.6608826
9.886000,0.6599491
9.888000,0.6589357
9.890000,0.6580822
9.892000,0.6571488
9.894000,0.6563487
9.896000,0.6554419
9.898000,0.6545351
9.900000,0.6536017
9.902000,0.6527483
9.904000,0.6518415
9.906000,0.6509614
9.908000,0.6501079
9.910000,0.6492545
9.912000,0.6482677
9.914000,0.6474142
9.916000,0.6465075
9.918000,0.6456007
9.920000,0.6447206
9.922000,0.6439205
9.924000,0.6430670
9.926000,0.6422403
9.928000,0.6414402
9.930000,0.6405867
9.932000,0.6396799
9.934000,0.6387998
9.936000,0.6379997
9.938000,0.6371463
9.940000,0.6362395
9.942000,0.6353061
9.944000,0.6343993
9.946000,0.6335458
9.948000,0.6326124
9.950000,0.6317590
9.952000,0.6308522
9.954000,0.6300521
9.956000,0.6292253
9.958000,0.6284252
9.960000,0.6275718
9.962000,0.6266917
9.964000,0.6258382
9.966000,0.6250381
9.968000,0.6242380
9.970000,0.6233046
9.972000,0.6225578
9.974000,0.6216510
9.976000,0.6207709
9.978000,0.6198641
9.980000,0.6190107
9.982000,0.6181039
9.984000,0.6172238
9.986000,0.6164237
9.988000,0.6156236
9.990000,0.6148235
9.992000,0.6139967
9.994000,0.6131966
9.996000,0.6123432
9.998000,0.6115164
10.000000,0.6107163
10.002000,0.6099162
10.004000,0.6091161
10.006000,0.6081827
10.008000,0.6073826
10.010000,0.6065291
10.012000,0.6056224
10.014000,0.6047956
10.016000,0.6038888
10.018000,0.6030887
10.020000,0.6022619
10.022000,0.6014085
10.024000,0.6006084
10.026000,0.5998616
10.028000,0.5989815
10.030000,0.5981281
10.032000,0.5973813
10.034000,0.5966346
10.036000,0.5958611
10.038000,0.5951144
10.040000,0.5943143
10.042000,0.5935675
10.044000,0.5926341
10.046000,0.5918340
10.048000,0.5909805
10.050000,0.5901004
10.052000,0.5893003
10.054000,0.5884469
10.056000,0.5877535
10.058000,0.5869267
10.060000,0.5861799
10.062000,0.5853798
10.064000,0.5846331
10.066000,0.5839130
10.068000,0.5831129
10.070000,0.5824195
10.072000,0.5817260
10.074000,0.5809526
10.076000,0.5802059
10.078000,0.5795658
10.080000,0.5788190
10.082000,0.5781256
10.084000,0.5773522
10.086000,0.5766054
10.088000,0.5757520
10.090000,0.5750052
10.092000,0.5741251
10.094000,0.5732183
10.096000,0.5724716
10.098000,0.5714848
10.100000,0.5707913
10.102000,0.5698846
10.104000,0.5692445
10.106000,0.5684177
10.108000,0.5676710
10.110000,0.5669242
10.112000,0.5661241
10.114000,0.5652973
10.116000,0.5644972
10.118000,0.5636971
10.120000,0.5628970
10.122000,0.5621236
10.124000,0.5614302
10.126000,0.5606301
10.128000,0.5599367
10.130000,0.5591632
10.132000,0.5584698
10.134000,0.5576697
10.136000,0.5568696
10.138000,0.5561495
10.140000,0.5554561
10.142000,0.5546560
10.144000,0.5539626
10.146000,0.5531358
10.148000,0.5524424
10.150000,0.5516956
10.152000,0.5508955
10.154000,0.5501221
10.156000,0.5493220
10.158000,0.5485752
10.160000,0.5478285
10.162000,0.5471084
10.164000,0.5463616
10.166000,0.5456682
10.168000,0.5449748
10.170000,0.5442014
10.172000,0.5434546
10.174000,0.5428145
10.176000,0.5420677
10.178000,0.5413210
10.180000,0.5406009
10.182000,0.5398541
10.184000,0.5391074
10.186000,0.5383606
10.188000,0.5375872
10.190000,0.5367871
10.192000,0.5359870
10.194000,0.5352402
10.196000,0.5344135
10.198000,0.5337734
10.200000,0.5329733
10.202000,0.5322799
10.204000,0.5315064
10.206000,0.5307597
10.208000,0.5301196
10.210000,0.5293728
10.212000,0.5287061
10.214000,0.5280127
10.216000,0.5273726
10.218000,0.5266792
10.220000,0.5258524
10.222000,0.5253190
10.224000,0.5245189
10.226000,0.5237721
10.228000,0.5230254
10.230000,0.5222519
10.232000,0.5215585
10.234000,0.5207584
10.236000,0.5201183
10.238000,0.5193449
10.240000,0.5186515
10.242000,0.5179047
10.244000,0.5172646
10.246000,0.5165446
10.248000,0.5158511
10.250000,0.5151577
10.252000,0.5145176
10.254000,0.5138776
10.256000,0.5132108
10.258000,0.5125707
10.260000,0.5118240
10.262000,0.5111839
10.264000,0.5104105
10.266000,0.5097170
10.268000,0.5089169
10.270000,0.5082235
10.272000,0.5074501
10.274000,0.5067567
10.276000,0.5061166
10.278000,0.5053698
10.280000,0.5047831
10.282000,0.5040630
10.284000,0.5034229
10.286000,0.5028362
10.288000,0.5020894
10.290000,0.5015027
10.292000,0.5007293
10.294000,0.5001425
10.296000,0.4994491
10.298000,0.4988090
10.300000,0.4981423
10.302000,0.4974488
10.304000,0.4968621
10.306000,0.4960087
10.308000,0.4954219
10.310000,0.4945951
10.312000,0.4940084
10.314000,0.4932616
10.316000,0.4926749
10.318000,0.4920082
10.320000,0.4913147
10.322000,0.4907280
10.324000,0.4900346
10.326000,0.4893412
10.328000,0.4886744
10.330000,0.4879810
10.332000,0.4874476
10.334000,0.4867008
10.336000,0.4860874
10.338000,0.4853940
10.340000,0.4848073
10.342000,0.4841138
10.344000,0.4834204
10.346000,0.4828603
10.348000,0.4820603
10.350000,0.4814735
10.352000,0.4807267
10.354000,0.4801400
10.356000,0.4794199
10.358000,0.4788332
10.360000,0.4782464
10.362000,0.4776064
10.364000,0.4770196
10.366000,0.4762995
10.368000,0.4758195
10.370000,0.4750727
10.372000,0.4745393
10.374000,0.4737125
10.376000,0.4731791
10.378000,0.4725391
10.380000,0.4718990
10.382000,0.4713122
10.384000,0.4705921
10.386000,0.4700054
10.388000,0.4693120
10.390000,0.4687786
10.392000,0.4680318
10.394000,0.4674184
10.396000,0.4666717
10.398000,0.4660316
10.400000,0.4654448
10.402000,0.4648048
10.404000,0.4641914
10.406000,0.4635513
10.408000,0.4629645
10.410000,0.4623244
10.412000,0.4617377
10.414000,0.4611243
10.416000,0.4604842
10.418000,0.4598975
10.420000,0.4592574
10.422000,0.4586707
10.424000,0.4580573
10.426000,0.4573638
10.428000,0.4567237
10.430000,0.4560837
10.432000,0.4554169
10.434000,0.4547768
10.436000,0.4541368
10.438000,0.4534967
10.440000,0.4528566
10.442000,0.4521899
10.444000,0.4516564
10.446000,0.4509630
10.448000,0.4504830
10.450000,0.4497895
10.452000,0.4492295
10.454000,0.4486961
10.456000,0.4480560
10.458000,0.4475759
10.460000,0.4469359
10.462000,0.4464558
10.464000,0.4458424
10.466000,0.4453623
10.468000,0.4448289
10.470000,0.4442422
10.472000,0.4437088
10.474000,0.4430420
10.476000,0.4424553
10.478000,0.4417619
10.480000,0.4411218
10.482000,0.4404284
10.484000,0.4398683
10.486000,0.4391749
10.488000,0.4385882
10.490000,0.4379481
10.492000,0.4374147
10.494000,0.4368013
10.496000,0.4362679
10.498000,0.4356811
10.500000,0.4351477
10.502000,0.4346677
10.504000,0.4340009
10.506000,0.4334675
10.508000,0.4328274
10.510000,0.4323474
10.512000,0.4317606
10.514000,0.4312272
10.516000,0.4306138
10.518000,0.4300271
10.520000,0.4294937
10.522000,0.4289069
10.524000,0.4283735
10.526000,0.4277068
10.528000,0.4271201
10.530000,0.4265867
10.532000,0.4259999
10.534000,0.4254132
10.536000,0.4247998
10.538000,0.4241597
10.540000,0.4236263
10.542000,0.4230395
10.544000,0.4225061
10.546000,0.4219194
10.548000,0.4213593
10.550000,0.4208793
10.552000,0.4202392
10.554000,0.4197591
10.556000,0.4191724
10.558000,0.4186657
10.560000,0.4181856
10.562000,0.4175989
10.564000,0.4171188
10.566000,0.4164787
10.568000,0.4159987
10.570000,0.4153319
10.572000,0.4147985
10.574000,0.4142118
10.576000,0.4136784
10.578000,0.4130916
10.580000,0.4124782
10.582000,0.4119448
10.584000,0.4113581
10.586000,0.4108247
10.588000,0.4102379
10.590000,0.4098112
10.592000,0.4091445
10.594000,0.4087177
10.596000,0.4081310
10.598000,0.4076510
10.600000,0.4070642
10.602000,0.4066375
10.604000,0.4060241
10.606000,0.4055974
10.608000,0.4050106
10.610000,0.4045306
10.612000,0.4039972
10.614000,0.4034371
10.616000,0.4029570
10.618000,0.4023170
10.620000,0.4018369
10.622000,0.4012502
10.624000,0.4007701
10.626000,0.4001033
10.628000,0.3996233
10.630000,0.3989832
10.632000,0.3985031
10.634000,0.3978631
10.636000,0.3973030
10.638000,0.3968229
10.640000,0.3961829
10.642000,0.3957028
10.644000,0.3951160
10.646000,0.3946360
10.648000,0.3940759
10.650000,0.3935425
10.652000,0.3930625
10.654000,0.3925291
10.656000,0.3920490
10.658000,0.3915156
10.660000,0.3911156
10.662000,0.3905822
10.664000,0.3900487
10.666000,0.3896754
10.668000,0.3891420
10.670000,0.3886619
10.672000,0.3880485
10.674000,0.3876218
10.676000,0.3870350
10.678000,0.3865016
10.680000,0.3859682
10.682000,0.3853815
10.684000,0.3848748
10.686000,0.3842880
10.688000,0.3837013
10.690000,0.3831679
10.692000,0.3826345
10.694000,0.3821544
10.696000,0.3816477
10.698000,0.3811676
10.700000,0.3806876
10.702000,0.3802609
10.704000,0.3798341
10.706000,0.3794074
10.708000,0.3789540
10.710000,0.3784740
10.712000,0.3779939
10.714000,0.3775138
10.716000,0.3770338
10.718000,0.3765537
10.720000,0.3760203
10.722000,0.3755136
10.724000,0.3750335
10.726000,0.3745001
10.728000,0.3740201
10.730000,0.3734867
10.732000,0.3730066
10.734000,0.3724999
10.736000,0.3719665
10.738000,0.3714331
10.740000,0.3709530
10.742000,0.3704196
10.744000,0.3699396
10.746000,0.3694862
10.748000,0.3689528
10.750000,0.3685261
10.752000,0.3679927
10.754000,0.3676193
10.756000,0.3671392
10.758000,0.3666858
10.760000,0.3662058
10.762000,0.3657257
10.764000,0.3652990
10.766000,0.3648189
10.768000,0.3643389
10.770000,0.3639121
10.772000,0.3634054
10.774000,0.3629787
10.776000,0.3625520
10.778000,0.3620719
10.780000,0.3616452
10.782000,0.3611651
10.784000,0.3607918
10.786000,0.3601783
10.788000,0.3598583
10.790000,0.3592716
10.792000,0.3589515
10.794000,0.3583648
10.796000,0.3579381
10.798000,0.3573780
10.800000,0.3568979
10.802000,0.3564179
10.804000,0.3558845
10.806000,0.3554578
10.808000,0.3549244
10.810000,0.3545510
10.812000,0.3539909
10.814000,0.3535642
10.816000,0.3530308
10.818000,0.3526574
10.820000,0.3521774
10.822000,0.3518040
10.824000,0.3512972
10.826000,0.3509239
10.828000,0.3504438
10.830000,0.3500704
10.832000,0.3496437
10.834000,0.3491636
10.836000,0.3487903
10.838000,0.3482302
10.840000,0.3478568
10.842000,0.3472701
10.844000,0.3468967
10.846000,0.3463633
10.848000,0.3459366
10.850000,0.3454032
10.852000,0.3449498
10.854000,0.3444164
10.856000,0.3439897
10.858000,0.3435096
10.860000,0.3430829
10.862000,0.3426562
10.864000,0.3420961
10.866000,0.3417227
10.868000,0.3412426
10.870000,0.3408693
10.872000,0.3403892
10.874000,0.3399625
10.876000,0.3395358
10.878000,0.3391357
10.880000,0.3387090
10.882000,0.3382823
10.884000,0.3379089
10.886000,0.3374822
10.888000,0.3370555
10.890000,0.3366287
10.892000,0.3362020
10.894000,0.3358553
10.896000,0.3353753
10.898000,0.3350019
10.900000,0.3345218
10.902000,0.3342018
10.904000,0.3336684
10.906000,0.3332950
10.908000,0.3327883
10.910000,0.3323615
10.912000,0.3318815
10.914000,0.3314014
10.916000,0.3310280
10.918000,0.3304413
10.920000,0.3301213
10.922000,0.3295612
10.924000,0.3291878
10.926000,0.3287078
10.928000,0.3283344
10.930000,0.3278010
10.932000,0.3273743
10.934000,0.3268675
10.936000,0.3264408
10.938000,0.3260141
10.940000,0.3255874
10.942000,0.3252140
10.944000,0.3248406
10.946000,0.3244139
10.948000,0.3239872
10.950000,0.3236938
10.952000,0.3232137
10.954000,0.3228403
10.956000,0.3224136
10.958000,0.3220936
10.960000,0.3216669
10.962000,0.3212935
10.964000,0.3209734
10.966000,0.3205201
10.968000,0.3201467
10.970000,0.3196666
10.972000,0.3193466
10.974000,0.3189199
10.976000,0.3185465
10.978000,0.3180664
10.980000,0.3176130
10.982000,0.3171863
10.984000,0.3167596
10.986000,0.3163329
10.988000,0.3158528
10.990000,0.3154794
10.992000,0.3150527
10.994000,0.3145993
10.996000,0.3142259
10.998000,0.3137459
11.000000,0.3134258
11.002000,0.3129991
11.004000,0.3126791
11.006000,0.3123057
11.008000,0.3119323
11.010000,0.3115323
11.012000,0.3111589
11.014000,0.3108388
11.016000,0.3104655
11.018000,0.3100388
11.020000,0.3096654
11.022000,0.3092920
11.024000,0.3088653
11.026000,0.3085186
11.028000,0.3081452
11.030000,0.3077185
11.032000,0.3073451
11.034000,0.3069717
11.036000,0.3065983
11.038000,0.3062249
11.040000,0.3058516
11.042000,0.3054515
11.044000,0.3050781
11.046000,0.3046514
11.048000,0.3042780
11.050000,0.3038513
11.052000,0.3034246
11.054000,0.3029979
11.056000,0.3025712
11.058000,0.3022244
11.060000,0.3017444
11.062000,0.3014243
11.064000,0.3009976
11.066000,0.3006242
11.068000,0.3002509
11.070000,0.2998241
11.072000,0.2995574
11.074000,0.2991041
11.076000,0.2987840
11.078000,0.2984106
11.080000,0.2980906
11.082000,0.2977172
11.084000,0.2973972
11.086000,0.2970771
11.088000,0.2967037
11.090000,0.2963837
11.092000,0.2959837
11.094000,0.2956636
11.096000,0.2952902
11.098000,0.2949169
11.100000,0.2944901
11.102000,0.2941701
11.104000,0.2937967
11.106000,0.2934767
11.108000,0.2930233
11.110000,0.2927033
11.112000,0.2923832
11.114000,0.2920098
11.116000,0.2916898
11.118000,0.2912631
11.120000,0.2909430
11.122000,0.2905697
11.124000,0.2902229
11.126000,0.2897962
11.128000,0.2894228
11.130000,0.2890495
11.132000,0.2887294
11.134000,0.2883560
11.136000,0.2879827
11.138000,0.2876093
11.140000,0.2872359
11.142000,0.2868892
11.144000,0.2865158
11.146000,0.2861958
11.148000,0.2858224
11.150000,0.2854490
11.152000,0.2850756
11.154000,0.2848089
11.156000,0.2843822
11.158000,0.2840355
11.160000,0.2836621
11.162000,0.2833421
11.164000,0.2830220
11.166000,0.2827020
11.168000,0.2823820
11.170000,0.2820086
11.172000,0.2817419
11.174000,0.2813685
11.176000,0.2810218
11.178000,0.2807018
11.180000,0.2804351
11.182000,0.2800617
11.184000,0.2797416
11.186000,0.2794216
11.188000,0.2791016
11.190000,0.2787282
11.192000,0.2784081
11.194000,0.2780881
11.196000,0.2776347
11.198000,0.2774213
11.200000,0.2769946
11.202000,0.2766746
11.204000,0.2763012
11.206000,0.2759278
11.208000,0.2755544
11.210000,0.2751811
11.212000,0.2747810
11.214000,0.2744076
11.216000,0.2740342
11.218000,0.2736609
11.220000,0.2732875
11.222000,0.2730208
11.224000,0.2726474
11.226000,0.2723274
11.228000,0.2720607
11.230000,0.2716606
11.232000,0.2713939
11.234000,0.2710739
11.236000,0.2707005
11.238000,0.2704338
11.240000,0.2700604
11.242000,0.2697937
11.244000,0.2694203
11.246000,0.2691536
11.248000,0.2688336
11.250000,0.2684869
11.252000,0.2681669
11.254000,0.2678468
11.256000,0.2675268
11.258000,0.2671534
11.260000,0.2668867
11.262000,0.2665133
11.264000,0.2662466
11.266000,0.2658732
11.268000,0.2655799
11.270000,0.2651531
11.272000,0.2649398
11.274000,0.2645664
11.276000,0.2642997
11.278000,0.2639797
11.280000,0.2636063
11.282000,0.2632862
11.284000,0.2629129
11.286000,0.2626195
11.288000,0.2621928
11.290000,0.2619794
11.292000,0.2615527
11.294000,0.2612327
11.296000,0.2609126
11.298000,0.2605926
11.300000,0.2602725
11.302000,0.2598458
11.304000,0.2596058
11.306000,0.2592324
11.308000,0.2589657
11.310000,0.2585923
11.312000,0.2583256
11.314000,0.2580056
11.316000,0.2576855
11.318000,0.2574722
11.320000,0.2570988
11.322000,0.2568321
11.324000,0.2564854
11.326000,0.2562187
11.328000,0.2559520
11.330000,0.2556319
11.332000,0.2553652
11.334000,0.2549919
11.336000,0.2547785
11.338000,0.2544051
11.340000,0.2541384
11.342000,0.2538717
11.344000,0.2536050
11.346000,0.2533117
11.348000,0.2529916
11.350000,0.2527783
11.352000,0.2524582
11.354000,0.2521915
11.356000,0.2518715
11.358000,0.2515514
11.360000,0.2512314
11.362000,0.2509114
11.364000,0.2505913
11.366000,0.2502979
11.368000,0.2499779
11.370000,0.2496579
11.372000,0.2493912
11.374000,0.2491245
11.376000,0.2488578
11.378000,0.2485377
11.380000,0.2482710
11.382000,0.2479510
11.384000,0.2476843
11.386000,0.2473376
11.388000,0.2470709
11.390000,0.2466975
11.392000,0.2464308
11.394000,0.2461108
11.396000,0.2457907
11.398000,0.2455774
11.400000,0.2452573
11.402000,0.2450973
11.404000,0.2447239
11.406000,0.2445106
11.408000,0.2441639
11.410000,0.2438972
11.412000,0.2436304
11.414000,0.2433104
11.416000,0.2429904
11.418000,0.2427237
11.420000,0.2424570
11.422000,0.2421369
11.424000,0.2418702
11.426000,0.2416035
11.428000,0.2413368
11.430000,0.2410968
11.432000,0.2408301
11.434000,0.2405634
11.436000,0.2402967
11.438000,0.2400300
11.440000,0.2397633
11.442000,0.2394966
11.444000,0.2392299
11.446000,0.2389099
11.448000,0.2386432
11.450000,0.2383231
11.452000,0.2380298
11.454000,0.2377631
11.456000,0.2374963
11.458000,0.2372830
11.460000,0.2369630
11.462000,0.2367496
11.464000,0.2364296
11.466000,0.2362162
11.468000,0.2358961
11.470000,0.2356828
11.472000,0.2354161
11.474000,0.2351227
11.476000,0.2348560
11.478000,0.2345893
11.480000,0.2343760
11.482000,0.2340026
11.484000,0.2338426
11.486000,0.2334158
11.488000,0.2332025
11.490000,0.2328824
11.492000,0.2326691
11.494000,0.2323490
11.496000,0.2320557
11.498000,0.2317890
11.500000,0.2315756
11.502000,0.2312556
11.504000,0.2309889
11.506000,0.2307222
11.508000,0.2304021
11.510000,0.2301354
11.512000,0.2298687
11.514000,0.2296554
11.516000,0.2293887
11.518000,0.2291220
11.520000,0.2288286
11.522000,0.2286686
11.524000,0.2284019
11.526000,0.2281885
11.528000,0.2279218
11.530000,0.2277085
11.532000,0.2274418
11.534000,0.2271751
11.536000,0.2269617
11.538000,0.2266950
11.540000,0.2264283
11.542000,0.2261616
11.544000,0.2258149
11.546000,0.2256549
11.548000,0.2252815
11.550000,0.2251215
11.552000,0.2248014
11.554000,0.2245881
11.556000,0.2243214
11.558000,0.2240547
11.560000,0.2238413
11.562000,0.2235746
11.564000,0.2234146
11.566000,0.2230946
11.568000,0.2229879
11.570000,0.2225878
11.572000,0.2224811
11.574000,0.2221611
11.576000,0.2219477
11.578000,0.2217344
11.580000,0.2214677
11.582000,0.2212543
11.584000,0.2209876
11.586000,0.2206676
11.588000,0.2204542
11.590000,0.2201875
11.592000,0.2199208
11.594000,0.2195741
11.596000,0.2193074
11.598000,0.2190407
11.600000,0.2187740
11.602000,0.2185606
11.604000,0.2182940
11.606000,0.2180806
11.608000,0.2178672
11.610000,0.2176005
11.612000,0.2173872
11.614000,0.2171205
11.616000,0.2169071
11.618000,0.2166137
11.620000,0.2163470
11.622000,0.2160803
11.624000,0.2158670
11.626000,0.2156003
11.628000,0.2153336
11.630000,0.2151736
11.632000,0.2149069
11.634000,0.2148002
11.636000,0.2144801
11.638000,0.2143201
11.640000,0.2141068
11.642000,0.2139467
11.644000,0.2136534
11.646000,0.2133867
11.648000,0.2132266
11.650000,0.2130666
11.652000,0.2128533
11.654000,0.2125866
11.656000,0.2124799
11.658000,0.2122132
11.660000,0.2119465
11.662000,0.2117331
11.664000,0.2115198
11.666000,0.2112531
11.668000,0.2109864
11.670000,0.2107730
11.672000,0.2105330
11.674000,0.2102663
11.676000,0.2099996
11.678000,0.2097862
11.680000,0.2095729
11.682000,0.2093595
11.684000,0.2090928
11.686000,0.2088794
11.688000,0.2086661
11.690000,0.2083994
11.692000,0.2082394
11.694000,0.2079727
11.696000,0.2078126
11.698000,0.2075726
11.700000,0.2072526
11.702000,0.2071459
11.704000,0.2068259
11.706000,0.2067192
11.708000,0.2063458
11.710000,0.2061858
11.712000,0.2058657
11.714000,0.2056524
11.716000,0.2055457
11.718000,0.2051723
11.720000,0.2050656
11.722000,0.2047456
11.724000,0.2045856
11.726000,0.2043455
11.728000,0.2041322
11.730000,0.2039188
11.732000,0.2036521
11.734000,0.2034921
11.736000,0.2032254
11.738000,0.2030654
11.740000,0.2028520
11.742000,0.2026387
11.744000,0.2024253
11.746000,0.2021586
11.748000,0.2019452
11.750000,0.2017319
11.752000,0.2015185
11.754000,0.2012251
11.756000,0.2010651
11.758000,0.2008518
11.760000,0.2005851
11.762000,0.2003717
11.764000,0.2002117
11.766000,0.1999983
11.768000,0.1998917
11.770000,0.1996249
11.772000,0.1995183
11.774000,0.1993049
11.776000,0.1990916
11.778000,0.1989315
11.780000,0.1987715
11.782000,0.1985582
11.784000,0.1983181
11.786000,0.1981581
11.788000,0.1979447
11.790000,0.1977314
11.792000,0.1975714
11.794000,0.1973047
11.796000,0.1971446
11.798000,0.1969313
11.800000,0.1967179
11.802000,0.1965579
11.804000,0.1963979
11.806000,0.1961845
11.808000,0.1960245
11.810000,0.1958111
11.812000,0.1956511
11.814000,0.1953844
11.816000,0.1951977
11.818000,0.1949310
11.820000,0.1947710
11.822000,0.1945576
11.824000,0.1943443
11.826000,0.1941309
11.828000,0.1938642
11.830000,0.1937042
11.832000,0.1934375
11.834000,0.1932242
11.836000,0.1930641
11.838000,0.1927974
11.840000,0.1925841
11.842000,0.1923707
11.844000,0.1922374
11.846000,0.1919173
11.848000,0.1918106
11.850000,0.1915439
11.852000,0.1913306
11.854000,0.1911172
11.856000,0.1909572
11.858000,0.1907972
11.860000,0.1905305
11.862000,0.1904238
11.864000,0.1902104
11.866000,0.1900504
11.868000,0.1897837
11.870000,0.1896237
11.872000,0.1894103
11.874000,0.1891703
11.876000,0.1890103
11.878000,0.1887969
11.880000,0.1885836
11.882000,0.1884235
11.884000,0.1882102
11.886000,0.1880502
11.888000,0.1878902
11.890000,0.1877301
11.892000,0.1875168
11.894000,0.1874101
11.896000,0.1870901
11.898000,0.1869834
11.900000,0.1867700
11.902000,0.1866633
11.904000,0.1864500
11.906000,0.1862900
11.908000,0.1861033
11.910000,0.1858899
11.912000,0.1857299
11.914000,0.1855165
11.916000,0.1853565
11.918000,0.1851965
11.920000,0.1850365
11.922000,0.1848764
11.924000,0.1846631
11.926000,0.1843964
11.928000,0.1842897
11.930000,0.1840763
11.932000,0.1839697
11.934000,0.1837030
11.936000,0.1836496
11.938000,0.1833829
11.940000,0.1832229
11.942000,0.1830895
11.944000,0.1828229
11.946000,0.1827162
11.948000,0.1825028
11.950000,0.1825028
11.952000,0.1821294
11.954000,0.1821294
11.956000,0.1819161
11.958000,0.1817027
11.960000,0.1815960
11.962000,0.1813827
11.964000,0.1812760
11.966000,0.1810093
11.968000,0.1809560
11.970000,0.1806892
11.972000,0.1805826
11.974000,0.1804226
11.976000,0.1801559
11.978000,0.1800225
11.980000,0.1798091
11.982000,0.1797025
11.984000,0.1794358
11.986000,0.1792757
11.988000,0.1791157
11.990000,0.1789024
11.992000,0.1787423
11.994000,0.1784756
11.996000,0.1783156
11.998000,0.1780489
12.000000,0.1779422
12.002000,0.1776755
12.004000,0.1775689
12.006000,0.1773555
12.008000,0.1771955
12.010000,0.1770355
12.012000,0.1767954
12.014000,0.1766354
12.016000,0.1764220
12.018000,0.1763154
12.020000,0.1761554
12.022000,0.1759953
12.024000,0.1757820
12.026000,0.1756219
12.028000,0.1754619
12.030000,0.1753019
12.032000,0.1751419
12.034000,0.1749285
12.036000,0.1747685
12.038000,0.1745551
12.040000,0.1743951
12.042000,0.1742885
12.044000,0.1741284
12.046000,0.1739684
12.048000,0.1737817
12.050000,0.1736750
12.052000,0.1735150
12.054000,0.1733017
12.056000,0.1731416
12.058000,0.1730350
12.060000,0.1729283
12.062000,0.1727149
12.064000,0.1726082
12.066000,0.1723949
12.068000,0.1723415
12.070000,0.1721282
12.072000,0.1719682
12.074000,0.1718615
12.076000,0.1717015
12.078000,0.1715948
12.080000,0.1713814
12.082000,0.1713281
12.084000,0.1711147
12.086000,0.1710080
12.088000,0.1709014
12.090000,0.1706613
12.092000,0.1705547
12.094000,0.1703946
12.096000,0.1702346
12.098000,0.1700746
12.100000,0.1699146
12.102000,0.1698079
12.104000,0.1695945
12.106000,0.1694878
12.108000,0.1693278
12.110000,0.1691678
12.112000,0.1690078
12.114000,0.1688478
12.116000,0.1686877
12.118000,0.1685277
12.120000,0.1684211
12.122000,0.1682610
12.124000,0.1681010
12.126000,0.1679410
12.128000,0.1678343
12.130000,0.1676476
12.132000,0.1675409
12.134000,0.1673276
12.136000,0.1672209
12.138000,0.1670609
12.140000,0.1669009
12.142000,0.1667408
12.144000,0.1666342
12.146000,0.1664208
12.148000,0.1662608
12.150000,0.1661008
12.152000,0.1659407
12.154000,0.1658341
12.156000,0.1656207
12.158000,0.1655140
12.160000,0.1653540
12.162000,0.1651940
12.164000,0.1650340
12.166000,0.1649273
12.168000,0.1646873
12.170000,0.1646339
12.172000,0.1644205
12.174000,0.1642605
12.176000,0.1641005
12.178000,0.1639938
12.180000,0.1638338
12.182000,0.1636738
12.184000,0.1635138
12.186000,0.1633537
12.188000,0.1631937
12.190000,0.1630337
12.192000,0.1628737
12.194000,0.1627670
12.196000,0.1626603
12.198000,0.1625003
12.200000,0.1623403
12.202000,0.1622336
12.204000,0.1621269
12.206000,0.1619669
12.208000,0.1618069
12.210000,0.1617002
12.212000,0.1615135
12.214000,0.1613535
12.216000,0.1611935
12.218000,0.1610868
12.220000,0.1609801
12.222000,0.1608201
12.224000,0.1607134
12.226000,0.1606067
12.228000,0.1605001
12.230000,0.1603400
12.232000,0.1602334
12.234000,0.1600733
12.236000,0.1599667
12.238000,0.1598600
12.240000,0.1597000
12.242000,0.1595399
12.244000,0.1594333
12.246000,0.1593266
12.248000,0.1592199
12.250000,0.1591132
12.252000,0.1589532
12.254000,0.1588465
12.256000,0.1586865
12.258000,0.1585532
12.260000,0.1583398
12.262000,0.1582864
12.264000,0.1581264
12.266000,0.1579664
12.268000,0.1578597
12.270000,0.1576997
12.272000,0.1575930
12.274000,0.1574863
12.276000,0.1573263
12.278000,0.1572197
12.280000,0.1571130
12.282000,0.1570063
12.284000,0.1567929
12.286000,0.1567396
12.288000,0.1565796
12.290000,0.1564729
12.292000,0.1563662
12.294000,0.1562595
12.296000,0.1562062
12.298000,0.1559928
12.300000,0.1559395
12.302000,0.1557261
12.304000,0.1556728
12.306000,0.1554328
12.308000,0.1553261
12.310000,0.1551661
12.312000,0.1550594
12.314000,0.1549527
12.316000,0.1547927
12.318000,0.1546860
12.320000,0.1545793
12.322000,0.1544726
12.324000,0.1543660
12.326000,0.1542059
12.328000,0.1540459
12.330000,0.1539926
12.332000,0.1538326
12.334000,0.1536725
12.336000,0.1535659
12.338000,0.1534592
12.340000,0.1533525
12.342000,0.1531925
12.344000,0.1530858
12.346000,0.1529791
12.348000,0.1528724
12.350000,0.1527124
12.352000,0.1525524
12.354000,0.1524191
12.356000,0.1523124
12.358000,0.1522057
12.360000,0.1520457
12.362000,0.1519390
12.364000,0.1518323
12.366000,0.1516723
12.368000,0.1515656
12.370000,0.1514589
12.372000,0.1512989
12.374000,0.1512456
12.376000,0.1510322
12.378000,0.1509789
12.380000,0.1508189
12.382000,0.1507122
12.384000,0.1505521
12.386000,0.1504455
12.388000,0.1503388
12.390000,0.1501788
12.392000,0.1500188
12.394000,0.1499121
12.396000,0.1498054
12.398000,0.1496454
12.400000,0.1495920
12.402000,0.1494853
12.404000,0.1494053
12.406000,0.1491920
12.408000,0.1491920
12.410000,0.1490320
12.412000,0.1489786
12.414000,0.1488186
12.416000,0.1487653
12.418000,0.1486052
12.420000,0.1485519
12.422000,0.1483919
12.424000,0.1482852
12.426000,0.1481252
12.428000,0.1480185
12.430000,0.1479118
12.432000,0.1477518
12.434000,0.1476985
12.436000,0.1475384
12.438000,0.1474851
12.440000,0.1473251
12.442000,0.1472717
12.444000,0.1471651
12.446000,0.1470584
12.448000,0.1469517
12.450000,0.1468450
12.452000,0.1467383
12.454000,0.1466317
12.456000,0.1464716
12.458000,0.1464183
12.460000,0.1462316
12.462000,0.1461783
12.464000,0.1460716
12.466000,0.1459649
12.468000,0.1458582
12.470000,0.1458049
12.472000,0.1456449
12.474000,0.1455915
12.476000,0.1454315
12.478000,0.1453248
12.480000,0.1452181
12.482000,0.1451115
12.484000,0.1450581
12.486000,0.1448981
12.488000,0.1448981
12.490000,0.1447381
12.492000,0.1446848
12.494000,0.1445247
12.496000,0.1444714
12.498000,0.1443647
12.500000,0.1442580
12.502000,0.1442047
12.504000,0.1440447
12.506000,0.1439913
12.508000,0.1439380
12.510000,0.1437780
12.512000,0.1437246
12.514000,0.1436179
12.516000,0.1435113
12.518000,0.1434046
12.520000,0.1432179
12.522000,0.1431646
12.524000,0.1430045
12.526000,0.1429512
12.528000,0.1428445
12.530000,0.1427912
12.532000,0.1426845
12.534000,0.1426312
12.536000,0.1425778
12.538000,0.1424178
12.540000,0.1423645
12.542000,0.1422044
12.544000,0.1420978
12.546000,0.1419911
12.548000,0.1419377
12.550000,0.1418311
12.552000,0.1417244
12.554000,0.1416177
12.556000,0.1415110
12.558000,0.1414043
12.560000,0.1413510
12.562000,0.1411910
12.564000,0.1411376
12.566000,0.1409776
12.568000,0.1409243
12.570000,0.1408176
12.572000,0.1406576
12.574000,0.1406576
12.576000,0.1405509
12.578000,0.1404442
12.580000,0.1402842
12.582000,0.1401508
12.584000,0.1400442
12.586000,0.1399375
12.588000,0.1398842
12.590000,0.1398308
12.592000,0.1397775
12.594000,0.1396708
12.596000,0.1396708
12.598000,0.1395641
12.600000,0.1395641
12.602000,0.1394574
12.604000,0.1394041
12.606000,0.1392441
12.608000,0.1391907
12.610000,0.1390307
12.612000,0.1389774
12.614000,0.1388174
12.616000,0.1387640
12.618000,0.1387107
12.620000,0.1385506
12.622000,0.1385506
12.624000,0.1383906
12.626000,0.1383373
12.628000,0.1381773
12.630000,0.1380706
12.632000,0.1379639
12.634000,0.1378572
12.636000,0.1377505
12.638000,0.1376972
12.640000,0.1375905
12.642000,0.1374838
12.644000,0.1373772
12.646000,0.1373238
12.648000,0.1372172
12.650000,0.1371371
12.652000,0.1370838
12.654000,0.1369771
12.656000,0.1369238
12.658000,0.1367638
12.660000,0.1367104
12.662000,0.1365504
12.664000,0.1363904
12.666000,0.1362837
12.668000,0.1361770
12.670000,0.1361237
12.672000,0.1359637
12.674000,0.1359637
12.676000,0.1358570
12.678000,0.1358036
12.680000,0.1356970
12.682000,0.1356436
12.684000,0.1355903
12.686000,0.1354303
12.688000,0.1353769
12.690000,0.1353236
12.692000,0.1352169
12.694000,0.1351102
12.696000,0.1350035
12.698000,0.1349502
12.700000,0.1348435
12.702000,0.1347902
12.704000,0.1346302
12.706000,0.1346302
12.708000,0.1344701
12.710000,0.1344168
12.712000,0.1343635
12.714000,0.1342568
12.716000,0.1342034
12.718000,0.1340701
12.720000,0.1340167
12.722000,0.1339101
12.724000,0.1339101
12.726000,0.1338034
12.728000,0.1338034
12.730000,0.1336967
12.732000,0.1336434
12.734000,0.1335367
12.736000,0.1334300
12.738000,0.1333767
12.740000,0.1332700
12.742000,0.1332166
12.744000,0.1331633
12.746000,0.1330566
12.748000,0.1330033
12.750000,0.1328966
12.752000,0.1327899
12.754000,0.1327366
12.756000,0.1326299
12.758000,0.1325766
12.760000,0.1324699
12.762000,0.1324165
12.764000,0.1323632
12.766000,0.1322565
12.768000,0.1322565
12.770000,0.1322032
12.772000,0.1320965
12.774000,0.1320432
12.776000,0.1319365
12.778000,0.1319365
12.780000,0.1318298
12.782000,0.1317231
12.784000,0.1316164
12.786000,0.1315631
12.788000,0.1315631
12.790000,0.1313498
12.792000,0.1313498
12.794000,0.1312431
12.796000,0.1312964
12.798000,0.1311364
12.800000,0.1310831
12.802000,0.1310831
12.804000,0.1310030
12.806000,0.1308964
12.808000,0.1308964
12.810000,0.1307897
12.812000,0.1307897
12.814000,0.1306830
12.816000,0.1306297
12.818000,0.1305763
12.820000,0.1305230
12.822000,0.1304163
12.824000,0.1303096
12.826000,0.1303096
12.828000,0.1302029
12.830000,0.1302029
12.832000,0.1300429
12.834000,0.1300429
12.836000,0.1299362
12.838000,0.1298296
12.840000,0.1298296
12.842000,0.1297229
12.844000,0.1296162
12.846000,0.1295629
12.848000,0.1295095
12.850000,0.1294562
12.852000,0.1293495
12.854000,0.1292962
12.856000,0.1291895
12.858000,0.1291361
12.860000,0.1290828
12.862000,0.1290295
12.864000,0.1289761
12.866000,0.1289228
12.868000,0.1288694
12.870000,0.1287628
12.872000,0.1287628
12.874000,0.1287094
12.876000,0.1286027
12.878000,0.1286027
12.880000,0.1284961
12.882000,0.1284427
12.884000,0.1283894
12.886000,0.1282827
12.888000,0.1281760
12.890000,0.1281227
12.892000,0.1280693
12.894000,0.1279360
12.896000,0.1278827
12.898000,0.1278293
12.900000,0.1277760
12.902000,0.1276693
12.904000,0.1276693
12.906000,0.1275626
12.908000,0.1275093
12.910000,0.1274559
12.912000,0.1274026
12.914000,0.1273492
12.916000,0.1272959
12.918000,0.1271892
12.920000,0.1271892
12.922000,0.1270825
12.924000,0.1270292
12.926000,0.1269759
12.928000,0.1268692
12.930000,0.1268159
12.932000,0.1267625
12.934000,0.1266558
12.936000,0.1266558
12.938000,0.1265491
12.940000,0.1265491
12.942000,0.1264958
12.944000,0.1264425
12.946000,0.1263358
12.948000,0.1262291
12.950000,0.1262291
12.952000,0.1261224
12.954000,0.1261224
12.956000,0.1260158
12.958000,0.1260158
12.960000,0.1259091
12.962000,0.1258557
12.964000,0.1258024
12.966000,0.1256957
12.968000,0.1256957
12.970000,0.1255357
12.972000,0.1255890
12.974000,0.1254290
12.976000,0.1254823
12.978000,0.1253757
12.980000,0.1253757
12.982000,0.1252690
12.984000,0.1252157
12.986000,0.1251623
12.988000,0.1250556
12.990000,0.1250023
12.992000,0.1248689
12.994000,0.1248689
12.996000,0.1247089
12.998000,0.1247089
13.000000,0.1245489
13.002000,0.1245489
13.004000,0.1244956
13.006000,0.1244422
13.008000,0.1243889
13.010000,0.1243355
13.012000,0.1242822
13.014000,0.1242822
13.016000,0.1241755
13.018000,0.1241222
13.020000,0.1240688
13.022000,0.1239622
13.024000,0.1239088
13.026000,0.1238021
13.028000,0.1238021
13.030000,0.1236955
13.032000,0.1236955
13.034000,0.1235888
13.036000,0.1235354
13.038000,0.1234821
13.040000,0.1234821
13.042000,0.1233754
13.044000,0.1233221
13.046000,0.1232687
13.048000,0.1232154
13.050000,0.1231621
13.052000,0.1230554
13.054000,0.1230020
13.056000,0.1229487
13.058000,0.1228954
13.060000,0.1228420
13.062000,0.1227887
13.064000,0.1227353
13.066000,0.1227353
13.068000,0.1226820
13.070000,0.1226287
13.072000,0.1225753
13.074000,0.1225220
13.076000,0.1224686
13.078000,0.1224153
13.080000,0.1224686
13.082000,0.1224153
13.084000,0.1223620
13.086000,0.1223086
13.088000,0.1222553
13.090000,0.1222019
13.092000,0.1221486
13.094000,0.1220953
13.096000,0.1220419
13.098000,0.1219886
13.100000,0.1218552
13.102000,0.1218019
13.104000,0.1216952
13.106000,0.1216419
13.108000,0.1216419
13.110000,0.1215885
13.112000,0.1215352
13.114000,0.1214819
13.116000,0.1214819
13.118000,0.1214285
13.120000,0.1214285
13.122000,0.1214285
13.124000,0.1212685
13.126000,0.1213218
13.128000,0.1211618
13.130000,0.1212152
13.132000,0.1210551
13.134000,0.1210551
13.136000,0.1210018
13.138000,0.1208951
13.140000,0.1208951
13.142000,0.1207351
13.144000,0.1208418
13.146000,0.1206818
13.148000,0.1207351
13.150000,0.1207351
13.152000,0.1206284
13.154000,0.1206818
13.156000,0.1204684
13.158000,0.1205751
13.160000,0.1204150
13.162000,0.1204150
13.164000,0.1203084
13.166000,0.1202550
13.168000,0.1202017
13.170000,0.1201484
13.172000,0.1202017
13.174000,0.1200950
13.176000,0.1201484
13.178000,0.1200417
13.180000,0.1200417
13.182000,0.1199883
13.184000,0.1199350
13.186000,0.1199350
13.188000,0.1198283
13.190000,0.1198283
13.192000,0.1196683
13.194000,0.1197216
13.196000,0.1196683
13.198000,0.1196149
13.200000,0.1195616
13.202000,0.1195083
13.204000,0.1195083
13.206000,0.1194549
13.208000,0.1194549
13.210000,0.1194016
13.212000,0.1193483
13.214000,0.1192949
13.216000,0.1192416
13.218000,0.1192416
13.220000,0.1191882
13.222000,0.1191882
13.224000,0.1191349
13.226000,0.1190816
13.228000,0.1190816
13.230000,0.1189215
13.232000,0.1189749
13.234000,0.1188682
13.236000,0.1188682
13.238000,0.1187882
13.240000,0.1187348
13.242000,0.1186815
13.244000,0.1186282
13.246000,0.1186282
13.248000,0.1185215
13.250000,0.1184681
13.252000,0.1184681
13.254000,0.1183615
13.256000,0.1183081
13.258000,0.1182548
13.260000,0.1182548
13.262000,0.1182548
13.264000,0.1182014
13.266000,0.1182548
13.268000,0.1182014
13.270000,0.1182014
13.272000,0.1181481
13.274000,0.1180414
13.276000,0.1180414
13.278000,0.1179881
13.280000,0.1179881
13.282000,0.1179347
13.284000,0.1179347
13.286000,0.1178814
13.288000,0.1178814
13.290000,0.1178281
13.292000,0.1178814
13.294000,0.1177747
13.296000,0.1178281
13.298000,0.1177747
13.300000,0.1177214
13.302000,0.1177214
13.304000,0.1176147
13.306000,0.1176680
13.308000,0.1175614
13.310000,0.1176147
13.312000,0.1175614
13.314000,0.1175080
13.316000,0.1175614
13.318000,0.1175080
13.320000,0.1175080
13.322000,0.1173480
13.324000,0.1174547
13.326000,0.1173480
13.328000,0.1173480
13.330000,0.1172947
13.332000,0.1172413
13.334000,0.1172947
13.336000,0.1171880
13.338000,0.1171346
13.340000,0.1171346
13.342000,0.1171346
13.344000,0.1170280
13.346000,0.1170813
13.348000,0.1169746
13.350000,0.1169746
13.352000,0.1169746
13.354000,0.1169213
13.356000,0.1168679
13.358000,0.1168146
13.360000,0.1167613
13.362000,0.1167613
13.364000,0.1167613
13.366000,0.1167079
13.368000,0.1167613
13.370000,0.1167079
13.372000,0.1167613
13.374000,0.1166546
13.376000,0.1166546
13.378000,0.1166546
13.380000,0.1166012
13.382000,0.1166012
13.384000,0.1164946
13.386000,0.1165479
13.388000,0.1164412
13.390000,0.1164412
13.392000,0.1163879
13.394000,0.1162812
13.396000,0.1162812
13.398000,0.1162279
13.400000,0.1162279
13.402000,0.1161745
13.404000,0.1161745
13.406000,0.1161212
13.408000,0.1160678
13.410000,0.1160678
13.412000,0.1160678
13.414000,0.1160678
13.416000,0.1160145
13.418000,0.1159612
13.420000,0.1160145
13.422000,0.1159612
13.424000,0.1159078
13.426000,0.1158545
13.428000,0.1158545
13.430000,0.1158011
13.432000,0.1158011
13.434000,0.1157211
13.436000,0.1157211
13.438000,0.1157211
13.440000,0.1157211
13.442000,0.1156678
13.444000,0.1156678
13.446000,0.1156145
13.448000,0.1156145
13.450000,0.1156145
13.452000,0.1155611
13.454000,0.1155611
13.456000,0.1155078
13.458000,0.1155078
13.460000,0.1154544
13.462000,0.1154011
13.464000,0.1153477
13.466000,0.1152944
13.468000,0.1153477
13.470000,0.1152944
13.472000,0.1152944
13.474000,0.1152944
13.476000,0.1152411
13.478000,0.1151877
13.480000,0.1151877
13.482000,0.1151344
13.484000,0.1150811
13.486000,0.1150277
13.488000,0.1149210
13.490000,0.1149744
13.492000,0.1149744
13.494000,0.1149210
13.496000,0.1148677
13.498000,0.1148677
13.500000,0.1148677
13.502000,0.1148677
13.504000,0.1148143
13.506000,0.1148143
13.508000,0.1148143
13.510000,0.1147077
13.512000,0.1147610
13.514000,0.1147610
13.516000,0.1147610
13.518000,0.1147077
13.520000,0.1147077
13.522000,0.1146543
13.524000,0.1146010
13.526000,0.1145477
13.528000,0.1144943
13.530000,0.1144943
13.532000,0.1144410
13.534000,0.1144943
13.536000,0.1144410
13.538000,0.1144943
13.540000,0.1144410
13.542000,0.1144943
13.544000,0.1144410
13.546000,0.1144943
13.548000,0.1143876
13.550000,0.1143343
13.552000,0.1143343
13.554000,0.1142276
13.556000,0.1142276
13.558000,0.1141209
13.560000,0.1141209
13.562000,0.1140676
13.564000,0.1140676
13.566000,0.1139609
13.568000,0.1140142
13.570000,0.1139609
13.572000,0.1139609
13.574000,0.1139076
13.576000,0.1139076
13.578000,0.1139609
13.580000,0.1139076
13.582000,0.1139609
13.584000,0.1139076
13.586000,0.1139076
13.588000,0.1139076
13.590000,0.1138542
13.592000,0.1138542
13.594000,0.1137476
13.596000,0.1137476
13.598000,0.1136942
13.600000,0.1136942
13.602000,0.1136942
13.604000,0.1136409
13.606000,0.1136409
13.608000,0.1136409
13.610000,0.1136409
13.612000,0.1135875
13.614000,0.1135875
13.616000,0.1135875
13.618000,0.1135342
13.620000,0.1134809
13.622000,0.1134275
13.624000,0.1133742
13.626000,0.1133742
13.628000,0.1133208
13.630000,0.1133742
13.632000,0.1133208
13.634000,0.1133208
13.636000,0.1132675
13.638000,0.1133208
13.640000,0.1133208
13.642000,0.1132675
13.644000,0.1133208
13.646000,0.1133208
13.648000,0.1132675
13.650000,0.1132675
13.652000,0.1132141
13.654000,0.1132675
13.656000,0.1131608
13.658000,0.1131608
13.660000,0.1131608
13.662000,0.1131075
13.664000,0.1131608
13.666000,0.1131075
13.668000,0.1131075
13.670000,0.1131075
13.672000,0.1131075
13.674000,0.1130541
13.676000,0.1130541
13.678000,0.1130008
13.680000,0.1130541
13.682000,0.1130008
13.684000,0.1130008
13.686000,0.1128941
13.688000,0.1129475
13.690000,0.1128408
13.692000,0.1128941
13.694000,0.1127874
13.696000,0.1128408
13.698000,0.1127341
13.700000,0.1127341
13.702000,0.1127341
13.704000,0.1127341
13.706000,0.1127874
13.708000,0.1127341
13.710000,0.1127341
13.712000,0.1126541
13.714000,0.1127341
13.716000,0.1126541
13.718000,0.1126541
13.720000,0.1125474
13.722000,0.1125474
13.724000,0.1125474
13.726000,0.1125474
13.728000,0.1124941
13.730000,0.1124941
13.732000,0.1124941
13.734000,0.1124941
13.736000,0.1124941
13.738000,0.1124407
13.740000,0.1125474
13.742000,0.1124941
13.744000,0.1124941
13.746000,0.1124407
13.748000,0.1124407
13.750000,0.1123874
13.752000,0.1123874
13.754000,0.1123340
13.756000,0.1123340
13.758000,0.1122807
13.760000,0.1122807
13.762000,0.1122807
13.764000,0.1122274
13.766000,0.1122807
13.768000,0.1122274
13.770000,0.1123340
13.772000,0.1122807
13.774000,0.1122807
13.776000,0.1122807
13.778000,0.1122274
13.780000,0.1122807
13.782000,0.1122274
13.784000,0.1122274
13.786000,0.1121740
13.788000,0.1122274
13.790000,0.1121740
13.792000,0.1121207
13.794000,0.1121207
13.796000,0.1120673
13.798000,0.1120673
13.800000,0.1120140
13.802000,0.1120140
13.804000,0.1119607
13.806000,0.1119607
13.808000,0.1119073
13.810000,0.1119073
13.812000,0.1119607
13.814000,0.1119073
13.816000,0.1119073
13.818000,0.1118540
13.820000,0.1118540
13.822000,0.1118540
13.824000,0.1118006
13.826000,0.1118006
13.828000,0.1118006
13.830000,0.1118006
13.832000,0.1118006
13.834000,0.1117473
13.836000,0.1118540
13.838000,0.1118006
13.840000,0.1118540
13.842000,0.1118006
13.844000,0.1118540
13.846000,0.1118006
13.848000,0.1118006
13.850000,0.1117473
13.852000,0.1117473
13.854000,0.1117473
13.856000,0.1116406
13.858000,0.1116940
13.860000,0.1115873
13.862000,0.1116940
13.864000,0.1116406
13.866000,0.1117473
13.868000,0.1116406
13.870000,0.1116940
13.872000,0.1116406
13.874000,0.1116406
13.876000,0.1116406
13.878000,0.1115873
13.880000,0.1115873
13.882000,0.1115339
13.884000,0.1115339
13.886000,0.1114806
13.888000,0.1115873
13.890000,0.1114806
13.892000,0.1115873
13.894000,0.1115339
13.896000,0.1115339
13.898000,0.1115339
13.900000,0.1115339
13.902000,0.1114806
13.904000,0.1114806
13.906000,0.1114273
13.908000,0.1114273
13.910000,0.1114273
13.912000,0.1113739
13.914000,0.1113739
13.916000,0.1113206
13.918000,0.1114273
13.920000,0.1113206
13.922000,0.1113739
13.924000,0.1113739
13.926000,0.1114273
13.928000,0.1113739
13.930000,0.1113739
13.932000,0.1113739
13.934000,0.1113206
13.936000,0.1113206
13.938000,0.1112672
13.940000,0.1112672
13.942000,0.1112672
13.944000,0.1113206
13.946000,0.1112139
13.948000,0.1112672
13.950000,0.1112672
13.952000,0.1112139
13.954000,0.1112672
13.956000,0.1112139
13.958000,0.1112139
13.960000,0.1112139
13.962000,0.1112139
13.964000,0.1112139
13.966000,0.1111606
13.968000,0.1112139
13.970000,0.1111606
13.972000,0.1112139
13.974000,0.1112139
13.976000,0.1112139
13.978000,0.1112139
13.980000,0.1111606
13.982000,0.1111606
13.984000,0.1110539
13.986000,0.1111072
13.988000,0.1110005
13.990000,0.1110539
13.992000,0.1109472
13.994000,0.1110005
13.996000,0.1110005
13.998000,0.1109472
14.000000,0.1110005
14.002000,0.1109472
14.004000,0.1110005
14.006000,0.1109472
14.008000,0.1109472
14.010000,0.1109472
14.012000,0.1108939
14.014000,0.1108939
14.016000,0.1108939
14.018000,0.1108939
14.020000,0.1109472
14.022000,0.1109472
14.024000,0.1109472
14.026000,0.1109472
14.028000,0.1109472
14.030000,0.1109472
14.032000,0.1109472
14.034000,0.1109472
14.036000,0.1108939
14.038000,0.1108939
14.040000,0.1108939
14.042000,0.1108939
14.044000,0.1108405
14.046000,0.1108939
14.048000,0.1108405
14.050000,0.1108405
14.052000,0.1108405
14.054000,0.1108939
14.056000,0.1108405
14.058000,0.1108939
14.060000,0.1108939
14.062000,0.1108405
14.064000,0.1108939
14.066000,0.1108405
14.068000,0.1107872
14.070000,0.1108405
14.072000,0.1107338
14.074000,0.1107872
14.076000,0.1107338
14.078000,0.1107338
14.080000,0.1107338
14.082000,0.1107338
14.084000,0.1107872
14.086000,0.1106805
14.088000,0.1108405
14.090000,0.1107338
14.092000,0.1108405
14.094000,0.1107872
14.096000,0.1107872
14.098000,0.1108405
14.100000,0.1107338
14.102000,0.1107872
14.104000,0.1107338
14.106000,0.1107338
14.108000,0.1107338
14.110000,0.1107338
14.112000,0.1107338
14.114000,0.1106805
14.116000,0.1106805
14.118000,0.1106805
14.120000,0.1106805
14.122000,0.1106272
14.124000,0.1107338
14.126000,0.1106805
14.128000,0.1106805
14.130000,0.1107338
14.132000,0.1106805
14.134000,0.1106805
14.136000,0.1106272
14.138000,0.1106272
14.140000,0.1105738
14.142000,0.1106272
14.144000,0.1105738
14.146000,0.1105738
14.148000,0.1105738
14.150000,0.1105205
14.152000,0.1105738
14.154000,0.1105205
14.156000,0.1105738
14.158000,0.1105205
14.160000,0.1105738
14.162000,0.1105738
14.164000,0.1106272
14.166000,0.1106272
14.168000,0.1106272
14.170000,0.1106805
14.172000,0.1106272
14.174000,0.1106272
14.176000,0.1106272
14.178000,0.1105738
14.180000,0.1106272
14.182000,0.1105738
14.184000,0.1106272
14.186000,0.1106272
14.188000,0.1106805
14.190000,0.1106805
14.192000,0.1106272
14.194000,0.1106805
14.196000,0.1106805
14.198000,0.1106805
14.200000,0.1106272
14.202000,0.1106805
14.204000,0.1106272
14.206000,0.1106805
14.208000,0.1105738
14.210000,0.1106272
14.212000,0.1106272
14.214000,0.1106272
14.216000,0.1106272
14.218000,0.1106272
14.220000,0.1106272
14.222000,0.1105738
14.224000,0.1105738
14.226000,0.1105205
14.228000,0.1105738
14.230000,0.1105205
14.232000,0.1105738
14.234000,0.1106272
14.236000,0.1106272
14.238000,0.1106272
14.240000,0.1106272
14.242000,0.1106272
14.244000,0.1106272
14.246000,0.1105738
14.248000,0.1105738
14.250000,0.1106272
14.252000,0.1105738
14.254000,0.1105738
14.256000,0.1105738
14.258000,0.1105738
14.260000,0.1106272
14.262000,0.1105738
14.264000,0.1106272
14.266000,0.1105205
14.268000,0.1105738
14.270000,0.1105205
14.272000,0.1105738
14.274000,0.1105738
14.276000,0.1105205
14.278000,0.1105205
14.280000,0.1105205
14.282000,0.1105738
14.284000,0.1105205
14.286000,0.1105205
14.288000,0.1105205
14.290000,0.1105738
14.292000,0.1105738
14.294000,0.1106272
14.296000,0.1105738
14.298000,0.1105738
14.300000,0.1106272
14.302000,0.1106272
14.304000,0.1106272
14.306000,0.1105738
14.308000,0.1106272
14.310000,0.1105205
14.312000,0.1105738
14.314000,0.1105205
14.316000,0.1105738
14.318000,0.1105738
14.320000,0.1105738
14.322000,0.1105738
14.324000,0.1105205
14.326000,0.1105738
14.328000,0.1105738
14.330000,0.1106272
14.332000,0.1106272
14.334000,0.1106272
14.336000,0.1106272
14.338000,0.1106272
14.340000,0.1106272
14.342000,0.1106272
14.344000,0.1106272
14.346000,0.1106272
14.348000,0.1106272
14.350000,0.1106272
14.352000,0.1106272
14.354000,0.1106272
14.356000,0.1106272
14.358000,0.1105738
14.360000,0.1106272
14.362000,0.1105738
14.364000,0.1106272
14.366000,0.1105738
14.368000,0.1105738
14.370000,0.1105738
14.372000,0.1106272
14.374000,0.1106272
14.376000,0.1105738
14.378000,0.1105738
14.380000,0.1106272
14.382000,0.1105738
14.384000,0.1106805
14.386000,0.1105738
14.388000,0.1106805
14.390000,0.1106272
14.392000,0.1106272
14.394000,0.1106272
14.396000,0.1106272
14.398000,0.1106805
14.400000,0.1106272
14.402000,0.1107338
14.404000,0.1106272
14.406000,0.1106805
14.408000,0.1106272
14.410000,0.1106805
14.412000,0.1106805
14.414000,0.1106272
14.416000,0.1105738
14.418000,0.1106805
14.420000,0.1106272
14.422000,0.1106805
14.424000,0.1107338
14.426000,0.1107872
14.428000,0.1107872
14.430000,0.1107872
14.432000,0.1107338
14.434000,0.1107338
14.436000,0.1106805
14.438000,0.1106805
14.440000,0.1106805
14.442000,0.1106272
14.444000,0.1107338
14.446000,0.1106272
14.448000,0.1107338
14.450000,0.1106272
14.452000,0.1107338
14.454000,0.1106805
14.456000,0.1107338
14.458000,0.1107338
14.460000,0.1106272
14.462000,0.1107338
14.464000,0.1106272
14.466000,0.1106805
14.468000,0.1106272
14.470000,0.1106805
14.472000,0.1106805
14.474000,0.1106805
14.476000,0.1106805
14.478000,0.1107338
14.480000,0.1107338
14.482000,0.1107872
14.484000,0.1107872
14.486000,0.1108405
14.488000,0.1107872
14.490000,0.1107872
14.492000,0.1107872
14.494000,0.1107872
14.496000,0.1107872
14.498000,0.1107872
14.500000,0.1107872
14.502000,0.1107872
14.504000,0.1107872
14.506000,0.1107872
14.508000,0.1107872
14.510000,0.1107872
14.512000,0.1107872
14.514000,0.1107872
14.516000,0.1107872
14.518000,0.1108405
14.520000,0.1107872
14.522000,0.1107872
14.524000,0.1107872
14.526000,0.1108939
14.528000,0.1108405
14.530000,0.1108405
14.532000,0.1108939
14.534000,0.1108939
14.536000,0.1108939
14.538000,0.1108939
14.540000,0.1108939
14.542000,0.1109472
14.544000,0.1108405
14.546000,0.1108939
14.548000,0.1108405
14.550000,0.1108939
14.552000,0.1108939
14.554000,0.1109472
14.556000,0.1109472
14.558000,0.1108939
14.560000,0.1110005
14.562000,0.1109472
14.564000,0.1110539
14.566000,0.1109472
14.568000,0.1110005
14.570000,0.1110005
14.572000,0.1110005
14.574000,0.1110539
14.576000,0.1110539
14.578000,0.1110539
14.580000,0.1110539
14.582000,0.1110539
14.584000,0.1110539
14.586000,0.1110539
14.588000,0.1110005
14.590000,0.1110539
14.592000,0.1110539
14.594000,0.1110539
14.596000,0.1110005
14.598000,0.1110539
14.600000,0.1110005
14.602000,0.1110005
14.604000,0.1110005
14.606000,0.1110005
14.608000,0.1110005
14.610000,0.1109472
14.612000,0.1110005
14.614000,0.1109472
14.616000,0.1110539
14.618000,0.1110539
14.620000,0.1111606
14.622000,0.1111072
14.624000,0.1111606
14.626000,0.1112139
14.628000,0.1111606
14.630000,0.1112139
14.632000,0.1111606
14.634000,0.1112139
14.636000,0.1111606
14.638000,0.1112139
14.640000,0.1111606
14.642000,0.1112139
14.644000,0.1112139
14.646000,0.1112139
14.648000,0.1112139
14.650000,0.1112139
14.652000,0.1112672
14.654000,0.1112139
14.656000,0.1113206
14.658000,0.1112139
14.660000,0.1112672
14.662000,0.1112139
14.664000,0.1112139
14.666000,0.1112139
14.668000,0.1111606
14.670000,0.1112139
14.672000,0.1111606
14.674000,0.1112139
14.676000,0.1112672
14.678000,0.1112672
14.680000,0.1113206
14.682000,0.1113206
14.684000,0.1113739
14.686000,0.1114273
14.688000,0.1113739
14.690000,0.1114273
14.692000,0.1114273
14.694000,0.1114273
14.696000,0.1113739
14.698000,0.1114273
14.700000,0.1113739
14.702000,0.1114273
14.704000,0.1114273
14.706000,0.1114273
14.708000,0.1114273
14.710000,0.1114273
14.712000,0.1114273
14.714000,0.1114273
14.716000,0.1114273
14.718000,0.1114273
14.720000,0.1113739
14.722000,0.1113739
14.724000,0.1113739
14.726000,0.1113739
14.728000,0.1114806
14.730000,0.1114806
14.732000,0.1115339
14.734000,0.1115339
14.736000,0.1115873
14.738000,0.1115873
14.740000,0.1115339
14.742000,0.1115873
14.744000,0.1115339
14.746000,0.1115339
14.748000,0.1114806
14.750000,0.1114806
14.752000,0.1115339
14.754000,0.1114806
14.756000,0.1115339
14.758000,0.1114806
14.760000,0.1115339
14.762000,0.1115339
14.764000,0.1115339
14.766000,0.1115873
14.768000,0.1115339
14.770000,0.1115873
14.772000,0.1115339
14.774000,0.1115339
14.776000,0.1115873
14.778000,0.1115873
14.780000,0.1116940
14.782000,0.1115339
14.784000,0.1116406
14.786000,0.1115873
14.788000,0.1116406
14.790000,0.1116406
14.792000,0.1116406
14.794000,0.1116406
14.796000,0.1116406
14.798000,0.1116940
14.800000,0.1116940
14.802000,0.1117473
14.804000,0.1117473
14.806000,0.1117473
14.808000,0.1117473
14.810000,0.1117473
14.812000,0.1117473
14.814000,0.1117473
14.816000,0.1117473
14.818000,0.1117473
14.820000,0.1117473
14.822000,0.1118006
14.824000,0.1118006
14.826000,0.1118006
14.828000,0.1117473
14.830000,0.1118006
14.832000,0.1118540
14.834000,0.1118540
14.836000,0.1118540
14.838000,0.1118540
14.840000,0.1118540
14.842000,0.1118540
14.844000,0.1118540
14.846000,0.1119073
14.848000,0.1118006
14.850000,0.1119073
14.852000,0.1118540
14.854000,0.1118540
14.856000,0.1119073
14.858000,0.1118540
14.860000,0.1119607
14.862000,0.1119607
14.864000,0.1119607
14.866000,0.1120140
14.868000,0.1120673
14.870000,0.1120673
14.872000,0.1120140
14.874000,0.1120673
14.876000,0.1120673
14.878000,0.1120140
14.880000,0.1120673
14.882000,0.1120673
14.884000,0.1120673
14.886000,0.1121207
14.888000,0.1120673
14.890000,0.1121207
14.892000,0.1119607
14.894000,0.1120140
14.896000,0.1119607
14.898000,0.1120140
14.900000,0.1120140
14.902000,0.1119607
14.904000,0.1120673
14.906000,0.1120140
14.908000,0.1120673
14.910000,0.1120673
14.912000,0.1121207
14.914000,0.1121207
14.916000,0.1121740
14.918000,0.1122274
14.920000,0.1122274
14.922000,0.1122807
14.924000,0.1122807
14.926000,0.1123340
14.928000,0.1123340
14.930000,0.1123340
14.932000,0.1122807
14.934000,0.1123340
14.936000,0.1123340
14.938000,0.1123340
14.940000,0.1123340
14.942000,0.1122807
14.944000,0.1123340
14.946000,0.1122274
14.948000,0.1122807
14.950000,0.1122274
14.952000,0.1122807
14.954000,0.1122807
14.956000,0.1123340
14.958000,0.1123340
14.960000,0.1123340
14.962000,0.1123874
14.964000,0.1123874
14.966000,0.1124407
14.968000,0.1124407
14.970000,0.1124407
14.972000,0.1124407
14.974000,0.1124407
14.976000,0.1124407
14.978000,0.1124407
14.980000,0.1124407
14.982000,0.1124407
14.984000,0.1124941
14.986000,0.1123874
14.988000,0.1124941
14.990000,0.1124407
14.992000,0.1124407
14.994000,0.1124407
14.996000,0.1124407
14.998000,0.1124941
15.000000,0.1124407
15.002000,0.1124941
15.004000,0.1124407
15.006000,0.1124941
15.008000,0.1124407
15.010000,0.1125474
15.012000,0.1124941
15.014000,0.1125474
15.016000,0.1125474
15.018000,0.1125474
15.020000,0.1126007
15.022000,0.1126007
15.024000,0.1126541
15.026000,0.1126007
15.028000,0.1126541
15.030000,0.1126007
15.032000,0.1126541
15.034000,0.1126541
15.036000,0.1127341
15.038000,0.1127341
15.040000,0.1127341
15.042000,0.1127874
15.044000,0.1127341
15.046000,0.1128408
15.048000,0.1127874
15.050000,0.1128941
15.052000,0.1128408
15.054000,0.1128941
15.056000,0.1128408
15.058000,0.1128941
15.060000,0.1128408
15.062000,0.1128941
15.064000,0.1128408
15.066000,0.1128408
15.068000,0.1128941
15.070000,0.1128408
15.072000,0.1128941
15.074000,0.1127874
15.076000,0.1128408
15.078000,0.1128408
15.080000,0.1128408
15.082000,0.1128408
15.084000,0.1128408
15.086000,0.1128941
15.088000,0.1128941
15.090000,0.1129475
15.092000,0.1130008
15.094000,0.1130008
15.096000,0.1130008
15.098000,0.1130541
15.100000,0.1131075
15.102000,0.1131075
15.104000,0.1131608
15.106000,0.1131608
15.108000,0.1131608
15.110000,0.1131075
15.112000,0.1131608
15.114000,0.1131075
15.116000,0.1131608
15.118000,0.1131075
15.120000,0.1131075
15.122000,0.1131608
15.124000,0.1131608
15.126000,0.1131608
15.128000,0.1131608
15.130000,0.1132141
15.132000,0.1132141
15.134000,0.1132141
15.136000,0.1132141
15.138000,0.1132141
15.140000,0.1132141
15.142000,0.1132675
15.144000,0.1132675
15.146000,0.1132675
15.148000,0.1132675
15.150000,0.1133208
15.152000,0.1133208
15.154000,0.1133742
15.156000,0.1133742
15.158000,0.1133742
15.160000,0.1134275
15.162000,0.1133208
15.164000,0.1133742
15.166000,0.1133742
15.168000,0.1133742
15.170000,0.1133742
15.172000,0.1134275
15.174000,0.1133742
15.176000,0.1134275
15.178000,0.1133742
15.180000,0.1134275
15.182000,0.1133742
15.184000,0.1134275
15.186000,0.1134275
15.188000,0.1134809
15.190000,0.1134275
15.192000,0.1134809
15.194000,0.1134275
15.196000,0.1134809
15.198000,0.1134809
15.200000,0.1134809
15.202000,0.1134809
15.204000,0.1134809
15.206000,0.1135342
15.208000,0.1134809
15.210000,0.1135342
15.212000,0.1134809
15.214000,0.1135875
15.216000,0.1134809
15.218000,0.1135875
15.220000,0.1135342
15.222000,0.1135875
15.224000,0.1135875
15.226000,0.1135875
15.228000,0.1136409
15.230000,0.1136409
15.232000,0.1136409
15.234000,0.1136942
15.236000,0.1136942
15.238000,0.1136942
15.240000,0.1136942
15.242000,0.1137476
15.244000,0.1137476
15.246000,0.1137476
15.248000,0.1137476
15.250000,0.1138009
15.252000,0.1136942
15.254000,0.1138009
15.256000,0.1136942
15.258000,0.1138009
15.260000,0.1136942
15.262000,0.1138009
15.264000,0.1137476
15.266000,0.1137476
15.268000,0.1138542
15.270000,0.1137476
15.272000,0.1139076
15.274000,0.1137476
15.276000,0.1138542
15.278000,0.1138009
15.280000,0.1138542
15.282000,0.1138542
15.284000,0.1138542
15.286000,0.1139076
15.288000,0.1139076
15.290000,0.1139076
15.292000,0.1139076
15.294000,0.1139076
15.296000,0.1139076
15.298000,0.1139609
15.300000,0.1139609
15.302000,0.1140142
15.304000,0.1140142
15.306000,0.1140142
15.308000,0.1140142
15.310000,0.1140676
15.312000,0.1140676
15.314000,0.1141209
15.316000,0.1141209
15.318000,0.1141743
15.320000,0.1141743
15.322000,0.1141209
15.324000,0.1141209
15.326000,0.1141209
15.328000,0.1141743
15.330000,0.1141209
15.332000,0.1141743
15.334000,0.1141209
15.336000,0.1142276
15.338000,0.1141743
15.340000,0.1142276
15.342000,0.1141743
15.344000,0.1142810
15.346000,0.1142276
15.348000,0.1142810
15.350000,0.1142810
15.352000,0.1143343
15.354000,0.1143876
15.356000,0.1143343
15.358000,0.1144410
15.360000,0.1143343
15.362000,0.1143876
15.364000,0.1143876
15.366000,0.1143876
15.368000,0.1143343
15.370000,0.1143876
15.372000,0.1143876
15.374000,0.1143876
15.376000,0.1143876
15.378000,0.1144410
15.380000,0.1143876
15.382000,0.1144410
15.384000,0.1144943
15.386000,0.1144943
15.388000,0.1144943
15.390000,0.1145477
15.392000,0.1144943
15.394000,0.1145477
15.396000,0.1145477
15.398000,0.1145477
15.400000,0.1145477
15.402000,0.1145477
15.404000,0.1145477
15.406000,0.1145477
15.408000,0.1146010
15.410000,0.1146010
15.412000,0.1146543
15.414000,0.1146010
15.416000,0.1146543
15.418000,0.1146543
15.420000,0.1146543
15.422000,0.1147077
15.424000,0.1147077
15.426000,0.1147077
15.428000,0.1147077
15.430000,0.1147610
15.432000,0.1147610
15.434000,0.1147610
15.436000,0.1148143
15.438000,0.1148143
15.440000,0.1148143
15.442000,0.1148143
15.444000,0.1148143
15.446000,0.1148143
15.448000,0.1148143
15.450000,0.1148677
15.452000,0.1148143
15.454000,0.1148677
15.456000,0.1149210
15.458000,0.1149210
15.460000,0.1149210
15.462000,0.1148677
15.464000,0.1148677
15.466000,0.1148677
15.468000,0.1148677
15.470000,0.1148677
15.472000,0.1148677
15.474000,0.1149210
15.476000,0.1148677
15.478000,0.1149744
15.480000,0.1149744
15.482000,0.1150277
15.484000,0.1149744
15.486000,0.1150277
15.488000,0.1150277
15.490000,0.1149744
15.492000,0.1150277
15.494000,0.1147610
15.496000,0.1139609
15.498000,0.1130008
15.500000,0.1123340
15.502000,0.1117473
15.504000,0.1114806
15.506000,0.1108405
15.508000,0.1115339
15.510000,0.1118006
15.512000,0.1130541
15.514000,0.1139609
15.516000,0.1149744
15.518000,0.1161212
15.520000,0.1160145
15.522000,0.1164946
15.524000,0.1163879
15.526000,0.1168146
15.528000,0.1166012
15.530000,0.1164412
15.532000,0.1163345
15.534000,0.1160145
15.536000,0.1160678
15.538000,0.1159078
15.540000,0.1158011
15.542000,0.1156145
15.544000,0.1155078
15.546000,0.1154544
15.548000,0.1154544
15.550000,0.1155611
15.552000,0.1156678
15.554000,0.1158011
15.556000,0.1156145
15.558000,0.1158011
15.560000,0.1158545
15.562000,0.1158011
15.564000,0.1158545
15.566000,0.1159078
15.568000,0.1159612
15.570000,0.1158011
15.572000,0.1157211
15.574000,0.1157211
15.576000,0.1157211
15.578000,0.1158011
15.580000,0.1157211
15.582000,0.1157211
15.584000,0.1156145
15.586000,0.1156678
15.588000,0.1156678
15.590000,0.1157211
15.592000,0.1157211
15.594000,0.1156678
15.596000,0.1157211
15.598000,0.1156678
15.600000,0.1156145
15.602000,0.1156678
15.604000,0.1158011
15.606000,0.1157211
15.608000,0.1156678
15.610000,0.1156145
15.612000,0.1156678
15.614000,0.1156678
15.616000,0.1157211
15.618000,0.1158011
15.620000,0.1158011
15.622000,0.1158011
15.624000,0.1158011
15.626000,0.1158545
15.628000,0.1158545
15.630000,0.1158545
15.632000,0.1159612
15.634000,0.1158011
15.636000,0.1159078
15.638000,0.1158011
15.640000,0.1158545
15.642000,0.1159078
15.644000,0.1159078
15.646000,0.1159612
15.648000,0.1158545
15.650000,0.1159078
15.652000,0.1159078
15.654000,0.1159612
15.656000,0.1159612
15.658000,0.1160145
15.660000,0.1160145
15.662000,0.1160145
15.664000,0.1160678
15.666000,0.1161745
15.668000,0.1161212
15.670000,0.1161212
15.672000,0.1160678
15.674000,0.1160678
15.676000,0.1160678
15.678000,0.1160145
15.680000,0.1160145
15.682000,0.1160678
15.684000,0.1160678
15.686000,0.1160678
15.688000,0.1160145
15.690000,0.1161212
15.692000,0.1160678
15.694000,0.1160678
15.696000,0.1160678
15.698000,0.1161212
15.700000,0.1160678
15.702000,0.1161212
15.704000,0.1162279
15.706000,0.1162812
15.708000,0.1162812
15.710000,0.1163345
15.712000,0.1163345
15.714000,0.1162812
15.716000,0.1162812
15.718000,0.1162812
15.720000,0.1162812
15.722000,0.1162812
15.724000,0.1162812
15.726000,0.1162812
15.728000,0.1162812
15.730000,0.1163879
15.732000,0.1162812
15.734000,0.1163345
15.736000,0.1163879
15.738000,0.1163345
15.740000,0.1163879
15.742000,0.1163879
15.744000,0.1164946
15.746000,0.1164412
15.748000,0.1164946
15.750000,0.1164412
15.752000,0.1164946
15.754000,0.1164946
15.756000,0.1164946
15.758000,0.1164946
15.760000,0.1164946
15.762000,0.1164946
15.764000,0.1164946
15.766000,0.1164946
15.768000,0.1164946
15.770000,0.1164946
15.772000,0.1165479
15.774000,0.1165479
15.776000,0.1165479
15.778000,0.1166012
15.780000,0.1166012
15.782000,0.1165479
15.784000,0.1165479
15.786000,0.1166012
15.788000,0.1165479
15.790000,0.1166012
15.792000,0.1165479
15.794000,0.1166546
15.796000,0.1166546
15.798000,0.1166546
15.800000,0.1166546
15.802000,0.1167079
15.804000,0.1167079
15.806000,0.1167079
15.808000,0.1167079
15.810000,0.1167079
15.812000,0.1167613
15.814000,0.1167079
15.816000,0.1167079
15.818000,0.1167613
15.820000,0.1167613
15.822000,0.1167613
15.824000,0.1167613
15.826000,0.1168146
15.828000,0.1168146
15.830000,0.1168146
15.832000,0.1168146
15.834000,0.1168679
15.836000,0.1169213
15.838000,0.1168146
15.840000,0.1169213
15.842000,0.1169213
15.844000,0.1169213
15.846000,0.1168679
15.848000,0.1168679
15.850000,0.1169213
15.852000,0.1168679
15.854000,0.1168146
15.856000,0.1168679
15.858000,0.1169213
15.860000,0.1168679
15.862000,0.1168679
15.864000,0.1168146
15.866000,0.1168679
15.868000,0.1168679
15.870000,0.1168679
15.872000,0.1169213
15.874000,0.1169746
15.876000,0.1170280
15.878000,0.1169746
15.880000,0.1170280
15.882000,0.1170813
15.884000,0.1170813
15.886000,0.1170280
15.888000,0.1171346
15.890000,0.1171346
15.892000,0.1171346
15.894000,0.1171346
15.896000,0.1171346
15.898000,0.1171346
15.900000,0.1170813
15.902000,0.1170813
15.904000,0.1171346
15.906000,0.1171346
15.908000,0.1170813
15.910000,0.1171346
15.912000,0.1171346
15.914000,0.1171880
15.916000,0.1171346
15.918000,0.1172413
15.920000,0.1171880
15.922000,0.1172947
15.924000,0.1172413
15.926000,0.1172413
15.928000,0.1172413
15.930000,0.1172947
15.932000,0.1172947
15.934000,0.1172413
15.936000,0.1173480
15.938000,0.1172947
15.940000,0.1174013
15.942000,0.1172947
15.944000,0.1173480
15.946000,0.1172947
15.948000,0.1172947
15.950000,0.1172947
15.952000,0.1172947
15.954000,0.1173480
15.956000,0.1172413
15.958000,0.1172947
15.960000,0.1172947
15.962000,0.1173480
15.964000,0.1172947
15.966000,0.1173480
15.968000,0.1174013
15.970000,0.1174013
15.972000,0.1174547
15.974000,0.1174013
15.976000,0.1175080
15.978000,0.1174547
15.980000,0.1175080
15.982000,0.1174547
15.984000,0.1174547
15.986000,0.1174547
15.988000,0.1174547
15.990000,0.1175080
15.992000,0.1175080
15.994000,0.1175080
15.996000,0.1175080
15.998000,0.1176680
16.000000,0.1176147
16.002000,0.1176147
16.004000,0.1176147
16.006000,0.1176147
16.008000,0.1176147
16.010000,0.1175614
16.012000,0.1176147
16.014000,0.1176147
16.016000,0.1176680
16.018000,0.1176147
16.020000,0.1176147
16.022000,0.1176680
16.024000,0.1176680
16.026000,0.1177214
16.028000,0.1176680
16.030000,0.1177214
16.032000,0.1177214
16.034000,0.1177747
16.036000,0.1177747
16.038000,0.1177214
16.040000,0.1177747
16.042000,0.1177747
16.044000,0.1177747
16.046000,0.1177747
16.048000,0.1177214
16.050000,0.1177747
16.052000,0.1177214
16.054000,0.1177747
16.056000,0.1178281
16.058000,0.1178281
16.060000,0.1177747
16.062000,0.1178281
16.064000,0.1178281
16.066000,0.1178814
16.068000,0.1178814
16.070000,0.1178281
16.072000,0.1178814
16.074000,0.1177747
16.076000,0.1178814
16.078000,0.1178281
16.080000,0.1178281
16.082000,0.1178281
16.084000,0.1178281
16.086000,0.1178814
16.088000,0.1179347
16.090000,0.1179347
16.092000,0.1179347
16.094000,0.1178814
16.096000,0.1177214
16.098000,0.1175614
16.100000,0.1173480
16.102000,0.1170813
16.104000,0.1168679
16.106000,0.1169213
16.108000,0.1170280
16.110000,0.1171880
16.112000,0.1174547
16.114000,0.1179881
16.116000,0.1182014
16.118000,0.1184681
16.120000,0.1184681
16.122000,0.1185748
16.124000,0.1184681
16.126000,0.1182548
16.128000,0.1180414
16.130000,0.1179347
16.132000,0.1179347
16.134000,0.1178281
16.136000,0.1179881
16.138000,0.1180414
16.140000,0.1183615
16.142000,0.1184148
16.144000,0.1186282
16.146000,0.1186815
16.148000,0.1188682
16.150000,0.1188682
16.152000,0.1189215
16.154000,0.1189215
16.156000,0.1188682
16.158000,0.1188682
16.160000,0.1187348
16.162000,0.1187348
16.164000,0.1186282
16.166000,0.1186815
16.168000,0.1186282
16.170000,0.1185748
16.172000,0.1185215
16.174000,0.1185215
16.176000,0.1185215
16.178000,0.1185215
16.180000,0.1185215
16.182000,0.1185215
16.184000,0.1185215
16.186000,0.1185215
16.188000,0.1185215
16.190000,0.1184681
16.192000,0.1184681
16.194000,0.1184681
16.196000,0.1184681
16.198000,0.1184681
16.200000,0.1185215
16.202000,0.1185215
16.204000,0.1185215
16.206000,0.1185748
16.208000,0.1185748
16.210000,0.1186815
16.212000,0.1186815
16.214000,0.1187348
16.216000,0.1186815
16.218000,0.1187348
16.220000,0.1186815
16.222000,0.1187348
16.224000,0.1186815
16.226000,0.1187348
16.228000,0.1187348
16.230000,0.1187348
16.232000,0.1186815
16.234000,0.1186815
16.236000,0.1186815
16.238000,0.1186815
16.240000,0.1187348
16.242000,0.1186282
16.244000,0.1187348
16.246000,0.1186282
16.248000,0.1187348
16.250000,0.1187348
16.252000,0.1187882
16.254000,0.1188682
16.256000,0.1188682
16.258000,0.1189749
16.260000,0.1189215
16.262000,0.1189749
16.264000,0.1189749
16.266000,0.1189215
16.268000,0.1189749
16.270000,0.1189749
16.272000,0.1189749
16.274000,0.1189215
16.276000,0.1189215
16.278000,0.1189749
16.280000,0.1189215
16.282000,0.1189749
16.284000,0.1189749
16.286000,0.1189215
16.288000,0.1189749
16.290000,0.1189215
16.292000,0.1189749
16.294000,0.1189215
16.296000,0.1189215
16.298000,0.1189215
16.300000,0.1189749
16.302000,0.1189749
16.304000,0.1189749
16.306000,0.1189749
16.308000,0.1189749
16.310000,0.1190282
16.312000,0.1189749
16.314000,0.1189749
16.316000,0.1190282
16.318000,0.1189749
16.320000,0.1189749
16.322000,0.1189749
16.324000,0.1190816
16.326000,0.1190282
16.328000,0.1190816
16.330000,0.1191349
16.332000,0.1191349
16.334000,0.1191349
16.336000,0.1191349
16.338000,0.1191349
16.340000,0.1191882
16.342000,0.1191349
16.344000,0.1191349
16.346000,0.1191882
16.348000,0.1191882
16.350000,0.1192416
16.352000,0.1191882
16.354000,0.1192949
16.356000,0.1192416
16.358000,0.1192949
16.360000,0.1192416
16.362000,0.1192416
16.364000,0.1192416
16.366000,0.1192416
16.368000,0.1191882
16.370000,0.1192416
16.372000,0.1191882
16.374000,0.1191882
16.376000,0.1191882
16.378000,0.1192416
16.380000,0.1192416
16.382000,0.1192416
16.384000,0.1192949
16.386000,0.1192416
16.388000,0.1193483
16.390000,0.1192416
16.392000,0.1193483
16.394000,0.1192949
16.396000,0.1193483
16.398000,0.1193483
16.400000,0.1192949
16.402000,0.1192949
16.404000,0.1192949
16.406000,0.1193483
16.408000,0.1193483
16.410000,0.1193483
16.412000,0.1194549
16.414000,0.1194016
16.416000,0.1194549
16.418000,0.1194549
16.420000,0.1194549
16.422000,0.1194549
16.424000,0.1194549
16.426000,0.1194549
16.428000,0.1194549
16.430000,0.1194549
16.432000,0.1194549
16.434000,0.1194549
16.436000,0.1194549
16.438000,0.1195083
16.440000,0.1195083
16.442000,0.1195616
16.444000,0.1195083
16.446000,0.1195616
16.448000,0.1195616
16.450000,0.1196149
16.452000,0.1196683
16.454000,0.1196149
16.456000,0.1197216
16.458000,0.1197216
16.460000,0.1197750
16.462000,0.1197750
16.464000,0.1198283
16.466000,0.1197750
16.468000,0.1197750
16.470000,0.1197216
16.472000,0.1197216
16.474000,0.1196683
16.476000,0.1196683
16.478000,0.1196683
16.480000,0.1196683
16.482000,0.1197216
16.484000,0.1197216
16.486000,0.1197216
16.488000,0.1198283
16.490000,0.1198283
16.492000,0.1198817
16.494000,0.1198817
16.496000,0.1199350
16.498000,0.1198817
16.500000,0.1199350
16.502000,0.1199350
16.504000,0.1198817
16.506000,0.1199883
16.508000,0.1198817
16.510000,0.1200417
16.512000,0.1199350
16.514000,0.1200417
16.516000,0.1199883
16.518000,0.1200417
16.520000,0.1200417
16.522000,0.1199883
16.524000,0.1200417
16.526000,0.1199883
16.528000,0.1200950
16.530000,0.1199883
16.532000,0.1200417
16.534000,0.1199883
16.536000,0.1200950
16.538000,0.1200950
16.540000,0.1201484
16.542000,0.1201484
16.544000,0.1201484
16.546000,0.1201484
16.548000,0.1201484
16.550000,0.1201484
16.552000,0.1201484
16.554000,0.1202017
16.556000,0.1201484
16.558000,0.1201484
16.560000,0.1201484
16.562000,0.1202017
16.564000,0.1202017
16.566000,0.1202550
16.568000,0.1202017
16.570000,0.1202550
16.572000,0.1202017
16.574000,0.1202017
16.576000,0.1202017
16.578000,0.1202550
16.580000,0.1202550
16.582000,0.1202550
16.584000,0.1202550
16.586000,0.1202550
16.588000,0.1203084
16.590000,0.1202550
16.592000,0.1202550
16.594000,0.1203084
16.596000,0.1203617
16.598000,0.1203617
16.600000,0.1203617
16.602000,0.1203617
16.604000,0.1203617
16.606000,0.1204150
16.608000,0.1204684
16.610000,0.1204150
16.612000,0.1204684
16.614000,0.1204684
16.616000,0.1204684
16.618000,0.1204150
16.620000,0.1204150
16.622000,0.1204684
16.624000,0.1204150
16.626000,0.1204684
16.628000,0.1204150
16.630000,0.1204684
16.632000,0.1204150
16.634000,0.1204684
16.636000,0.1204684
16.638000,0.1204684
16.640000,0.1205217
16.642000,0.1204150
16.644000,0.1204684
16.646000,0.1204684
16.648000,0.1204684
16.650000,0.1205217
16.652000,0.1205217
16.654000,0.1205751
16.656000,0.1205217
16.658000,0.1205751
16.660000,0.1205751
16.662000,0.1205751
16.664000,0.1205751
16.666000,0.1205751
16.668000,0.1205751
16.670000,0.1205217
16.672000,0.1205751
16.674000,0.1205751
16.676000,0.1206284
16.678000,0.1206284
16.680000,0.1206284
16.682000,0.1206818
16.684000,0.1206818
16.686000,0.1207351
16.688000,0.1207351
16.690000,0.1207351
16.692000,0.1207351
16.694000,0.1207351
16.696000,0.1207884
16.698000,0.1206818
16.700000,0.1207884
16.702000,0.1207351
16.704000,0.1207351
16.706000,0.1207884
16.708000,0.1207884
16.710000,0.1208418
16.712000,0.1207884
16.714000,0.1208418
16.716000,0.1207884
16.718000,0.1208418
16.720000,0.1207884
16.722000,0.1207884
16.724000,0.1208418
16.726000,0.1207884
16.728000,0.1208951
16.730000,0.1208951
16.732000,0.1208951
16.734000,0.1208418
16.736000,0.1208951
16.738000,0.1208951
16.740000,0.1208418
16.742000,0.1209484
16.744000,0.1208951
16.746000,0.1209484
16.748000,0.1209484
16.750000,0.1209484
16.752000,0.1209484
16.754000,0.1209484
16.756000,0.1209484
16.758000,0.1208951
16.760000,0.1210018
16.762000,0.1209484
16.764000,0.1209484
16.766000,0.1210018
16.768000,0.1210551
16.770000,0.1209484
16.772000,0.1210018
16.774000,0.1210018
16.776000,0.1210551
16.778000,0.1210551
16.780000,0.1210551
16.782000,0.1210551
16.784000,0.1210018
16.786000,0.1210551
16.788000,0.1210551
16.790000,0.1211085
16.792000,0.1210551
16.794000,0.1211085
16.796000,0.1211085
16.798000,0.1211618
16.800000,0.1211085
16.802000,0.1211618
16.804000,0.1211618
16.806000,0.1211618
16.808000,0.1212152
16.810000,0.1212152
16.812000,0.1213218
16.814000,0.1212152
16.816000,0.1213218
16.818000,0.1213218
16.820000,0.1213218
16.822000,0.1213752
16.824000,0.1212685
16.826000,0.1213218
16.828000,0.1212685
16.830000,0.1213218
16.832000,0.1212685
16.834000,0.1213218
16.836000,0.1213218
16.838000,0.1213752
16.840000,0.1213218
16.842000,0.1213218
16.844000,0.1213218
16.846000,0.1213218
16.848000,0.1213752
16.850000,0.1213752
16.852000,0.1213752
16.854000,0.1213752
16.856000,0.1214285
16.858000,0.1214285
16.860000,0.1214285
16.862000,0.1214819
16.864000,0.1214819
16.866000,0.1214819
16.868000,0.1214819
16.870000,0.1214285
16.872000,0.1214285
16.874000,0.1214285
16.876000,0.1214819
16.878000,0.1214285
16.880000,0.1214285
16.882000,0.1214819
16.884000,0.1214819
16.886000,0.1214819
16.888000,0.1215885
16.890000,0.1215352
16.892000,0.1215352
16.894000,0.1215885
16.896000,0.1215352
16.898000,0.1215885
16.900000,0.1215352
16.902000,0.1215352
16.904000,0.1215352
16.906000,0.1215352
16.908000,0.1215352
16.910000,0.1215352
16.912000,0.1215885
16.914000,0.1215885
16.916000,0.1215885
16.918000,0.1216419
16.920000,0.1216952
16.922000,0.1216419
16.924000,0.1216952
16.926000,0.1216952
16.928000,0.1216952
16.930000,0.1216419
16.932000,0.1216419
16.934000,0.1216952
16.936000,0.1216952
16.938000,0.1217485
16.940000,0.1217485
16.942000,0.1217485
16.944000,0.1218019
16.946000,0.1218019
16.948000,0.1218552
16.950000,0.1219352
16.952000,0.1218552
16.954000,0.1218552
16.956000,0.1218019
16.958000,0.1218019
16.960000,0.1218019
16.962000,0.1218019
16.964000,0.1218019
16.966000,0.1217485
16.968000,0.1217485
16.970000,0.1217485
16.972000,0.1217485
16.974000,0.1217485
16.976000,0.1217485
16.978000,0.1217485
16.980000,0.1217485
16.982000,0.1217485
16.984000,0.1218019
16.986000,0.1217485
16.988000,0.1218552
16.990000,0.1218019
16.992000,0.1219352
16.994000,0.1218552
16.996000,0.1219352
16.998000,0.1219352
17.000000,0.1219352
17.002000,0.1219886
17.004000,0.1219886
17.006000,0.1219886
17.008000,0.1219886
17.010000,0.1219886
17.012000,0.1219886
17.014000,0.1220419
17.016000,0.1219352
17.018000,0.1219886
17.020000,0.1219352
17.022000,0.1220419
17.024000,0.1219886
17.026000,0.1220419
17.028000,0.1220419
17.030000,0.1220419
17.032000,0.1220419
17.034000,0.1220419
17.036000,0.1220953
17.038000,0.1220419
17.040000,0.1220419
17.042000,0.1219886
17.044000,0.1220419
17.046000,0.1220419
17.048000,0.1220419
17.050000,0.1220419
17.052000,0.1219886
17.054000,0.1220953
17.056000,0.1220419
17.058000,0.1220953
17.060000,0.1220953
17.062000,0.1221486
17.064000,0.1221486
17.066000,0.1221486
17.068000,0.1222019
17.070000,0.1222553
17.072000,0.1222019
17.074000,0.1222019
17.076000,0.1222553
17.078000,0.1222553
17.080000,0.1223086
17.082000,0.1222553
17.084000,0.1223086
17.086000,0.1222553
17.088000,0.1222553
17.090000,0.1223086
17.092000,0.1223086
17.094000,0.1223620
17.096000,0.1223086
17.098000,0.1223620
17.100000,0.1224153
17.102000,0.1224686
17.104000,0.1224686
17.106000,0.1223620
17.108000,0.1224686
17.110000,0.1224686
17.112000,0.1224686
17.114000,0.1224686
17.116000,0.1224153
17.118000,0.1224153
17.120000,0.1224153
17.122000,0.1224153
17.124000,0.1224153
17.126000,0.1224686
17.128000,0.1224686
17.130000,0.1224686
17.132000,0.1224686
17.134000,0.1224686
17.136000,0.1224153
17.138000,0.1224686
17.140000,0.1224153
17.142000,0.1224686
17.144000,0.1224686
17.146000,0.1224686
17.148000,0.1224686
17.150000,0.1224686
17.152000,0.1225220
17.154000,0.1225220
17.156000,0.1226287
17.158000,0.1225753
17.160000,0.1226287
17.162000,0.1225220
17.164000,0.1226287
17.166000,0.1225220
17.168000,0.1225753
17.170000,0.1225753
17.172000,0.1225753
17.174000,0.1225753
17.176000,0.1225220
17.178000,0.1225753
17.180000,0.1225220
17.182000,0.1226287
17.184000,0.1225753
17.186000,0.1225753
17.188000,0.1225753
17.190000,0.1226287
17.192000,0.1225753
17.194000,0.1226820
17.196000,0.1225753
17.198000,0.1226820
17.200000,0.1225753
17.202000,0.1226287
17.204000,0.1226820
17.206000,0.1226287
17.208000,0.1226820
17.210000,0.1225753
17.212000,0.1226820
17.214000,0.1225753
17.216000,0.1226287
17.218000,0.1226287
17.220000,0.1226287
17.222000,0.1226820
17.224000,0.1226820
17.226000,0.1226820
17.228000,0.1227353
17.230000,0.1226820
17.232000,0.1227353
17.234000,0.1226820
17.236000,0.1227353
17.238000,0.1226820
17.240000,0.1227887
17.242000,0.1227353
17.244000,0.1227887
17.246000,0.1227353
17.248000,0.1227353
17.250000,0.1227353
17.252000,0.1226820
17.254000,0.1227353
17.256000,0.1227353
17.258000,0.1227887
17.260000,0.1227353
17.262000,0.1228420
17.264000,0.1227887
17.266000,0.1228954
17.268000,0.1228420
17.270000,0.1228420
17.272000,0.1228420
17.274000,0.1227887
17.276000,0.1228420
17.278000,0.1227887
17.280000,0.1228420
17.282000,0.1228420
17.284000,0.1228954
17.286000,0.1228954
17.288000,0.1228954
17.290000,0.1228954
17.292000,0.1229487
17.294000,0.1229487
17.296000,0.1229487
17.298000,0.1229487
17.300000,0.1230020
17.302000,0.1230020
17.304000,0.1230020
17.306000,0.1230554
17.308000,0.1230020
17.310000,0.1230554
17.312000,0.1230020
17.314000,0.1230554
17.316000,0.1230020
17.318000,0.1230554
17.320000,0.1230020
17.322000,0.1230554
17.324000,0.1230554
17.326000,0.1230554
17.328000,0.1230554
17.330000,0.1230554
17.332000,0.1230554
17.334000,0.1230554
17.336000,0.1231087
17.338000,0.1230554
17.340000,0.1230554
17.342000,0.1230554
17.344000,0.1230554
17.346000,0.1231087
17.348000,0.1230554
17.350000,0.1231087
17.352000,0.1231087
17.354000,0.1231087
17.356000,0.1231087
17.358000,0.1230554
17.360000,0.1231087
17.362000,0.1230554
17.364000,0.1231087
17.366000,0.1230554
17.368000,0.1231621
17.370000,0.1231087
17.372000,0.1231621
17.374000,0.1231621
17.376000,0.1231621
17.378000,0.1232154
17.380000,0.1231621
17.382000,0.1232687
17.384000,0.1232154
17.386000,0.1232154
17.388000,0.1232687
17.390000,0.1232154
17.392000,0.1232687
17.394000,0.1232154
17.396000,0.1233221
17.398000,0.1232687
17.400000,0.1233221
17.402000,0.1233221
17.404000,0.1233754
17.406000,0.1233221
17.408000,0.1233754
17.410000,0.1233221
17.412000,0.1233754
17.414000,0.1233221
17.416000,0.1233221
17.418000,0.1233221
17.420000,0.1233221
17.422000,0.1233754
17.424000,0.1232687
17.426000,0.1233754
17.428000,0.1233221
17.430000,0.1233754
17.432000,0.1233221
17.434000,0.1233221
17.436000,0.1233221
17.438000,0.1233221
17.440000,0.1233221
17.442000,0.1233754
17.444000,0.1233221
17.446000,0.1233754
17.448000,0.1233754
17.450000,0.1233754
17.452000,0.1233754
17.454000,0.1233221
17.456000,0.1233221
17.458000,0.1233221
17.460000,0.1233221
17.462000,0.1233221
17.464000,0.1233754
17.466000,0.1233754
17.468000,0.1233221
17.470000,0.1233221
17.472000,0.1233221
17.474000,0.1233221
17.476000,0.1233754
17.478000,0.1233754
17.480000,0.1234288
17.482000,0.1234821
17.484000,0.1235354
17.486000,0.1235354
17.488000,0.1235354
17.490000,0.1235354
17.492000,0.1234821
17.494000,0.1234821
17.496000,0.1234288
17.498000,0.1234288
17.500000,0.1234821
17.502000,0.1234821
17.504000,0.1234288
17.506000,0.1235354
17.508000,0.1234821
17.510000,0.1235888
17.512000,0.1235888
17.514000,0.1235888
17.516000,0.1235888
17.518000,0.1235888
17.520000,0.1236421
17.522000,0.1235354
17.524000,0.1236421
17.526000,0.1235888
17.528000,0.1236421
17.530000,0.1236421
17.532000,0.1236421
17.534000,0.1236421
17.536000,0.1236421
17.538000,0.1236955
17.540000,0.1235888
17.542000,0.1236421
17.544000,0.1236421
17.546000,0.1237488
17.548000,0.1235888
17.550000,0.1237488
17.552000,0.1236421
17.554000,0.1236955
17.556000,0.1237488
17.558000,0.1236955
17.560000,0.1238021
17.562000,0.1236955
17.564000,0.1237488
17.566000,0.1236955
17.568000,0.1237488
17.570000,0.1236421
17.572000,0.1236955
17.574000,0.1235888
17.576000,0.1236955
17.578000,0.1235888
17.580000,0.1236421
17.582000,0.1235888
17.584000,0.1236421
17.586000,0.1236421
17.588000,0.1235888
17.590000,0.1236421
17.592000,0.1236421
17.594000,0.1236955
17.596000,0.1236955
17.598000,0.1237488
17.600000,0.1237488
17.602000,0.1238021
17.604000,0.1237488
17.606000,0.1238021
17.608000,0.1238021
17.610000,0.1238021
17.612000,0.1238021
17.614000,0.1238021
17.616000,0.1238555
17.618000,0.1238555
17.620000,0.1238555
17.622000,0.1238555
17.624000,0.1239088
17.626000,0.1239088
17.628000,0.1238021
17.630000,0.1239088
17.632000,0.1238021
17.634000,0.1238555
17.636000,0.1238021
17.638000,0.1238021
17.640000,0.1238021
17.642000,0.1238555
17.644000,0.1238021
17.646000,0.1238555
17.648000,0.1238555
17.650000,0.1238021
17.652000,0.1239088
17.654000,0.1238555
17.656000,0.1239088
17.658000,0.1239088
17.660000,0.1239088
17.662000,0.1239622
17.664000,0.1239622
17.666000,0.1239622
17.668000,0.1239622
17.670000,0.1239622
17.672000,0.1240155
17.674000,0.1239622
17.676000,0.1240155
17.678000,0.1239622
17.680000,0.1240155
17.682000,0.1240155
17.684000,0.1239622
17.686000,0.1240155
17.688000,0.1240155
17.690000,0.1240688
17.692000,0.1240155
17.694000,0.1240688
17.696000,0.1240155
17.698000,0.1240155
17.700000,0.1240155
17.702000,0.1240155
17.704000,0.1240155
17.706000,0.1239622
17.708000,0.1240155
17.710000,0.1239622
17.712000,0.1240688
17.714000,0.1240155
17.716000,0.1240155
17.718000,0.1239622
17.720000,0.1240688
17.722000,0.1240155
17.724000,0.1240688
17.726000,0.1241222
17.728000,0.1240688
17.730000,0.1241222
17.732000,0.1240688
17.734000,0.1241222
17.736000,0.1240155
17.738000,0.1240688
17.740000,0.1240155
17.742000,0.1241222
17.744000,0.1240155
17.746000,0.1240688
17.748000,0.1240688
17.750000,0.1240688
17.752000,0.1241222
17.754000,0.1241222
17.756000,0.1241222
17.758000,0.1240688
17.760000,0.1241222
17.762000,0.1240155
17.764000,0.1240688
17.766000,0.1240155
17.768000,0.1241755
17.770000,0.1241222
17.772000,0.1242289
17.774000,0.1242289
17.776000,0.1242822
17.778000,0.1242822
17.780000,0.1242289
17.782000,0.1242822
17.784000,0.1242289
17.786000,0.1242289
17.788000,0.1242289
17.790000,0.1242289
17.792000,0.1241755
17.794000,0.1242289
17.796000,0.1241755
17.798000,0.1242822
17.800000,0.1241755
17.802000,0.1242822
17.804000,0.1241755
17.806000,0.1242289
17.808000,0.1242289
17.810000,0.1242289
17.812000,0.1242289
17.814000,0.1242289
17.816000,0.1243355
17.818000,0.1242289
17.820000,0.1243355
17.822000,0.1242289
17.824000,0.1243355
17.826000,0.1242289
17.828000,0.1242289
17.830000,0.1242289
17.832000,0.1242289
17.834000,0.1242289
17.836000,0.1242822
17.838000,0.1242822
17.840000,0.1242822
17.842000,0.1242289
17.844000,0.1242822
17.846000,0.1242822
17.848000,0.1243355
17.850000,0.1242822
17.852000,0.1243355
17.854000,0.1243355
17.856000,0.1242822
17.858000,0.1244422
17.860000,0.1243355
17.862000,0.1244956
17.864000,0.1243355
17.866000,0.1244422
17.868000,0.1243889
17.870000,0.1244422
17.872000,0.1244422
17.874000,0.1243889
17.876000,0.1244422
17.878000,0.1244422
17.880000,0.1243889
17.882000,0.1243889
17.884000,0.1243889
17.886000,0.1243889
17.888000,0.1243889
17.890000,0.1243355
17.892000,0.1243355
17.894000,0.1243355
17.896000,0.1243889
17.898000,0.1243355
17.900000,0.1243889
17.902000,0.1243355
17.904000,0.1243889
17.906000,0.1243355
17.908000,0.1244422
17.910000,0.1244422
17.912000,0.1243889
17.914000,0.1244422
17.916000,0.1244422
17.918000,0.1244956
17.920000,0.1244422
17.922000,0.1244422
17.924000,0.1244422
17.926000,0.1244422
17.928000,0.1244422
17.930000,0.1244422
17.932000,0.1243889
17.934000,0.1245489
17.936000,0.1244422
17.938000,0.1245489
17.940000,0.1244956
17.942000,0.1246022
17.944000,0.1245489
17.946000,0.1246022
17.948000,0.1246022
17.950000,0.1246022
17.952000,0.1246022
17.954000,0.1246022
17.956000,0.1245489
17.958000,0.1246022
17.960000,0.1246022
17.962000,0.1246022
17.964000,0.1246022
17.966000,0.1245489
17.968000,0.1246022
17.970000,0.1245489
17.972000,0.1246022
17.974000,0.1245489
17.976000,0.1245489
17.978000,0.1244956
17.980000,0.1244956
17.982000,0.1244956
17.984000,0.1244956
17.986000,0.1245489
17.988000,0.1245489
17.990000,0.1246556
17.992000,0.1245489
17.994000,0.1246556
17.996000,0.1246022
17.998000,0.1246556
18.000000,0.1246556
18.002000,0.1246022
18.004000,0.1246556
18.006000,0.1246022
18.008000,0.1247089
18.010000,0.1246556
18.012000,0.1247089
18.014000,0.1247089
18.016000,0.1247089
18.018000,0.1247089
18.020000,0.1247089
18.022000,0.1246556
18.024000,0.1246556
18.026000,0.1246556
18.028000,0.1246556
18.030000,0.1246556
18.032000,0.1246022
18.034000,0.1246556
18.036000,0.1246022
18.038000,0.1246556
18.040000,0.1246556
18.042000,0.1247089
18.044000,0.1247623
18.046000,0.1247089
18.048000,0.1247623
18.050000,0.1247623
18.052000,0.1248156
18.054000,0.1248156
18.056000,0.1248156
18.058000,0.1248156
18.060000,0.1248156
18.062000,0.1247089
18.064000,0.1247623
18.066000,0.1247089
18.068000,0.1247623
18.070000,0.1247089
18.072000,0.1247089
18.074000,0.1247623
18.076000,0.1247623
18.078000,0.1248156
18.080000,0.1247623
18.082000,0.1248689
18.084000,0.1248156
18.086000,0.1248156
18.088000,0.1248156
18.090000,0.1247623
18.092000,0.1248156
18.094000,0.1247623
18.096000,0.1247623
18.098000,0.1247623
18.100000,0.1247623
18.102000,0.1247623
18.104000,0.1247623
18.106000,0.1248156
18.108000,0.1248156
18.110000,0.1248156
18.112000,0.1248156
18.114000,0.1248156
18.116000,0.1248689
18.118000,0.1247623
18.120000,0.1248156
18.122000,0.1247623
18.124000,0.1248156
18.126000,0.1247623
18.128000,0.1247623
18.130000,0.1247623
18.132000,0.1247623
18.134000,0.1248156
18.136000,0.1247623
18.138000,0.1248156
18.140000,0.1247623
18.142000,0.1248156
18.144000,0.1248689
18.146000,0.1248156
18.148000,0.1248156
18.150000,0.1247623
18.152000,0.1248156
18.154000,0.1248156
18.156000,0.1248156
18.158000,0.1248689
18.160000,0.1248689
18.162000,0.1248689
18.164000,0.1248156
18.166000,0.1248156
18.168000,0.1248156
18.170000,0.1248156
18.172000,0.1248156
18.174000,0.1248156
18.176000,0.1248689
18.178000,0.1248689
18.180000,0.1248156
18.182000,0.1249223
18.184000,0.1248689
18.186000,0.1249223
18.188000,0.1249223
18.190000,0.1249223
18.192000,0.1250023
18.194000,0.1248689
18.196000,0.1250023
18.198000,0.1249223
18.200000,0.1250023
18.202000,0.1248689
18.204000,0.1249223
18.206000,0.1249223
18.208000,0.1249223
18.210000,0.1250023
18.212000,0.1250023
18.214000,0.1250023
18.216000,0.1249223
18.218000,0.1250556
18.220000,0.1249223
18.222000,0.1250556
18.224000,0.1249223
18.226000,0.1250023
18.228000,0.1250023
18.230000,0.1250023
18.232000,0.1250556
18.234000,0.1250556
18.236000,0.1250556
18.238000,0.1250556
18.240000,0.1250556
18.242000,0.1250556
18.244000,0.1251090
18.246000,0.1250556
18.248000,0.1250556
18.250000,0.1250556
18.252000,0.1250556
18.254000,0.1250023
18.256000,0.1250556
18.258000,0.1250556
18.260000,0.1250556
18.262000,0.1251090
18.264000,0.1250556
18.266000,0.1251090
18.268000,0.1251090
18.270000,0.1251090
18.272000,0.1251090
18.274000,0.1251090
18.276000,0.1251090
18.278000,0.1251090
18.280000,0.1250556
18.282000,0.1251090
18.284000,0.1250556
18.286000,0.1251623
18.288000,0.1251090
18.290000,0.1251090
18.292000,0.1250556
18.294000,0.1251090
18.296000,0.1251090
18.298000,0.1250556
18.300000,0.1251090
18.302000,0.1250556
18.304000,0.1251090
18.306000,0.1250023
18.308000,0.1251090
18.310000,0.1250556
18.312000,0.1251090
18.314000,0.1251090
18.316000,0.1251090
18.318000,0.1251090
18.320000,0.1251623
18.322000,0.1250556
18.324000,0.1251090
18.326000,0.1251090
18.328000,0.1251090
18.330000,0.1251090
18.332000,0.1251623
18.334000,0.1252157
18.336000,0.1251623
18.338000,0.1252157
18.340000,0.1251623
18.342000,0.1252157
18.344000,0.1251090
18.346000,0.1252157
18.348000,0.1251090
18.350000,0.1251090
18.352000,0.1251090
18.354000,0.1251623
18.356000,0.1252157
18.358000,0.1252157
18.360000,0.1252157
18.362000,0.1252157
18.364000,0.1252690
18.366000,0.1252690
18.368000,0.1253223
18.370000,0.1252690
18.372000,0.1252690
18.374000,0.1252157
18.376000,0.1252690
18.378000,0.1252157
18.380000,0.1252157
18.382000,0.1252690
18.384000,0.1252690
18.386000,0.1252690
18.388000,0.1251623
18.390000,0.1252690
18.392000,0.1252157
18.394000,0.1252157
18.396000,0.1252157
18.398000,0.1252157
18.400000,0.1252690
18.402000,0.1252157
18.404000,0.1252157
18.406000,0.1252157
18.408000,0.1252157
18.410000,0.1252690
18.412000,0.1252690
18.414000,0.1252690
18.416000,0.1252690
18.418000,0.1253223
18.420000,0.1252690
18.422000,0.1252690
18.424000,0.1253223
18.426000,0.1252690
18.428000,0.1253223
18.430000,0.1252690
18.432000,0.1253223
18.434000,0.1252690
18.436000,0.1252690
18.438000,0.1252690
18.440000,0.1252690
18.442000,0.1252690
18.444000,0.1252690
18.446000,0.1252690
18.448000,0.1252690
18.450000,0.1253223
18.452000,0.1253223
18.454000,0.1254290
18.456000,0.1253757
18.458000,0.1253757
18.460000,0.1253223
18.462000,0.1253757
18.464000,0.1253757
18.466000,0.1253757
18.468000,0.1253757
18.470000,0.1253757
18.472000,0.1253757
18.474000,0.1253757
18.476000,0.1253757
18.478000,0.1253757
18.480000,0.1253757
18.482000,0.1253223
18.484000,0.1253757
18.486000,0.1253223
18.488000,0.1253757
18.490000,0.1253223
18.492000,0.1253757
18.494000,0.1253757
18.496000,0.1253757
18.498000,0.1254290
18.500000,0.1253757
18.502000,0.1254290
18.504000,0.1254290
18.506000,0.1254823
18.508000,0.1253757
18.510000,0.1254290
18.512000,0.1253757
18.514000,0.1254290
18.516000,0.1253757
18.518000,0.1253223
18.520000,0.1253223
18.522000,0.1253757
18.524000,0.1253757
18.526000,0.1253223
18.528000,0.1253757
18.530000,0.1253223
18.532000,0.1254290
18.534000,0.1253223
18.536000,0.1254290
18.538000,0.1253757
18.540000,0.1254290
18.542000,0.1254290
18.544000,0.1254290
18.546000,0.1254290
18.548000,0.1254290
18.550000,0.1254823
18.552000,0.1254290
18.554000,0.1254823
18.556000,0.1254290
18.558000,0.1254290
18.560000,0.1254290
18.562000,0.1254290
18.564000,0.1254290
18.566000,0.1253757
18.568000,0.1254290
18.570000,0.1253223
18.572000,0.1253757
18.574000,0.1253757
18.576000,0.1253223
18.578000,0.1253757
18.580000,0.1253757
18.582000,0.1254290
18.584000,0.1253757
18.586000,0.1253757
18.588000,0.1253757
18.590000,0.1253757
18.592000,0.1253757
18.594000,0.1254290
18.596000,0.1254290
18.598000,0.1254823
18.600000,0.1254290
18.602000,0.1254823
18.604000,0.1254290
18.606000,0.1254823
18.608000,0.1254823
18.610000,0.1254823
18.612000,0.1254823
18.614000,0.1254290
18.616000,0.1254823
18.618000,0.1254290
18.620000,0.1254290
18.622000,0.1253757
18.624000,0.1253757
18.626000,0.1253757
18.628000,0.1253757
18.630000,0.1253757
18.632000,0.1254290
18.634000,0.1254290
18.636000,0.1254823
18.638000,0.1254290
18.640000,0.1255357
18.642000,0.1254290
18.644000,0.1254823
18.646000,0.1254290
18.648000,0.1254823
18.650000,0.1254823
18.652000,0.1254823
18.654000,0.1254823
18.656000,0.1254290
18.658000,0.1255357
18.660000,0.1254823
18.662000,0.1255357
18.664000,0.1254823
18.666000,0.1255357
18.668000,0.1254823
18.670000,0.1254823
18.672000,0.1254823
18.674000,0.1255357
18.676000,0.1255357
18.678000,0.1254823
18.680000,0.1255357
18.682000,0.1254823
18.684000,0.1255890
18.686000,0.1254823
18.688000,0.1255890
18.690000,0.1254823
18.692000,0.1254823
18.694000,0.1254290
18.696000,0.1254290
18.698000,0.1254290
18.700000,0.1254290
18.702000,0.1253757
18.704000,0.1254290
18.706000,0.1254290
18.708000,0.1254290
18.710000,0.1254290
18.712000,0.1254823
18.714000,0.1255357
18.716000,0.1254823
18.718000,0.1255357
18.720000,0.1254823
18.722000,0.1255357
18.724000,0.1255357
18.726000,0.1255357
18.728000,0.1255357
18.730000,0.1255357
18.732000,0.1255357
18.734000,0.1255357
18.736000,0.1254823
18.738000,0.1255357
18.740000,0.1254823
18.742000,0.1255890
18.744000,0.1255357
18.746000,0.1255890
18.748000,0.1255357
18.750000,0.1255357
18.752000,0.1255890
18.754000,0.1255357
18.756000,0.1255357
18.758000,0.1255357
18.760000,0.1255357
18.762000,0.1255890
18.764000,0.1255890
18.766000,0.1255890
18.768000,0.1256424
18.770000,0.1256424
18.772000,0.1256957
18.774000,0.1257491
18.776000,0.1256957
18.778000,0.1256957
18.780000,0.1256957
18.782000,0.1256957
18.784000,0.1256424
18.786000,0.1256424
18.788000,0.1255890
18.790000,0.1256424
18.792000,0.1255890
18.794000,0.1255890
18.796000,0.1256424
18.798000,0.1255357
18.800000,0.1256424
18.802000,0.1255890
18.804000,0.1256424
18.806000,0.1255890
18.808000,0.1255890
18.810000,0.1255890
18.812000,0.1255890
18.814000,0.1255890
18.816000,0.1256424
18.818000,0.1256424
18.820000,0.1256424
18.822000,0.1256424
18.824000,0.1256424
18.826000,0.1256957
18.828000,0.1256424
18.830000,0.1256424
18.832000,0.1256424
18.834000,0.1256424
18.836000,0.1255890
18.838000,0.1255890
18.840000,0.1256424
18.842000,0.1255890
18.844000,0.1256424
18.846000,0.1256424
18.848000,0.1256424
18.850000,0.1256424
18.852000,0.1256957
18.854000,0.1256957
18.856000,0.1257491
18.858000,0.1257491
18.860000,0.1257491
18.862000,0.1256957
18.864000,0.1256957
18.866000,0.1256424
18.868000,0.1256424
18.870000,0.1256424
18.872000,0.1255890
18.874000,0.1256424
18.876000,0.1255357
18.878000,0.1256424
18.880000,0.1255357
18.882000,0.1255890
18.884000,0.1255357
18.886000,0.1255357
18.888000,0.1255357
18.890000,0.1255357
18.892000,0.1255890
18.894000,0.1255357
18.896000,0.1255890
18.898000,0.1256424
18.900000,0.1255890
18.902000,0.1256957
18.904000,0.1256957
18.906000,0.1256957
18.908000,0.1256957
18.910000,0.1256957
18.912000,0.1256957
18.914000,0.1256957
18.916000,0.1256957
18.918000,0.1256424
18.920000,0.1256957
18.922000,0.1256957
18.924000,0.1256957
18.926000,0.1256957
18.928000,0.1256957
18.930000,0.1257491
18.932000,0.1256957
18.934000,0.1257491
18.936000,0.1257491
18.938000,0.1257491
18.940000,0.1257491
18.942000,0.1257491
18.944000,0.1256957
18.946000,0.1256424
18.948000,0.1256424
18.950000,0.1256424
18.952000,0.1256424
18.954000,0.1256424
18.956000,0.1256957
18.958000,0.1256424
18.960000,0.1256424
18.962000,0.1256424
18.964000,0.1256957
18.966000,0.1257491
18.968000,0.1256957
18.970000,0.1257491
18.972000,0.1257491
18.974000,0.1257491
18.976000,0.1258024
18.978000,0.1258024
18.980000,0.1258557
18.982000,0.1258024
18.984000,0.1258024
18.986000,0.1257491
18.988000,0.1256957
18.990000,0.1258024
18.992000,0.1256424
18.994000,0.1257491
18.996000,0.1256424
18.998000,0.1257491
19.000000,0.1256424
19.002000,0.1257491
19.004000,0.1256424
19.006000,0.1256957
19.008000,0.1256957
19.010000,0.1256424
19.012000,0.1257491
19.014000,0.1256424
19.016000,0.1257491
19.018000,0.1256957
19.020000,0.1258024
19.022000,0.1257491
19.024000,0.1256957
19.026000,0.1256957
19.028000,0.1256957
19.030000,0.1256957
19.032000,0.1256424
19.034000,0.1256424
19.036000,0.1256957
19.038000,0.1256957
19.040000,0.1256424
19.042000,0.1256957
19.044000,0.1256957
19.046000,0.1256957
19.048000,0.1256957
19.050000,0.1256957
19.052000,0.1256424
19.054000,0.1256957
19.056000,0.1256424
19.058000,0.1256424
19.060000,0.1256957
19.062000,0.1256424
19.064000,0.1257491
19.066000,0.1256957
19.068000,0.1257491
19.070000,0.1257491
19.072000,0.1258024
19.074000,0.1257491
19.076000,0.1257491
19.078000,0.1257491
19.080000,0.1257491
19.082000,0.1258024
19.084000,0.1257491
19.086000,0.1257491
19.088000,0.1257491
19.090000,0.1257491
19.092000,0.1257491
19.094000,0.1256957
19.096000,0.1257491
19.098000,0.1256957
19.100000,0.1257491
19.102000,0.1257491
19.104000,0.1256957
19.106000,0.1257491
19.108000,0.1256957
19.110000,0.1258024
19.112000,0.1256957
19.114000,0.1258024
19.116000,0.1257491
19.118000,0.1258024
19.120000,0.1258024
19.122000,0.1258024
19.124000,0.1258557
19.126000,0.1258024
19.128000,0.1258024
19.130000,0.1258024
19.132000,0.1258024
19.134000,0.1258024
19.136000,0.1258557
19.138000,0.1258024
19.140000,0.1259091
19.142000,0.1258024
19.144000,0.1259091
19.146000,0.1258557
19.148000,0.1259091
19.150000,0.1258024
19.152000,0.1258557
19.154000,0.1258557
19.156000,0.1258557
19.158000,0.1258557
19.160000,0.1258024
19.162000,0.1258557
19.164000,0.1258024
19.166000,0.1258024
19.168000,0.1258557
19.170000,0.1258024
19.172000,0.1258024
19.174000,0.1257491
19.176000,0.1258024
19.178000,0.1257491
19.180000,0.1258024
19.182000,0.1258024
19.184000,0.1257491
19.186000,0.1258024
19.188000,0.1257491
19.190000,0.1258557
19.192000,0.1258024
19.194000,0.1258024
19.196000,0.1258557
19.198000,0.1258024
19.200000,0.1258024
19.202000,0.1257491
19.204000,0.1257491
19.206000,0.1257491
19.208000,0.1256957
19.210000,0.1256957
19.212000,0.1256957
19.214000,0.1257491
19.216000,0.1256424
19.218000,0.1258024
19.220000,0.1256957
19.222000,0.1258024
19.224000,0.1256957
19.226000,0.1258024
19.228000,0.1257491
19.230000,0.1256957
19.232000,0.1257491
19.234000,0.1256957
19.236000,0.1257491
19.238000,0.1256957
19.240000,0.1257491
19.242000,0.1256424
19.244000,0.1257491
19.246000,0.1257491
19.248000,0.1256957
19.250000,0.1257491
19.252000,0.1256957
19.254000,0.1257491
19.256000,0.1256957
19.258000,0.1256957
19.260000,0.1256957
19.262000,0.1256957
19.264000,0.1256957
19.266000,0.1256957
19.268000,0.1256957
19.270000,0.1256957
19.272000,0.1257491
19.274000,0.1258024
19.276000,0.1258024
19.278000,0.1258024
19.280000,0.1258024
19.282000,0.1257491
19.284000,0.1258024
19.286000,0.1256957
19.288000,0.1257491
19.290000,0.1256957
19.292000,0.1257491
19.294000,0.1257491
19.296000,0.1256957
19.298000,0.1258557
19.300000,0.1256957
19.302000,0.1258024
19.304000,0.1256957
19.306000,0.1258557
19.308000,0.1257491
19.310000,0.1258557
19.312000,0.1257491
19.314000,0.1258024
19.316000,0.1257491
19.318000,0.1258024
19.320000,0.1258557
19.322000,0.1258024
19.324000,0.1258557
19.326000,0.1258024
19.328000,0.1258557
19.330000,0.1258024
19.332000,0.1258557
19.334000,0.1257491
19.336000,0.1258024
19.338000,0.1257491
19.340000,0.1257491
19.342000,0.1257491
19.344000,0.1257491
19.346000,0.1256957
19.348000,0.1258024
19.350000,0.1257491
19.352000,0.1258557
19.354000,0.1258024
19.356000,0.1258024
19.358000,0.1258557
19.360000,0.1258557
19.362000,0.1258557
19.364000,0.1258557
19.366000,0.1258557
19.368000,0.1258024
19.370000,0.1258557
19.372000,0.1258024
19.374000,0.1258557
19.376000,0.1258024
19.378000,0.1258024
19.380000,0.1257491
19.382000,0.1257491
19.384000,0.1256957
19.386000,0.1257491
19.388000,0.1256957
19.390000,0.1257491
19.392000,0.1257491
19.394000,0.1257491
19.396000,0.1257491
19.398000,0.1257491
19.400000,0.1257491
19.402000,0.1256957
19.404000,0.1258024
19.406000,0.1256957
19.408000,0.1258024
19.410000,0.1258024
19.412000,0.1258557
19.414000,0.1258024
19.416000,0.1258024
19.418000,0.1258024
19.420000,0.1258557
19.422000,0.1258024
19.424000,0.1258024
19.426000,0.1258024
19.428000,0.1258024
19.430000,0.1258024
19.432000,0.1257491
19.434000,0.1258024
19.436000,0.1257491
19.438000,0.1257491
19.440000,0.1258024
19.442000,0.1257491
19.444000,0.1258024
19.446000,0.1257491
19.448000,0.1258024
19.450000,0.1258024
19.452000,0.1258557
19.454000,0.1257491
19.456000,0.1258024
19.458000,0.1258024
19.460000,0.1257491
19.462000,0.1257491
19.464000,0.1257491
19.466000,0.1258024
19.468000,0.1258024
19.470000,0.1258557
19.472000,0.1257491
19.474000,0.1258557
19.476000,0.1257491
19.478000,0.1258557
19.480000,0.1257491
19.482000,0.1258024
19.484000,0.1256957
19.486000,0.1258024
19.488000,0.1258024
19.490000,0.1257491
19.492000,0.1258557
19.494000,0.1258024
19.496000,0.1258557
19.498000,0.1257491
19.500000,0.1258557
19.502000,0.1258024
19.504000,0.1258557
19.506000,0.1257491
19.508000,0.1258557
19.510000,0.1258024
19.512000,0.1258557
19.514000,0.1258557
19.516000,0.1257491
19.518000,0.1258024
19.520000,0.1257491
19.522000,0.1258024
19.524000,0.1256424
19.526000,0.1258024
19.528000,0.1257491
19.530000,0.1258024
19.532000,0.1258024
19.534000,0.1257491
19.536000,0.1258024
19.538000,0.1257491
19.540000,0.1258024
19.542000,0.1257491
19.544000,0.1258024
19.546000,0.1257491
19.548000,0.1256957
19.550000,0.1256957
19.552000,0.1256957
19.554000,0.1257491
19.556000,0.1256424
19.558000,0.1257491
19.560000,0.1256424
19.562000,0.1257491
19.564000,0.1256957
19.566000,0.1257491
19.568000,0.1257491
19.570000,0.1257491
19.572000,0.1257491
19.574000,0.1257491
19.576000,0.1258024
19.578000,0.1256957
19.580000,0.1258024
19.582000,0.1257491
19.584000,0.1258024
19.586000,0.1257491
19.588000,0.1258024
19.590000,0.1257491
19.592000,0.1257491
19.594000,0.1257491
19.596000,0.1257491
19.598000,0.1257491
19.600000,0.1257491
19.602000,0.1258024
19.604000,0.1257491
19.606000,0.1258024
19.608000,0.1257491
19.610000,0.1257491
19.612000,0.1257491
19.614000,0.1256957
19.616000,0.1257491
19.618000,0.1257491
19.620000,0.1257491
19.622000,0.1258024
19.624000,0.1258024
19.626000,0.1258024
19.628000,0.1257491
19.630000,0.1258024
19.632000,0.1257491
19.634000,0.1258024
19.636000,0.1257491
19.638000,0.1258024
19.640000,0.1258024
19.642000,0.1258024
19.644000,0.1258024
19.646000,0.1257491
19.648000,0.1258024
19.650000,0.1256957
19.652000,0.1258024
19.654000,0.1256424
19.656000,0.1257491
19.658000,0.1256957
19.660000,0.1257491
19.662000,0.1257491
19.664000,0.1257491
19.666000,0.1258024
19.668000,0.1257491
19.670000,0.1257491
19.672000,0.1257491
19.674000,0.1256957
19.676000,0.1257491
19.678000,0.1256957
19.680000,0.1256957
19.682000,0.1257491
19.684000,0.1257491
19.686000,0.1257491
19.688000,0.1257491
19.690000,0.1257491
19.692000,0.1257491
19.694000,0.1258024
19.696000,0.1258024
19.698000,0.1258024
19.700000,0.1258557
19.702000,0.1258557
19.704000,0.1258024
19.706000,0.1258024
19.708000,0.1258024
19.710000,0.1258024
19.712000,0.1257491
19.714000,0.1256957
19.716000,0.1257491
19.718000,0.1256957
19.720000,0.1257491
19.722000,0.1256957
19.724000,0.1257491
19.726000,0.1257491
19.728000,0.1256957
19.730000,0.1257491
19.732000,0.1256957
19.734000,0.1257491
19.736000,0.1256957
19.738000,0.1257491
19.740000,0.1256957
19.742000,0.1257491
19.744000,0.1256957
19.746000,0.1256957
19.748000,0.1258024
19.750000,0.1257491
19.752000,0.1258024
19.754000,0.1257491
19.756000,0.1257491
19.758000,0.1257491
19.760000,0.1258024
19.762000,0.1257491
19.764000,0.1258024
19.766000,0.1257491
19.768000,0.1257491
19.770000,0.1256957
19.772000,0.1257491
19.774000,0.1257491
19.776000,0.1257491
19.778000,0.1258024
19.780000,0.1257491
19.782000,0.1259091
19.784000,0.1257491
19.786000,0.1259091
19.788000,0.1258024
19.790000,0.1259624
19.792000,0.1258557
19.794000,0.1258557
19.796000,0.1259091
19.798000,0.1258557
19.800000,0.1259091
19.802000,0.1257491
19.804000,0.1258557
19.806000,0.1257491
19.808000,0.1258557
19.810000,0.1256957
19.812000,0.1257491
19.814000,0.1256424
19.816000,0.1257491
19.818000,0.1256424
19.820000,0.1256957
19.822000,0.1256424
19.824000,0.1256957
19.826000,0.1256957
19.828000,0.1256424
19.830000,0.1257491
19.832000,0.1256957
19.834000,0.1256957
19.836000,0.1256957
19.838000,0.1256957
19.840000,0.1256957
19.842000,0.1256957
19.844000,0.1257491
19.846000,0.1256957
19.848000,0.1257491
19.850000,0.1257491
19.852000,0.1257491
19.854000,0.1257491
19.856000,0.1257491
19.858000,0.1257491
19.860000,0.1256957
19.862000,0.1257491
19.864000,0.1256957
19.866000,0.1257491
19.868000,0.1256957
19.870000,0.1258024
19.872000,0.1257491
19.874000,0.1258024
19.876000,0.1257491
19.878000,0.1257491
19.880000,0.1257491
19.882000,0.1256957
19.884000,0.1258024
19.886000,0.1256957
19.888000,0.1258024
19.890000,0.1257491
19.892000,0.1257491
19.894000,0.1257491
19.896000,0.1256957
19.898000,0.1257491
19.900000,0.1256424
19.902000,0.1257491
19.904000,0.1256424
19.906000,0.1256957
19.908000,0.1256957
19.910000,0.1256957
19.912000,0.1256957
19.914000,0.1256957
19.916000,0.1256957
19.918000,0.1257491
19.920000,0.1256957
19.922000,0.1256957
19.924000,0.1256957
19.926000,0.1256957
19.928000,0.1257491
19.930000,0.1256957
19.932000,0.1258024
19.934000,0.1256957
19.936000,0.1258024
19.938000,0.1257491
19.940000,0.1258024
19.942000,0.1257491
19.944000,0.1256957
19.946000,0.1256957
19.948000,0.1256957
19.950000,0.1256957
19.952000,0.1256424
19.954000,0.1256424
19.956000,0.1256424
19.958000,0.1256424
19.960000,0.1256424
19.962000,0.1256424
19.964000,0.1256424
19.966000,0.1256957
19.968000,0.1256957
19.970000,0.1257491
19.972000,0.1256957
19.974000,0.1257491
19.976000,0.1257491
19.978000,0.1257491
19.980000,0.1257491
19.982000,0.1256957
19.984000,0.1257491
19.986000,0.1256957
19.988000,0.1256957
19.990000,0.1256424
19.992000,0.1256424
19.994000,0.1256424
19.996000,0.1256424
19.998000,0.1256424
20.000000,0.1256424
20.002000,0.1255890
20.004000,0.1256424
20.006000,0.1256424
20.008000,0.1256424
20.010000,0.1256424
20.012000,0.1256957
20.014000,0.1256424
20.016000,0.1256424
20.018000,0.1256424
20.020000,0.1255890
20.022000,0.1256424
20.024000,0.1255890
20.026000,0.1256424
20.028000,0.1256424
20.030000,0.1256424
20.032000,0.1256424
20.034000,0.1256957
20.036000,0.1256957
20.038000,0.1257491
20.040000,0.1257491
20.042000,0.1256957
20.044000,0.1257491
20.046000,0.1256957
20.048000,0.1257491
20.050000,0.1256957
20.052000,0.1257491
20.054000,0.1256424
20.056000,0.1256957
20.058000,0.1256424
20.060000,0.1256424
20.062000,0.1256957
20.064000,0.1256424
20.066000,0.1256957
20.068000,0.1256424
20.070000,0.1256957
20.072000,0.1256424
20.074000,0.1256424
20.076000,0.1256424
20.078000,0.1255890
20.080000,0.1256424
20.082000,0.1256424
20.084000,0.1256424
20.086000,0.1255890
20.088000,0.1256424
20.090000,0.1256424
20.092000,0.1255890
20.094000,0.1256424
20.096000,0.1255890
20.098000,0.1256424
20.100000,0.1255890
20.102000,0.1255890
20.104000,0.1255890
20.106000,0.1255890
20.108000,0.1255890
20.110000,0.1255357
20.112000,0.1255890
20.114000,0.1255890
20.116000,0.1255357
20.118000,0.1255890
20.120000,0.1255357
20.122000,0.1255890
20.124000,0.1255890
20.126000,0.1255357
20.128000,0.1255890
20.130000,0.1255357
20.132000,0.1255890
20.134000,0.1255357
20.136000,0.1255357
20.138000,0.1255890
20.140000,0.1255890
20.142000,0.1255890
20.144000,0.1255890
20.146000,0.1255890
20.148000,0.1255890
20.150000,0.1255357
20.152000,0.1256424
20.154000,0.1255357
20.156000,0.1255357
20.158000,0.1255357
20.160000,0.1255357
20.162000,0.1255357
20.164000,0.1255357
20.166000,0.1255890
20.168000,0.1255357
20.170000,0.1256424
20.172000,0.1256424
20.174000,0.1255890
20.176000,0.1255890
20.178000,0.1255890
20.180000,0.1255890
20.182000,0.1255890
20.184000,0.1255890
20.186000,0.1256424
20.188000,0.1255890
20.190000,0.1256424
20.192000,0.1256424
20.194000,0.1256957
20.196000,0.1255890
20.198000,0.1256424
20.200000,0.1256424
20.202000,0.1256424
20.204000,0.1256424
20.206000,0.1255890
20.208000,0.1255890
20.210000,0.1255357
20.212000,0.1256424
20.214000,0.1255357
20.216000,0.1255890
20.218000,0.1255357
20.220000,0.1255890
20.222000,0.1255890
20.224000,0.1255357
20.226000,0.1255890
20.228000,0.1255357
20.230000,0.1255357
20.232000,0.1255357
20.234000,0.1255357
20.236000,0.1255357
20.238000,0.1255890
20.240000,0.1255357
20.242000,0.1255890
20.244000,0.1255357
20.246000,0.1255357
20.248000,0.1254823
20.250000,0.1255890
20.252000,0.1254823
20.254000,0.1255357
20.256000,0.1254823
20.258000,0.1255357
20.260000,0.1255357
20.262000,0.1255357
20.264000,0.1254823
20.266000,0.1254823
20.268000,0.1254823
20.270000,0.1254823
20.272000,0.1255357
20.274000,0.1254290
20.276000,0.1255357
20.278000,0.1254823
20.280000,0.1255890
20.282000,0.1255357
20.284000,0.1255890
20.286000,0.1255357
20.288000,0.1255890
20.290000,0.1255357
20.292000,0.1255357
20.294000,0.1255890
20.296000,0.1254823
20.298000,0.1255357
20.300000,0.1255357
20.302000,0.1255357
20.304000,0.1255890
20.306000,0.1254823
20.308000,0.1255890
20.310000,0.1255357
20.312000,0.1255890
20.314000,0.1255357
20.316000,0.1255357
20.318000,0.1255357
20.320000,0.1254823
20.322000,0.1255357
20.324000,0.1254823
20.326000,0.1255357
20.328000,0.1254823
20.330000,0.1254823
20.332000,0.1254823
20.334000,0.1254823
20.336000,0.1254823
20.338000,0.1254290
20.340000,0.1254290
20.342000,0.1254823
20.344000,0.1254823
20.346000,0.1254823
20.348000,0.1255357
20.350000,0.1255890
20.352000,0.1255357
20.354000,0.1255890
20.356000,0.1255890
20.358000,0.1255890
20.360000,0.1255890
20.362000,0.1255357
20.364000,0.1255890
20.366000,0.1254823
20.368000,0.1255357
20.370000,0.1254823
20.372000,0.1255357
20.374000,0.1255357
20.376000,0.1255357
20.378000,0.1255357
20.380000,0.1254823
20.382000,0.1255357
20.384000,0.1254823
20.386000,0.1254823
20.388000,0.1254823
20.390000,0.1254823
20.392000,0.1254823
20.394000,0.1254823
20.396000,0.1254290
20.398000,0.1254823
20.400000,0.1254290
20.402000,0.1254823
20.404000,0.1254290
20.406000,0.1254823
20.408000,0.1254290
20.410000,0.1254290
20.412000,0.1254290
20.414000,0.1253757
20.416000,0.1253757
20.418000,0.1253757
20.420000,0.1253757
20.422000,0.1253757
20.424000,0.1253757
20.426000,0.1253757
20.428000,0.1254290
20.430000,0.1253757
20.432000,0.1254290
20.434000,0.1254290
20.436000,0.1254823
20.438000,0.1254823
20.440000,0.1254290
20.442000,0.1254290
20.444000,0.1254290
20.446000,0.1254823
20.448000,0.1254290
20.450000,0.1254823
20.452000,0.1254290
20.454000,0.1254290
20.456000,0.1253757
20.458000,0.1254290
20.460000,0.1254290
20.462000,0.1253757
20.464000,0.1254290
20.466000,0.1253223
20.468000,0.1254823
20.470000,0.1253757
20.472000,0.1254823
20.474000,0.1253757
20.476000,0.1254823
20.478000,0.1254290
20.480000,0.1254823
20.482000,0.1255357
20.484000,0.1254290
20.486000,0.1254823
20.488000,0.1253757
20.490000,0.1254290
20.492000,0.1253757
20.494000,0.1254290
20.496000,0.1253757
20.498000,0.1253757
20.500000,0.1254290
20.502000,0.1253757
20.504000,0.1254290
20.506000,0.1254290
20.508000,0.1254290
20.510000,0.1254290
20.512000,0.1254290
20.514000,0.1254290
20.516000,0.1254823
20.518000,0.1254290
20.520000,0.1254290
20.522000,0.1253757
20.524000,0.1254290
20.526000,0.1253757
20.528000,0.1254290
20.530000,0.1253757
20.532000,0.1253757
20.534000,0.1253757
20.536000,0.1253757
20.538000,0.1253757
20.540000,0.1253223
20.542000,0.1254290
20.544000,0.1253757
20.546000,0.1254290
20.548000,0.1254290
20.550000,0.1254290
20.552000,0.1254290
20.554000,0.1254290
20.556000,0.1254823
20.558000,0.1254290
20.560000,0.1254290
20.562000,0.1254290
20.564000,0.1253757
20.566000,0.1253757
20.568000,0.1253223
20.570000,0.1253223
20.572000,0.1253223
20.574000,0.1253223
20.576000,0.1253223
20.578000,0.1252690
20.580000,0.1253223
20.582000,0.1253223
20.584000,0.1253223
20.586000,0.1252690
20.588000,0.1252690
20.590000,0.1252690
20.592000,0.1252690
20.594000,0.1252157
20.596000,0.1252157
20.598000,0.1252157
20.600000,0.1252157
20.602000,0.1252690
20.604000,0.1252157
20.606000,0.1252690
20.608000,0.1252690
20.610000,0.1253223
20.612000,0.1253223
20.614000,0.1252690
20.616000,0.1252690
20.618000,0.1252690
20.620000,0.1252690
20.622000,0.1253223
20.624000,0.1253223
20.626000,0.1252690
20.628000,0.1253223
20.630000,0.1253757
20.632000,0.1252690
20.634000,0.1253757
20.636000,0.1252690
20.638000,0.1253223
20.640000,0.1252157
20.642000,0.1252690
20.644000,0.1252690
20.646000,0.1252690
20.648000,0.1252690
20.650000,0.1252157
20.652000,0.1253223
20.654000,0.1252157
20.656000,0.1253223
20.658000,0.1252157
20.660000,0.1252690
20.662000,0.1252690
20.664000,0.1252690
20.666000,0.1252690
20.668000,0.1253223
20.670000,0.1253223
20.672000,0.1253223
20.674000,0.1253757
20.676000,0.1253757
20.678000,0.1254290
20.680000,0.1253757
20.682000,0.1253757
20.684000,0.1253223
20.686000,0.1253757
20.688000,0.1253223
20.690000,0.1253223
20.692000,0.1253223
20.694000,0.1253223
20.696000,0.1253223
20.698000,0.1253223
20.700000,0.1253223
20.702000,0.1253757
20.704000,0.1252690
20.706000,0.1253223
20.708000,0.1252690
20.710000,0.1252690
20.712000,0.1253223
20.714000,0.1252690
20.716000,0.1253223
20.718000,0.1252690
20.720000,0.1253223
20.722000,0.1252690
20.724000,0.1252690
20.726000,0.1252157
20.728000,0.1252157
20.730000,0.1251623
20.732000,0.1252157
20.734000,0.1251623
20.736000,0.1252157
20.738000,0.1251623
20.740000,0.1252157
20.742000,0.1252157
20.744000,0.1252157
20.746000,0.1252690
20.748000,0.1251623
20.750000,0.1252157
20.752000,0.1251623
20.754000,0.1252157
20.756000,0.1252690
20.758000,0.1252157
20.760000,0.1253223
20.762000,0.1253223
20.764000,0.1253223
20.766000,0.1253223
20.768000,0.1253223
20.770000,0.1253223
20.772000,0.1252690
20.774000,0.1253223
20.776000,0.1252690
20.778000,0.1252690
20.780000,0.1252690
20.782000,0.1252690
20.784000,0.1253223
20.786000,0.1252157
20.788000,0.1253223
20.790000,0.1252690
20.792000,0.1253223
20.794000,0.1252690
20.796000,0.1253223
20.798000,0.1252157
20.800000,0.1252690
20.802000,0.1252690
20.804000,0.1252157
20.806000,0.1252157
20.808000,0.1252157
20.810000,0.1252157
20.812000,0.1252157
20.814000,0.1252157
20.816000,0.1251623
20.818000,0.1252157
20.820000,0.1251623
20.822000,0.1252157
20.824000,0.1251623
20.826000,0.1252690
20.828000,0.1252157
20.830000,0.1252690
20.832000,0.1252690
20.834000,0.1252157
20.836000,0.1252157
20.838000,0.1251623
20.840000,0.1252690
20.842000,0.1251623
20.844000,0.1251623
20.846000,0.1251623
20.848000,0.1251623
20.850000,0.1252690
20.852000,0.1251623
20.854000,0.1252157
20.856000,0.1251623
20.858000,0.1251623
20.860000,0.1251090
20.862000,0.1251090
20.864000,0.1251090
20.866000,0.1251090
20.868000,0.1251090
20.870000,0.1251623
20.872000,0.1251623
20.874000,0.1252157
20.876000,0.1252157
20.878000,0.1252157
20.880000,0.1252690
20.882000,0.1252690
20.884000,0.1252690
20.886000,0.1251623
20.888000,0.1251623
20.890000,0.1251623
20.892000,0.1252157
20.894000,0.1251090
20.896000,0.1251090
20.898000,0.1251090
20.900000,0.1251623
20.902000,0.1251623
20.904000,0.1252157
20.906000,0.1251623
20.908000,0.1252157
20.910000,0.1251623
20.912000,0.1251090
20.914000,0.1251623
20.916000,0.1251090
20.918000,0.1251090
20.920000,0.1251090
20.922000,0.1250556
20.924000,0.1250556
20.926000,0.1251090
20.928000,0.1250556
20.930000,0.1251623
20.932000,0.1251090
20.934000,0.1251623
20.936000,0.1251623
20.938000,0.1251623
20.940000,0.1252157
20.942000,0.1251623
20.944000,0.1251623
20.946000,0.1251090
20.948000,0.1251623
20.950000,0.1251090
20.952000,0.1251623
20.954000,0.1251090
20.956000,0.1251623
20.958000,0.1251623
20.960000,0.1251623
20.962000,0.1252157
20.964000,0.1251623
20.966000,0.1252157
20.968000,0.1251623
20.970000,0.1251623
20.972000,0.1252157
20.974000,0.1251623
20.976000,0.1252157
20.978000,0.1251623
20.980000,0.1252157
20.982000,0.1251623
20.984000,0.1251623
20.986000,0.1251090
20.988000,0.1251623
20.990000,0.1251623
20.992000,0.1251623
20.994000,0.1251623
20.996000,0.1251090
20.998000,0.1252157
21.000000,0.1251090
21.002000,0.1251623
21.004000,0.1250556
21.006000,0.1251623
21.008000,0.1251090
21.010000,0.1251090
21.012000,0.1250556
21.014000,0.1250556
21.016000,0.1251090
21.018000,0.1250556
21.020000,0.1250556
21.022000,0.1250556
21.024000,0.1250556
21.026000,0.1250556
21.028000,0.1250023
21.030000,0.1250556
21.032000,0.1250023
21.034000,0.1250556
21.036000,0.1250023
21.038000,0.1250556
21.040000,0.1250556
21.042000,0.1250023
21.044000,0.1251090
21.046000,0.1250556
21.048000,0.1251090
21.050000,0.1250556
21.052000,0.1251090
21.054000,0.1250556
21.056000,0.1250023
21.058000,0.1250556
21.060000,0.1250023
21.062000,0.1250556
21.064000,0.1250023
21.066000,0.1250556
21.068000,0.1250556
21.070000,0.1250556
21.072000,0.1250556
21.074000,0.1250023
21.076000,0.1251090
21.078000,0.1250023
21.080000,0.1250556
21.082000,0.1250023
21.084000,0.1250556
21.086000,0.1250023
21.088000,0.1250023
21.090000,0.1250556
21.092000,0.1250023
21.094000,0.1250556
21.096000,0.1249223
21.098000,0.1250556
21.100000,0.1249223
21.102000,0.1249223
21.104000,0.1249223
21.106000,0.1249223
21.108000,0.1249223
21.110000,0.1249223
21.112000,0.1250023
21.114000,0.1250023
21.116000,0.1250556
21.118000,0.1250023
21.120000,0.1251090
21.122000,0.1250023
21.124000,0.1250556
21.126000,0.1250023
21.128000,0.1250556
21.130000,0.1250023
21.132000,0.1250023
21.134000,0.1250023
21.136000,0.1249223
21.138000,0.1250556
21.140000,0.1250023
21.142000,0.1250023
21.144000,0.1250023
21.146000,0.1250556
21.148000,0.1250023
21.150000,0.1250556
21.152000,0.1250556
21.154000,0.1250556
21.156000,0.1250556
21.158000,0.1251090
21.160000,0.1250023
21.162000,0.1250023
21.164000,0.1250023
21.166000,0.1250023
21.168000,0.1249223
21.170000,0.1250023
21.172000,0.1250023
21.174000,0.1250023
21.176000,0.1250023
21.178000,0.1250023
21.180000,0.1249223
21.182000,0.1250023
21.184000,0.1250023
21.186000,0.1250023
21.188000,0.1249223
21.190000,0.1249223
21.192000,0.1249223
21.194000,0.1248689
21.196000,0.1249223
21.198000,0.1248689
21.200000,0.1249223
21.202000,0.1248689
21.204000,0.1250023
21.206000,0.1248689
21.208000,0.1249223
21.210000,0.1248689
21.212000,0.1249223
21.214000,0.1248689
21.216000,0.1249223
21.218000,0.1249223
21.220000,0.1250023
21.222000,0.1249223
21.224000,0.1250023
21.226000,0.1249223
21.228000,0.1250023
21.230000,0.1249223
21.232000,0.1249223
21.234000,0.1249223
21.236000,0.1248689
21.238000,0.1250023
21.240000,0.1248156
21.242000,0.1249223
21.244000,0.1248156
21.246000,0.1248689
21.248000,0.1248689
21.250000,0.1248689
21.252000,0.1248689
21.254000,0.1248689
21.256000,0.1248689
21.258000,0.1248689
21.260000,0.1248689
21.262000,0.1248689
21.264000,0.1248689
21.266000,0.1248156
21.268000,0.1248156
21.270000,0.1248156
21.272000,0.1248689
21.274000,0.1248156
21.276000,0.1248689
21.278000,0.1248689
21.280000,0.1249223
21.282000,0.1249223
21.284000,0.1250023
21.286000,0.1250023
21.288000,0.1249223
21.290000,0.1249223
21.292000,0.1248689
21.294000,0.1248689
21.296000,0.1248689
21.298000,0.1249223
21.300000,0.1248689
21.302000,0.1249223
21.304000,0.1248689
21.306000,0.1250023
21.308000,0.1248689
21.310000,0.1249223
21.312000,0.1248689
21.314000,0.1248689
21.316000,0.1248689
21.318000,0.1248156
21.320000,0.1248689
21.322000,0.1248689
21.324000,0.1248689
21.326000,0.1248689
21.328000,0.1249223
21.330000,0.1248689
21.332000,0.1249223
21.334000,0.1249223
21.336000,0.1248689
21.338000,0.1248689
21.340000,0.1248156
21.342000,0.1248156
21.344000,0.1247623
21.346000,0.1247623
21.348000,0.1248156
21.350000,0.1248156
21.352000,0.1248156
21.354000,0.1248689
21.356000,0.1248156
21.358000,0.1248689
21.360000,0.1248156
21.362000,0.1248156
21.364000,0.1248689
21.366000,0.1248156
21.368000,0.1248689
21.370000,0.1247623
21.372000,0.1248156
21.374000,0.1247089
21.376000,0.1248156
21.378000,0.1247623
21.380000,0.1247623
21.382000,0.1248156
21.384000,0.1247623
21.386000,0.1248156
21.388000,0.1248156
21.390000,0.1248156
21.392000,0.1247623
21.394000,0.1248156
21.396000,0.1247623
21.398000,0.1248156
21.400000,0.1248156
21.402000,0.1247623
21.404000,0.1248156
21.406000,0.1247623
21.408000,0.1247623
21.410000,0.1247623
21.412000,0.1247089
21.414000,0.1247089
21.416000,0.1246022
21.418000,0.1247089
21.420000,0.1246556
21.422000,0.1247089
21.424000,0.1247089
21.426000,0.1247089
21.428000,0.1247089
21.430000,0.1247089
21.432000,0.1247623
21.434000,0.1247623
21.436000,0.1247623
21.438000,0.1247623
21.440000,0.1247089
21.442000,0.1248156
21.444000,0.1247089
21.446000,0.1247623
21.448000,0.1247089
21.450000,0.1247089
21.452000,0.1247089
21.454000,0.1247089
21.456000,0.1246556
21.458000,0.1247089
21.460000,0.1247089
21.462000,0.1247089
21.464000,0.1247089
21.466000,0.1247089
21.468000,0.1247089
21.470000,0.1247089
21.472000,0.1247089
21.474000,0.1246556
21.476000,0.1247623
21.478000,0.1246556
21.480000,0.1247623
21.482000,0.1246556
21.484000,0.1247623
21.486000,0.1247089
21.488000,0.1247089
21.490000,0.1247089
21.492000,0.1246556
21.494000,0.1247623
21.496000,0.1246556
21.498000,0.1247623
21.500000,0.1246556
21.502000,0.1248156
21.504000,0.1247089
21.506000,0.1247623
21.508000,0.1247623
21.510000,0.1247089
21.512000,0.1247089
21.514000,0.1246556
21.516000,0.1246556
21.518000,0.1246556
21.520000,0.1246022
21.522000,0.1246022
21.524000,0.1245489
21.526000,0.1246022
21.528000,0.1245489
21.530000,0.1246022
21.532000,0.1246556
21.534000,0.1246556
21.536000,0.1247089
21.538000,0.1246556
21.540000,0.1247089
21.542000,0.1246556
21.544000,0.1246556
21.546000,0.1246556
21.548000,0.1246556
21.550000,0.1246022
21.552000,0.1246556
21.554000,0.1246022
21.556000,0.1247089
21.558000,0.1246022
21.560000,0.1247089
21.562000,0.1246022
21.564000,0.1246556
21.566000,0.1246022
21.568000,0.1245489
21.570000,0.1246022
21.572000,0.1245489
21.574000,0.1245489
21.576000,0.1245489
21.578000,0.1245489
21.580000,0.1246022
21.582000,0.1246022
21.584000,0.1246556
21.586000,0.1246556
21.588000,0.1246556
21.590000,0.1247089
21.592000,0.1247089
21.594000,0.1247089
21.596000,0.1247089
21.598000,0.1247089
21.600000,0.1247089
21.602000,0.1246556
21.604000,0.1246556
21.606000,0.1245489
21.608000,0.1246022
21.610000,0.1246022
21.612000,0.1245489
21.614000,0.1246022
21.616000,0.1244956
21.618000,0.1246022
21.620000,0.1245489
21.622000,0.1246022
21.624000,0.1245489
21.626000,0.1246556
21.628000,0.1245489
21.630000,0.1246022
21.632000,0.1245489
21.634000,0.1245489
21.636000,0.1246022
21.638000,0.1245489
21.640000,0.1246022
21.642000,0.1245489
21.644000,0.1246022
21.646000,0.1246022
21.648000,0.1246556
21.650000,0.1246022
21.652000,0.1246022
21.654000,0.1246022
21.656000,0.1246556
21.658000,0.1246022
21.660000,0.1246556
21.662000,0.1246556
21.664000,0.1246556
21.666000,0.1246556
21.668000,0.1246556
21.670000,0.1247089
21.672000,0.1246556
21.674000,0.1246556
21.676000,0.1246022
21.678000,0.1246022
21.680000,0.1246022
21.682000,0.1246022
21.684000,0.1246022
21.686000,0.1245489
21.688000,0.1246022
21.690000,0.1246022
21.692000,0.1246556
21.694000,0.1246556
21.696000,0.1246556
21.698000,0.1246556
21.700000,0.1246556
21.702000,0.1246022
21.704000,0.1246022
21.706000,0.1246022
21.708000,0.1245489
21.710000,0.1246022
21.712000,0.1245489
21.714000,0.1246022
21.716000,0.1245489
21.718000,0.1246022
21.720000,0.1246022
21.722000,0.1246022
21.724000,0.1246022
21.726000,0.1246022
21.728000,0.1246556
21.730000,0.1246022
21.732000,0.1246022
21.734000,0.1246022
21.736000,0.1246022
21.738000,0.1245489
21.740000,0.1244956
21.742000,0.1245489
21.744000,0.1244956
21.746000,0.1245489
21.748000,0.1245489
21.750000,0.1245489
21.752000,0.1246022
21.754000,0.1246022
21.756000,0.1246022
21.758000,0.1245489
21.760000,0.1246022
21.762000,0.1245489
21.764000,0.1245489
21.766000,0.1245489
21.768000,0.1244956
21.770000,0.1244956
21.772000,0.1244956
21.774000,0.1244956
21.776000,0.1244422
21.778000,0.1244956
21.780000,0.1244422
21.782000,0.1244422
21.784000,0.1244422
21.786000,0.1244956
21.788000,0.1244956
21.790000,0.1244422
21.792000,0.1244956
21.794000,0.1245489
21.796000,0.1245489
21.798000,0.1246022
21.800000,0.1245489
21.802000,0.1246022
21.804000,0.1246022
21.806000,0.1244956
21.808000,0.1244956
21.810000,0.1244422
21.812000,0.1244422
21.814000,0.1244422
21.816000,0.1244422
21.818000,0.1244422
21.820000,0.1243889
21.822000,0.1244422
21.824000,0.1243889
21.826000,0.1243889
21.828000,0.1244422
21.830000,0.1244422
21.832000,0.1244422
21.834000,0.1244422
21.836000,0.1243889
21.838000,0.1244956
21.840000,0.1244422
21.842000,0.1244956
21.844000,0.1244422
21.846000,0.1244422
21.848000,0.1244422
21.850000,0.1244422
21.852000,0.1244422
21.854000,0.1243889
21.856000,0.1244956
21.858000,0.1243889
21.860000,0.1244956
21.862000,0.1244422
21.864000,0.1244422
21.866000,0.1244956
21.868000,0.1244422
21.870000,0.1244422
21.872000,0.1244422
21.874000,0.1244422
21.876000,0.1244956
21.878000,0.1244422
21.880000,0.1244422
21.882000,0.1243889
21.884000,0.1244422
21.886000,0.1244422
21.888000,0.1244422
21.890000,0.1244422
21.892000,0.1243889
21.894000,0.1243889
21.896000,0.1244422
21.898000,0.1244422
21.900000,0.1243889
21.902000,0.1244422
21.904000,0.1243889
21.906000,0.1244422
21.908000,0.1243889
21.910000,0.1244422
21.912000,0.1244956
21.914000,0.1244422
21.916000,0.1244956
21.918000,0.1243889
21.920000,0.1244422
21.922000,0.1243889
21.924000,0.1243889
21.926000,0.1243889
21.928000,0.1243889
21.930000,0.1243355
21.932000,0.1243355
21.934000,0.1243355
21.936000,0.1243355
21.938000,0.1243355
21.940000,0.1242822
21.942000,0.1242822
21.944000,0.1243355
21.946000,0.1243355
21.948000,0.1243355
21.950000,0.1243355
21.952000,0.1243889
21.954000,0.1243355
21.956000,0.1243889
21.958000,0.1243355
21.960000,0.1243889
21.962000,0.1243889
21.964000,0.1243355
21.966000,0.1243889
21.968000,0.1243355
21.970000,0.1243889
21.972000,0.1243355
21.974000,0.1244422
21.976000,0.1243889
21.978000,0.1243889
21.980000,0.1243355
21.982000,0.1243889
21.984000,0.1243355
21.986000,0.1242822
21.988000,0.1243355
21.990000,0.1242822
21.992000,0.1242822
21.994000,0.1242289
21.996000,0.1242822
21.998000,0.1242289
22.000000,0.1242289
22.002000,0.1243355
22.004000,0.1243355
22.006000,0.1243889
22.008000,0.1243889
22.010000,0.1243889
22.012000,0.1244422
22.014000,0.1244422
22.016000,0.1243889
22.018000,0.1243355
22.020000,0.1243889
22.022000,0.1243355
22.024000,0.1243889
22.026000,0.1243355
22.028000,0.1243889
22.030000,0.1243355
22.032000,0.1243355
22.034000,0.1243889
22.036000,0.1243355
22.038000,0.1243355
22.040000,0.1243355
22.042000,0.1243355
22.044000,0.1243355
22.046000,0.1243355
22.048000,0.1242822
22.050000,0.1242822
22.052000,0.1242822
22.054000,0.1242822
22.056000,0.1243355
22.058000,0.1243355
22.060000,0.1243355
22.062000,0.1243889
22.064000,0.1243355
22.066000,0.1243889
22.068000,0.1243355
22.070000,0.1243355
22.072000,0.1242822
22.074000,0.1242822
22.076000,0.1242822
22.078000,0.1242822
22.080000,0.1243355
22.082000,0.1243355
22.084000,0.1243889
22.086000,0.1243355
22.088000,0.1243889
22.090000,0.1242822
22.092000,0.1243355
22.094000,0.1242822
22.096000,0.1242289
22.098000,0.1242289
22.100000,0.1242289
22.102000,0.1242289
22.104000,0.1241755
22.106000,0.1242289
22.108000,0.1241755
22.110000,0.1242289
22.112000,0.1241755
22.114000,0.1242289
22.116000,0.1241755
22.118000,0.1241755
22.120000,0.1242289
22.122000,0.1241755
22.124000,0.1242822
22.126000,0.1241222
22.128000,0.1242289
22.130000,0.1241755
22.132000,0.1242289
22.134000,0.1241755
22.136000,0.1241755
22.138000,0.1242289
22.140000,0.1241755
22.142000,0.1242822
22.144000,0.1241755
22.146000,0.1242822
22.148000,0.1242289
22.150000,0.1242289
22.152000,0.1242289
22.154000,0.1241755
22.156000,0.1242822
22.158000,0.1241755
22.160000,0.1242289
22.162000,0.1242289
22.164000,0.1241755
22.166000,0.1242289
22.168000,0.1241222
22.170000,0.1241755
22.172000,0.1240688
22.174000,0.1241755
22.176000,0.1240688
22.178000,0.1241222
22.180000,0.1241222
22.182000,0.1241222
22.184000,0.1241222
22.186000,0.1241222
22.188000,0.1241222
22.190000,0.1240688
22.192000,0.1241755
22.194000,0.1240688
22.196000,0.1241222
22.198000,0.1240688
22.200000,0.1241222
22.202000,0.1241222
22.204000,0.1241222
22.206000,0.1240688
22.208000,0.1240688
22.210000,0.1241222
22.212000,0.1241222
22.214000,0.1241755
22.216000,0.1241222
22.218000,0.1241755
22.220000,0.1241222
22.222000,0.1241755
22.224000,0.1241222
22.226000,0.1241755
22.228000,0.1241755
22.230000,0.1241222
22.232000,0.1241222
22.234000,0.1241222
22.236000,0.1241222
22.238000,0.1240688
22.240000,0.1241222
22.242000,0.1241222
22.244000,0.1241222
22.246000,0.1241222
22.248000,0.1241755
22.250000,0.1241222
22.252000,0.1241755
22.254000,0.1241755
22.256000,0.1241755
22.258000,0.1241755
22.260000,0.1241755
22.262000,0.1241755
22.264000,0.1241755
22.266000,0.1241755
22.268000,0.1241222
22.270000,0.1241755
22.272000,0.1241222
22.274000,0.1241222
22.276000,0.1241222
22.278000,0.1241222
22.280000,0.1240688
22.282000,0.1240688
22.284000,0.1240155
22.286000,0.1240688
22.288000,0.1240155
22.290000,0.1240155
22.292000,0.1240155
22.294000,0.1240155
22.296000,0.1239622
22.298000,0.1240155
22.300000,0.1240688
22.302000,0.1240155
22.304000,0.1240155
22.306000,0.1240155
22.308000,0.1240688
22.310000,0.1240688
22.312000,0.1240688
22.314000,0.1240688
22.316000,0.1241222
22.318000,0.1240688
22.320000,0.1241222
22.322000,0.1240688
22.324000,0.1240155
22.326000,0.1240688
22.328000,0.1240155
22.330000,0.1240688
22.332000,0.1240155
22.334000,0.1241222
22.336000,0.1240155
22.338000,0.1240688
22.340000,0.1240688
22.342000,0.1240688
22.344000,0.1240688
22.346000,0.1240155
22.348000,0.1241222
22.350000,0.1240155
22.352000,0.1241222
22.354000,0.1240155
22.356000,0.1240155
22.358000,0.1240155
22.360000,0.1239622
22.362000,0.1239622
22.364000,0.1239088
22.366000,0.1239088
22.368000,0.1239088
22.370000,0.1239088
22.372000,0.1239622
22.374000,0.1239622
22.376000,0.1240155
22.378000,0.1240688
22.380000,0.1240155
22.382000,0.1240688
22.384000,0.1240155
22.386000,0.1240155
22.388000,0.1240155
22.390000,0.1240155
22.392000,0.1239622
22.394000,0.1239622
22.396000,0.1239622
22.398000,0.1239622
22.400000,0.1239622
22.402000,0.1239622
22.404000,0.1239622
22.406000,0.1239088
22.408000,0.1239622
22.410000,0.1239622
22.412000,0.1239622
22.414000,0.1239622
22.416000,0.1240155
22.418000,0.1239622
22.420000,0.1239622
22.422000,0.1240155
22.424000,0.1240155
22.426000,0.1239622
22.428000,0.1240155
22.430000,0.1239088
22.432000,0.1239622
22.434000,0.1239088
22.436000,0.1239088
22.438000,0.1239088
22.440000,0.1238555
22.442000,0.1239088
22.444000,0.1238555
22.446000,0.1239622
22.448000,0.1239088
22.450000,0.1239622
22.452000,0.1239622
22.454000,0.1239622
22.456000,0.1240688
22.458000,0.1239622
22.460000,0.1240688
22.462000,0.1240155
22.464000,0.1241222
22.466000,0.1240155
22.468000,0.1240688
22.470000,0.1240155
22.472000,0.1240155
22.474000,0.1240155
22.476000,0.1239622
22.478000,0.1239622
22.480000,0.1239088
22.482000,0.1239622
22.484000,0.1238555
22.486000,0.1239088
22.488000,0.1239088
22.490000,0.1239622
22.492000,0.1239088
22.494000,0.1239622
22.496000,0.1239088
22.498000,0.1239088
22.500000,0.1239088
22.502000,0.1239088
22.504000,0.1239088
22.506000,0.1238555
22.508000,0.1238555
22.510000,0.1238555
22.512000,0.1238021
22.514000,0.1238021
22.516000,0.1238555
22.518000,0.1238021
22.520000,0.1238555
22.522000,0.1238555
22.524000,0.1238555
22.526000,0.1238555
22.528000,0.1238555
22.530000,0.1239088
22.532000,0.1238555
22.534000,0.1239088
22.536000,0.1238555
22.538000,0.1239088
22.540000,0.1238555
22.542000,0.1239088
22.544000,0.1239088
22.546000,0.1239088
22.548000,0.1239088
22.550000,0.1239088
22.552000,0.1239088
22.554000,0.1239088
22.556000,0.1239088
22.558000,0.1238555
22.560000,0.1238555
22.562000,0.1238555
22.564000,0.1238555
22.566000,0.1238021
22.568000,0.1238021
22.570000,0.1238021
22.572000,0.1238021
22.574000,0.1238021
22.576000,0.1238555
22.578000,0.1238555
22.580000,0.1239088
22.582000,0.1238555
22.584000,0.1239088
22.586000,0.1238555
22.588000,0.1238555
22.590000,0.1238555
22.592000,0.1238021
22.594000,0.1238555
22.596000,0.1238021
22.598000,0.1238021
22.600000,0.1238021
22.602000,0.1238021
22.604000,0.1238021
22.606000,0.1237488
22.608000,0.1237488
22.610000,0.1237488
22.612000,0.1237488
22.614000,0.1237488
22.616000,0.1237488
22.618000,0.1238555
22.620000,0.1237488
22.622000,0.1238021
22.624000,0.1237488
22.626000,0.1237488
22.628000,0.1238021
22.630000,0.1238021
22.632000,0.1238021
22.634000,0.1238021
22.636000,0.1238021
22.638000,0.1238555
22.640000,0.1238021
22.642000,0.1238555
22.644000,0.1238021
22.646000,0.1238555
22.648000,0.1238555
22.650000,0.1238021
22.652000,0.1239088
22.654000,0.1238021
22.656000,0.1239088
22.658000,0.1239088
22.660000,0.1239088
22.662000,0.1238555
22.664000,0.1239088
22.666000,0.1239088
22.668000,0.1239088
22.670000,0.1238555
22.672000,0.1237488
22.674000,0.1237488
22.676000,0.1237488
22.678000,0.1237488
22.680000,0.1236955
22.682000,0.1236955
22.684000,0.1236421
22.686000,0.1237488
22.688000,0.1236955
22.690000,0.1236955
22.692000,0.1236955
22.694000,0.1236955
22.696000,0.1236955
22.698000,0.1236955
22.700000,0.1236955
22.702000,0.1236955
22.704000,0.1237488
22.706000,0.1237488
22.708000,0.1238021
22.710000,0.1236955
22.712000,0.1238021
22.714000,0.1237488
22.716000,0.1238021
22.718000,0.1238021
22.720000,0.1237488
22.722000,0.1238555
22.724000,0.1237488
22.726000,0.1238021
22.728000,0.1237488
22.730000,0.1238021
22.732000,0.1237488
22.734000,0.1236955
22.736000,0.1236421
22.738000,0.1236955
22.740000,0.1236955
22.742000,0.1236955
22.744000,0.1237488
22.746000,0.1236955
22.748000,0.1238021
22.750000,0.1236955
22.752000,0.1238021
22.754000,0.1237488
22.756000,0.1237488
22.758000,0.1237488
22.760000,0.1236955
22.762000,0.1237488
22.764000,0.1236421
22.766000,0.1236955
22.768000,0.1236421
22.770000,0.1236955
22.772000,0.1236421
22.774000,0.1235888
22.776000,0.1236421
22.778000,0.1236421
22.780000,0.1236955
22.782000,0.1236421
22.784000,0.1236955
22.786000,0.1236421
22.788000,0.1236955
22.790000,0.1236421
22.792000,0.1236955
22.794000,0.1236955
22.796000,0.1236421
22.798000,0.1236955
22.800000,0.1236955
22.802000,0.1236955
22.804000,0.1236955
22.806000,0.1237488
22.808000,0.1236955
22.810000,0.1237488
22.812000,0.1237488
22.814000,0.1237488
22.816000,0.1236955
22.818000,0.1237488
22.820000,0.1237488
22.822000,0.1236955
22.824000,0.1237488
22.826000,0.1236421
22.828000,0.1236955
22.830000,0.1236421
22.832000,0.1236955
22.834000,0.1236421
22.836000,0.1236421
22.838000,0.1236421
22.840000,0.1236421
22.842000,0.1236955
22.844000,0.1236955
22.846000,0.1236955
22.848000,0.1236955
22.850000,0.1237488
22.852000,0.1236955
22.854000,0.1236955
22.856000,0.1236955
22.858000,0.1236421
22.860000,0.1236955
22.862000,0.1236421
22.864000,0.1236421
22.866000,0.1235888
22.868000,0.1236421
22.870000,0.1235888
22.872000,0.1235888
22.874000,0.1235888
22.876000,0.1235354
22.878000,0.1235888
22.880000,0.1235354
22.882000,0.1236421
22.884000,0.1236421
22.886000,0.1235888
22.888000,0.1236421
22.890000,0.1235888
22.892000,0.1236421
22.894000,0.1235888
22.896000,0.1235888
22.898000,0.1236421
22.900000,0.1235888
22.902000,0.1236421
22.904000,0.1236421
22.906000,0.1236955
22.908000,0.1236421
22.910000,0.1236421
22.912000,0.1236955
22.914000,0.1236421
22.916000,0.1236421
22.918000,0.1236421
22.920000,0.1236421
22.922000,0.1235888
22.924000,0.1235888
22.926000,0.1235888
22.928000,0.1234821
22.930000,0.1235888
22.932000,0.1234821
22.934000,0.1235888
22.936000,0.1235354
22.938000,0.1235888
22.940000,0.1235888
22.942000,0.1236421
22.944000,0.1236421
22.946000,0.1236421
22.948000,0.1236955
22.950000,0.1236421
22.952000,0.1236955
22.954000,0.1236421
22.956000,0.1236421
22.958000,0.1236421
22.960000,0.1235888
22.962000,0.1236421
22.964000,0.1235888
22.966000,0.1235888
22.968000,0.1236421
22.970000,0.1236421
22.972000,0.1235888
22.974000,0.1236421
22.976000,0.1235888
22.978000,0.1236421
22.980000,0.1235354
22.982000,0.1236421
22.984000,0.1235354
22.986000,0.1235354
22.988000,0.1235354
22.990000,0.1234821
22.992000,0.1234821
22.994000,0.1234288
22.996000,0.1234821
22.998000,0.1234288
23.000000,0.1234821
23.002000,0.1234821
23.004000,0.1235354
23.006000,0.1235354
23.008000,0.1235888
23.010000,0.1235354
23.012000,0.1235354
23.014000,0.1235888
23.016000,0.1234821
23.018000,0.1235354
23.020000,0.1234288
23.022000,0.1235354
23.024000,0.1234821
23.026000,0.1235354
23.028000,0.1235354
23.030000,0.1234821
23.032000,0.1235888
23.034000,0.1234821
23.036000,0.1235888
23.038000,0.1234821
23.040000,0.1235354
23.042000,0.1234821
23.044000,0.1235354
23.046000,0.1234821
23.048000,0.1235354
23.050000,0.1234821
23.052000,0.1235354
23.054000,0.1235354
23.056000,0.1235354
23.058000,0.1235354
23.060000,0.1234288
23.062000,0.1235354
23.064000,0.1234821
23.066000,0.1235354
23.068000,0.1235354
23.070000,0.1235354
23.072000,0.1235888
23.074000,0.1235888
23.076000,0.1235888
23.078000,0.1235888
23.080000,0.1235354
23.082000,0.1235354
23.084000,0.1235354
23.086000,0.1235354
23.088000,0.1235354
23.090000,0.1234821
23.092000,0.1235354
23.094000,0.1234821
23.096000,0.1234821
23.098000,0.1234821
23.100000,0.1234288
23.102000,0.1234821
23.104000,0.1234821
23.106000,0.1235354
23.108000,0.1234821
23.110000,0.1234821
23.112000,0.1234821
23.114000,0.1234821
23.116000,0.1234821
23.118000,0.1234821
23.120000,0.1234288
23.122000,0.1234288
23.124000,0.1234821
23.126000,0.1234821
23.128000,0.1234288
23.130000,0.1234821
23.132000,0.1234821
23.134000,0.1234288
23.136000,0.1235354
23.138000,0.1234288
23.140000,0.1234821
23.142000,0.1233754
23.144000,0.1233754
23.146000,0.1233754
23.148000,0.1233754
23.150000,0.1234288
23.152000,0.1233754
23.154000,0.1234288
23.156000,0.1234288
23.158000,0.1234288
23.160000,0.1234288
23.162000,0.1233754
23.164000,0.1234288
23.166000,0.1233754
23.168000,0.1234288
23.170000,0.1233754
23.172000,0.1234288
23.174000,0.1233754
23.176000,0.1233754
23.178000,0.1233754
23.180000,0.1233754
23.182000,0.1234288
23.184000,0.1233221
23.186000,0.1233754
23.188000,0.1233754
23.190000,0.1233221
23.192000,0.1233221
23.194000,0.1233221
23.196000,0.1233221
23.198000,0.1232687
23.200000,0.1233221
23.202000,0.1233221
23.204000,0.1233754
23.206000,0.1233221
23.208000,0.1233221
23.210000,0.1234288
23.212000,0.1234288
23.214000,0.1234821
23.216000,0.1234288
23.218000,0.1234821
23.220000,0.1234821
23.222000,0.1234288
23.224000,0.1234288
23.226000,0.1234288
23.228000,0.1233754
23.230000,0.1233754
23.232000,0.1233754
23.234000,0.1233221
23.236000,0.1233754
23.238000,0.1233221
23.240000,0.1233221
23.242000,0.1233221
23.244000,0.1233221
23.246000,0.1233754
23.248000,0.1233221
23.250000,0.1233754
23.252000,0.1234288
23.254000,0.1233754
23.256000,0.1234288
23.258000,0.1233221
23.260000,0.1234288
23.262000,0.1233754
23.264000,0.1234288
23.266000,0.1234288
23.268000,0.1233754
23.270000,0.1234821
23.272000,0.1233221
23.274000,0.1234288
23.276000,0.1233221
23.278000,0.1233754
23.280000,0.1233221
23.282000,0.1233754
23.284000,0.1233754
23.286000,0.1233754
23.288000,0.1233754
23.290000,0.1233754
23.292000,0.1234821
23.294000,0.1233754
23.296000,0.1234288
23.298000,0.1234288
23.300000,0.1234821
23.302000,0.1234288
23.304000,0.1234288
23.306000,0.1234288
23.308000,0.1234288
23.310000,0.1234288
23.312000,0.1233754
23.314000,0.1233754
23.316000,0.1232687
23.318000,0.1233754
23.320000,0.1233221
23.322000,0.1233221
23.324000,0.1233221
23.326000,0.1233221
23.328000,0.1233221
23.330000,0.1232687
23.332000,0.1232687
23.334000,0.1232154
23.336000,0.1232154
23.338000,0.1232154
23.340000,0.1232154
23.342000,0.1231621
23.344000,0.1231621
23.346000,0.1232154
23.348000,0.1232154
23.350000,0.1232687
23.352000,0.1232687
23.354000,0.1233221
23.356000,0.1233754
23.358000,0.1233221
23.360000,0.1233754
23.362000,0.1233221
23.364000,0.1234288
23.366000,0.1233754
23.368000,0.1234288
23.370000,0.1234288
23.372000,0.1234288
23.374000,0.1234288
23.376000,0.1234288
23.378000,0.1233754
23.380000,0.1233754
23.382000,0.1233221
23.384000,0.1232687
23.386000,0.1233221
23.388000,0.1232154
23.390000,0.1232687
23.392000,0.1232687
23.394000,0.1232687
23.396000,0.1233221
23.398000,0.1233221
23.400000,0.1232687
23.402000,0.1232687
23.404000,0.1232687
23.406000,0.1232687
23.408000,0.1232154
23.410000,0.1232154
23.412000,0.1232687
23.414000,0.1231621
23.416000,0.1232687
23.418000,0.1232154
23.420000,0.1232687
23.422000,0.1233221
23.424000,0.1232687
23.426000,0.1233221
23.428000,0.1232154
23.430000,0.1233221
23.432000,0.1232687
23.434000,0.1232687
23.436000,0.1232687
23.438000,0.1232154
23.440000,0.1232687
23.442000,0.1232154
23.444000,0.1232154
23.446000,0.1232154
23.448000,0.1232687
23.450000,0.1232687
23.452000,0.1233221
23.454000,0.1232687
23.456000,0.1233754
23.458000,0.1233221
23.460000,0.1233221
23.462000,0.1232687
23.464000,0.1233221
23.466000,0.1232687
23.468000,0.1233221
23.470000,0.1232687
23.472000,0.1233221
23.474000,0.1232154
23.476000,0.1232687
23.478000,0.1232154
23.480000,0.1232154
23.482000,0.1231621
23.484000,0.1231621
23.486000,0.1231621
23.488000,0.1231621
23.490000,0.1232154
23.492000,0.1231621
23.494000,0.1232154
23.496000,0.1231621
23.498000,0.1232154
23.500000,0.1231621
23.502000,0.1232687
23.504000,0.1231621
23.506000,0.1232154
23.508000,0.1232154
23.510000,0.1232154
23.512000,0.1231621
23.514000,0.1231621
23.516000,0.1232154
23.518000,0.1232687
23.520000,0.1232154
23.522000,0.1232687
23.524000,0.1232687
23.526000,0.1233754
23.528000,0.1232687
23.530000,0.1233754
23.532000,0.1232687
23.534000,0.1233221
23.536000,0.1232687
23.538000,0.1232154
23.540000,0.1232154
23.542000,0.1231087
23.544000,0.1232154
23.546000,0.1230554
23.548000,0.1231621
23.550000,0.1231087
23.552000,0.1231621
23.554000,0.1231621
23.556000,0.1231621
23.558000,0.1231621
23.560000,0.1232154
23.562000,0.1232154
23.564000,0.1232154
23.566000,0.1232154
23.568000,0.1231621
23.570000,0.1231621
23.572000,0.1231087
23.574000,0.1231087
23.576000,0.1231087
23.578000,0.1231087
23.580000,0.1230554
23.582000,0.1230554
23.584000,0.1231087
23.586000,0.1231621
23.588000,0.1231087
23.590000,0.1231621
23.592000,0.1231621
23.594000,0.1232687
23.596000,0.1231621
23.598000,0.1232154
23.600000,0.1232154
23.602000,0.1232687
23.604000,0.1232154
23.606000,0.1231621
23.608000,0.1232154
23.610000,0.1231621
23.612000,0.1232687
23.614000,0.1231087
23.616000,0.1232687
23.618000,0.1231621
23.620000,0.1232154
23.622000,0.1231621
23.624000,0.1231621
23.626000,0.1232154
23.628000,0.1231621
23.630000,0.1231621
23.632000,0.1231621
23.634000,0.1231621
23.636000,0.1231621
23.638000,0.1231621
23.640000,0.1231087
23.642000,0.1231621
23.644000,0.1231087
23.646000,0.1231087
23.648000,0.1231087
23.650000,0.1231087
23.652000,0.1231087
23.654000,0.1231621
23.656000,0.1231621
23.658000,0.1231087
23.660000,0.1232154
23.662000,0.1230554
23.664000,0.1230554
23.666000,0.1230020
23.668000,0.1230020
23.670000,0.1230554
23.672000,0.1230020
23.674000,0.1230554
23.676000,0.1230554
23.678000,0.1231621
23.680000,0.1231087
23.682000,0.1231621
23.684000,0.1231087
23.686000,0.1230554
23.688000,0.1230554
23.690000,0.1230020
23.692000,0.1231087
23.694000,0.1229487
23.696000,0.1230554
23.698000,0.1229487
23.700000,0.1230554
23.702000,0.1231087
23.704000,0.1230554
23.706000,0.1231621
23.708000,0.1230020
23.710000,0.1231621
23.712000,0.1230554
23.714000,0.1231087
23.716000,0.1230554
23.718000,0.1230554
23.720000,0.1230554
23.722000,0.1230020
23.724000,0.1230020
23.726000,0.1229487
23.728000,0.1230020
23.730000,0.1230020
23.732000,0.1230554
23.734000,0.1230554
23.736000,0.1231087
23.738000,0.1231087
23.740000,0.1231621
23.742000,0.1231621
23.744000,0.1231087
23.746000,0.1231087
23.748000,0.1230554
23.750000,0.1230020
23.752000,0.1229487
23.754000,0.1229487
23.756000,0.1229487
23.758000,0.1229487
23.760000,0.1229487
23.762000,0.1230020
23.764000,0.1229487
23.766000,0.1230554
23.768000,0.1230020
23.770000,0.1230554
23.772000,0.1230020
23.774000,0.1230020
23.776000,0.1230554
23.778000,0.1230020
23.780000,0.1230554
23.782000,0.1230020
23.784000,0.1230554
23.786000,0.1230020
23.788000,0.1230020
23.790000,0.1229487
23.792000,0.1229487
23.794000,0.1229487
23.796000,0.1229487
23.798000,0.1228954
23.800000,0.1228954
23.802000,0.1229487
23.804000,0.1229487
23.806000,0.1229487
23.808000,0.1229487
23.810000,0.1229487
23.812000,0.1229487
23.814000,0.1229487
23.816000,0.1230020
23.818000,0.1228954
23.820000,0.1230020
23.822000,0.1230020
23.824000,0.1230554
23.826000,0.1230020
23.828000,0.1230020
23.830000,0.1230554
23.832000,0.1230020
23.834000,0.1230554
23.836000,0.1230020
23.838000,0.1230554
23.840000,0.1229487
23.842000,0.1229487
23.844000,0.1229487
23.846000,0.1229487
23.848000,0.1228954
23.850000,0.1228954
23.852000,0.1228954
23.854000,0.1228420
23.856000,0.1228420
23.858000,0.1228420
23.860000,0.1228420
23.862000,0.1228954
23.864000,0.1228954
23.866000,0.1230020
23.868000,0.1229487
23.870000,0.1230020
23.872000,0.1230554
23.874000,0.1230554
23.876000,0.1230020
23.878000,0.1230554
23.880000,0.1230020
23.882000,0.1230554
23.884000,0.1230020
23.886000,0.1230554
23.888000,0.1230554
23.890000,0.1230554
23.892000,0.1231087
23.894000,0.1230554
23.896000,0.1230554
23.898000,0.1230020
23.900000,0.1229487
23.902000,0.1229487
23.904000,0.1228954
23.906000,0.1228954
23.908000,0.1228954
23.910000,0.1229487
23.912000,0.1229487
23.914000,0.1229487
23.916000,0.1230020
23.918000,0.1229487
23.920000,0.1230020
23.922000,0.1229487
23.924000,0.1230020
23.926000,0.1229487
23.928000,0.1229487
23.930000,0.1230020
23.932000,0.1229487
23.934000,0.1230020
23.936000,0.1230020
23.938000,0.1230554
23.940000,0.1230554
23.942000,0.1230020
23.944000,0.1230554
23.946000,0.1229487
23.948000,0.1230020
23.950000,0.1229487
23.952000,0.1229487
23.954000,0.1229487
23.956000,0.1229487
23.958000,0.1230020
23.960000,0.1229487
23.962000,0.1230554
23.964000,0.1230020
23.966000,0.1230554
23.968000,0.1230554
23.970000,0.1230554
23.972000,0.1230020
23.974000,0.1229487
23.976000,0.1229487
23.978000,0.1228954
23.980000,0.1228954
23.982000,0.1228420
23.984000,0.1228954
23.986000,0.1228420
23.988000,0.1228420
23.990000,0.1228420
23.992000,0.1228954
23.994000,0.1228954
23.996000,0.1228954
23.998000,0.1230020
24.000000,0.1229487
24.002000,0.1230020
24.004000,0.1229487
24.006000,0.1229487
24.008000,0.1229487
24.010000,0.1229487
24.012000,0.1229487
24.014000,0.1228954
24.016000,0.1228954
24.018000,0.1228954
24.020000,0.1229487
24.022000,0.1228954
24.024000,0.1228954
24.026000,0.1228420
24.028000,0.1228954
24.030000,0.1228420
24.032000,0.1228420
24.034000,0.1227887
24.036000,0.1227887
24.038000,0.1227887
24.040000,0.1228420
24.042000,0.1228420
24.044000,0.1228954
24.046000,0.1228954
24.048000,0.1228954
24.050000,0.1228954
24.052000,0.1228954
24.054000,0.1229487
24.056000,0.1228954
24.058000,0.1228954
24.060000,0.1228420
24.062000,0.1229487
24.064000,0.1228954
24.066000,0.1229487
24.068000,0.1228420
24.070000,0.1229487
24.072000,0.1228954
24.074000,0.1229487
24.076000,0.1229487
24.078000,0.1228954
24.080000,0.1229487
24.082000,0.1228954
24.084000,0.1229487
24.086000,0.1228954
24.088000,0.1228954
24.090000,0.1228954
24.092000,0.1228954
24.094000,0.1228420
24.096000,0.1228420
24.098000,0.1228420
24.100000,0.1227887
24.102000,0.1227887
24.104000,0.1227887
24.106000,0.1227887
24.108000,0.1227353
24.110000,0.1227887
24.112000,0.1227353
24.114000,0.1227887
24.116000,0.1227887
24.118000,0.1227887
24.120000,0.1227887
24.122000,0.1227887
24.124000,0.1228420
24.126000,0.1227887
24.128000,0.1227887
24.130000,0.1227887
24.132000,0.1227887
24.134000,0.1227353
24.136000,0.1227887
24.138000,0.1227353
24.140000,0.1227887
24.142000,0.1227353
24.144000,0.1227887
24.146000,0.1227887
24.148000,0.1227887
24.150000,0.1227887
24.152000,0.1227353
24.154000,0.1227887
24.156000,0.1227887
24.158000,0.1228420
24.160000,0.1227887
24.162000,0.1228420
24.164000,0.1228420
24.166000,0.1228420
24.168000,0.1227887
24.170000,0.1227887
24.172000,0.1227887
24.174000,0.1227353
24.176000,0.1227887
24.178000,0.1227353
24.180000,0.1227887
24.182000,0.1227353
24.184000,0.1227887
24.186000,0.1227353
24.188000,0.1227353
24.190000,0.1227353
24.192000,0.1227353
24.194000,0.1227887
24.196000,0.1227887
24.198000,0.1228420
24.200000,0.1227887
24.202000,0.1228420
24.204000,0.1228420
24.206000,0.1228420
24.208000,0.1228420
24.210000,0.1227887
24.212000,0.1227887
24.214000,0.1227887
24.216000,0.1228420
24.218000,0.1227887
24.220000,0.1227887
24.222000,0.1227887
24.224000,0.1227353
24.226000,0.1227887
24.228000,0.1228420
24.230000,0.1228420
24.232000,0.1227887
24.234000,0.1227887
24.236000,0.1227887
24.238000,0.1227353
24.240000,0.1227353
24.242000,0.1227353
24.244000,0.1227353
24.246000,0.1227353
24.248000,0.1227353
24.250000,0.1227353
24.252000,0.1227353
24.254000,0.1227353
24.256000,0.1226820
24.258000,0.1227353
24.260000,0.1226820
24.262000,0.1227887
24.264000,0.1227353
24.266000,0.1227353
24.268000,0.1227353
24.270000,0.1227887
24.272000,0.1227887
24.274000,0.1227353
24.276000,0.1227887
24.278000,0.1227887
24.280000,0.1228420
24.282000,0.1227353
24.284000,0.1227887
24.286000,0.1227887
24.288000,0.1227353
24.290000,0.1227887
24.292000,0.1226820
24.294000,0.1226820
24.296000,0.1226820
24.298000,0.1226287
24.300000,0.1226287
24.302000,0.1226287
24.304000,0.1226820
24.306000,0.1226287
24.308000,0.1226820
24.310000,0.1226820
24.312000,0.1227353
24.314000,0.1226820
24.316000,0.1227353
24.318000,0.1226820
24.320000,0.1227353
24.322000,0.1226820
24.324000,0.1227353
24.326000,0.1227353
24.328000,0.1226820
24.330000,0.1227887
24.332000,0.1226820
24.334000,0.1227353
24.336000,0.1226820
24.338000,0.1227887
24.340000,0.1226820
24.342000,0.1226820
24.344000,0.1227353
24.346000,0.1227353
24.348000,0.1227353
24.350000,0.1227353
24.352000,0.1227353
24.354000,0.1226820
24.356000,0.1226820
24.358000,0.1226820
24.360000,0.1227353
24.362000,0.1226287
24.364000,0.1226820
24.366000,0.1226820
24.368000,0.1227353
24.370000,0.1226287
24.372000,0.1226820
24.374000,0.1226820
24.376000,0.1226287
24.378000,0.1226820
24.380000,0.1225753
24.382000,0.1226820
24.384000,0.1225753
24.386000,0.1226287
24.388000,0.1226287
24.390000,0.1226287
24.392000,0.1226820
24.394000,0.1226287
24.396000,0.1226820
24.398000,0.1226287
24.400000,0.1226287
24.402000,0.1226287
24.404000,0.1226820
24.406000,0.1226287
24.408000,0.1226287
24.410000,0.1226287
24.412000,0.1225753
24.414000,0.1226287
24.416000,0.1226287
24.418000,0.1226287
24.420000,0.1225753
24.422000,0.1226287
24.424000,0.1226287
24.426000,0.1226287
24.428000,0.1226287
24.430000,0.1226287
24.432000,0.1226287
24.434000,0.1225753
24.436000,0.1225753
24.438000,0.1225753
24.440000,0.1225753
24.442000,0.1225753
24.444000,0.1225753
24.446000,0.1226287
24.448000,0.1226287
24.450000,0.1225753
24.452000,0.1226287
24.454000,0.1226287
24.456000,0.1226287
24.458000,0.1225753
24.460000,0.1225753
24.462000,0.1225753
24.464000,0.1225753
24.466000,0.1226287
24.468000,0.1225753
24.470000,0.1225753
24.472000,0.1226287
24.474000,0.1226287
24.476000,0.1226287
24.478000,0.1226287
24.480000,0.1226820
24.482000,0.1226287
24.484000,0.1226287
24.486000,0.1226287
24.488000,0.1225753
24.490000,0.1226287
24.492000,0.1225753
24.494000,0.1225220
24.496000,0.1225753
24.498000,0.1224686
24.500000,0.1225753
24.502000,0.1225220
24.504000,0.1225220
24.506000,0.1225220
24.508000,0.1225753
24.510000,0.1225220
24.512000,0.1225753
24.514000,0.1225753
24.516000,0.1226287
24.518000,0.1225753
24.520000,0.1225753
24.522000,0.1225753
24.524000,0.1225753
24.526000,0.1225753
24.528000,0.1225220
24.530000,0.1225753
24.532000,0.1225220
24.534000,0.1225753
24.536000,0.1225220
24.538000,0.1225753
24.540000,0.1225220
24.542000,0.1225220
24.544000,0.1224686
24.546000,0.1225220
24.548000,0.1224686
24.550000,0.1225220
24.552000,0.1225220
24.554000,0.1225220
24.556000,0.1225753
24.558000,0.1225753
24.560000,0.1225753
24.562000,0.1225753
24.564000,0.1225753
24.566000,0.1225753
24.568000,0.1225220
24.570000,0.1225220
24.572000,0.1224686
24.574000,0.1225220
24.576000,0.1224686
24.578000,0.1224686
24.580000,0.1224686
24.582000,0.1224153
24.584000,0.1224686
24.586000,0.1224686
24.588000,0.1224686
24.590000,0.1224686
24.592000,0.1225220
24.594000,0.1224686
24.596000,0.1225753
24.598000,0.1225220
24.600000,0.1225753
24.602000,0.1225753
24.604000,0.1226287
24.606000,0.1226287
24.608000,0.1225220
24.610000,0.1226287
24.612000,0.1225753
24.614000,0.1225753
24.616000,0.1225753
24.618000,0.1225220
24.620000,0.1226287
24.622000,0.1225220
24.624000,0.1225753
24.626000,0.1225220
24.628000,0.1225753
24.630000,0.1225220
24.632000,0.1224686
24.634000,0.1225220
24.636000,0.1224686
24.638000,0.1225220
24.640000,0.1224686
24.642000,0.1225220
24.644000,0.1225220
24.646000,0.1224686
24.648000,0.1225220
24.650000,0.1224686
24.652000,0.1224686
24.654000,0.1224153
24.656000,0.1224686
24.658000,0.1224686
24.660000,0.1224686
24.662000,0.1225220
24.664000,0.1224686
24.666000,0.1225220
24.668000,0.1224686
24.670000,0.1225220
24.672000,0.1225220
24.674000,0.1225220
24.676000,0.1225220
24.678000,0.1225220
24.680000,0.1224686
24.682000,0.1225220
24.684000,0.1224686
24.686000,0.1225220
24.688000,0.1225220
24.690000,0.1224686
24.692000,0.1225220
24.694000,0.1224686
24.696000,0.1225220
24.698000,0.1224686
24.700000,0.1224686
24.702000,0.1224686
24.704000,0.1224686
24.706000,0.1225220
24.708000,0.1224686
24.710000,0.1224153
24.712000,0.1224686
24.714000,0.1224153
24.716000,0.1225220
24.718000,0.1224153
24.720000,0.1225220
24.722000,0.1224153
24.724000,0.1225220
24.726000,0.1224153
24.728000,0.1224153
24.730000,0.1224153
24.732000,0.1224153
24.734000,0.1223086
24.736000,0.1223620
24.738000,0.1223620
24.740000,0.1223086
24.742000,0.1223620
24.744000,0.1223086
24.746000,0.1224153
24.748000,0.1223620
24.750000,0.1223620
24.752000,0.1223620
24.754000,0.1224153
24.756000,0.1223620
24.758000,0.1224153
24.760000,0.1223620
24.762000,0.1223620
24.764000,0.1224153
24.766000,0.1224153
24.768000,0.1224153
24.770000,0.1224153
24.772000,0.1224153
24.774000,0.1224153
24.776000,0.1223620
24.778000,0.1224153
24.780000,0.1224153
24.782000,0.1224686
24.784000,0.1224686
24.786000,0.1224153
24.788000,0.1224686
24.790000,0.1224153
24.792000,0.1224686
24.794000,0.1224153
24.796000,0.1224153
24.798000,0.1223620
24.800000,0.1223620
24.802000,0.1224153
24.804000,0.1223620
24.806000,0.1223620
24.808000,0.1223086
24.810000,0.1224153
24.812000,0.1223620
24.814000,0.1223620
24.816000,0.1223086
24.818000,0.1223620
24.820000,0.1223086
24.822000,0.1223086
24.824000,0.1223086
24.826000,0.1223086
24.828000,0.1223620
24.830000,0.1223086
24.832000,0.1224153
24.834000,0.1223620
24.836000,0.1224686
24.838000,0.1224686
24.840000,0.1224686
24.842000,0.1224686
24.844000,0.1224153
24.846000,0.1224686
24.848000,0.1224153
24.850000,0.1223620
24.852000,0.1223620
24.854000,0.1223620
24.856000,0.1223086
24.858000,0.1223086
24.860000,0.1223086
24.862000,0.1223620
24.864000,0.1223620
24.866000,0.1223620
24.868000,0.1224153
24.870000,0.1224153
24.872000,0.1223620
24.874000,0.1223620
24.876000,0.1223620
24.878000,0.1223620
24.880000,0.1223620
24.882000,0.1223620
24.884000,0.1223620
24.886000,0.1224153
24.888000,0.1223620
24.890000,0.1223620
24.892000,0.1223620
24.894000,0.1224153
24.896000,0.1224153
24.898000,0.1223620
24.900000,0.1224153
24.902000,0.1223086
24.904000,0.1224153
24.906000,0.1223086
24.908000,0.1223620
24.910000,0.1223086
24.912000,0.1223086
24.914000,0.1223620
24.916000,0.1222553
24.918000,0.1223086
24.920000,0.1222553
24.922000,0.1223620
24.924000,0.1223086
24.926000,0.1223086
24.928000,0.1223086
24.930000,0.1223620
24.932000,0.1223086
24.934000,0.1223086
24.936000,0.1223086
24.938000,0.1222019
24.940000,0.1222553
24.942000,0.1222019
24.944000,0.1222553
24.946000,0.1222019
24.948000,0.1223086
24.950000,0.1222553
24.952000,0.1223086
24.954000,0.1223620
24.956000,0.1223086
24.958000,0.1223620
24.960000,0.1222553
24.962000,0.1223620
24.964000,0.1222553
24.966000,0.1223086
24.968000,0.1223086
24.970000,0.1223620
24.972000,0.1223620
24.974000,0.1223620
24.976000,0.1223620
24.978000,0.1223620
24.980000,0.1223620
24.982000,0.1223086
24.984000,0.1223086
24.986000,0.1223086
24.988000,0.1222553
24.990000,0.1222553
24.992000,0.1222553
24.994000,0.1223086
24.996000,0.1222553
24.998000,0.1223086
25.000000,0.1222553
25.002000,0.1223620
25.004000,0.1222553
25.006000,0.1223086
25.008000,0.1223086
25.010000,0.1222019
25.012000,0.1223086
25.014000,0.1222019
25.016000,0.1223086
25.018000,0.1221486
25.020000,0.1223086
25.022000,0.1222019
25.024000,0.1223086
25.026000,0.1223086
25.028000,0.1223086
25.030000,0.1223086
25.032000,0.1223086
25.034000,0.1223620
25.036000,0.1223086
25.038000,0.1223086
25.040000,0.1222553
25.042000,0.1222553
25.044000,0.1222019
25.046000,0.1222553
25.048000,0.1222019
25.050000,0.1222019
25.052000,0.1222553
25.054000,0.1222019
25.056000,0.1222553
25.058000,0.1222019
25.060000,0.1222019
25.062000,0.1221486
25.064000,0.1222019
25.066000,0.1222019
25.068000,0.1222019
25.070000,0.1222019
25.072000,0.1222553
25.074000,0.1222019
25.076000,0.1223086
25.078000,0.1222019
25.080000,0.1222553
25.082000,0.1223086
25.084000,0.1222553
25.086000,0.1223086
25.088000,0.1222553
25.090000,0.1223086
25.092000,0.1222553
25.094000,0.1222553
25.096000,0.1222019
25.098000,0.1222019
25.100000,0.1221486
25.102000,0.1221486
25.104000,0.1221486
25.106000,0.1221486
25.108000,0.1221486
25.110000,0.1221486
25.112000,0.1220953
25.114000,0.1221486
25.116000,0.1221486
25.118000,0.1222019
25.120000,0.1221486
25.122000,0.1222553
25.124000,0.1222019
25.126000,0.1222019
25.128000,0.1222553
25.130000,0.1222019
25.132000,0.1222553
25.134000,0.1222019
25.136000,0.1222019
25.138000,0.1221486
25.140000,0.1222019
25.142000,0.1222019
25.144000,0.1222019
25.146000,0.1222019
25.148000,0.1222019
25.150000,0.1221486
25.152000,0.1222019
25.154000,0.1221486
25.156000,0.1222019
25.158000,0.1221486
25.160000,0.1221486
25.162000,0.1221486
25.164000,0.1220953
25.166000,0.1220953
25.168000,0.1220953
25.170000,0.1220419
25.172000,0.1220419
25.174000,0.1220953
25.176000,0.1220953
25.178000,0.1220953
25.180000,0.1220953
25.182000,0.1221486
25.184000,0.1221486
25.186000,0.1221486
25.188000,0.1221486
25.190000,0.1221486
25.192000,0.1221486
25.194000,0.1221486
25.196000,0.1222019
25.198000,0.1222019
25.200000,0.1222019
25.202000,0.1222019
25.204000,0.1221486
25.206000,0.1222019
25.208000,0.1222019
25.210000,0.1222019
25.212000,0.1221486
25.214000,0.1222019
25.216000,0.1222019
25.218000,0.1222019
25.220000,0.1222019
25.222000,0.1221486
25.224000,0.1222019
25.226000,0.1221486
25.228000,0.1222019
25.230000,0.1222019
25.232000,0.1222553
25.234000,0.1222019
25.236000,0.1222553
25.238000,0.1222553
25.240000,0.1222019
25.242000,0.1222019
25.244000,0.1221486
25.246000,0.1221486
25.248000,0.1220419
25.250000,0.1220953
25.252000,0.1220419
25.254000,0.1220953
25.256000,0.1220953
25.258000,0.1220953
25.260000,0.1221486
25.262000,0.1221486
25.264000,0.1221486
25.266000,0.1222019
25.268000,0.1222019
25.270000,0.1222019
25.272000,0.1222019
25.274000,0.1222019
25.276000,0.1221486
25.278000,0.1222019
25.280000,0.1221486
25.282000,0.1220953
25.284000,0.1221486
25.286000,0.1220953
25.288000,0.1222019
25.290000,0.1220953
25.292000,0.1221486
25.294000,0.1221486
25.296000,0.1222019
25.298000,0.1222019
25.300000,0.1221486
25.302000,0.1222553
25.304000,0.1221486
25.306000,0.1222019
25.308000,0.1221486
25.310000,0.1221486
25.312000,0.1221486
25.314000,0.1221486
25.316000,0.1221486
25.318000,0.1221486
25.320000,0.1221486
25.322000,0.1221486
25.324000,0.1221486
25.326000,0.1220953
25.328000,0.1221486
25.330000,0.1220953
25.332000,0.1221486
25.334000,0.1220953
25.336000,0.1220953
25.338000,0.1220953
25.340000,0.1220953
25.342000,0.1220953
25.344000,0.1220953
25.346000,0.1221486
25.348000,0.1220953
25.350000,0.1221486
25.352000,0.1220953
25.354000,0.1221486
25.356000,0.1221486
25.358000,0.1221486
25.360000,0.1222019
25.362000,0.1221486
25.364000,0.1222553
25.366000,0.1221486
25.368000,0.1221486
25.370000,0.1220953
25.372000,0.1221486
25.374000,0.1220953
25.376000,0.1220953
25.378000,0.1220419
25.380000,0.1220953
25.382000,0.1220419
25.384000,0.1220419
25.386000,0.1220953
25.388000,0.1220419
25.390000,0.1220419
25.392000,0.1220419
25.394000,0.1220419
25.396000,0.1220419
25.398000,0.1220953
25.400000,0.1220953
25.402000,0.1220419
25.404000,0.1220953
25.406000,0.1220953
25.408000,0.1220419
25.410000,0.1220953
25.412000,0.1220419
25.414000,0.1220419
25.416000,0.1220419
25.418000,0.1220419
25.420000,0.1220953
25.422000,0.1220419
25.424000,0.1220953
25.426000,0.1220953
25.428000,0.1221486
25.430000,0.1220419
25.432000,0.1220953
25.434000,0.1220953
25.436000,0.1221486
25.438000,0.1220953
25.440000,0.1220419
25.442000,0.1220953
25.444000,0.1219886
25.446000,0.1220953
25.448000,0.1219886
25.450000,0.1220953
25.452000,0.1219352
25.454000,0.1220419
25.456000,0.1219886
25.458000,0.1220419
25.460000,0.1219886
25.462000,0.1220419
25.464000,0.1220419
25.466000,0.1220419
25.468000,0.1219886
25.470000,0.1219886
25.472000,0.1219352
25.474000,0.1219352
25.476000,0.1219352
25.478000,0.1219352
25.480000,0.1220419
25.482000,0.1219886
25.484000,0.1220419
25.486000,0.1219886
25.488000,0.1220419
25.490000,0.1219886
25.492000,0.1220953
25.494000,0.1219886
25.496000,0.1220419
25.498000,0.1219886
25.500000,0.1220953
25.502000,0.1219352
