sample_delay_us,ch1_V
5.504000,1.4739709
5.506000,1.4550352
5.508000,1.4739709
5.510000,1.4739709
5.512000,1.4739709
5.514000,1.4739709
5.516000,1.4739709
5.518000,1.4739709
5.520000,1.4739709
5.522000,1.4739709
5.524000,1.4739709
5.526000,1.4739709
5.528000,1.4739709
5.530000,1.4739709
5.532000,1.4739709
5.534000,1.4739709
5.536000,1.4739709
5.538000,1.4739709
5.540000,1.4739709
5.542000,1.4739709
5.544000,1.4739709
5.546000,1.4739709
5.548000,1.4739709
5.550000,1.4739709
5.552000,1.4739709
5.554000,1.4739709
5.556000,1.4739709
5.558000,1.4739709
5.560000,1.4739709
5.562000,1.4739709
5.564000,1.4739709
5.566000,1.4739709
5.568000,1.4739709
5.570000,1.4739709
5.572000,1.4739709
5.574000,1.4739709
5.576000,1.4739709
5.578000,1.4739709
5.580000,1.4739709
5.582000,1.4739709
5.584000,1.4739709
5.586000,1.4739709
5.588000,1.4739709
5.590000,1.4739709
5.592000,1.4739709
5.594000,1.4739709
5.596000,1.4739709
5.598000,1.4739709
5.600000,1.4739709
5.602000,1.4739709
5.604000,1.4739709
5.606000,1.4739709
5.608000,1.4739709
5.610000,1.4739709
5.612000,1.4739709
5.614000,1.4739709
5.616000,1.4739709
5.618000,1.4739709
5.620000,1.4739709
5.622000,1.4739709
5.624000,1.4739709
5.626000,1.4739709
5.628000,1.4739709
5.630000,1.4739709
5.632000,1.4739709
5.634000,1.4739709
5.636000,1.4739709
5.638000,1.4739709
5.640000,1.4739709
5.642000,1.4739709
5.644000,1.4739709
5.646000,1.4739709
5.648000,1.4739709
5.650000,1.4739709
5.652000,1.4739709
5.654000,1.4739709
5.656000,1.4739709
5.658000,1.4739709
5.660000,1.4739709
5.662000,1.4739709
5.664000,1.4739709
5.666000,1.4739709
5.668000,1.4739709
5.670000,1.4739709
5.672000,1.4739709
5.674000,1.4739709
5.676000,1.4739709
5.678000,1.4739709
5.680000,1.4739709
5.682000,1.4739709
5.684000,1.4739709
5.686000,1.4739709
5.688000,1.4739709
5.690000,1.4739709
5.692000,1.4739709
5.694000,1.4739709
5.696000,1.4739709
5.698000,1.4739709
5.700000,1.4739709
5.702000,1.4739709
5.704000,1.4739709
5.706000,1.4739709
5.708000,1.4739709
5.710000,1.4739709
5.712000,1.4739709
5.714000,1.4739709
5.716000,1.4739709
5.718000,1.4739709
5.720000,1.4739709
5.722000,1.4739709
5.724000,1.4739709
5.726000,1.4739709
5.728000,1.4739709
5.730000,1.4739709
5.732000,1.4739709
5.734000,1.4739709
5.736000,1.4739709
5.738000,1.4739709
5.740000,1.4739709
5.742000,1.4739709
5.744000,1.4739709
5.746000,1.4739709
5.748000,1.4739709
5.750000,1.4739709
5.752000,1.4739709
5.754000,1.4739709
5.756000,1.4739709
5.758000,1.4739709
5.760000,1.4739709
5.762000,1.4739709
5.764000,1.4739709
5.766000,1.4739709
5.768000,1.4739709
5.770000,1.4739709
5.772000,1.4739709
5.774000,1.4739709
5.776000,1.4739709
5.778000,1.4739709
5.780000,1.4739709
5.782000,1.4739709
5.784000,1.4739709
5.786000,1.4739709
5.788000,1.4739709
5.790000,1.4739709
5.792000,1.4739709
5.794000,1.4739709
5.796000,1.4739709
5.798000,1.4739709
5.800000,1.4739709
5.802000,1.4739709
5.804000,1.4739709
5.806000,1.4739709
5.808000,1.4739709
5.810000,1.4739709
5.812000,1.4739709
5.814000,1.4739709
5.816000,1.4739709
5.818000,1.4739709
5.820000,1.4739709
5.822000,1.4739709
5.824000,1.4739709
5.826000,1.4739709
5.828000,1.4739709
5.830000,1.4739709
5.832000,1.4739709
5.834000,1.4739709
5.836000,1.4739709
5.838000,1.4739709
5.840000,1.4739709
5.842000,1.4739709
5.844000,1.4739709
5.846000,1.4739709
5.848000,1.4739709
5.850000,1.4739709
5.852000,1.4739709
5.854000,1.4739709
5.856000,1.4739709
5.858000,1.4739709
5.860000,1.4739709
5.862000,1.4739709
5.864000,1.4739709
5.866000,1.4739709
5.868000,1.4739709
5.870000,1.4739709
5.872000,1.4739709
5.874000,1.4739709
5.876000,1.4739709
5.878000,1.4739709
5.880000,1.4739709
5.882000,1.4739709
5.884000,1.4739709
5.886000,1.4739709
5.888000,1.4739709
5.890000,1.4739709
5.892000,1.4739709
5.894000,1.4739709
5.896000,1.4739709
5.898000,1.4739709
5.900000,1.4739709
5.902000,1.4739709
5.904000,1.4739709
5.906000,1.4739709
5.908000,1.4739709
5.910000,1.4739709
5.912000,1.4739709
5.914000,1.4739709
5.916000,1.4739709
5.918000,1.4739709
5.920000,1.4739709
5.922000,1.4739709
5.924000,1.4739709
5.926000,1.4739709
5.928000,1.4739709
5.930000,1.4739709
5.932000,1.4739709
5.934000,1.4739709
5.936000,1.4739709
5.938000,1.4739709
5.940000,1.4739709
5.942000,1.4739709
5.944000,1.4739709
5.946000,1.4739709
5.948000,1.4739709
5.950000,1.4739709
5.952000,1.4739709
5.954000,1.4739709
5.956000,1.4739709
5.958000,1.4739709
5.960000,1.4739709
5.962000,1.4739709
5.964000,1.4739709
5.966000,1.4739709
5.968000,1.4739709
5.970000,1.4739709
5.972000,1.4739709
5.974000,1.4739709
5.976000,1.4739709
5.978000,1.4739709
5.980000,1.4739709
5.982000,1.4739709
5.984000,1.4739709
5.986000,1.4739709
5.988000,1.4739709
5.990000,1.4739709
5.992000,1.4739709
5.994000,1.4739709
5.996000,1.4739709
5.998000,1.4739709
6.000000,1.4739709
6.002000,1.4739709
6.004000,1.4739709
6.006000,1.4739709
6.008000,1.4739709
6.010000,1.4739709
6.012000,1.4739709
6.014000,1.4739709
6.016000,1.4739709
6.018000,1.4739709
6.020000,1.4739709
6.022000,1.4739709
6.024000,1.4739709
6.026000,1.4739709
6.028000,1.4739709
6.030000,1.4739709
6.032000,1.4739709
6.034000,1.4739709
6.036000,1.4739709
6.038000,1.4739709
6.040000,1.4739709
6.042000,1.4739709
6.044000,1.4739709
6.046000,1.4739709
6.048000,1.4739709
6.050000,1.4739709
6.052000,1.4739709
6.054000,1.4739709
6.056000,1.4739709
6.058000,1.4739709
6.060000,1.4739709
6.062000,1.4739709
6.064000,1.4739709
6.066000,1.4739709
6.068000,1.4739709
6.070000,1.4739709
6.072000,1.4739709
6.074000,1.4739709
6.076000,1.4739709
6.078000,1.4739709
6.080000,1.4739709
6.082000,1.4739709
6.084000,1.4739709
6.086000,1.4739709
6.088000,1.4739709
6.090000,1.4739709
6.092000,1.4739709
6.094000,1.4739709
6.096000,1.4739709
6.098000,1.4739709
6.100000,1.4739709
6.102000,1.4739709
6.104000,1.4739709
6.106000,1.4739709
6.108000,1.4739709
6.110000,1.4739709
6.112000,1.4739709
6.114000,1.4739709
6.116000,1.4739709
6.118000,1.4739709
6.120000,1.4739709
6.122000,1.4739709
6.124000,1.4739709
6.126000,1.4739709
6.128000,1.4739709
6.130000,1.4739709
6.132000,1.4739709
6.134000,1.4739709
6.136000,1.4739709
6.138000,1.4739709
6.140000,1.4739709
6.142000,1.4739709
6.144000,1.4739709
6.146000,1.4739709
6.148000,1.4739709
6.150000,1.4739709
6.152000,1.4739709
6.154000,1.4739709
6.156000,1.4739709
6.158000,1.4739709
6.160000,1.4739709
6.162000,1.4739709
6.164000,1.4739709
6.166000,1.4739709
6.168000,1.4739709
6.170000,1.4739709
6.172000,1.4739709
6.174000,1.4739709
6.176000,1.4739709
6.178000,1.4739709
6.180000,1.4739709
6.182000,1.4739709
6.184000,1.4739709
6.186000,1.4739709
6.188000,1.4739709
6.190000,1.4739709
6.192000,1.4739709
6.194000,1.4739709
6.196000,1.4739709
6.198000,1.4739709
6.200000,1.4739709
6.202000,1.4739709
6.204000,1.4739709
6.206000,1.4739709
6.208000,1.4739709
6.210000,1.4739709
6.212000,1.4739709
6.214000,1.4739709
6.216000,1.4739709
6.218000,1.4739709
6.220000,1.4739709
6.222000,1.4739709
6.224000,1.4739709
6.226000,1.4739709
6.228000,1.4739709
6.230000,1.4739709
6.232000,1.4739709
6.234000,1.4739709
6.236000,1.4739709
6.238000,1.4739709
6.240000,1.4739709
6.242000,1.4739709
6.244000,1.4739709
6.246000,1.4739709
6.248000,1.4739709
6.250000,1.4739709
6.252000,1.4739709
6.254000,1.4739709
6.256000,1.4739709
6.258000,1.4739709
6.260000,1.4739709
6.262000,1.4739709
6.264000,1.4739709
6.266000,1.4739709
6.268000,1.4739709
6.270000,1.4739709
6.272000,1.4739709
6.274000,1.4739709
6.276000,1.4739709
6.278000,1.4739709
6.280000,1.4739709
6.282000,1.4739709
6.284000,1.4739709
6.286000,1.4739709
6.288000,1.4739709
6.290000,1.4739709
6.292000,1.4739709
6.294000,1.4739709
6.296000,1.4739709
6.298000,1.4739709
6.300000,1.4739709
6.302000,1.4739709
6.304000,1.4739709
6.306000,1.4739709
6.308000,1.4739709
6.310000,1.4739709
6.312000,1.4739709
6.314000,1.4739709
6.316000,1.4739709
6.318000,1.4739709
6.320000,1.4739709
6.322000,1.4739709
6.324000,1.4739709
6.326000,1.4739709
6.328000,1.4739709
6.330000,1.4739709
6.332000,1.4739709
6.334000,1.4739709
6.336000,1.4739709
6.338000,1.4739709
6.340000,1.4739709
6.342000,1.4739709
6.344000,1.4739709
6.346000,1.4739709
6.348000,1.4739709
6.350000,1.4739709
6.352000,1.4739709
6.354000,1.4739709
6.356000,1.4739709
6.358000,1.4739709
6.360000,1.4739709
6.362000,1.4739709
6.364000,1.4739709
6.366000,1.4739709
6.368000,1.4739709
6.370000,1.4739709
6.372000,1.4739709
6.374000,1.4739709
6.376000,1.4739709
6.378000,1.4739709
6.380000,1.4739709
6.382000,1.4739709
6.384000,1.4739709
6.386000,1.4739709
6.388000,1.4739709
6.390000,1.4739709
6.392000,1.4739709
6.394000,1.4739709
6.396000,1.4739709
6.398000,1.4739709
6.400000,1.4739709
6.402000,1.4739709
6.404000,1.4739709
6.406000,1.4739709
6.408000,1.4739709
6.410000,1.4739709
6.412000,1.4739709
6.414000,1.4739709
6.416000,1.4739709
6.418000,1.4739709
6.420000,1.4739709
6.422000,1.4739709
6.424000,1.4739709
6.426000,1.4739709
6.428000,1.4739709
6.430000,1.4739709
6.432000,1.4739709
6.434000,1.4739709
6.436000,1.4739709
6.438000,1.4739709
6.440000,1.4739709
6.442000,1.4739709
6.444000,1.4739709
6.446000,1.4739709
6.448000,1.4739709
6.450000,1.4739709
6.452000,1.4739709
6.454000,1.4739709
6.456000,1.4739709
6.458000,1.4739709
6.460000,1.4739709
6.462000,1.4739709
6.464000,1.4739709
6.466000,1.4739709
6.468000,1.4739709
6.470000,1.4739709
6.472000,1.4739709
6.474000,1.4739709
6.476000,1.4739709
6.478000,1.4739709
6.480000,1.4739709
6.482000,1.4739709
6.484000,1.4739709
6.486000,1.4739709
6.488000,1.4739709
6.490000,1.4739709
6.492000,1.4739709
6.494000,1.4739709
6.496000,1.4739709
6.498000,1.4739709
6.500000,1.4739709
6.502000,1.4739709
6.504000,1.4739709
6.506000,1.4739709
6.508000,1.4739709
6.510000,1.4739709
6.512000,1.4739709
6.514000,1.4739709
6.516000,1.4739709
6.518000,1.4739709
6.520000,1.4739709
6.522000,1.4739709
6.524000,1.4739709
6.526000,1.4739709
6.528000,1.4739709
6.530000,1.4739709
6.532000,1.4739709
6.534000,1.4739709
6.536000,1.4739709
6.538000,1.4739709
6.540000,1.4739709
6.542000,1.4739709
6.544000,1.4739709
6.546000,1.4739709
6.548000,1.4739709
6.550000,1.4739709
6.552000,1.4739709
6.554000,1.4739709
6.556000,1.4739709
6.558000,1.4739709
6.560000,1.4739709
6.562000,1.4739709
6.564000,1.4739709
6.566000,1.4739709
6.568000,1.4739709
6.570000,1.4739709
6.572000,1.4739709
6.574000,1.4739709
6.576000,1.4739709
6.578000,1.4739709
6.580000,1.4739709
6.582000,1.4739709
6.584000,1.4739709
6.586000,1.4739709
6.588000,1.4739709
6.590000,1.4739709
6.592000,1.4739709
6.594000,1.4739709
6.596000,1.4739709
6.598000,1.4739709
6.600000,1.4739709
6.602000,1.4739709
6.604000,1.4739709
6.606000,1.4739709
6.608000,1.4739709
6.610000,1.4739709
6.612000,1.4739709
6.614000,1.4739709
6.616000,1.4739709
6.618000,1.4739709
6.620000,1.4739709
6.622000,1.4739709
6.624000,1.4739709
6.626000,1.4739709
6.628000,1.4739709
6.630000,1.4739709
6.632000,1.4739709
6.634000,1.4739709
6.636000,1.4739709
6.638000,1.4739709
6.640000,1.4739709
6.642000,1.4739709
6.644000,1.4739709
6.646000,1.4739709
6.648000,1.4739709
6.650000,1.4739709
6.652000,1.4739709
6.654000,1.4739709
6.656000,1.4739709
6.658000,1.4739709
6.660000,1.4739709
6.662000,1.4739709
6.664000,1.4739709
6.666000,1.4739709
6.668000,1.4739709
6.670000,1.4739709
6.672000,1.4739709
6.674000,1.4739709
6.676000,1.4739709
6.678000,1.4739709
6.680000,1.4739709
6.682000,1.4739709
6.684000,1.4739709
6.686000,1.4739709
6.688000,1.4739709
6.690000,1.4739709
6.692000,1.4739709
6.694000,1.4739709
6.696000,1.4739709
6.698000,1.4739709
6.700000,1.4739709
6.702000,1.4739709
6.704000,1.4739709
6.706000,1.4739709
6.708000,1.4739709
6.710000,1.4739709
6.712000,1.4739709
6.714000,1.4739709
6.716000,1.4739709
6.718000,1.4739709
6.720000,1.4739709
6.722000,1.4739709
6.724000,1.4739709
6.726000,1.4739709
6.728000,1.4739709
6.730000,1.4739709
6.732000,1.4739709
6.734000,1.4739709
6.736000,1.4739709
6.738000,1.4739709
6.740000,1.4739709
6.742000,1.4739709
6.744000,1.4739709
6.746000,1.4739709
6.748000,1.4739709
6.750000,1.4739709
6.752000,1.4739709
6.754000,1.4739709
6.756000,1.4739709
6.758000,1.4739709
6.760000,1.4739709
6.762000,1.4739709
6.764000,1.4739709
6.766000,1.4739709
6.768000,1.4739709
6.770000,1.4739709
6.772000,1.4739709
6.774000,1.4739709
6.776000,1.4739709
6.778000,1.4739709
6.780000,1.4739709
6.782000,1.4739709
6.784000,1.4739709
6.786000,1.4739709
6.788000,1.4739709
6.790000,1.4739709
6.792000,1.4739709
6.794000,1.4739709
6.796000,1.4739709
6.798000,1.4739709
6.800000,1.4739709
6.802000,1.4739709
6.804000,1.4739709
6.806000,1.4739709
6.808000,1.4739709
6.810000,1.4739709
6.812000,1.4739709
6.814000,1.4739709
6.816000,1.4739709
6.818000,1.4739709
6.820000,1.4739709
6.822000,1.4739709
6.824000,1.4739709
6.826000,1.4739709
6.828000,1.4739709
6.830000,1.4739709
6.832000,1.4739709
6.834000,1.4739709
6.836000,1.4739709
6.838000,1.4739709
6.840000,1.4739709
6.842000,1.4739709
6.844000,1.4739709
6.846000,1.4739709
6.848000,1.4739709
6.850000,1.4739709
6.852000,1.4739709
6.854000,1.4739709
6.856000,1.4739709
6.858000,1.4739709
6.860000,1.4739709
6.862000,1.4739709
6.864000,1.4739709
6.866000,1.4739709
6.868000,1.4739709
6.870000,1.4739709
6.872000,1.4739709
6.874000,1.4739709
6.876000,1.4739709
6.878000,1.4739709
6.880000,1.4739709
6.882000,1.4739709
6.884000,1.4739709
6.886000,1.4739709
6.888000,1.4739709
6.890000,1.4739709
6.892000,1.4739709
6.894000,1.4739709
6.896000,1.4739709
6.898000,1.4739709
6.900000,1.4739709
6.902000,1.4739709
6.904000,1.4739709
6.906000,1.4739709
6.908000,1.4739709
6.910000,1.4739709
6.912000,1.4739709
6.914000,1.4739709
6.916000,1.4739709
6.918000,1.4739709
6.920000,1.4739709
6.922000,1.4739709
6.924000,1.4739709
6.926000,1.4739709
6.928000,1.4739709
6.930000,1.4739709
6.932000,1.4739709
6.934000,1.4739709
6.936000,1.4739709
6.938000,1.4739709
6.940000,1.4739709
6.942000,1.4739709
6.944000,1.4739709
6.946000,1.4739709
6.948000,1.4739709
6.950000,1.4739709
6.952000,1.4739709
6.954000,1.4739709
6.956000,1.4739709
6.958000,1.4739709
6.960000,1.4739709
6.962000,1.4739709
6.964000,1.4739709
6.966000,1.4739709
6.968000,1.4739709
6.970000,1.4739709
6.972000,1.4739709
6.974000,1.4739709
6.976000,1.4739709
6.978000,1.4739709
6.980000,1.4739709
6.982000,1.4739709
6.984000,1.4739709
6.986000,1.4739709
6.988000,1.4739709
6.990000,1.4739709
6.992000,1.4739709
6.994000,1.4739709
6.996000,1.4739709
6.998000,1.4739709
7.000000,1.4739709
7.002000,1.4739709
7.004000,1.4739709
7.006000,1.4739709
7.008000,1.4739709
7.010000,1.4739709
7.012000,1.4739709
7.014000,1.4739709
7.016000,1.4739709
7.018000,1.4739709
7.020000,1.4739709
7.022000,1.4739709
7.024000,1.4739709
7.026000,1.4739709
7.028000,1.4739709
7.030000,1.4739709
7.032000,1.4739709
7.034000,1.4739709
7.036000,1.4739709
7.038000,1.4739709
7.040000,1.4739709
7.042000,1.4739709
7.044000,1.4739709
7.046000,1.4739709
7.048000,1.4739709
7.050000,1.4739709
7.052000,1.4739709
7.054000,1.4739709
7.056000,1.4739709
7.058000,1.4739709
7.060000,1.4739709
7.062000,1.4739709
7.064000,1.4739709
7.066000,1.4739709
7.068000,1.4739709
7.070000,1.4739709
7.072000,1.4739709
7.074000,1.4739709
7.076000,1.4739709
7.078000,1.4739709
7.080000,1.4739709
7.082000,1.4739709
7.084000,1.4739709
7.086000,1.4739709
7.088000,1.4739709
7.090000,1.4739709
7.092000,1.4739709
7.094000,1.4739709
7.096000,1.4739709
7.098000,1.4739709
7.100000,1.4739709
7.102000,1.4739709
7.104000,1.4739709
7.106000,1.4739709
7.108000,1.4739709
7.110000,1.4739709
7.112000,1.4739709
7.114000,1.4739709
7.116000,1.4739709
7.118000,1.4739709
7.120000,1.4739709
7.122000,1.4739709
7.124000,1.4739709
7.126000,1.4739709
7.128000,1.4739709
7.130000,1.4739709
7.132000,1.4739709
7.134000,1.4739709
7.136000,1.4739709
7.138000,1.4739709
7.140000,1.4739709
7.142000,1.4739709
7.144000,1.4739709
7.146000,1.4739709
7.148000,1.4739709
7.150000,1.4739709
7.152000,1.4739709
7.154000,1.4739709
7.156000,1.4739709
7.158000,1.4739709
7.160000,1.4739709
7.162000,1.4739709
7.164000,1.4739709
7.166000,1.4739709
7.168000,1.4739709
7.170000,1.4739709
7.172000,1.4739709
7.174000,1.4739709
7.176000,1.4739709
7.178000,1.4739709
7.180000,1.4739709
7.182000,1.4739709
7.184000,1.4739709
7.186000,1.4739709
7.188000,1.4739709
7.190000,1.4739709
7.192000,1.4739709
7.194000,1.4739709
7.196000,1.4739709
7.198000,1.4739709
7.200000,1.4739709
7.202000,1.4739709
7.204000,1.4739709
7.206000,1.4739709
7.208000,1.4739709
7.210000,1.4739709
7.212000,1.4739709
7.214000,1.4739709
7.216000,1.4739709
7.218000,1.4739709
7.220000,1.4739709
7.222000,1.4739709
7.224000,1.4739709
7.226000,1.4739709
7.228000,1.4739709
7.230000,1.4739709
7.232000,1.4739709
7.234000,1.4739709
7.236000,1.4739709
7.238000,1.4739709
7.240000,1.4739709
7.242000,1.4739709
7.244000,1.4739709
7.246000,1.4739709
7.248000,1.4739709
7.250000,1.4739709
7.252000,1.4739709
7.254000,1.4739709
7.256000,1.4739709
7.258000,1.4739709
7.260000,1.4739709
7.262000,1.4739709
7.264000,1.4739709
7.266000,1.4739709
7.268000,1.4739709
7.270000,1.4739709
7.272000,1.4739709
7.274000,1.4739709
7.276000,1.4739709
7.278000,1.4739709
7.280000,1.4739709
7.282000,1.4739709
7.284000,1.4739709
7.286000,1.4739709
7.288000,1.4739709
7.290000,1.4739709
7.292000,1.4739709
7.294000,1.4739709
7.296000,1.4739709
7.298000,1.4739709
7.300000,1.4739709
7.302000,1.4739709
7.304000,1.4739709
7.306000,1.4739709
7.308000,1.4739709
7.310000,1.4739709
7.312000,1.4739709
7.314000,1.4739709
7.316000,1.4739709
7.318000,1.4739709
7.320000,1.4739709
7.322000,1.4739709
7.324000,1.4739709
7.326000,1.4739709
7.328000,1.4739709
7.330000,1.4739709
7.332000,1.4739709
7.334000,1.4739709
7.336000,1.4739709
7.338000,1.4739709
7.340000,1.4739709
7.342000,1.4739709
7.344000,1.4739709
7.346000,1.4739709
7.348000,1.4739709
7.350000,1.4739709
7.352000,1.4739709
7.354000,1.4739709
7.356000,1.4739709
7.358000,1.4739709
7.360000,1.4739709
7.362000,1.4739709
7.364000,1.4739709
7.366000,1.4739709
7.368000,1.4739709
7.370000,1.4739709
7.372000,1.4739709
7.374000,1.4739709
7.376000,1.4739709
7.378000,1.4739709
7.380000,1.4739709
7.382000,1.4739709
7.384000,1.4739709
7.386000,1.4739709
7.388000,1.4739709
7.390000,1.4739709
7.392000,1.4739709
7.394000,1.4739709
7.396000,1.4739709
7.398000,1.4739709
7.400000,1.4739709
7.402000,1.4739709
7.404000,1.4739709
7.406000,1.4739709
7.408000,1.4739709
7.410000,1.4739709
7.412000,1.4739709
7.414000,1.4739709
7.416000,1.4739709
7.418000,1.4739709
7.420000,1.4739709
7.422000,1.4739709
7.424000,1.4739709
7.426000,1.4739709
7.428000,1.4739709
7.430000,1.4739709
7.432000,1.4739709
7.434000,1.4739709
7.436000,1.4739709
7.438000,1.4739709
7.440000,1.4739709
7.442000,1.4739709
7.444000,1.4739709
7.446000,1.4739709
7.448000,1.4739709
7.450000,1.4739709
7.452000,1.4739709
7.454000,1.4739709
7.456000,1.4739709
7.458000,1.4739709
7.460000,1.4739709
7.462000,1.4739709
7.464000,1.4739709
7.466000,1.4739709
7.468000,1.4739709
7.470000,1.4739709
7.472000,1.4739709
7.474000,1.4739709
7.476000,1.4739709
7.478000,1.4739709
7.480000,1.4739709
7.482000,1.4739709
7.484000,1.4739709
7.486000,1.4739709
7.488000,1.4739709
7.490000,1.4739709
7.492000,1.4739709
7.494000,1.4739709
7.496000,1.4739709
7.498000,1.4739709
7.500000,1.4739709
7.502000,1.4739709
7.504000,1.4739709
7.506000,1.4739709
7.508000,1.4739709
7.510000,1.4739709
7.512000,1.4739709
7.514000,1.4739709
7.516000,1.4739709
7.518000,1.4739709
7.520000,1.4739709
7.522000,1.4739709
7.524000,1.4739709
7.526000,1.4739709
7.528000,1.4739709
7.530000,1.4739709
7.532000,1.4739709
7.534000,1.4739709
7.536000,1.4739709
7.538000,1.4739709
7.540000,1.4739709
7.542000,1.4739709
7.544000,1.4739709
7.546000,1.4739709
7.548000,1.4739709
7.550000,1.4739709
7.552000,1.4739709
7.554000,1.4739709
7.556000,1.4739709
7.558000,1.4739709
7.560000,1.4739709
7.562000,1.4739709
7.564000,1.4739709
7.566000,1.4739709
7.568000,1.4739709
7.570000,1.4739709
7.572000,1.4739709
7.574000,1.4739709
7.576000,1.4739709
7.578000,1.4739709
7.580000,1.4739709
7.582000,1.4739709
7.584000,1.4739709
7.586000,1.4739709
7.588000,1.4739709
7.590000,1.4739709
7.592000,1.4739709
7.594000,1.4739709
7.596000,1.4739709
7.598000,1.4739709
7.600000,1.4739709
7.602000,1.4739709
7.604000,1.4739709
7.606000,1.4739709
7.608000,1.4739709
7.610000,1.4739709
7.612000,1.4739709
7.614000,1.4739709
7.616000,1.4739709
7.618000,1.4739709
7.620000,1.4739709
7.622000,1.4739709
7.624000,1.4739709
7.626000,1.4739709
7.628000,1.4739709
7.630000,1.4739709
7.632000,1.4739709
7.634000,1.4739709
7.636000,1.4739709
7.638000,1.4739709
7.640000,1.4739709
7.642000,1.4739709
7.644000,1.4739709
7.646000,1.4739709
7.648000,1.4739709
7.650000,1.4739709
7.652000,1.4739709
7.654000,1.4739709
7.656000,1.4739709
7.658000,1.4739709
7.660000,1.4739709
7.662000,1.4739709
7.664000,1.4739709
7.666000,1.4739709
7.668000,1.4739709
7.670000,1.4739709
7.672000,1.4739709
7.674000,1.4739709
7.676000,1.4739709
7.678000,1.4739709
7.680000,1.4739709
7.682000,1.4739709
7.684000,1.4739709
7.686000,1.4739709
7.688000,1.4739709
7.690000,1.4739709
7.692000,1.4739709
7.694000,1.4739709
7.696000,1.4739709
7.698000,1.4739709
7.700000,1.4739709
7.702000,1.4739709
7.704000,1.4739709
7.706000,1.4739709
7.708000,1.4739709
7.710000,1.4739709
7.712000,1.4739709
7.714000,1.4739709
7.716000,1.4739709
7.718000,1.4739709
7.720000,1.4739709
7.722000,1.4739709
7.724000,1.4739709
7.726000,1.4739709
7.728000,1.4739709
7.730000,1.4739709
7.732000,1.4739709
7.734000,1.4739709
7.736000,1.4739709
7.738000,1.4739709
7.740000,1.4739709
7.742000,1.4739709
7.744000,1.4739709
7.746000,1.4739709
7.748000,1.4739709
7.750000,1.4739709
7.752000,1.4739709
7.754000,1.4739709
7.756000,1.4739709
7.758000,1.4739709
7.760000,1.4739709
7.762000,1.4739709
7.764000,1.4739709
7.766000,1.4739709
7.768000,1.4739709
7.770000,1.4739709
7.772000,1.4739709
7.774000,1.4739709
7.776000,1.4739709
7.778000,1.4739709
7.780000,1.4739709
7.782000,1.4739709
7.784000,1.4739709
7.786000,1.4739709
7.788000,1.4739709
7.790000,1.4739709
7.792000,1.4739709
7.794000,1.4739709
7.796000,1.4739709
7.798000,1.4739709
7.800000,1.4739709
7.802000,1.4739709
7.804000,1.4739709
7.806000,1.4739709
7.808000,1.4739709
7.810000,1.4739709
7.812000,1.4739709
7.814000,1.4739709
7.816000,1.4739709
7.818000,1.4739709
7.820000,1.4739709
7.822000,1.4739709
7.824000,1.4739709
7.826000,1.4739709
7.828000,1.4739709
7.830000,1.4739709
7.832000,1.4739709
7.834000,1.4739709
7.836000,1.4739709
7.838000,1.4739709
7.840000,1.4739709
7.842000,1.4739709
7.844000,1.4739709
7.846000,1.4739709
7.848000,1.4739709
7.850000,1.4739709
7.852000,1.4739709
7.854000,1.4739709
7.856000,1.4739709
7.858000,1.4739709
7.860000,1.4739709
7.862000,1.4739709
7.864000,1.4739709
7.866000,1.4739709
7.868000,1.4739709
7.870000,1.4739709
7.872000,1.4739709
7.874000,1.4739709
7.876000,1.4739709
7.878000,1.4739709
7.880000,1.4739709
7.882000,1.4739709
7.884000,1.4739709
7.886000,1.4739709
7.888000,1.4739709
7.890000,1.4739709
7.892000,1.4739709
7.894000,1.4739709
7.896000,1.4739709
7.898000,1.4739709
7.900000,1.4739709
7.902000,1.4739709
7.904000,1.4739709
7.906000,1.4739709
7.908000,1.4739709
7.910000,1.4739709
7.912000,1.4739709
7.914000,1.4739709
7.916000,1.4739709
7.918000,1.4739709
7.920000,1.4739709
7.922000,1.4739709
7.924000,1.4739709
7.926000,1.4739709
7.928000,1.4739709
7.930000,1.4739709
7.932000,1.4739709
7.934000,1.4739709
7.936000,1.4739709
7.938000,1.4739709
7.940000,1.4739709
7.942000,1.4739709
7.944000,1.4739709
7.946000,1.4739709
7.948000,1.4739709
7.950000,1.4739709
7.952000,1.4739709
7.954000,1.4739709
7.956000,1.4739709
7.958000,1.4739709
7.960000,1.4739709
7.962000,1.4739709
7.964000,1.4739709
7.966000,1.4739709
7.968000,1.4739709
7.970000,1.4739709
7.972000,1.4739709
7.974000,1.4739709
7.976000,1.4739709
7.978000,1.4739709
7.980000,1.4739709
7.982000,1.4739709
7.984000,1.4739709
7.986000,1.4739709
7.988000,1.4739709
7.990000,1.4739709
7.992000,1.4739709
7.994000,1.4739709
7.996000,1.4739709
7.998000,1.4739709
8.000000,1.4739709
8.002000,1.4739709
8.004000,1.4739709
8.006000,1.4739709
8.008000,1.4739709
8.010000,1.4739709
8.012000,1.4739709
8.014000,1.4739709
8.016000,1.4739709
8.018000,1.4739709
8.020000,1.4739709
8.022000,1.4739709
8.024000,1.4739709
8.026000,1.4739709
8.028000,1.4739709
8.030000,1.4739709
8.032000,1.4739709
8.034000,1.4739709
8.036000,1.4739709
8.038000,1.4739709
8.040000,1.4739709
8.042000,1.4739709
8.044000,1.4739709
8.046000,1.4739709
8.048000,1.4739709
8.050000,1.4739709
8.052000,1.4739709
8.054000,1.4739709
8.056000,1.4739709
8.058000,1.4739709
8.060000,1.4739709
8.062000,1.4739709
8.064000,1.4739709
8.066000,1.4739709
8.068000,1.4739709
8.070000,1.4739709
8.072000,1.4739709
8.074000,1.4739709
8.076000,1.4739709
8.078000,1.4739709
8.080000,1.4739709
8.082000,1.4739709
8.084000,1.4739709
8.086000,1.4739709
8.088000,1.4739709
8.090000,1.4739709
8.092000,1.4739709
8.094000,1.4739709
8.096000,1.4739709
8.098000,1.4739709
8.100000,1.4739709
8.102000,1.4739709
8.104000,1.4739709
8.106000,1.4739709
8.108000,1.4739709
8.110000,1.4739709
8.112000,1.4739709
8.114000,1.4739709
8.116000,1.4739709
8.118000,1.4739709
8.120000,1.4739709
8.122000,1.4739709
8.124000,1.4739709
8.126000,1.4739709
8.128000,1.4739709
8.130000,1.4739709
8.132000,1.4739709
8.134000,1.4739709
8.136000,1.4739709
8.138000,1.4739709
8.140000,1.4739709
8.142000,1.4739709
8.144000,1.4739709
8.146000,1.4739709
8.148000,1.4739709
8.150000,1.4739709
8.152000,1.4739709
8.154000,1.4739709
8.156000,1.4739709
8.158000,1.4739709
8.160000,1.4739709
8.162000,1.4739709
8.164000,1.4739709
8.166000,1.4739709
8.168000,1.4739709
8.170000,1.4739709
8.172000,1.4739709
8.174000,1.4739709
8.176000,1.4739709
8.178000,1.4739709
8.180000,1.4739709
8.182000,1.4739709
8.184000,1.4739709
8.186000,1.4739709
8.188000,1.4739709
8.190000,1.4739709
8.192000,1.4739709
8.194000,1.4739709
8.196000,1.4739709
8.198000,1.4739709
8.200000,1.4739709
8.202000,1.4739709
8.204000,1.4739709
8.206000,1.4739709
8.208000,1.4739709
8.210000,1.4739709
8.212000,1.4739709
8.214000,1.4739709
8.216000,1.4739709
8.218000,1.4739709
8.220000,1.4739709
8.222000,1.4739709
8.224000,1.4739709
8.226000,1.4739709
8.228000,1.4739709
8.230000,1.4739709
8.232000,1.4739709
8.234000,1.4739709
8.236000,1.4739709
8.238000,1.4739709
8.240000,1.4739709
8.242000,1.4739709
8.244000,1.4739709
8.246000,1.4739709
8.248000,1.4739709
8.250000,1.4739709
8.252000,1.4739709
8.254000,1.4739709
8.256000,1.4739709
8.258000,1.4739709
8.260000,1.4739709
8.262000,1.4739709
8.264000,1.4739709
8.266000,1.4739709
8.268000,1.4739709
8.270000,1.4739709
8.272000,1.4739709
8.274000,1.4739709
8.276000,1.4739709
8.278000,1.4739709
8.280000,1.4739709
8.282000,1.4739709
8.284000,1.4739709
8.286000,1.4739709
8.288000,1.4739709
8.290000,1.4739709
8.292000,1.4739709
8.294000,1.4739709
8.296000,1.4739709
8.298000,1.4739709
8.300000,1.4739709
8.302000,1.4739709
8.304000,1.4739709
8.306000,1.4739709
8.308000,1.4739709
8.310000,1.4739709
8.312000,1.4739709
8.314000,1.4739709
8.316000,1.4739709
8.318000,1.4739709
8.320000,1.4739709
8.322000,1.4739709
8.324000,1.4739709
8.326000,1.4739709
8.328000,1.4739709
8.330000,1.4739709
8.332000,1.4739709
8.334000,1.4739709
8.336000,1.4739709
8.338000,1.4739709
8.340000,1.4739709
8.342000,1.4739709
8.344000,1.4739709
8.346000,1.4739709
8.348000,1.4739709
8.350000,1.4739709
8.352000,1.4739709
8.354000,1.4739709
8.356000,1.4739709
8.358000,1.4739709
8.360000,1.4739709
8.362000,1.4739709
8.364000,1.4739709
8.366000,1.4739709
8.368000,1.4739709
8.370000,1.4739709
8.372000,1.4739709
8.374000,1.4739709
8.376000,1.4739709
8.378000,1.4739709
8.380000,1.4739709
8.382000,1.4739709
8.384000,1.4739709
8.386000,1.4739709
8.388000,1.4739709
8.390000,1.4739709
8.392000,1.4739709
8.394000,1.4739709
8.396000,1.4739709
8.398000,1.4739709
8.400000,1.4739709
8.402000,1.4739709
8.404000,1.4739709
8.406000,1.4739709
8.408000,1.4739709
8.410000,1.4739709
8.412000,1.4739709
8.414000,1.4739709
8.416000,1.4739709
8.418000,1.4739709
8.420000,1.4739709
8.422000,1.4739709
8.424000,1.4739709
8.426000,1.4739709
8.428000,1.4739709
8.430000,1.4739709
8.432000,1.4739709
8.434000,1.4739709
8.436000,1.4739709
8.438000,1.4739709
8.440000,1.4739709
8.442000,1.4739709
8.444000,1.4739709
8.446000,1.4739709
8.448000,1.4739709
8.450000,1.4739709
8.452000,1.4739709
8.454000,1.4739709
8.456000,1.4739709
8.458000,1.4739709
8.460000,1.4739709
8.462000,1.4739709
8.464000,1.4739709
8.466000,1.4739709
8.468000,1.4739709
8.470000,1.4739709
8.472000,1.4739709
8.474000,1.4739709
8.476000,1.4739709
8.478000,1.4739709
8.480000,1.4739709
8.482000,1.4739709
8.484000,1.4739709
8.486000,1.4739709
8.488000,1.4739709
8.490000,1.4739709
8.492000,1.4739709
8.494000,1.4739709
8.496000,1.4739709
8.498000,1.4739709
8.500000,1.4739709
8.502000,1.4739709
8.504000,1.4739709
8.506000,1.4739709
8.508000,1.4739709
8.510000,1.4739709
8.512000,1.4739709
8.514000,1.4739709
8.516000,1.4739709
8.518000,1.4739709
8.520000,1.4739709
8.522000,1.4739709
8.524000,1.4739709
8.526000,1.4739709
8.528000,1.4739709
8.530000,1.4739709
8.532000,1.4739709
8.534000,1.4739709
8.536000,1.4739709
8.538000,1.4739709
8.540000,1.4739709
8.542000,1.4739709
8.544000,1.4739709
8.546000,1.4739709
8.548000,1.4739709
8.550000,1.4739709
8.552000,1.4739709
8.554000,1.4739709
8.556000,1.4739709
8.558000,1.4739709
8.560000,1.4739709
8.562000,1.4739709
8.564000,1.4739709
8.566000,1.4739709
8.568000,1.4739709
8.570000,1.4739709
8.572000,1.4739709
8.574000,1.4739709
8.576000,1.4739709
8.578000,1.4739709
8.580000,1.4739709
8.582000,1.4739709
8.584000,1.4739709
8.586000,1.4739709
8.588000,1.4739709
8.590000,1.4739709
8.592000,1.4739709
8.594000,1.4739709
8.596000,1.4739709
8.598000,1.4739709
8.600000,1.4739709
8.602000,1.4739709
8.604000,1.4739709
8.606000,1.4739709
8.608000,1.4739709
8.610000,1.4739709
8.612000,1.4739709
8.614000,1.4739709
8.616000,1.4739709
8.618000,1.4739709
8.620000,1.4739709
8.622000,1.4739709
8.624000,1.4739709
8.626000,1.4739709
8.628000,1.4739709
8.630000,1.4739709
8.632000,1.4739709
8.634000,1.4739709
8.636000,1.4739709
8.638000,1.4739709
8.640000,1.4739709
8.642000,1.4739709
8.644000,1.4739709
8.646000,1.4739709
8.648000,1.4739709
8.650000,1.4739709
8.652000,1.4739709
8.654000,1.4739709
8.656000,1.4739709
8.658000,1.4739709
8.660000,1.4739709
8.662000,1.4739709
8.664000,1.4739709
8.666000,1.4739709
8.668000,1.4737042
8.670000,1.4717573
8.672000,1.4701037
8.674000,1.4679435
8.676000,1.4660766
8.678000,1.4641297
8.680000,1.4622361
8.682000,1.4603692
8.684000,1.4583156
8.686000,1.4566087
8.688000,1.4546085
8.690000,1.4526616
8.692000,1.4507413
8.694000,1.4489011
8.696000,1.4470075
8.698000,1.4450339
8.700000,1.4431937
8.702000,1.4412735
8.704000,1.4393266
8.706000,1.4373797
8.708000,1.4356194
8.710000,1.4336725
8.712000,1.4317256
8.714000,1.4298587
8.716000,1.4280185
8.718000,1.4261516
8.720000,1.4242047
8.722000,1.4224178
8.724000,1.4204975
8.726000,1.4185506
8.728000,1.4166037
8.730000,1.4148968
8.732000,1.4130033
8.734000,1.4110297
8.736000,1.4091361
8.738000,1.4072959
8.740000,1.4055357
8.742000,1.4035354
8.744000,1.4018285
8.746000,1.3999350
8.748000,1.3979881
8.750000,1.3962278
8.752000,1.3943876
8.754000,1.3926807
8.756000,1.3907338
8.758000,1.3888936
8.760000,1.3871334
8.762000,1.3852931
8.764000,1.3833729
8.766000,1.3815860
8.768000,1.3799058
8.770000,1.3780389
8.772000,1.3762520
8.774000,1.3743851
8.776000,1.3727049
8.778000,1.3707046
8.780000,1.3688377
8.782000,1.3670509
8.784000,1.3651840
8.786000,1.3632904
8.788000,1.3613968
8.790000,1.3597966
8.792000,1.3579031
8.794000,1.3560361
8.796000,1.3541959
8.798000,1.3524890
8.800000,1.3506488
8.802000,1.3488086
8.804000,1.3470484
8.806000,1.3452081
8.808000,1.3435013
8.810000,1.3415543
8.812000,1.3398741
8.814000,1.3380072
8.816000,1.3363270
8.818000,1.3344601
8.820000,1.3327266
8.822000,1.3310730
8.824000,1.3291261
8.826000,1.3274459
8.828000,1.3255257
8.830000,1.3239521
8.832000,1.3219786
8.834000,1.3202450
8.836000,1.3185115
8.838000,1.3167512
8.840000,1.3150177
8.842000,1.3132575
8.844000,1.3116306
8.846000,1.3098170
8.848000,1.3080835
8.850000,1.3063499
8.852000,1.3047497
8.854000,1.3028562
8.856000,1.3010426
8.858000,1.2993624
8.860000,1.2976555
8.862000,1.2959753
8.864000,1.2940817
8.866000,1.2924815
8.868000,1.2906947
8.870000,1.2890945
8.872000,1.2872009
8.874000,1.2854940
8.876000,1.2838138
8.878000,1.2820269
8.880000,1.2803200
8.882000,1.2785331
8.884000,1.2768796
8.886000,1.2751460
8.888000,1.2733325
8.890000,1.2716523
8.892000,1.2699987
8.894000,1.2682118
8.896000,1.2664783
8.898000,1.2647181
8.900000,1.2631445
8.902000,1.2613310
8.904000,1.2595974
8.906000,1.2578905
8.908000,1.2562637
8.910000,1.2545568
8.912000,1.2527699
8.914000,1.2511964
8.916000,1.2495428
8.918000,1.2478626
8.920000,1.2461558
8.922000,1.2445822
8.924000,1.2429287
8.926000,1.2413551
8.928000,1.2395949
8.930000,1.2379147
8.932000,1.2363145
8.934000,1.2345810
8.936000,1.2328474
8.938000,1.2311405
8.940000,1.2295670
8.942000,1.2279668
8.944000,1.2262333
8.946000,1.2244730
8.948000,1.2228995
8.950000,1.2212993
8.952000,1.2195658
8.954000,1.2178055
8.956000,1.2161787
8.958000,1.2145518
8.960000,1.2128449
8.962000,1.2111647
8.964000,1.2095112
8.966000,1.2079376
8.968000,1.2062841
8.970000,1.2045505
8.972000,1.2028437
8.974000,1.2012701
8.976000,1.1995633
8.978000,1.1978830
8.980000,1.1961495
8.982000,1.1946560
8.984000,1.1929758
8.986000,1.1914289
8.988000,1.1897487
8.990000,1.1882018
8.992000,1.1866816
8.994000,1.1850814
8.996000,1.1834012
8.998000,1.1818544
9.000000,1.1802808
9.002000,1.1787340
9.004000,1.1771071
9.006000,1.1755069
9.008000,1.1738800
9.010000,1.1723865
9.012000,1.1706530
9.014000,1.1689461
9.016000,1.1674259
9.018000,1.1657724
9.020000,1.1642522
9.022000,1.1625720
9.024000,1.1610784
9.026000,1.1596383
9.028000,1.1580114
9.030000,1.1564379
9.032000,1.1547843
9.034000,1.1533175
9.036000,1.1517706
9.038000,1.1500904
9.040000,1.1485436
9.042000,1.1470234
9.044000,1.1454765
9.046000,1.1438496
9.048000,1.1421961
9.050000,1.1406226
9.052000,1.1391824
9.054000,1.1375022
9.056000,1.1359020
9.058000,1.1343284
9.060000,1.1328349
9.062000,1.1312614
9.064000,1.1297145
9.066000,1.1281410
9.068000,1.1265408
9.070000,1.1251273
9.072000,1.1235804
9.074000,1.1219536
9.076000,1.1205134
9.078000,1.1189399
9.080000,1.1174997
9.082000,1.1158728
9.084000,1.1144326
9.086000,1.1129658
9.088000,1.1115789
9.090000,1.1100587
9.092000,1.1086719
9.094000,1.1071517
9.096000,1.1056048
9.098000,1.1041380
9.100000,1.1025911
9.102000,1.1009109
9.104000,1.0993107
9.106000,1.0978439
9.108000,1.0962970
9.110000,1.0946702
9.112000,1.0932300
9.114000,1.0917098
9.116000,1.0903229
9.118000,1.0887494
9.120000,1.0872025
9.122000,1.0857357
9.124000,1.0842422
9.126000,1.0828287
9.128000,1.0812285
9.130000,1.0797083
9.132000,1.0783214
9.134000,1.0766946
9.136000,1.0753077
9.138000,1.0735208
9.140000,1.0722407
9.142000,1.0707738
9.144000,1.0692803
9.146000,1.0678935
9.148000,1.0662666
9.150000,1.0649864
9.152000,1.0634129
9.154000,1.0620261
9.156000,1.0603992
9.158000,1.0589590
9.160000,1.0575455
9.162000,1.0561587
9.164000,1.0546385
9.166000,1.0531450
9.168000,1.0516781
9.170000,1.0503446
9.172000,1.0488778
9.174000,1.0473842
9.176000,1.0459174
9.178000,1.0444772
9.180000,1.0431170
9.182000,1.0417302
9.184000,1.0403434
9.186000,1.0388232
9.188000,1.0374363
9.190000,1.0361295
9.192000,1.0346893
9.194000,1.0331691
9.196000,1.0316756
9.198000,1.0303154
9.200000,1.0289286
9.202000,1.0275151
9.204000,1.0261816
9.206000,1.0246081
9.208000,1.0233279
9.210000,1.0219411
9.212000,1.0205275
9.214000,1.0190340
9.216000,1.0175138
9.218000,1.0161803
9.220000,1.0147135
9.222000,1.0133800
9.224000,1.0118598
9.226000,1.0105796
9.228000,1.0091128
9.230000,1.0078326
9.232000,1.0063124
9.234000,1.0048723
9.236000,1.0034054
9.238000,1.0019652
9.240000,1.0007384
9.242000,0.9991115
9.244000,0.9978314
9.246000,0.9963645
9.248000,0.9950844
9.250000,0.9937242
9.252000,0.9922840
9.254000,0.9909239
9.256000,0.9894303
9.258000,0.9882568
9.260000,0.9868433
9.262000,0.9855098
9.264000,0.9840430
9.266000,0.9827628
9.268000,0.9814560
9.270000,0.9801225
9.272000,0.9787090
9.274000,0.9773222
9.276000,0.9759887
9.278000,0.9745751
9.280000,0.9734017
9.282000,0.9719882
9.284000,0.9706547
9.286000,0.9692411
9.288000,0.9679610
9.290000,0.9666008
9.292000,0.9652140
9.294000,0.9638271
9.296000,0.9623603
9.298000,0.9611335
9.300000,0.9598266
9.302000,0.9585465
9.304000,0.9571863
9.306000,0.9557995
9.308000,0.9546260
9.310000,0.9532658
9.312000,0.9519857
9.314000,0.9505188
9.316000,0.9491320
9.318000,0.9477718
9.320000,0.9464916
9.322000,0.9452381
9.324000,0.9439580
9.326000,0.9426245
9.328000,0.9412110
9.330000,0.9400375
9.332000,0.9387307
9.334000,0.9373972
9.336000,0.9358770
9.338000,0.9345968
9.340000,0.9332100
9.342000,0.9319565
9.344000,0.9308363
9.346000,0.9293695
9.348000,0.9281427
9.350000,0.9268358
9.352000,0.9256624
9.354000,0.9243289
9.356000,0.9229687
9.358000,0.9216352
9.360000,0.9202750
9.362000,0.9191015
9.364000,0.9178214
9.366000,0.9165679
9.368000,0.9152877
9.370000,0.9139809
9.372000,0.9128608
9.374000,0.9116073
9.376000,0.9103805
9.378000,0.9089936
9.380000,0.9076868
9.382000,0.9064066
9.384000,0.9051531
9.386000,0.9038730
9.388000,0.9025928
9.390000,0.9011793
9.392000,0.8999525
9.394000,0.8987523
9.396000,0.8974722
9.398000,0.8961653
9.400000,0.8949385
9.402000,0.8937117
9.404000,0.8924049
9.406000,0.8913381
9.408000,0.8900846
9.410000,0.8889111
9.412000,0.8876309
9.414000,0.8864308
9.416000,0.8852573
9.418000,0.8840572
9.420000,0.8828303
9.422000,0.8814968
9.424000,0.8801367
9.426000,0.8789098
9.428000,0.8776564
9.430000,0.8765362
9.432000,0.8753094
9.434000,0.8739492
9.436000,0.8726691
9.438000,0.8715223
9.440000,0.8703488
9.442000,0.8691220
9.444000,0.8677618
9.446000,0.8665350
9.448000,0.8652815
9.450000,0.8641080
9.452000,0.8629879
9.454000,0.8617344
9.456000,0.8605076
9.458000,0.8593607
9.460000,0.8581339
9.462000,0.8570671
9.464000,0.8557603
9.466000,0.8545335
9.468000,0.8532800
9.470000,0.8520532
9.472000,0.8508797
9.474000,0.8497862
9.476000,0.8486661
9.478000,0.8474926
9.480000,0.8463458
9.482000,0.8452790
9.484000,0.8441322
9.486000,0.8430654
9.488000,0.8419452
9.490000,0.8406917
9.492000,0.8394116
9.494000,0.8381581
9.496000,0.8369846
9.498000,0.8358111
9.500000,0.8346110
9.502000,0.8333308
9.504000,0.8322107
9.506000,0.8310639
9.508000,0.8299437
9.510000,0.8287969
9.512000,0.8275701
9.514000,0.8263966
9.516000,0.8250898
9.518000,0.8239696
9.520000,0.8227695
9.522000,0.8216494
9.524000,0.8205292
9.526000,0.8192757
9.528000,0.8182089
9.530000,0.8170354
9.532000,0.8159420
9.534000,0.8147685
9.536000,0.8135684
9.538000,0.8123415
9.540000,0.8111147
9.542000,0.8099679
9.544000,0.8087944
9.546000,0.8077810
9.548000,0.8065808
9.550000,0.8054073
9.552000,0.8042605
9.554000,0.8031404
9.556000,0.8020202
9.558000,0.8008201
9.560000,0.7996466
9.562000,0.7984731
9.564000,0.7972730
9.566000,0.7961528
9.568000,0.7950060
9.570000,0.7939926
9.572000,0.7928724
9.574000,0.7916723
9.576000,0.7906055
9.578000,0.7894853
9.580000,0.7884452
9.582000,0.7873784
9.584000,0.7862049
9.586000,0.7850581
9.588000,0.7839380
9.590000,0.7827378
9.592000,0.7816710
9.594000,0.7806576
9.596000,0.7796174
9.598000,0.7784973
9.600000,0.7773772
9.602000,0.7763370
9.604000,0.7752702
9.606000,0.7742034
9.608000,0.7731100
9.610000,0.7719365
9.612000,0.7707897
9.614000,0.7696162
9.616000,0.7685494
9.618000,0.7674026
9.620000,0.7663891
9.622000,0.7652690
9.624000,0.7641755
9.626000,0.7631087
9.628000,0.7620419
9.630000,0.7610018
9.632000,0.7599883
9.634000,0.7588682
9.636000,0.7577747
9.638000,0.7566012
9.640000,0.7554544
9.642000,0.7544410
9.644000,0.7534275
9.646000,0.7523874
9.648000,0.7513206
9.650000,0.7503071
9.652000,0.7491603
9.654000,0.7482002
9.656000,0.7471334
9.658000,0.7460933
9.660000,0.7450265
9.662000,0.7439596
9.664000,0.7427595
9.666000,0.7417460
9.668000,0.7405726
9.670000,0.7395858
9.672000,0.7385723
9.674000,0.7375055
9.676000,0.7363587
9.678000,0.7353452
9.680000,0.7343851
9.682000,0.7332916
9.684000,0.7322782
9.686000,0.7312114
9.688000,0.7301179
9.690000,0.7289444
9.692000,0.7279577
9.694000,0.7268375
9.696000,0.7259307
9.698000,0.7248373
9.700000,0.7238238
9.702000,0.7227570
9.704000,0.7217702
9.706000,0.7207034
9.708000,0.7197966
9.710000,0.7187032
9.712000,0.7177964
9.714000,0.7166762
9.716000,0.7155828
9.718000,0.7145693
9.720000,0.7135025
9.722000,0.7125691
9.724000,0.7115023
9.726000,0.7105955
9.728000,0.7095020
9.730000,0.7085419
9.732000,0.7074751
9.734000,0.7065416
9.736000,0.7054748
9.738000,0.7045147
9.740000,0.7034212
9.742000,0.7023544
9.744000,0.7013410
9.746000,0.7001942
9.748000,0.6993407
9.750000,0.6982739
9.752000,0.6974205
9.754000,0.6963804
9.756000,0.6954202
9.758000,0.6944601
9.760000,0.6934200
9.762000,0.6925132
9.764000,0.6915531
9.766000,0.6905663
9.768000,0.6894462
9.770000,0.6884860
9.772000,0.6873926
9.774000,0.6863791
9.776000,0.6853657
9.778000,0.6844322
9.780000,0.6835254
9.782000,0.6825653
9.784000,0.6815785
9.786000,0.6806184
9.788000,0.6797116
9.790000,0.6787248
9.792000,0.6777647
9.794000,0.6768046
9.796000,0.6757645
9.798000,0.6748043
9.800000,0.6736842
9.802000,0.6726974
9.804000,0.6716840
9.806000,0.6706705
9.808000,0.6697370
9.810000,0.6687236
9.812000,0.6678168
9.814000,0.6668033
9.816000,0.6659232
9.818000,0.6649631
9.820000,0.6641630
9.822000,0.6630695
9.824000,0.6621628
9.826000,0.6611493
9.828000,0.6600558
9.830000,0.6592557
9.832000,0.6580822
9.834000,0.6573622
9.836000,0.6562954
9.838000,0.6555486
9.840000,0.6544551
9.842000,0.6536550
9.844000,0.6526949
9.846000,0.6517348
9.848000,0.6509080
9.850000,0.6498946
9.852000,0.6490411
9.854000,0.6479476
9.856000,0.6470942
9.858000,0.6460807
9.860000,0.6450940
9.862000,0.6441338
9.864000,0.6432804
9.866000,0.6423736
9.868000,0.6414935
9.870000,0.6405334
9.872000,0.6396266
9.874000,0.6386932
9.876000,0.6378397
9.878000,0.6369863
9.880000,0.6361062
9.882000,0.6351461
9.884000,0.6341859
9.886000,0.6331725
9.888000,0.6321857
9.890000,0.6313322
9.892000,0.6303188
9.894000,0.6294920
9.896000,0.6285319
9.898000,0.6277851
9.900000,0.6267983
9.902000,0.6259449
9.904000,0.6250915
9.906000,0.6241847
9.908000,0.6233579
9.910000,0.6223978
9.912000,0.6214910
9.914000,0.6204509
9.916000,0.6195441
9.918000,0.6185306
9.920000,0.6176505
9.922000,0.6167971
9.924000,0.6158903
9.926000,0.6151435
9.928000,0.6142634
9.930000,0.6134633
9.932000,0.6125566
9.934000,0.6117565
9.936000,0.6108763
9.938000,0.6100229
9.940000,0.6092228
9.942000,0.6082360
9.944000,0.6074359
9.946000,0.6064758
9.948000,0.6055690
9.950000,0.6045289
9.952000,0.6036221
9.954000,0.6027687
9.956000,0.6017819
9.958000,0.6009284
9.960000,0.6000750
9.962000,0.5991949
9.964000,0.5983415
9.966000,0.5974880
9.968000,0.5966879
9.970000,0.5959145
9.972000,0.5950610
9.974000,0.5942076
9.976000,0.5933542
9.978000,0.5924207
9.980000,0.5915139
9.982000,0.5906071
9.984000,0.5896737
9.986000,0.5888736
9.988000,0.5880202
9.990000,0.5872201
9.992000,0.5863400
9.994000,0.5855398
9.996000,0.5846864
9.998000,0.5838596
10.000000,0.5830595
10.002000,0.5823128
10.004000,0.5814593
10.006000,0.5807393
10.008000,0.5798325
10.010000,0.5791390
10.012000,0.5782323
10.014000,0.5775655
10.016000,0.5767121
10.018000,0.5760720
10.020000,0.5751652
10.022000,0.5743918
10.024000,0.5736450
10.026000,0.5727383
10.028000,0.5718848
10.030000,0.5708447
10.032000,0.5700979
10.034000,0.5691911
10.036000,0.5683644
10.038000,0.5675109
10.040000,0.5667108
10.042000,0.5658041
10.044000,0.5649239
10.046000,0.5640705
10.048000,0.5632171
10.050000,0.5623903
10.052000,0.5615368
10.054000,0.5608434
10.056000,0.5600433
10.058000,0.5592699
10.060000,0.5585231
10.062000,0.5576164
10.064000,0.5568696
10.066000,0.5559361
10.068000,0.5552961
10.070000,0.5543893
10.072000,0.5536959
10.074000,0.5527624
10.076000,0.5520157
10.078000,0.5511622
10.080000,0.5502288
10.082000,0.5493753
10.084000,0.5485752
10.086000,0.5478285
10.088000,0.5470017
10.090000,0.5463083
10.092000,0.5455082
10.094000,0.5448681
10.096000,0.5440413
10.098000,0.5433479
10.100000,0.5425478
10.102000,0.5417477
10.104000,0.5409743
10.106000,0.5401742
10.108000,0.5393741
10.110000,0.5385206
10.112000,0.5376939
10.114000,0.5368404
10.116000,0.5359337
10.118000,0.5351869
10.120000,0.5343068
10.122000,0.5335067
10.124000,0.5327599
10.126000,0.5319331
10.128000,0.5311864
10.130000,0.5304396
10.132000,0.5296395
10.134000,0.5288661
10.136000,0.5280660
10.138000,0.5273726
10.140000,0.5266792
10.142000,0.5259057
10.144000,0.5251056
10.146000,0.5243589
10.148000,0.5236121
10.150000,0.5227853
10.152000,0.5219852
10.154000,0.5212385
10.156000,0.5204384
10.158000,0.5197183
10.160000,0.5189182
10.162000,0.5181714
10.164000,0.5174780
10.166000,0.5166512
10.168000,0.5159045
10.170000,0.5152111
10.172000,0.5144643
10.174000,0.5137709
10.176000,0.5129974
10.178000,0.5123040
10.180000,0.5115573
10.182000,0.5108105
10.184000,0.5099837
10.186000,0.5092903
10.188000,0.5084902
10.190000,0.5077435
10.192000,0.5069700
10.194000,0.5061699
10.196000,0.5054765
10.198000,0.5047297
10.200000,0.5040097
10.202000,0.5032629
10.204000,0.5025695
10.206000,0.5017694
10.208000,0.5010493
10.210000,0.5004092
10.212000,0.4997158
10.214000,0.4989690
10.216000,0.4982489
10.218000,0.4975022
10.220000,0.4967554
10.222000,0.4960087
10.224000,0.4952886
10.226000,0.4944885
10.228000,0.4937951
10.230000,0.4931016
10.232000,0.4923549
10.234000,0.4916881
10.236000,0.4909414
10.238000,0.4902479
10.240000,0.4895545
10.242000,0.4888878
10.244000,0.4881410
10.246000,0.4875009
10.248000,0.4868075
10.250000,0.4861408
10.252000,0.4853940
10.254000,0.4847539
10.256000,0.4840072
10.258000,0.4833137
10.260000,0.4824870
10.262000,0.4817402
10.264000,0.4810468
10.266000,0.4803000
10.268000,0.4795799
10.270000,0.4788865
10.272000,0.4782464
10.274000,0.4775530
10.276000,0.4769396
10.278000,0.4761929
10.280000,0.4755528
10.282000,0.4748594
10.284000,0.4741659
10.286000,0.4734458
10.288000,0.4728058
10.290000,0.4720590
10.292000,0.4714723
10.294000,0.4707522
10.296000,0.4700588
10.298000,0.4693653
10.300000,0.4686186
10.302000,0.4679252
10.304000,0.4672051
10.306000,0.4664583
10.308000,0.4657649
10.310000,0.4650715
10.312000,0.4643514
10.314000,0.4636579
10.316000,0.4630179
10.318000,0.4623778
10.320000,0.4616044
10.322000,0.4609643
10.324000,0.4602709
10.326000,0.4596841
10.328000,0.4590440
10.330000,0.4584306
10.332000,0.4577372
10.334000,0.4570971
10.336000,0.4564571
10.338000,0.4558170
10.340000,0.4550969
10.342000,0.4543501
10.344000,0.4537100
10.346000,0.4529633
10.348000,0.4522965
10.350000,0.4516031
10.352000,0.4509630
10.354000,0.4502696
10.356000,0.4496829
10.358000,0.4489628
10.360000,0.4483227
10.362000,0.4476826
10.364000,0.4470425
10.366000,0.4464558
10.368000,0.4457891
10.370000,0.4452023
10.372000,0.4446156
10.374000,0.4440288
10.376000,0.4433887
10.378000,0.4427753
10.380000,0.4421353
10.382000,0.4414952
10.384000,0.4408551
10.386000,0.4401350
10.388000,0.4394416
10.390000,0.4388015
10.392000,0.4380547
10.394000,0.4374680
10.396000,0.4367479
10.398000,0.4361612
10.400000,0.4355211
10.402000,0.4348810
10.404000,0.4342409
10.406000,0.4335742
10.408000,0.4329874
10.410000,0.4323474
10.412000,0.4318140
10.414000,0.4311205
10.416000,0.4306138
10.418000,0.4299204
10.420000,0.4293337
10.422000,0.4286936
10.424000,0.4281068
10.426000,0.4273867
10.428000,0.4266933
10.430000,0.4260532
10.432000,0.4254132
10.434000,0.4247998
10.436000,0.4241063
10.438000,0.4235196
10.440000,0.4228795
10.442000,0.4223995
10.444000,0.4217327
10.446000,0.4210926
10.448000,0.4206126
10.450000,0.4199725
10.452000,0.4193858
10.454000,0.4187190
10.456000,0.4181856
10.458000,0.4175989
10.460000,0.4170121
10.462000,0.4163720
10.464000,0.4157853
10.466000,0.4150652
10.468000,0.4144785
10.470000,0.4137850
10.472000,0.4131450
10.474000,0.4124782
10.476000,0.4118381
10.478000,0.4113047
10.480000,0.4106113
10.482000,0.4101846
10.484000,0.4094645
10.486000,0.4089844
10.488000,0.4083977
10.490000,0.4078110
10.492000,0.4072776
10.494000,0.4066375
10.496000,0.4060241
10.498000,0.4054373
10.500000,0.4049039
10.502000,0.4043172
10.504000,0.4037838
10.506000,0.4031704
10.508000,0.4026370
10.510000,0.4020502
10.512000,0.4014635
10.514000,0.4009301
10.516000,0.4002100
10.518000,0.3996766
10.520000,0.3989832
10.522000,0.3983965
10.524000,0.3977564
10.526000,0.3970896
10.528000,0.3965029
10.530000,0.3958628
10.532000,0.3953294
10.534000,0.3946893
10.536000,0.3941293
10.538000,0.3935959
10.540000,0.3930091
10.542000,0.3924757
10.544000,0.3918890
10.546000,0.3914089
10.548000,0.3907955
10.550000,0.3902621
10.552000,0.3896754
10.554000,0.3891420
10.556000,0.3885552
10.558000,0.3879418
10.560000,0.3873551
10.562000,0.3867683
10.564000,0.3861816
10.566000,0.3856482
10.568000,0.3849815
10.570000,0.3844480
10.572000,0.3838080
10.574000,0.3833279
10.576000,0.3827412
10.578000,0.3822611
10.580000,0.3817010
10.582000,0.3811143
10.584000,0.3806876
10.586000,0.3800475
10.588000,0.3796208
10.590000,0.3790340
10.592000,0.3785273
10.594000,0.3779406
10.596000,0.3774605
10.598000,0.3769805
10.600000,0.3764471
10.602000,0.3759403
10.604000,0.3753536
10.606000,0.3748735
10.608000,0.3742868
10.610000,0.3737000
10.612000,0.3731666
10.614000,0.3725532
10.616000,0.3720198
10.618000,0.3713798
10.620000,0.3707397
10.622000,0.3702596
10.624000,0.3696995
10.626000,0.3691661
10.628000,0.3686327
10.630000,0.3681527
10.632000,0.3676193
10.634000,0.3671392
10.636000,0.3665258
10.638000,0.3660991
10.640000,0.3655123
10.642000,0.3650323
10.644000,0.3644989
10.646000,0.3639655
10.648000,0.3634588
10.650000,0.3629254
10.652000,0.3624986
10.654000,0.3619119
10.656000,0.3614852
10.658000,0.3609518
10.660000,0.3604450
10.662000,0.3599117
10.664000,0.3593783
10.666000,0.3588982
10.668000,0.3582581
10.670000,0.3578314
10.672000,0.3571646
10.674000,0.3566846
10.676000,0.3560445
10.678000,0.3555111
10.680000,0.3549777
10.682000,0.3544176
10.684000,0.3539376
10.686000,0.3534042
10.688000,0.3529241
10.690000,0.3524974
10.692000,0.3520173
10.694000,0.3515373
10.696000,0.3510305
10.698000,0.3505505
10.700000,0.3500171
10.702000,0.3495370
10.704000,0.3490036
10.706000,0.3484702
10.708000,0.3479635
10.710000,0.3474301
10.712000,0.3469500
10.714000,0.3464166
10.716000,0.3459366
10.718000,0.3454032
10.720000,0.3448964
10.722000,0.3443630
10.724000,0.3438830
10.726000,0.3433496
10.728000,0.3428695
10.730000,0.3423361
10.732000,0.3418294
10.734000,0.3413493
10.736000,0.3408693
10.738000,0.3403892
10.740000,0.3398558
10.742000,0.3394291
10.744000,0.3389224
10.746000,0.3383890
10.748000,0.3379622
10.750000,0.3375355
10.752000,0.3370021
10.754000,0.3366287
10.756000,0.3362020
10.758000,0.3356953
10.760000,0.3352152
10.762000,0.3347352
10.764000,0.3342551
10.766000,0.3337751
10.768000,0.3332950
10.770000,0.3327883
10.772000,0.3323082
10.774000,0.3317748
10.776000,0.3312947
10.778000,0.3307613
10.780000,0.3302279
10.782000,0.3296679
10.784000,0.3291878
10.786000,0.3286544
10.788000,0.3281744
10.790000,0.3276409
10.792000,0.3271609
10.794000,0.3266542
10.796000,0.3261741
10.798000,0.3257474
10.800000,0.3252673
10.802000,0.3248406
10.804000,0.3244139
10.806000,0.3239338
10.808000,0.3235338
10.810000,0.3230537
10.812000,0.3225736
10.814000,0.3221469
10.816000,0.3216135
10.818000,0.3212402
10.820000,0.3206801
10.822000,0.3203067
10.824000,0.3198266
10.826000,0.3193999
10.828000,0.3189199
10.830000,0.3184931
10.832000,0.3179597
10.834000,0.3175063
10.836000,0.3169730
10.838000,0.3164929
10.840000,0.3159595
10.842000,0.3154794
10.844000,0.3150527
10.846000,0.3144926
10.848000,0.3141193
10.850000,0.3136392
10.852000,0.3132125
10.854000,0.3128391
10.856000,0.3124124
10.858000,0.3119857
10.860000,0.3115856
10.862000,0.3111589
10.864000,0.3107322
10.866000,0.3103588
10.868000,0.3099854
10.870000,0.3095054
10.872000,0.3090786
10.874000,0.3085719
10.876000,0.3081452
10.878000,0.3077185
10.880000,0.3072384
10.882000,0.3068650
10.884000,0.3063316
10.886000,0.3059049
10.888000,0.3054515
10.890000,0.3049715
10.892000,0.3045981
10.894000,0.3040113
10.896000,0.3036379
10.898000,0.3031046
10.900000,0.3026778
10.902000,0.3022244
10.904000,0.3016910
10.906000,0.3013177
10.908000,0.3008376
10.910000,0.3004642
10.912000,0.2999842
10.914000,0.2996108
10.916000,0.2991041
10.918000,0.2987307
10.920000,0.2983039
10.922000,0.2979306
10.924000,0.2975572
10.926000,0.2971838
10.928000,0.2968104
10.930000,0.2963837
10.932000,0.2959837
10.934000,0.2955569
10.936000,0.2951836
10.938000,0.2947568
10.940000,0.2943301
10.942000,0.2940101
10.944000,0.2935834
10.946000,0.2931833
10.948000,0.2928099
10.950000,0.2923299
10.952000,0.2920098
10.954000,0.2914764
10.956000,0.2911564
10.958000,0.2906763
10.960000,0.2903030
10.962000,0.2897962
10.964000,0.2893695
10.966000,0.2888894
10.968000,0.2884627
10.970000,0.2879827
10.972000,0.2875559
10.974000,0.2871026
10.976000,0.2866225
10.978000,0.2863024
10.980000,0.2858224
10.982000,0.2855024
10.984000,0.2850223
10.986000,0.2847022
10.988000,0.2843289
10.990000,0.2838755
10.992000,0.2835021
10.994000,0.2831287
10.996000,0.2827553
10.998000,0.2823286
11.000000,0.2820086
11.002000,0.2816352
11.004000,0.2812085
11.006000,0.2808084
11.008000,0.2804351
11.010000,0.2800083
11.012000,0.2796883
11.014000,0.2792616
11.016000,0.2788882
11.018000,0.2785148
11.020000,0.2781414
11.022000,0.2776880
11.024000,0.2772613
11.026000,0.2768879
11.028000,0.2764079
11.030000,0.2760878
11.032000,0.2756078
11.034000,0.2752344
11.036000,0.2747277
11.038000,0.2743543
11.040000,0.2739276
11.042000,0.2735009
11.044000,0.2731275
11.046000,0.2727007
11.048000,0.2723274
11.050000,0.2719540
11.052000,0.2714473
11.054000,0.2711806
11.056000,0.2707005
11.058000,0.2703805
11.060000,0.2700071
11.062000,0.2696870
11.064000,0.2692603
11.066000,0.2689403
11.068000,0.2685936
11.070000,0.2682202
11.072000,0.2678468
11.074000,0.2674734
11.076000,0.2672067
11.078000,0.2667800
11.080000,0.2665133
11.082000,0.2660866
11.084000,0.2657399
11.086000,0.2653132
11.088000,0.2649398
11.090000,0.2645131
11.092000,0.2641397
11.094000,0.2637130
11.096000,0.2633396
11.098000,0.2629129
11.100000,0.2624595
11.102000,0.2621394
11.104000,0.2616594
11.106000,0.2613927
11.108000,0.2609126
11.110000,0.2605926
11.112000,0.2601659
11.114000,0.2597925
11.116000,0.2593391
11.118000,0.2589124
11.120000,0.2585390
11.122000,0.2581123
11.124000,0.2577922
11.126000,0.2574722
11.128000,0.2570988
11.130000,0.2567788
11.132000,0.2563787
11.134000,0.2561120
11.136000,0.2557386
11.138000,0.2554719
11.140000,0.2550985
11.142000,0.2547785
11.144000,0.2544051
11.146000,0.2540318
11.148000,0.2537650
11.150000,0.2533117
11.152000,0.2529383
11.154000,0.2526182
11.156000,0.2522982
11.158000,0.2519248
11.160000,0.2516048
11.162000,0.2512314
11.164000,0.2509647
11.166000,0.2505380
11.168000,0.2502446
11.170000,0.2498179
11.172000,0.2494978
11.174000,0.2491245
11.176000,0.2487511
11.178000,0.2484311
11.180000,0.2480577
11.182000,0.2476843
11.184000,0.2472842
11.186000,0.2470175
11.188000,0.2466442
11.190000,0.2462708
11.192000,0.2459507
11.194000,0.2456307
11.196000,0.2453107
11.198000,0.2449373
11.200000,0.2446706
11.202000,0.2442172
11.204000,0.2438972
11.206000,0.2435238
11.208000,0.2432037
11.210000,0.2428837
11.212000,0.2425103
11.214000,0.2422436
11.216000,0.2418702
11.218000,0.2416035
11.220000,0.2411501
11.222000,0.2409368
11.224000,0.2405101
11.226000,0.2402434
11.228000,0.2399233
11.230000,0.2396033
11.232000,0.2393366
11.234000,0.2389632
11.236000,0.2386965
11.238000,0.2383231
11.240000,0.2379764
11.242000,0.2376564
11.244000,0.2373363
11.246000,0.2370163
11.248000,0.2366429
11.250000,0.2363229
11.252000,0.2360028
11.254000,0.2356828
11.256000,0.2354161
11.258000,0.2350160
11.260000,0.2346960
11.262000,0.2343760
11.264000,0.2340559
11.266000,0.2336292
11.268000,0.2333625
11.270000,0.2329891
11.272000,0.2326691
11.274000,0.2323490
11.276000,0.2319490
11.278000,0.2317356
11.280000,0.2313622
11.282000,0.2310422
11.284000,0.2307222
11.286000,0.2304021
11.288000,0.2300821
11.290000,0.2297620
11.292000,0.2294954
11.294000,0.2291220
11.296000,0.2288286
11.298000,0.2284552
11.300000,0.2282419
11.302000,0.2279218
11.304000,0.2276018
11.306000,0.2272817
11.308000,0.2269617
11.310000,0.2267483
11.312000,0.2263750
11.314000,0.2260549
11.316000,0.2257082
11.318000,0.2255482
11.320000,0.2251748
11.322000,0.2249615
11.324000,0.2246414
11.326000,0.2243747
11.328000,0.2240547
11.330000,0.2237880
11.332000,0.2234146
11.334000,0.2230946
11.336000,0.2227478
11.338000,0.2224278
11.340000,0.2221611
11.342000,0.2217344
11.344000,0.2214677
11.346000,0.2211476
11.348000,0.2208809
11.350000,0.2205076
11.352000,0.2202942
11.354000,0.2199742
11.356000,0.2196808
11.358000,0.2193074
11.360000,0.2190407
11.362000,0.2187207
11.364000,0.2184006
11.366000,0.2181339
11.368000,0.2178139
11.370000,0.2175472
11.372000,0.2172272
11.374000,0.2169604
11.376000,0.2166137
11.378000,0.2163470
11.380000,0.2160270
11.382000,0.2157603
11.384000,0.2154936
11.386000,0.2151736
11.388000,0.2149602
11.390000,0.2145868
11.392000,0.2143735
11.394000,0.2140534
11.396000,0.2138401
11.398000,0.2134933
11.400000,0.2132800
11.402000,0.2130133
11.404000,0.2126933
11.406000,0.2124265
11.408000,0.2121599
11.410000,0.2118398
11.412000,0.2115198
11.414000,0.2111997
11.416000,0.2109330
11.418000,0.2106397
11.420000,0.2103196
11.422000,0.2099996
11.424000,0.2096795
11.426000,0.2094662
11.428000,0.2091461
11.430000,0.2089328
11.432000,0.2086127
11.434000,0.2083460
11.436000,0.2081327
11.438000,0.2078126
11.440000,0.2075193
11.442000,0.2071992
11.444000,0.2069859
11.446000,0.2066658
11.448000,0.2063991
11.450000,0.2060791
11.452000,0.2057590
11.454000,0.2055457
11.456000,0.2051723
11.458000,0.2049056
11.460000,0.2046389
11.462000,0.2043989
11.464000,0.2041322
11.466000,0.2038655
11.468000,0.2035988
11.470000,0.2032787
11.472000,0.2030654
11.474000,0.2027987
11.476000,0.2025320
11.478000,0.2022119
11.480000,0.2019452
11.482000,0.2016785
11.484000,0.2014385
11.486000,0.2011185
11.488000,0.2008518
11.490000,0.2006384
11.492000,0.2004250
11.494000,0.2001050
11.496000,0.1999450
11.498000,0.1996249
11.500000,0.1994116
11.502000,0.1991449
11.504000,0.1989315
11.506000,0.1986648
11.508000,0.1983715
11.510000,0.1981048
11.512000,0.1978914
11.514000,0.1976247
11.516000,0.1973580
11.518000,0.1971446
11.520000,0.1968779
11.522000,0.1966646
11.524000,0.1963979
11.526000,0.1961312
11.528000,0.1958111
11.530000,0.1955978
11.532000,0.1952511
11.534000,0.1950377
11.536000,0.1947710
11.538000,0.1945043
11.540000,0.1942376
11.542000,0.1939709
11.544000,0.1937576
11.546000,0.1934375
11.548000,0.1931708
11.550000,0.1928508
11.552000,0.1925841
11.554000,0.1923174
11.556000,0.1920240
11.558000,0.1917573
11.560000,0.1914906
11.562000,0.1912239
11.564000,0.1909572
11.566000,0.1907438
11.568000,0.1904771
11.570000,0.1902638
11.572000,0.1899971
11.574000,0.1897837
11.576000,0.1895704
11.578000,0.1893037
11.580000,0.1891170
11.582000,0.1887969
11.584000,0.1885836
11.586000,0.1883169
11.588000,0.1881035
11.590000,0.1878368
11.592000,0.1876234
11.594000,0.1874101
11.596000,0.1871434
11.598000,0.1868767
11.600000,0.1866633
11.602000,0.1864500
11.604000,0.1862366
11.606000,0.1858899
11.608000,0.1857832
11.610000,0.1855165
11.612000,0.1852498
11.614000,0.1850365
11.616000,0.1847698
11.618000,0.1845564
11.620000,0.1841830
11.622000,0.1840230
11.624000,0.1837030
11.626000,0.1835429
11.628000,0.1832229
11.630000,0.1829829
11.632000,0.1827695
11.634000,0.1825028
11.636000,0.1823428
11.638000,0.1820761
11.640000,0.1819694
11.642000,0.1816494
11.644000,0.1814893
11.646000,0.1812760
11.648000,0.1810093
11.650000,0.1807959
11.652000,0.1805292
11.654000,0.1802625
11.656000,0.1800225
11.658000,0.1797558
11.660000,0.1795424
11.662000,0.1792757
11.664000,0.1790624
11.666000,0.1787957
11.668000,0.1785823
11.670000,0.1783690
11.672000,0.1782089
11.674000,0.1779422
11.676000,0.1777289
11.678000,0.1775155
11.680000,0.1771955
11.682000,0.1770355
11.684000,0.1767421
11.686000,0.1765287
11.688000,0.1762620
11.690000,0.1761020
11.692000,0.1757820
11.694000,0.1756219
11.696000,0.1753019
11.698000,0.1751419
11.700000,0.1748752
11.702000,0.1746618
11.704000,0.1744485
11.706000,0.1741818
11.708000,0.1740218
11.710000,0.1737817
11.712000,0.1735684
11.714000,0.1733550
11.716000,0.1731950
11.718000,0.1729816
11.720000,0.1727683
11.722000,0.1725549
11.724000,0.1723415
11.726000,0.1721815
11.728000,0.1719148
11.730000,0.1717548
11.732000,0.1714881
11.734000,0.1713814
11.736000,0.1711147
11.738000,0.1709547
11.740000,0.1706613
11.742000,0.1705013
11.744000,0.1703413
11.746000,0.1700746
11.748000,0.1698612
11.750000,0.1697012
11.752000,0.1694878
11.754000,0.1692745
11.756000,0.1690078
11.758000,0.1688478
11.760000,0.1685811
11.762000,0.1684211
11.764000,0.1682077
11.766000,0.1679943
11.768000,0.1677010
11.770000,0.1674876
11.772000,0.1673276
11.774000,0.1670609
11.776000,0.1668475
11.778000,0.1666342
11.780000,0.1664741
11.782000,0.1662074
11.784000,0.1661008
11.786000,0.1657807
11.788000,0.1656740
11.790000,0.1654073
11.792000,0.1652473
11.794000,0.1650340
11.796000,0.1648206
11.798000,0.1646339
11.800000,0.1643139
11.802000,0.1642072
11.804000,0.1639938
11.806000,0.1637271
11.808000,0.1635671
11.810000,0.1633004
11.812000,0.1631404
11.814000,0.1628737
11.816000,0.1627137
11.818000,0.1625003
11.820000,0.1622870
11.822000,0.1620736
11.824000,0.1618602
11.826000,0.1617002
11.828000,0.1614602
11.830000,0.1613002
11.832000,0.1611401
11.834000,0.1609268
11.836000,0.1608201
11.838000,0.1606067
11.840000,0.1604467
11.842000,0.1601800
11.844000,0.1600200
11.846000,0.1598066
11.848000,0.1596466
11.850000,0.1594333
11.852000,0.1592199
11.854000,0.1591132
11.856000,0.1588465
11.858000,0.1587932
11.860000,0.1584998
11.862000,0.1583931
11.864000,0.1581264
11.866000,0.1580198
11.868000,0.1577531
11.870000,0.1575930
11.872000,0.1573797
11.874000,0.1571130
11.876000,0.1570596
11.878000,0.1567929
11.880000,0.1566862
11.882000,0.1564729
11.884000,0.1563662
11.886000,0.1562062
11.888000,0.1559928
11.890000,0.1558328
11.892000,0.1555394
11.894000,0.1554328
11.896000,0.1552194
11.898000,0.1550060
11.900000,0.1548460
11.902000,0.1546327
11.904000,0.1545260
11.906000,0.1543126
11.908000,0.1541526
11.910000,0.1539392
11.912000,0.1537792
11.914000,0.1535659
11.916000,0.1533525
11.918000,0.1531925
11.920000,0.1529791
11.922000,0.1528191
11.924000,0.1526057
11.926000,0.1523657
11.928000,0.1522057
11.930000,0.1520457
11.932000,0.1518857
11.934000,0.1516723
11.936000,0.1514589
11.938000,0.1512989
11.940000,0.1511389
11.942000,0.1508722
11.944000,0.1507122
11.946000,0.1504988
11.948000,0.1503388
11.950000,0.1501254
11.952000,0.1500188
11.954000,0.1498054
11.956000,0.1496454
11.958000,0.1494053
11.960000,0.1491920
11.962000,0.1490320
11.964000,0.1488719
11.966000,0.1487119
11.968000,0.1484986
11.970000,0.1483919
11.972000,0.1481785
11.974000,0.1480718
11.976000,0.1478585
11.978000,0.1477518
11.980000,0.1475384
11.982000,0.1473784
11.984000,0.1472184
11.986000,0.1470584
11.988000,0.1469517
11.990000,0.1467383
11.992000,0.1466850
11.994000,0.1464183
11.996000,0.1462849
11.998000,0.1460716
12.000000,0.1458582
12.002000,0.1456982
12.004000,0.1455915
12.006000,0.1453782
12.008000,0.1452181
12.010000,0.1450581
12.012000,0.1448448
12.014000,0.1447381
12.016000,0.1444714
12.018000,0.1444714
12.020000,0.1441514
12.022000,0.1440980
12.024000,0.1439380
12.026000,0.1438313
12.028000,0.1436713
12.030000,0.1435113
12.032000,0.1433513
12.034000,0.1431112
12.036000,0.1430045
12.038000,0.1428445
12.040000,0.1426845
12.042000,0.1425245
12.044000,0.1423111
12.046000,0.1422044
12.048000,0.1420444
12.050000,0.1418844
12.052000,0.1417244
12.054000,0.1415644
12.056000,0.1414043
12.058000,0.1411910
12.060000,0.1410843
12.062000,0.1409243
12.064000,0.1408176
12.066000,0.1406042
12.068000,0.1404442
12.070000,0.1402842
12.072000,0.1401508
12.074000,0.1399908
12.076000,0.1397775
12.078000,0.1396708
12.080000,0.1395641
12.082000,0.1394041
12.084000,0.1392974
12.086000,0.1390841
12.088000,0.1389774
12.090000,0.1388174
12.092000,0.1386573
12.094000,0.1385506
12.096000,0.1383373
12.098000,0.1382306
12.100000,0.1380173
12.102000,0.1378572
12.104000,0.1376439
12.106000,0.1374838
12.108000,0.1373238
12.110000,0.1371371
12.112000,0.1369771
12.114000,0.1368171
12.116000,0.1366571
12.118000,0.1365504
12.120000,0.1363370
12.122000,0.1362304
12.124000,0.1359637
12.126000,0.1359103
12.128000,0.1356970
12.130000,0.1354836
12.132000,0.1353769
12.134000,0.1351636
12.136000,0.1350035
12.138000,0.1347902
12.140000,0.1347368
12.142000,0.1345768
12.144000,0.1344701
12.146000,0.1343101
12.148000,0.1341501
12.150000,0.1340701
12.152000,0.1339101
12.154000,0.1338034
12.156000,0.1336434
12.158000,0.1335367
12.160000,0.1333233
12.162000,0.1331633
12.164000,0.1330566
12.166000,0.1328966
12.168000,0.1327899
12.170000,0.1325766
12.172000,0.1325232
12.174000,0.1324165
12.176000,0.1322565
12.178000,0.1320965
12.180000,0.1320432
12.182000,0.1318832
12.184000,0.1317231
12.186000,0.1316164
12.188000,0.1314031
12.190000,0.1313498
12.192000,0.1310831
12.194000,0.1310030
12.196000,0.1308964
12.198000,0.1307363
12.200000,0.1305763
12.202000,0.1304696
12.204000,0.1303630
12.206000,0.1301496
12.208000,0.1300963
12.210000,0.1299362
12.212000,0.1298829
12.214000,0.1297229
12.216000,0.1296162
12.218000,0.1295095
12.220000,0.1293495
12.222000,0.1292428
12.224000,0.1291361
12.226000,0.1289761
12.228000,0.1288161
12.230000,0.1286027
12.232000,0.1284961
12.234000,0.1283360
12.236000,0.1282294
12.238000,0.1279893
12.240000,0.1278827
12.242000,0.1277226
12.244000,0.1276160
12.246000,0.1275093
12.248000,0.1273492
12.250000,0.1272426
12.252000,0.1271892
12.254000,0.1270292
12.256000,0.1269225
12.258000,0.1267625
12.260000,0.1266558
12.262000,0.1264958
12.264000,0.1263358
12.266000,0.1261758
12.268000,0.1259624
12.270000,0.1258557
12.272000,0.1257491
12.274000,0.1255890
12.276000,0.1254823
12.278000,0.1254290
12.280000,0.1252690
12.282000,0.1252157
12.284000,0.1250556
12.286000,0.1249223
12.288000,0.1247623
12.290000,0.1245489
12.292000,0.1244956
12.294000,0.1242822
12.296000,0.1241755
12.298000,0.1240155
12.300000,0.1238555
12.302000,0.1237488
12.304000,0.1235888
12.306000,0.1234821
12.308000,0.1233221
12.310000,0.1231621
12.312000,0.1230554
12.314000,0.1228954
12.316000,0.1227353
12.318000,0.1226820
12.320000,0.1225220
12.322000,0.1224153
12.324000,0.1223086
12.326000,0.1222553
12.328000,0.1220953
12.330000,0.1219886
12.332000,0.1218552
12.334000,0.1217485
12.336000,0.1215885
12.338000,0.1215352
12.340000,0.1213752
12.342000,0.1212685
12.344000,0.1211085
12.346000,0.1210018
12.348000,0.1208951
12.350000,0.1207884
12.352000,0.1206284
12.354000,0.1205217
12.356000,0.1203617
12.358000,0.1202017
12.360000,0.1200950
12.362000,0.1199883
12.364000,0.1199350
12.366000,0.1197216
12.368000,0.1196149
12.370000,0.1195616
12.372000,0.1193483
12.374000,0.1193483
12.376000,0.1191882
12.378000,0.1191349
12.380000,0.1189749
12.382000,0.1189215
12.384000,0.1187882
12.386000,0.1186282
12.388000,0.1185748
12.390000,0.1184148
12.392000,0.1184148
12.394000,0.1182548
12.396000,0.1181481
12.398000,0.1180948
12.400000,0.1179347
12.402000,0.1178281
12.404000,0.1177214
12.406000,0.1176147
12.408000,0.1175080
12.410000,0.1174013
12.412000,0.1173480
12.414000,0.1171880
12.416000,0.1170813
12.418000,0.1169746
12.420000,0.1169213
12.422000,0.1167613
12.424000,0.1166546
12.426000,0.1164946
12.428000,0.1164412
12.430000,0.1163879
12.432000,0.1162279
12.434000,0.1161212
12.436000,0.1160145
12.438000,0.1160145
12.440000,0.1158545
12.442000,0.1157211
12.444000,0.1156678
12.446000,0.1155078
12.448000,0.1155078
12.450000,0.1152944
12.452000,0.1152411
12.454000,0.1150811
12.456000,0.1150811
12.458000,0.1149744
12.460000,0.1148677
12.462000,0.1148143
12.464000,0.1146543
12.466000,0.1146543
12.468000,0.1144943
12.470000,0.1144943
12.472000,0.1142810
12.474000,0.1142276
12.476000,0.1140676
12.478000,0.1139609
12.480000,0.1139076
12.482000,0.1137476
12.484000,0.1136409
12.486000,0.1135342
12.488000,0.1134275
12.490000,0.1133208
12.492000,0.1133208
12.494000,0.1131608
12.496000,0.1131608
12.498000,0.1129475
12.500000,0.1128941
12.502000,0.1127874
12.504000,0.1126541
12.506000,0.1125474
12.508000,0.1124407
12.510000,0.1123874
12.512000,0.1122807
12.514000,0.1121740
12.516000,0.1120673
12.518000,0.1119607
12.520000,0.1119073
12.522000,0.1117473
12.524000,0.1116940
12.526000,0.1115339
12.528000,0.1114806
12.530000,0.1113206
12.532000,0.1112672
12.534000,0.1112139
12.536000,0.1110539
12.538000,0.1110005
12.540000,0.1107872
12.542000,0.1107872
12.544000,0.1106272
12.546000,0.1105738
12.548000,0.1104138
12.550000,0.1103071
12.552000,0.1102538
12.554000,0.1101471
12.556000,0.1100404
12.558000,0.1099337
12.560000,0.1098271
12.562000,0.1097204
12.564000,0.1095870
12.566000,0.1095337
12.568000,0.1094270
12.570000,0.1093203
12.572000,0.1092670
12.574000,0.1091070
12.576000,0.1090536
12.578000,0.1088936
12.580000,0.1088403
12.582000,0.1087336
12.584000,0.1086269
12.586000,0.1085202
12.588000,0.1084669
12.590000,0.1084135
12.592000,0.1083069
12.594000,0.1082535
12.596000,0.1082002
12.598000,0.1081469
12.600000,0.1080402
12.602000,0.1079868
12.604000,0.1079335
12.606000,0.1078268
12.608000,0.1078268
12.610000,0.1077201
12.612000,0.1076668
12.614000,0.1075068
12.616000,0.1075068
12.618000,0.1072934
12.620000,0.1072934
12.622000,0.1071334
12.624000,0.1070267
12.626000,0.1069734
12.628000,0.1068134
12.630000,0.1068134
12.632000,0.1066533
12.634000,0.1065200
12.636000,0.1064133
12.638000,0.1063600
12.640000,0.1063066
12.642000,0.1061999
12.644000,0.1061999
12.646000,0.1060399
12.648000,0.1060399
12.650000,0.1059332
12.652000,0.1058266
12.654000,0.1057732
12.656000,0.1056665
12.658000,0.1056665
12.660000,0.1055065
12.662000,0.1054532
12.664000,0.1052932
12.666000,0.1053465
12.668000,0.1051865
12.670000,0.1051865
12.672000,0.1050265
12.674000,0.1050265
12.676000,0.1048664
12.678000,0.1048131
12.680000,0.1047598
12.682000,0.1046531
12.684000,0.1045997
12.686000,0.1044931
12.688000,0.1044397
12.690000,0.1043330
12.692000,0.1043330
12.694000,0.1041730
12.696000,0.1041730
12.698000,0.1040130
12.700000,0.1040130
12.702000,0.1038530
12.704000,0.1037996
12.706000,0.1037463
12.708000,0.1036930
12.710000,0.1036396
12.712000,0.1035863
12.714000,0.1034529
12.716000,0.1033996
12.718000,0.1033463
12.720000,0.1032396
12.722000,0.1031862
12.724000,0.1030796
12.726000,0.1030262
12.728000,0.1029729
12.730000,0.1028662
12.732000,0.1028128
12.734000,0.1027595
12.736000,0.1026528
12.738000,0.1026528
12.740000,0.1025462
12.742000,0.1024928
12.744000,0.1023861
12.746000,0.1023861
12.748000,0.1022261
12.750000,0.1022261
12.752000,0.1021194
12.754000,0.1021194
12.756000,0.1020127
12.758000,0.1020127
12.760000,0.1019594
12.762000,0.1019594
12.764000,0.1019061
12.766000,0.1017994
12.768000,0.1018527
12.770000,0.1016394
12.772000,0.1016927
12.774000,0.1014793
12.776000,0.1014793
12.778000,0.1013193
12.780000,0.1012660
12.782000,0.1012127
12.784000,0.1010526
12.786000,0.1010526
12.788000,0.1009460
12.790000,0.1009460
12.792000,0.1008393
12.794000,0.1007859
12.796000,0.1007859
12.798000,0.1006792
12.800000,0.1006259
12.802000,0.1004392
12.804000,0.1005192
12.806000,0.1003325
12.808000,0.1003325
12.810000,0.1002259
12.812000,0.1001725
12.814000,0.1001192
12.816000,0.1000125
12.818000,0.1000125
12.820000,0.0998525
12.822000,0.0999058
12.824000,0.0997458
12.826000,0.0997458
12.828000,0.0996391
12.830000,0.0995858
12.832000,0.0995324
12.834000,0.0994258
12.836000,0.0993724
12.838000,0.0992657
12.840000,0.0992657
12.842000,0.0991591
12.844000,0.0991591
12.846000,0.0991591
12.848000,0.0990524
12.850000,0.0989990
12.852000,0.0989457
12.854000,0.0988924
12.856000,0.0988390
12.858000,0.0987857
12.860000,0.0986790
12.862000,0.0986257
12.864000,0.0986257
12.866000,0.0985723
12.868000,0.0985723
12.870000,0.0984656
12.872000,0.0984123
12.874000,0.0983590
12.876000,0.0983056
12.878000,0.0981989
12.880000,0.0981456
12.882000,0.0980923
12.884000,0.0980389
12.886000,0.0978789
12.888000,0.0978789
12.890000,0.0977189
12.892000,0.0977189
12.894000,0.0976655
12.896000,0.0976122
12.898000,0.0975055
12.900000,0.0974522
12.902000,0.0973722
12.904000,0.0973722
12.906000,0.0973188
12.908000,0.0971588
12.910000,0.0972121
12.912000,0.0970521
12.914000,0.0971055
12.916000,0.0969988
12.918000,0.0969455
12.920000,0.0968388
12.922000,0.0967854
12.924000,0.0967854
12.926000,0.0966254
12.928000,0.0966788
12.930000,0.0965187
12.932000,0.0965187
12.934000,0.0964120
12.936000,0.0963587
12.938000,0.0963054
12.940000,0.0962520
12.942000,0.0961987
12.944000,0.0961454
12.946000,0.0961454
12.948000,0.0960920
12.950000,0.0960387
12.952000,0.0959853
12.954000,0.0959853
12.956000,0.0958786
12.958000,0.0958786
12.960000,0.0957720
12.962000,0.0957186
12.964000,0.0956120
12.966000,0.0956120
12.968000,0.0955053
12.970000,0.0953986
12.972000,0.0953986
12.974000,0.0952919
12.976000,0.0952919
12.978000,0.0952386
12.980000,0.0951852
12.982000,0.0951852
12.984000,0.0951319
12.986000,0.0951319
12.988000,0.0950252
12.990000,0.0949719
12.992000,0.0949185
12.994000,0.0948652
12.996000,0.0947585
12.998000,0.0947052
13.000000,0.0945985
13.002000,0.0945985
13.004000,0.0945452
13.006000,0.0944918
13.008000,0.0944918
13.010000,0.0944385
13.012000,0.0943851
13.014000,0.0943051
13.016000,0.0942518
13.018000,0.0941984
13.020000,0.0941984
13.022000,0.0940918
13.024000,0.0940384
13.026000,0.0939851
13.028000,0.0939317
13.030000,0.0938784
13.032000,0.0938784
13.034000,0.0937717
13.036000,0.0937184
13.038000,0.0936650
13.040000,0.0936650
13.042000,0.0936117
13.044000,0.0935050
13.046000,0.0935050
13.048000,0.0933983
13.050000,0.0933983
13.052000,0.0933450
13.054000,0.0933450
13.056000,0.0932917
13.058000,0.0932383
13.060000,0.0932383
13.062000,0.0931316
13.064000,0.0931316
13.066000,0.0930783
13.068000,0.0930783
13.070000,0.0929716
13.072000,0.0929716
13.074000,0.0929183
13.076000,0.0928649
13.078000,0.0928116
13.080000,0.0928116
13.082000,0.0927583
13.084000,0.0926516
13.086000,0.0925982
13.088000,0.0925982
13.090000,0.0924916
13.092000,0.0924916
13.094000,0.0924382
13.096000,0.0924382
13.098000,0.0923849
13.100000,0.0923315
13.102000,0.0923315
13.104000,0.0922249
13.106000,0.0922249
13.108000,0.0921715
13.110000,0.0921182
13.112000,0.0921182
13.114000,0.0920115
13.116000,0.0920115
13.118000,0.0919582
13.120000,0.0919048
13.122000,0.0919048
13.124000,0.0917981
13.126000,0.0918515
13.128000,0.0917448
13.130000,0.0917981
13.132000,0.0917448
13.134000,0.0917448
13.136000,0.0916381
13.138000,0.0916915
13.140000,0.0915314
13.142000,0.0915314
13.144000,0.0914248
13.146000,0.0914248
13.148000,0.0913714
13.150000,0.0912381
13.152000,0.0912381
13.154000,0.0911314
13.156000,0.0911847
13.158000,0.0911314
13.160000,0.0911847
13.162000,0.0910781
13.164000,0.0911314
13.166000,0.0910781
13.168000,0.0910247
13.170000,0.0909714
13.172000,0.0909180
13.174000,0.0909180
13.176000,0.0908647
13.178000,0.0908113
13.180000,0.0907580
13.182000,0.0907580
13.184000,0.0907580
13.186000,0.0907047
13.188000,0.0907580
13.190000,0.0905980
13.192000,0.0906513
13.194000,0.0905447
13.196000,0.0905447
13.198000,0.0905447
13.200000,0.0904913
13.202000,0.0904380
13.204000,0.0903846
13.206000,0.0904380
13.208000,0.0903313
13.210000,0.0903846
13.212000,0.0902779
13.214000,0.0902779
13.216000,0.0902246
13.218000,0.0901713
13.220000,0.0901179
13.222000,0.0901179
13.224000,0.0901179
13.226000,0.0900113
13.228000,0.0900113
13.230000,0.0899579
13.232000,0.0899579
13.234000,0.0899579
13.236000,0.0898512
13.238000,0.0899046
13.240000,0.0897979
13.242000,0.0898512
13.244000,0.0896912
13.246000,0.0897979
13.248000,0.0897446
13.250000,0.0896912
13.252000,0.0896379
13.254000,0.0895845
13.256000,0.0895845
13.258000,0.0894778
13.260000,0.0894778
13.262000,0.0895312
13.264000,0.0894245
13.266000,0.0894778
13.268000,0.0893712
13.270000,0.0894245
13.272000,0.0893712
13.274000,0.0893712
13.276000,0.0893178
13.278000,0.0892645
13.280000,0.0893178
13.282000,0.0891045
13.284000,0.0891578
13.286000,0.0891045
13.288000,0.0890511
13.290000,0.0889978
13.292000,0.0889978
13.294000,0.0889978
13.296000,0.0889445
13.298000,0.0889445
13.300000,0.0889445
13.302000,0.0888911
13.304000,0.0888378
13.306000,0.0888378
13.308000,0.0887844
13.310000,0.0887844
13.312000,0.0887311
13.314000,0.0887311
13.316000,0.0887844
13.318000,0.0886777
13.320000,0.0886777
13.322000,0.0886244
13.324000,0.0886777
13.326000,0.0886244
13.328000,0.0885711
13.330000,0.0885711
13.332000,0.0885177
13.334000,0.0885177
13.336000,0.0884644
13.338000,0.0884644
13.340000,0.0884644
13.342000,0.0884644
13.344000,0.0884111
13.346000,0.0883577
13.348000,0.0883577
13.350000,0.0883044
13.352000,0.0883044
13.354000,0.0881710
13.356000,0.0881710
13.358000,0.0881710
13.360000,0.0880643
13.362000,0.0880643
13.364000,0.0880110
13.366000,0.0880110
13.368000,0.0880110
13.370000,0.0880110
13.372000,0.0879577
13.374000,0.0879043
13.376000,0.0879043
13.378000,0.0877976
13.380000,0.0877976
13.382000,0.0877443
13.384000,0.0877443
13.386000,0.0876910
13.388000,0.0876910
13.390000,0.0876376
13.392000,0.0876910
13.394000,0.0875843
13.396000,0.0876376
13.398000,0.0876376
13.400000,0.0875843
13.402000,0.0875843
13.404000,0.0875309
13.406000,0.0875309
13.408000,0.0874776
13.410000,0.0875309
13.412000,0.0874776
13.414000,0.0874776
13.416000,0.0874243
13.418000,0.0874776
13.420000,0.0874243
13.422000,0.0874243
13.424000,0.0873709
13.426000,0.0874243
13.428000,0.0873709
13.430000,0.0873709
13.432000,0.0873176
13.434000,0.0873176
13.436000,0.0873176
13.438000,0.0872642
13.440000,0.0872642
13.442000,0.0872642
13.444000,0.0872642
13.446000,0.0872109
13.448000,0.0872109
13.450000,0.0872109
13.452000,0.0871576
13.454000,0.0871576
13.456000,0.0871042
13.458000,0.0870509
13.460000,0.0871042
13.462000,0.0870509
13.464000,0.0870509
13.466000,0.0869975
13.468000,0.0869975
13.470000,0.0868909
13.472000,0.0868909
13.474000,0.0868909
13.476000,0.0868375
13.478000,0.0868375
13.480000,0.0867842
13.482000,0.0868375
13.484000,0.0867842
13.486000,0.0868909
13.488000,0.0867842
13.490000,0.0868375
13.492000,0.0867308
13.494000,0.0867308
13.496000,0.0866775
13.498000,0.0866242
13.500000,0.0866242
13.502000,0.0865708
13.504000,0.0865708
13.506000,0.0866242
13.508000,0.0865708
13.510000,0.0865175
13.512000,0.0865175
13.514000,0.0865175
13.516000,0.0864641
13.518000,0.0864108
13.520000,0.0863575
13.522000,0.0863041
13.524000,0.0863575
13.526000,0.0863041
13.528000,0.0863575
13.530000,0.0863041
13.532000,0.0863575
13.534000,0.0863041
13.536000,0.0863575
13.538000,0.0863575
13.540000,0.0863041
13.542000,0.0863041
13.544000,0.0863041
13.546000,0.0863041
13.548000,0.0862508
13.550000,0.0863041
13.552000,0.0861974
13.554000,0.0862508
13.556000,0.0861974
13.558000,0.0861441
13.560000,0.0861441
13.562000,0.0860908
13.564000,0.0860908
13.566000,0.0860374
13.568000,0.0860908
13.570000,0.0860908
13.572000,0.0860374
13.574000,0.0860908
13.576000,0.0860374
13.578000,0.0860374
13.580000,0.0859841
13.582000,0.0860374
13.584000,0.0860374
13.586000,0.0859841
13.588000,0.0859841
13.590000,0.0859307
13.592000,0.0859307
13.594000,0.0858774
13.596000,0.0858774
13.598000,0.0858241
13.600000,0.0858774
13.602000,0.0858241
13.604000,0.0858774
13.606000,0.0858241
13.608000,0.0857707
13.610000,0.0857707
13.612000,0.0857707
13.614000,0.0857174
13.616000,0.0857174
13.618000,0.0856640
13.620000,0.0856640
13.622000,0.0856107
13.624000,0.0856640
13.626000,0.0856107
13.628000,0.0856107
13.630000,0.0855574
13.632000,0.0855574
13.634000,0.0855574
13.636000,0.0855574
13.638000,0.0856107
13.640000,0.0855574
13.642000,0.0856107
13.644000,0.0855574
13.646000,0.0855574
13.648000,0.0855040
13.650000,0.0854507
13.652000,0.0853973
13.654000,0.0854507
13.656000,0.0853973
13.658000,0.0854507
13.660000,0.0854507
13.662000,0.0854507
13.664000,0.0854507
13.666000,0.0854507
13.668000,0.0854507
13.670000,0.0854507
13.672000,0.0854507
13.674000,0.0854507
13.676000,0.0853973
13.678000,0.0853440
13.680000,0.0853440
13.682000,0.0852907
13.684000,0.0852907
13.686000,0.0852907
13.688000,0.0852907
13.690000,0.0852373
13.692000,0.0852373
13.694000,0.0852373
13.696000,0.0851840
13.698000,0.0852373
13.700000,0.0851840
13.702000,0.0852373
13.704000,0.0851840
13.706000,0.0852373
13.708000,0.0852373
13.710000,0.0852373
13.712000,0.0852373
13.714000,0.0852373
13.716000,0.0851840
13.718000,0.0851040
13.720000,0.0851840
13.722000,0.0850506
13.724000,0.0851040
13.726000,0.0850506
13.728000,0.0851040
13.730000,0.0849973
13.732000,0.0850506
13.734000,0.0849973
13.736000,0.0849973
13.738000,0.0849973
13.740000,0.0849440
13.742000,0.0849440
13.744000,0.0848906
13.746000,0.0849440
13.748000,0.0848906
13.750000,0.0849440
13.752000,0.0849440
13.754000,0.0849973
13.756000,0.0849973
13.758000,0.0849973
13.760000,0.0850506
13.762000,0.0849973
13.764000,0.0849973
13.766000,0.0849973
13.768000,0.0849440
13.770000,0.0849973
13.772000,0.0849440
13.774000,0.0849440
13.776000,0.0849440
13.778000,0.0848906
13.780000,0.0849440
13.782000,0.0848906
13.784000,0.0848906
13.786000,0.0848373
13.788000,0.0848373
13.790000,0.0848373
13.792000,0.0848373
13.794000,0.0847839
13.796000,0.0847839
13.798000,0.0847839
13.800000,0.0847306
13.802000,0.0847839
13.804000,0.0847839
13.806000,0.0847839
13.808000,0.0847839
13.810000,0.0847839
13.812000,0.0847839
13.814000,0.0847839
13.816000,0.0847839
13.818000,0.0847839
13.820000,0.0847839
13.822000,0.0847839
13.824000,0.0847839
13.826000,0.0847839
13.828000,0.0847839
13.830000,0.0847839
13.832000,0.0847306
13.834000,0.0847306
13.836000,0.0847306
13.838000,0.0847306
13.840000,0.0846772
13.842000,0.0846772
13.844000,0.0846239
13.846000,0.0846772
13.848000,0.0846239
13.850000,0.0846772
13.852000,0.0846239
13.854000,0.0846772
13.856000,0.0846239
13.858000,0.0846772
13.860000,0.0846772
13.862000,0.0846772
13.864000,0.0846772
13.866000,0.0846772
13.868000,0.0846772
13.870000,0.0846772
13.872000,0.0846772
13.874000,0.0846772
13.876000,0.0846772
13.878000,0.0846239
13.880000,0.0846239
13.882000,0.0846239
13.884000,0.0846239
13.886000,0.0846772
13.888000,0.0846239
13.890000,0.0846239
13.892000,0.0846239
13.894000,0.0845706
13.896000,0.0846239
13.898000,0.0845706
13.900000,0.0845706
13.902000,0.0846239
13.904000,0.0846239
13.906000,0.0845172
13.908000,0.0846239
13.910000,0.0845706
13.912000,0.0845706
13.914000,0.0846239
13.916000,0.0845706
13.918000,0.0846772
13.920000,0.0845706
13.922000,0.0846772
13.924000,0.0845706
13.926000,0.0846239
13.928000,0.0845172
13.930000,0.0845706
13.932000,0.0845706
13.934000,0.0845172
13.936000,0.0846239
13.938000,0.0845706
13.940000,0.0846239
13.942000,0.0845172
13.944000,0.0845706
13.946000,0.0845706
13.948000,0.0846239
13.950000,0.0845172
13.952000,0.0845706
13.954000,0.0845172
13.956000,0.0846239
13.958000,0.0845172
13.960000,0.0846239
13.962000,0.0845172
13.964000,0.0845706
13.966000,0.0845706
13.968000,0.0845172
13.970000,0.0845172
13.972000,0.0845172
13.974000,0.0845706
13.976000,0.0845172
13.978000,0.0846239
13.980000,0.0845172
13.982000,0.0845706
13.984000,0.0845172
13.986000,0.0846239
13.988000,0.0845172
13.990000,0.0846239
13.992000,0.0844639
13.994000,0.0845706
13.996000,0.0845172
13.998000,0.0845172
14.000000,0.0845706
14.002000,0.0845172
14.004000,0.0845706
14.006000,0.0844639
14.008000,0.0845706
14.010000,0.0845172
14.012000,0.0845706
14.014000,0.0845706
14.016000,0.0845706
14.018000,0.0845706
14.020000,0.0845706
14.022000,0.0845706
14.024000,0.0846239
14.026000,0.0845706
14.028000,0.0845706
14.030000,0.0845706
14.032000,0.0845706
14.034000,0.0845706
14.036000,0.0845706
14.038000,0.0845706
14.040000,0.0845172
14.042000,0.0845706
14.044000,0.0845172
14.046000,0.0845706
14.048000,0.0845706
14.050000,0.0846239
14.052000,0.0845706
14.054000,0.0845706
14.056000,0.0845706
14.058000,0.0845706
14.060000,0.0846239
14.062000,0.0845706
14.064000,0.0845706
14.066000,0.0846239
14.068000,0.0845706
14.070000,0.0846239
14.072000,0.0846239
14.074000,0.0846239
14.076000,0.0846772
14.078000,0.0846239
14.080000,0.0846772
14.082000,0.0846239
14.084000,0.0846239
14.086000,0.0845706
14.088000,0.0846772
14.090000,0.0845706
14.092000,0.0846239
14.094000,0.0846239
14.096000,0.0846239
14.098000,0.0846772
14.100000,0.0846239
14.102000,0.0847306
14.104000,0.0846239
14.106000,0.0846772
14.108000,0.0846772
14.110000,0.0846772
14.112000,0.0846772
14.114000,0.0846772
14.116000,0.0847306
14.118000,0.0846772
14.120000,0.0847306
14.122000,0.0846239
14.124000,0.0846772
14.126000,0.0846239
14.128000,0.0846772
14.130000,0.0846772
14.132000,0.0846772
14.134000,0.0846772
14.136000,0.0846772
14.138000,0.0847306
14.140000,0.0846772
14.142000,0.0847306
14.144000,0.0846772
14.146000,0.0846772
14.148000,0.0847306
14.150000,0.0847306
14.152000,0.0846772
14.154000,0.0847306
14.156000,0.0847306
14.158000,0.0847839
14.160000,0.0846772
14.162000,0.0847839
14.164000,0.0846772
14.166000,0.0847839
14.168000,0.0847306
14.170000,0.0847839
14.172000,0.0847839
14.174000,0.0848373
14.176000,0.0847839
14.178000,0.0848373
14.180000,0.0848373
14.182000,0.0848373
14.184000,0.0848373
14.186000,0.0847839
14.188000,0.0847839
14.190000,0.0847306
14.192000,0.0847839
14.194000,0.0847306
14.196000,0.0847839
14.198000,0.0847839
14.200000,0.0848373
14.202000,0.0848373
14.204000,0.0848373
14.206000,0.0848906
14.208000,0.0848373
14.210000,0.0848906
14.212000,0.0848373
14.214000,0.0848906
14.216000,0.0848906
14.218000,0.0848906
14.220000,0.0848906
14.222000,0.0848906
14.224000,0.0848906
14.226000,0.0848373
14.228000,0.0848906
14.230000,0.0848906
14.232000,0.0848906
14.234000,0.0848906
14.236000,0.0848906
14.238000,0.0849440
14.240000,0.0848906
14.242000,0.0849440
14.244000,0.0849440
14.246000,0.0849973
14.248000,0.0849973
14.250000,0.0849973
14.252000,0.0850506
14.254000,0.0849973
14.256000,0.0850506
14.258000,0.0850506
14.260000,0.0850506
14.262000,0.0851040
14.264000,0.0850506
14.266000,0.0850506
14.268000,0.0850506
14.270000,0.0849973
14.272000,0.0850506
14.274000,0.0849973
14.276000,0.0850506
14.278000,0.0851040
14.280000,0.0850506
14.282000,0.0851840
14.284000,0.0850506
14.286000,0.0851840
14.288000,0.0851840
14.290000,0.0851840
14.292000,0.0851840
14.294000,0.0851840
14.296000,0.0851840
14.298000,0.0850506
14.300000,0.0852373
14.302000,0.0851040
14.304000,0.0852373
14.306000,0.0851840
14.308000,0.0852907
14.310000,0.0852373
14.312000,0.0852373
14.314000,0.0852907
14.316000,0.0852373
14.318000,0.0852907
14.320000,0.0851840
14.322000,0.0852907
14.324000,0.0852373
14.326000,0.0853440
14.328000,0.0853440
14.330000,0.0852907
14.332000,0.0853440
14.334000,0.0853440
14.336000,0.0853440
14.338000,0.0852907
14.340000,0.0853440
14.342000,0.0853440
14.344000,0.0853440
14.346000,0.0853440
14.348000,0.0853440
14.350000,0.0853973
14.352000,0.0853973
14.354000,0.0853973
14.356000,0.0854507
14.358000,0.0854507
14.360000,0.0855040
14.362000,0.0854507
14.364000,0.0855040
14.366000,0.0854507
14.368000,0.0855040
14.370000,0.0855040
14.372000,0.0855040
14.374000,0.0855574
14.376000,0.0855040
14.378000,0.0855574
14.380000,0.0855574
14.382000,0.0855574
14.384000,0.0855040
14.386000,0.0855040
14.388000,0.0855574
14.390000,0.0855040
14.392000,0.0855574
14.394000,0.0856107
14.396000,0.0856107
14.398000,0.0855574
14.400000,0.0856107
14.402000,0.0856640
14.404000,0.0856640
14.406000,0.0856640
14.408000,0.0857174
14.410000,0.0856107
14.412000,0.0856640
14.414000,0.0856640
14.416000,0.0856640
14.418000,0.0857174
14.420000,0.0857174
14.422000,0.0857174
14.424000,0.0856640
14.426000,0.0857707
14.428000,0.0857174
14.430000,0.0857707
14.432000,0.0857174
14.434000,0.0857707
14.436000,0.0857174
14.438000,0.0858241
14.440000,0.0857707
14.442000,0.0858241
14.444000,0.0858774
14.446000,0.0858241
14.448000,0.0858774
14.450000,0.0858774
14.452000,0.0859307
14.454000,0.0859307
14.456000,0.0859841
14.458000,0.0859307
14.460000,0.0859307
14.462000,0.0859307
14.464000,0.0859307
14.466000,0.0859841
14.468000,0.0859307
14.470000,0.0859841
14.472000,0.0859841
14.474000,0.0860374
14.476000,0.0859841
14.478000,0.0860908
14.480000,0.0860374
14.482000,0.0860908
14.484000,0.0861441
14.486000,0.0860908
14.488000,0.0861441
14.490000,0.0860908
14.492000,0.0861441
14.494000,0.0861441
14.496000,0.0861974
14.498000,0.0861441
14.500000,0.0861441
14.502000,0.0861974
14.504000,0.0861974
14.506000,0.0861974
14.508000,0.0861974
14.510000,0.0861974
14.512000,0.0861974
14.514000,0.0861974
14.516000,0.0862508
14.518000,0.0861974
14.520000,0.0863041
14.522000,0.0863041
14.524000,0.0863041
14.526000,0.0863575
14.528000,0.0863041
14.530000,0.0863041
14.532000,0.0863041
14.534000,0.0863575
14.536000,0.0862508
14.538000,0.0863041
14.540000,0.0861974
14.542000,0.0863041
14.544000,0.0862508
14.546000,0.0862508
14.548000,0.0863041
14.550000,0.0863041
14.552000,0.0864108
14.554000,0.0863575
14.556000,0.0864108
14.558000,0.0863575
14.560000,0.0864641
14.562000,0.0865175
14.564000,0.0865175
14.566000,0.0865708
14.568000,0.0865175
14.570000,0.0865708
14.572000,0.0865708
14.574000,0.0866242
14.576000,0.0866242
14.578000,0.0865708
14.580000,0.0866242
14.582000,0.0865708
14.584000,0.0866242
14.586000,0.0866242
14.588000,0.0866242
14.590000,0.0866775
14.592000,0.0866775
14.594000,0.0866775
14.596000,0.0866242
14.598000,0.0866775
14.600000,0.0866775
14.602000,0.0866775
14.604000,0.0866775
14.606000,0.0867308
14.608000,0.0866775
14.610000,0.0866775
14.612000,0.0867308
14.614000,0.0867308
14.616000,0.0867308
14.618000,0.0867842
14.620000,0.0867842
14.622000,0.0868375
14.624000,0.0867842
14.626000,0.0868375
14.628000,0.0868375
14.630000,0.0868909
14.632000,0.0868909
14.634000,0.0868375
14.636000,0.0869442
14.638000,0.0868375
14.640000,0.0869442
14.642000,0.0868375
14.644000,0.0869442
14.646000,0.0869442
14.648000,0.0869442
14.650000,0.0869975
14.652000,0.0869975
14.654000,0.0869975
14.656000,0.0869975
14.658000,0.0870509
14.660000,0.0870509
14.662000,0.0870509
14.664000,0.0870509
14.666000,0.0870509
14.668000,0.0871042
14.670000,0.0871042
14.672000,0.0871576
14.674000,0.0871042
14.676000,0.0871576
14.678000,0.0871576
14.680000,0.0871576
14.682000,0.0872109
14.684000,0.0871576
14.686000,0.0872109
14.688000,0.0872109
14.690000,0.0872642
14.692000,0.0872109
14.694000,0.0872642
14.696000,0.0873176
14.698000,0.0873176
14.700000,0.0873176
14.702000,0.0872642
14.704000,0.0873709
14.706000,0.0873709
14.708000,0.0873176
14.710000,0.0873709
14.712000,0.0874243
14.714000,0.0874243
14.716000,0.0874243
14.718000,0.0874243
14.720000,0.0874776
14.722000,0.0874243
14.724000,0.0874776
14.726000,0.0874776
14.728000,0.0874776
14.730000,0.0875309
14.732000,0.0875309
14.734000,0.0875843
14.736000,0.0875309
14.738000,0.0875843
14.740000,0.0875309
14.742000,0.0875309
14.744000,0.0875309
14.746000,0.0874776
14.748000,0.0875843
14.750000,0.0875309
14.752000,0.0875843
14.754000,0.0876376
14.756000,0.0876910
14.758000,0.0876910
14.760000,0.0876910
14.762000,0.0877443
14.764000,0.0877443
14.766000,0.0877976
14.768000,0.0876910
14.770000,0.0877976
14.772000,0.0877976
14.774000,0.0877976
14.776000,0.0877976
14.778000,0.0877976
14.780000,0.0878510
14.782000,0.0878510
14.784000,0.0878510
14.786000,0.0877976
14.788000,0.0879043
14.790000,0.0879043
14.792000,0.0879577
14.794000,0.0879043
14.796000,0.0879577
14.798000,0.0879577
14.800000,0.0879577
14.802000,0.0879577
14.804000,0.0879043
14.806000,0.0880110
14.808000,0.0879577
14.810000,0.0880110
14.812000,0.0880110
14.814000,0.0880643
14.816000,0.0881177
14.818000,0.0880643
14.820000,0.0881710
14.822000,0.0881177
14.824000,0.0882510
14.826000,0.0881710
14.828000,0.0881710
14.830000,0.0882510
14.832000,0.0882510
14.834000,0.0883044
14.836000,0.0882510
14.838000,0.0883577
14.840000,0.0882510
14.842000,0.0883577
14.844000,0.0883577
14.846000,0.0883577
14.848000,0.0883577
14.850000,0.0884111
14.852000,0.0883577
14.854000,0.0884111
14.856000,0.0884111
14.858000,0.0884644
14.860000,0.0884644
14.862000,0.0884111
14.864000,0.0885177
14.866000,0.0884644
14.868000,0.0885177
14.870000,0.0885177
14.872000,0.0885711
14.874000,0.0885177
14.876000,0.0885711
14.878000,0.0885711
14.880000,0.0885711
14.882000,0.0885177
14.884000,0.0886244
14.886000,0.0886244
14.888000,0.0886777
14.890000,0.0886244
14.892000,0.0886777
14.894000,0.0887311
14.896000,0.0887311
14.898000,0.0887844
14.900000,0.0887311
14.902000,0.0887844
14.904000,0.0887844
14.906000,0.0887844
14.908000,0.0887311
14.910000,0.0887311
14.912000,0.0887844
14.914000,0.0887844
14.916000,0.0888378
14.918000,0.0887844
14.920000,0.0888378
14.922000,0.0888378
14.924000,0.0888911
14.926000,0.0888911
14.928000,0.0889445
14.930000,0.0889978
14.932000,0.0889978
14.934000,0.0890511
14.936000,0.0889978
14.938000,0.0891045
14.940000,0.0890511
14.942000,0.0890511
14.944000,0.0890511
14.946000,0.0891045
14.948000,0.0891045
14.950000,0.0891045
14.952000,0.0891045
14.954000,0.0891578
14.956000,0.0892112
14.958000,0.0891578
14.960000,0.0892645
14.962000,0.0892112
14.964000,0.0892645
14.966000,0.0892112
14.968000,0.0893178
14.970000,0.0892645
14.972000,0.0892645
14.974000,0.0892645
14.976000,0.0892112
14.978000,0.0893178
14.980000,0.0892112
14.982000,0.0893178
14.984000,0.0892645
14.986000,0.0893178
14.988000,0.0893178
14.990000,0.0893712
14.992000,0.0893712
14.994000,0.0893712
14.996000,0.0894778
14.998000,0.0894778
15.000000,0.0894245
15.002000,0.0894778
15.004000,0.0895312
15.006000,0.0895312
15.008000,0.0895312
15.010000,0.0895312
15.012000,0.0895845
15.014000,0.0895845
15.016000,0.0896379
15.018000,0.0896912
15.020000,0.0896912
15.022000,0.0896379
15.024000,0.0896912
15.026000,0.0896912
15.028000,0.0897446
15.030000,0.0896912
15.032000,0.0897446
15.034000,0.0897446
15.036000,0.0897979
15.038000,0.0897446
15.040000,0.0898512
15.042000,0.0898512
15.044000,0.0898512
15.046000,0.0899046
15.048000,0.0899046
15.050000,0.0899046
15.052000,0.0899579
15.054000,0.0899579
15.056000,0.0899579
15.058000,0.0899579
15.060000,0.0898512
15.062000,0.0899579
15.064000,0.0899046
15.066000,0.0899579
15.068000,0.0899046
15.070000,0.0900113
15.072000,0.0899579
15.074000,0.0900646
15.076000,0.0900113
15.078000,0.0900646
15.080000,0.0900646
15.082000,0.0900646
15.084000,0.0901179
15.086000,0.0900646
15.088000,0.0901179
15.090000,0.0900646
15.092000,0.0901179
15.094000,0.0901713
15.096000,0.0901713
15.098000,0.0902246
15.100000,0.0902246
15.102000,0.0903313
15.104000,0.0903313
15.106000,0.0903313
15.108000,0.0903313
15.110000,0.0902779
15.112000,0.0903846
15.114000,0.0903846
15.116000,0.0903313
15.118000,0.0903846
15.120000,0.0903313
15.122000,0.0903846
15.124000,0.0903313
15.126000,0.0904380
15.128000,0.0904380
15.130000,0.0904380
15.132000,0.0904913
15.134000,0.0904913
15.136000,0.0905447
15.138000,0.0905447
15.140000,0.0905447
15.142000,0.0905447
15.144000,0.0906513
15.146000,0.0905447
15.148000,0.0906513
15.150000,0.0905447
15.152000,0.0906513
15.154000,0.0905980
15.156000,0.0906513
15.158000,0.0907047
15.160000,0.0906513
15.162000,0.0907580
15.164000,0.0907047
15.166000,0.0908647
15.168000,0.0908113
15.170000,0.0908647
15.172000,0.0909180
15.174000,0.0908647
15.176000,0.0909180
15.178000,0.0909180
15.180000,0.0909180
15.182000,0.0909180
15.184000,0.0909180
15.186000,0.0909180
15.188000,0.0909180
15.190000,0.0910247
15.192000,0.0909180
15.194000,0.0910247
15.196000,0.0910247
15.198000,0.0910781
15.200000,0.0911314
15.202000,0.0910781
15.204000,0.0910781
15.206000,0.0910781
15.208000,0.0911314
15.210000,0.0911314
15.212000,0.0910781
15.214000,0.0911314
15.216000,0.0911314
15.218000,0.0911847
15.220000,0.0911847
15.222000,0.0911847
15.224000,0.0911847
15.226000,0.0912381
15.228000,0.0912381
15.230000,0.0913181
15.232000,0.0913714
15.234000,0.0913714
15.236000,0.0914248
15.238000,0.0914248
15.240000,0.0914781
15.242000,0.0914781
15.244000,0.0914781
15.246000,0.0914781
15.248000,0.0914781
15.250000,0.0915314
15.252000,0.0914781
15.254000,0.0915848
15.256000,0.0915314
15.258000,0.0915848
15.260000,0.0916381
15.262000,0.0915848
15.264000,0.0916381
15.266000,0.0915848
15.268000,0.0916915
15.270000,0.0915848
15.272000,0.0916915
15.274000,0.0916381
15.276000,0.0916915
15.278000,0.0916915
15.280000,0.0916915
15.282000,0.0917448
15.284000,0.0917448
15.286000,0.0917448
15.288000,0.0917448
15.290000,0.0917981
15.292000,0.0917981
15.294000,0.0917981
15.296000,0.0918515
15.298000,0.0918515
15.300000,0.0919048
15.302000,0.0919048
15.304000,0.0919582
15.306000,0.0918515
15.308000,0.0919048
15.310000,0.0920115
15.312000,0.0919582
15.314000,0.0920115
15.316000,0.0920115
15.318000,0.0921182
15.320000,0.0920115
15.322000,0.0921182
15.324000,0.0920648
15.326000,0.0921182
15.328000,0.0921182
15.330000,0.0920648
15.332000,0.0921715
15.334000,0.0921182
15.336000,0.0921715
15.338000,0.0921715
15.340000,0.0922249
15.342000,0.0922249
15.344000,0.0922249
15.346000,0.0922782
15.348000,0.0922782
15.350000,0.0923315
15.352000,0.0922782
15.354000,0.0923315
15.356000,0.0923315
15.358000,0.0923315
15.360000,0.0923849
15.362000,0.0924382
15.364000,0.0923849
15.366000,0.0924382
15.368000,0.0923849
15.370000,0.0924382
15.372000,0.0924916
15.374000,0.0924916
15.376000,0.0924916
15.378000,0.0924916
15.380000,0.0925449
15.382000,0.0925449
15.384000,0.0926516
15.386000,0.0926516
15.388000,0.0926516
15.390000,0.0926516
15.392000,0.0927049
15.394000,0.0927049
15.396000,0.0927049
15.398000,0.0927049
15.400000,0.0927049
15.402000,0.0928116
15.404000,0.0927049
15.406000,0.0928116
15.408000,0.0928116
15.410000,0.0929183
15.412000,0.0928649
15.414000,0.0928649
15.416000,0.0929183
15.418000,0.0928649
15.420000,0.0929183
15.422000,0.0928649
15.424000,0.0929183
15.426000,0.0929183
15.428000,0.0929183
15.430000,0.0929716
15.432000,0.0930250
15.434000,0.0930250
15.436000,0.0930783
15.438000,0.0930783
15.440000,0.0930783
15.442000,0.0930783
15.444000,0.0931316
15.446000,0.0931316
15.448000,0.0931316
15.450000,0.0931316
15.452000,0.0931850
15.454000,0.0931850
15.456000,0.0932917
15.458000,0.0932383
15.460000,0.0932917
15.462000,0.0932917
15.464000,0.0932917
15.466000,0.0932917
15.468000,0.0933450
15.470000,0.0932917
15.472000,0.0933983
15.474000,0.0933450
15.476000,0.0933983
15.478000,0.0933983
15.480000,0.0933983
15.482000,0.0934517
15.484000,0.0934517
15.486000,0.0935584
15.488000,0.0935584
15.490000,0.0936117
15.492000,0.0936650
15.494000,0.0934517
15.496000,0.0925449
15.498000,0.0916915
15.500000,0.0910247
15.502000,0.0904913
15.504000,0.0900646
15.506000,0.0895845
15.508000,0.0902246
15.510000,0.0904913
15.512000,0.0917981
15.514000,0.0928116
15.516000,0.0938784
15.518000,0.0948652
15.520000,0.0948119
15.522000,0.0952386
15.524000,0.0952386
15.526000,0.0956653
15.528000,0.0953986
15.530000,0.0951852
15.532000,0.0950252
15.534000,0.0948119
15.536000,0.0948652
15.538000,0.0947052
15.540000,0.0946518
15.542000,0.0944385
15.544000,0.0942518
15.546000,0.0941451
15.548000,0.0941984
15.550000,0.0943851
15.552000,0.0944918
15.554000,0.0946518
15.556000,0.0945452
15.558000,0.0945985
15.560000,0.0945452
15.562000,0.0947052
15.564000,0.0947585
15.566000,0.0948119
15.568000,0.0947052
15.570000,0.0945985
15.572000,0.0944918
15.574000,0.0945452
15.576000,0.0945985
15.578000,0.0946518
15.580000,0.0945985
15.582000,0.0945452
15.584000,0.0944918
15.586000,0.0944918
15.588000,0.0944918
15.590000,0.0945985
15.592000,0.0946518
15.594000,0.0945985
15.596000,0.0945452
15.598000,0.0945452
15.600000,0.0944918
15.602000,0.0946518
15.604000,0.0946518
15.606000,0.0946518
15.608000,0.0945452
15.610000,0.0944918
15.612000,0.0944918
15.614000,0.0945452
15.616000,0.0946518
15.618000,0.0947052
15.620000,0.0947052
15.622000,0.0946518
15.624000,0.0946518
15.626000,0.0946518
15.628000,0.0948119
15.630000,0.0948119
15.632000,0.0948652
15.634000,0.0947585
15.636000,0.0947585
15.638000,0.0947585
15.640000,0.0948652
15.642000,0.0949185
15.644000,0.0949719
15.646000,0.0949185
15.648000,0.0949185
15.650000,0.0948652
15.652000,0.0948652
15.654000,0.0950252
15.656000,0.0949719
15.658000,0.0950785
15.660000,0.0950252
15.662000,0.0950785
15.664000,0.0951319
15.666000,0.0952386
15.668000,0.0952919
15.670000,0.0952919
15.672000,0.0953453
15.674000,0.0952919
15.676000,0.0952919
15.678000,0.0953453
15.680000,0.0952919
15.682000,0.0953986
15.684000,0.0953453
15.686000,0.0953986
15.688000,0.0953453
15.690000,0.0953986
15.692000,0.0953986
15.694000,0.0954519
15.696000,0.0954519
15.698000,0.0953986
15.700000,0.0954519
15.702000,0.0953453
15.704000,0.0954519
15.706000,0.0955053
15.708000,0.0955053
15.710000,0.0956120
15.712000,0.0955586
15.714000,0.0956120
15.716000,0.0956653
15.718000,0.0956653
15.720000,0.0957186
15.722000,0.0956653
15.724000,0.0957186
15.726000,0.0956120
15.728000,0.0956653
15.730000,0.0956120
15.732000,0.0956653
15.734000,0.0956653
15.736000,0.0956653
15.738000,0.0956120
15.740000,0.0956653
15.742000,0.0957186
15.744000,0.0957720
15.746000,0.0958253
15.748000,0.0957720
15.750000,0.0958253
15.752000,0.0957720
15.754000,0.0957720
15.756000,0.0958253
15.758000,0.0958786
15.760000,0.0958786
15.762000,0.0958786
15.764000,0.0959320
15.766000,0.0959853
15.768000,0.0959853
15.770000,0.0959853
15.772000,0.0960387
15.774000,0.0960387
15.776000,0.0960920
15.778000,0.0960387
15.780000,0.0960920
15.782000,0.0961454
15.784000,0.0961454
15.786000,0.0961454
15.788000,0.0961454
15.790000,0.0961454
15.792000,0.0961987
15.794000,0.0961987
15.796000,0.0961987
15.798000,0.0962520
15.800000,0.0961987
15.802000,0.0961987
15.804000,0.0961987
15.806000,0.0961987
15.808000,0.0962520
15.810000,0.0963054
15.812000,0.0963054
15.814000,0.0963587
15.816000,0.0963587
15.818000,0.0963587
15.820000,0.0963587
15.822000,0.0963587
15.824000,0.0963587
15.826000,0.0964120
15.828000,0.0963587
15.830000,0.0964120
15.832000,0.0964120
15.834000,0.0964654
15.836000,0.0964654
15.838000,0.0965187
15.840000,0.0965721
15.842000,0.0965187
15.844000,0.0966254
15.846000,0.0965721
15.848000,0.0967321
15.850000,0.0966788
15.852000,0.0967321
15.854000,0.0967854
15.856000,0.0967321
15.858000,0.0967854
15.860000,0.0967321
15.862000,0.0967854
15.864000,0.0968388
15.866000,0.0967321
15.868000,0.0968388
15.870000,0.0967854
15.872000,0.0968388
15.874000,0.0968921
15.876000,0.0968921
15.878000,0.0969988
15.880000,0.0969455
15.882000,0.0970521
15.884000,0.0969988
15.886000,0.0970521
15.888000,0.0970521
15.890000,0.0970521
15.892000,0.0970521
15.894000,0.0970521
15.896000,0.0970521
15.898000,0.0970521
15.900000,0.0971055
15.902000,0.0971055
15.904000,0.0971588
15.906000,0.0971588
15.908000,0.0972121
15.910000,0.0971588
15.912000,0.0972655
15.914000,0.0973188
15.916000,0.0972655
15.918000,0.0973188
15.920000,0.0972655
15.922000,0.0973722
15.924000,0.0972655
15.926000,0.0973722
15.928000,0.0973722
15.930000,0.0973188
15.932000,0.0973722
15.934000,0.0973722
15.936000,0.0974522
15.938000,0.0974522
15.940000,0.0975055
15.942000,0.0975055
15.944000,0.0975055
15.946000,0.0976122
15.948000,0.0975055
15.950000,0.0976122
15.952000,0.0975589
15.954000,0.0976655
15.956000,0.0976122
15.958000,0.0976655
15.960000,0.0977189
15.962000,0.0976655
15.964000,0.0977722
15.966000,0.0977189
15.968000,0.0977722
15.970000,0.0977722
15.972000,0.0977189
15.974000,0.0978256
15.976000,0.0977722
15.978000,0.0978256
15.980000,0.0977722
15.982000,0.0978256
15.984000,0.0978256
15.986000,0.0978789
15.988000,0.0978789
15.990000,0.0978789
15.992000,0.0979322
15.994000,0.0979322
15.996000,0.0980389
15.998000,0.0979856
16.000000,0.0980923
16.002000,0.0979856
16.004000,0.0980923
16.006000,0.0980389
16.008000,0.0980923
16.010000,0.0980923
16.012000,0.0981456
16.014000,0.0980923
16.016000,0.0981456
16.018000,0.0981989
16.020000,0.0981989
16.022000,0.0982523
16.024000,0.0983056
16.026000,0.0983590
16.028000,0.0983056
16.030000,0.0983590
16.032000,0.0983056
16.034000,0.0983056
16.036000,0.0983056
16.038000,0.0982523
16.040000,0.0983056
16.042000,0.0982523
16.044000,0.0983056
16.046000,0.0983056
16.048000,0.0983056
16.050000,0.0983590
16.052000,0.0983590
16.054000,0.0983590
16.056000,0.0984123
16.058000,0.0984656
16.060000,0.0984656
16.062000,0.0984656
16.064000,0.0985190
16.066000,0.0985190
16.068000,0.0985723
16.070000,0.0985723
16.072000,0.0985723
16.074000,0.0985723
16.076000,0.0985723
16.078000,0.0985723
16.080000,0.0985190
16.082000,0.0985723
16.084000,0.0985723
16.086000,0.0986257
16.088000,0.0986257
16.090000,0.0986790
16.092000,0.0986790
16.094000,0.0985723
16.096000,0.0984123
16.098000,0.0982523
16.100000,0.0980389
16.102000,0.0977189
16.104000,0.0976122
16.106000,0.0975055
16.108000,0.0977189
16.110000,0.0978256
16.112000,0.0982523
16.114000,0.0986257
16.116000,0.0989990
16.118000,0.0992657
16.120000,0.0993724
16.122000,0.0994258
16.124000,0.0992657
16.126000,0.0992124
16.128000,0.0989457
16.130000,0.0988924
16.132000,0.0988390
16.134000,0.0988390
16.136000,0.0989457
16.138000,0.0991591
16.140000,0.0993724
16.142000,0.0994791
16.144000,0.0996925
16.146000,0.0996925
16.148000,0.0998525
16.150000,0.0997991
16.152000,0.0997991
16.154000,0.0997991
16.156000,0.0997458
16.158000,0.0997458
16.160000,0.0996391
16.162000,0.0996925
16.164000,0.0995858
16.166000,0.0996391
16.168000,0.0995324
16.170000,0.0995324
16.172000,0.0995324
16.174000,0.0994791
16.176000,0.0995858
16.178000,0.0994791
16.180000,0.0995324
16.182000,0.0995324
16.184000,0.0995858
16.186000,0.0995324
16.188000,0.0995858
16.190000,0.0996391
16.192000,0.0995858
16.194000,0.0996391
16.196000,0.0996391
16.198000,0.0996925
16.200000,0.0996925
16.202000,0.0997458
16.204000,0.0997458
16.206000,0.0997991
16.208000,0.0998525
16.210000,0.0998525
16.212000,0.0999592
16.214000,0.0999058
16.216000,0.0999592
16.218000,0.0999058
16.220000,0.0999058
16.222000,0.0999058
16.224000,0.0999058
16.226000,0.0999058
16.228000,0.0999592
16.230000,0.1000125
16.232000,0.1000125
16.234000,0.1000658
16.236000,0.1000125
16.238000,0.1000658
16.240000,0.1001192
16.242000,0.1001192
16.244000,0.1000658
16.246000,0.1001192
16.248000,0.1000658
16.250000,0.1001192
16.252000,0.1001192
16.254000,0.1001192
16.256000,0.1001725
16.258000,0.1001192
16.260000,0.1002259
16.262000,0.1001725
16.264000,0.1001725
16.266000,0.1002259
16.268000,0.1002259
16.270000,0.1002792
16.272000,0.1002259
16.274000,0.1002792
16.276000,0.1002259
16.278000,0.1002259
16.280000,0.1002259
16.282000,0.1002792
16.284000,0.1003325
16.286000,0.1002792
16.288000,0.1003859
16.290000,0.1003859
16.292000,0.1003859
16.294000,0.1003859
16.296000,0.1004392
16.298000,0.1003859
16.300000,0.1004392
16.302000,0.1005192
16.304000,0.1003859
16.306000,0.1005192
16.308000,0.1003859
16.310000,0.1004392
16.312000,0.1004392
16.314000,0.1005192
16.316000,0.1005192
16.318000,0.1005192
16.320000,0.1006259
16.322000,0.1005726
16.324000,0.1006792
16.326000,0.1006259
16.328000,0.1007326
16.330000,0.1006259
16.332000,0.1006792
16.334000,0.1006792
16.336000,0.1006259
16.338000,0.1006792
16.340000,0.1006259
16.342000,0.1006792
16.344000,0.1006792
16.346000,0.1007326
16.348000,0.1006792
16.350000,0.1007326
16.352000,0.1007326
16.354000,0.1007326
16.356000,0.1007859
16.358000,0.1007326
16.360000,0.1008393
16.362000,0.1007859
16.364000,0.1008393
16.366000,0.1008393
16.368000,0.1008393
16.370000,0.1008926
16.372000,0.1008926
16.374000,0.1009460
16.376000,0.1008393
16.378000,0.1009460
16.380000,0.1008393
16.382000,0.1008926
16.384000,0.1008926
16.386000,0.1008393
16.388000,0.1008926
16.390000,0.1008393
16.392000,0.1009460
16.394000,0.1008926
16.396000,0.1009993
16.398000,0.1009993
16.400000,0.1011060
16.402000,0.1011060
16.404000,0.1011593
16.406000,0.1011060
16.408000,0.1011593
16.410000,0.1011593
16.412000,0.1012127
16.414000,0.1011593
16.416000,0.1011593
16.418000,0.1011593
16.420000,0.1011593
16.422000,0.1012127
16.424000,0.1012127
16.426000,0.1013193
16.428000,0.1012127
16.430000,0.1012660
16.432000,0.1012660
16.434000,0.1013193
16.436000,0.1013193
16.438000,0.1013193
16.440000,0.1013727
16.442000,0.1013727
16.444000,0.1013727
16.446000,0.1014260
16.448000,0.1014793
16.450000,0.1014793
16.452000,0.1014793
16.454000,0.1014793
16.456000,0.1015327
16.458000,0.1015327
16.460000,0.1015860
16.462000,0.1015860
16.464000,0.1016394
16.466000,0.1016394
16.468000,0.1016394
16.470000,0.1016927
16.472000,0.1016394
16.474000,0.1016394
16.476000,0.1016394
16.478000,0.1016927
16.480000,0.1016927
16.482000,0.1016927
16.484000,0.1016927
16.486000,0.1017461
16.488000,0.1017994
16.490000,0.1017994
16.492000,0.1017461
16.494000,0.1017994
16.496000,0.1018527
16.498000,0.1018527
16.500000,0.1017994
16.502000,0.1018527
16.504000,0.1017994
16.506000,0.1019594
16.508000,0.1018527
16.510000,0.1019061
16.512000,0.1019061
16.514000,0.1020127
16.516000,0.1020127
16.518000,0.1020127
16.520000,0.1020661
16.522000,0.1020127
16.524000,0.1020661
16.526000,0.1020127
16.528000,0.1021194
16.530000,0.1020661
16.532000,0.1021728
16.534000,0.1021194
16.536000,0.1021728
16.538000,0.1022261
16.540000,0.1022795
16.542000,0.1023328
16.544000,0.1022261
16.546000,0.1023328
16.548000,0.1022795
16.550000,0.1022795
16.552000,0.1022261
16.554000,0.1022261
16.556000,0.1022795
16.558000,0.1022795
16.560000,0.1022795
16.562000,0.1023328
16.564000,0.1023861
16.566000,0.1023328
16.568000,0.1023328
16.570000,0.1023861
16.572000,0.1023861
16.574000,0.1023861
16.576000,0.1023861
16.578000,0.1024395
16.580000,0.1023861
16.582000,0.1023861
16.584000,0.1024395
16.586000,0.1024395
16.588000,0.1023861
16.590000,0.1024928
16.592000,0.1024395
16.594000,0.1024395
16.596000,0.1023861
16.598000,0.1024928
16.600000,0.1024928
16.602000,0.1024928
16.604000,0.1025462
16.606000,0.1025462
16.608000,0.1026528
16.610000,0.1025462
16.612000,0.1026528
16.614000,0.1025995
16.616000,0.1026528
16.618000,0.1025995
16.620000,0.1026528
16.622000,0.1026528
16.624000,0.1026528
16.626000,0.1027062
16.628000,0.1027062
16.630000,0.1027595
16.632000,0.1026528
16.634000,0.1027595
16.636000,0.1027062
16.638000,0.1027595
16.640000,0.1027062
16.642000,0.1027595
16.644000,0.1028128
16.646000,0.1027595
16.648000,0.1028662
16.650000,0.1028128
16.652000,0.1029195
16.654000,0.1028662
16.656000,0.1029195
16.658000,0.1029729
16.660000,0.1029195
16.662000,0.1029729
16.664000,0.1029195
16.666000,0.1029729
16.668000,0.1029729
16.670000,0.1030262
16.672000,0.1030262
16.674000,0.1030262
16.676000,0.1030262
16.678000,0.1029729
16.680000,0.1030796
16.682000,0.1030262
16.684000,0.1030796
16.686000,0.1030262
16.688000,0.1030796
16.690000,0.1030262
16.692000,0.1030262
16.694000,0.1030796
16.696000,0.1030796
16.698000,0.1030796
16.700000,0.1030796
16.702000,0.1031329
16.704000,0.1031329
16.706000,0.1031862
16.708000,0.1031329
16.710000,0.1031862
16.712000,0.1031862
16.714000,0.1031862
16.716000,0.1032396
16.718000,0.1032396
16.720000,0.1032929
16.722000,0.1032929
16.724000,0.1032929
16.726000,0.1033463
16.728000,0.1033463
16.730000,0.1033996
16.732000,0.1033463
16.734000,0.1034529
16.736000,0.1033463
16.738000,0.1033463
16.740000,0.1033996
16.742000,0.1033996
16.744000,0.1033996
16.746000,0.1033463
16.748000,0.1034529
16.750000,0.1033996
16.752000,0.1035329
16.754000,0.1034529
16.756000,0.1035329
16.758000,0.1035863
16.760000,0.1036396
16.762000,0.1036396
16.764000,0.1036396
16.766000,0.1036396
16.768000,0.1036396
16.770000,0.1036930
16.772000,0.1036396
16.774000,0.1036396
16.776000,0.1036396
16.778000,0.1036930
16.780000,0.1036930
16.782000,0.1036396
16.784000,0.1037463
16.786000,0.1036930
16.788000,0.1037463
16.790000,0.1037463
16.792000,0.1037463
16.794000,0.1037463
16.796000,0.1037463
16.798000,0.1037996
16.800000,0.1037996
16.802000,0.1038530
16.804000,0.1038530
16.806000,0.1039063
16.808000,0.1039597
16.810000,0.1039063
16.812000,0.1039063
16.814000,0.1039063
16.816000,0.1038530
16.818000,0.1039063
16.820000,0.1039063
16.822000,0.1039063
16.824000,0.1039063
16.826000,0.1039597
16.828000,0.1039597
16.830000,0.1039063
16.832000,0.1040130
16.834000,0.1039597
16.836000,0.1040130
16.838000,0.1040130
16.840000,0.1040663
16.842000,0.1040663
16.844000,0.1040663
16.846000,0.1041197
16.848000,0.1041197
16.850000,0.1042264
16.852000,0.1040663
16.854000,0.1042264
16.856000,0.1041730
16.858000,0.1041730
16.860000,0.1042264
16.862000,0.1041730
16.864000,0.1042797
16.866000,0.1042264
16.868000,0.1042797
16.870000,0.1042264
16.872000,0.1042797
16.874000,0.1042797
16.876000,0.1042797
16.878000,0.1043330
16.880000,0.1042797
16.882000,0.1043864
16.884000,0.1043330
16.886000,0.1044397
16.888000,0.1043330
16.890000,0.1043864
16.892000,0.1043864
16.894000,0.1044397
16.896000,0.1044397
16.898000,0.1043864
16.900000,0.1044931
16.902000,0.1044397
16.904000,0.1045464
16.906000,0.1044397
16.908000,0.1045464
16.910000,0.1044931
16.912000,0.1046531
16.914000,0.1044931
16.916000,0.1045997
16.918000,0.1045464
16.920000,0.1045997
16.922000,0.1045997
16.924000,0.1045997
16.926000,0.1046531
16.928000,0.1045464
16.930000,0.1046531
16.932000,0.1045997
16.934000,0.1046531
16.936000,0.1046531
16.938000,0.1047064
16.940000,0.1045997
16.942000,0.1047064
16.944000,0.1047064
16.946000,0.1047064
16.948000,0.1047064
16.950000,0.1047064
16.952000,0.1047598
16.954000,0.1047064
16.956000,0.1047598
16.958000,0.1047598
16.960000,0.1047598
16.962000,0.1048664
16.964000,0.1048131
16.966000,0.1048664
16.968000,0.1049198
16.970000,0.1049731
16.972000,0.1049731
16.974000,0.1049198
16.976000,0.1049731
16.978000,0.1049198
16.980000,0.1049731
16.982000,0.1048664
16.984000,0.1049198
16.986000,0.1048664
16.988000,0.1048664
16.990000,0.1049198
16.992000,0.1049198
16.994000,0.1049731
16.996000,0.1049731
16.998000,0.1049731
17.000000,0.1050265
17.002000,0.1050265
17.004000,0.1050265
17.006000,0.1050798
17.008000,0.1050798
17.010000,0.1050798
17.012000,0.1050798
17.014000,0.1051331
17.016000,0.1051331
17.018000,0.1051331
17.020000,0.1051331
17.022000,0.1051865
17.024000,0.1051331
17.026000,0.1051331
17.028000,0.1051865
17.030000,0.1051865
17.032000,0.1052398
17.034000,0.1052398
17.036000,0.1052932
17.038000,0.1052398
17.040000,0.1052932
17.042000,0.1052932
17.044000,0.1052932
17.046000,0.1053465
17.048000,0.1053465
17.050000,0.1053465
17.052000,0.1052932
17.054000,0.1053998
17.056000,0.1053998
17.058000,0.1053998
17.060000,0.1053998
17.062000,0.1054532
17.064000,0.1053998
17.066000,0.1054532
17.068000,0.1054532
17.070000,0.1055065
17.072000,0.1054532
17.074000,0.1055065
17.076000,0.1055065
17.078000,0.1054532
17.080000,0.1055065
17.082000,0.1054532
17.084000,0.1055065
17.086000,0.1054532
17.088000,0.1055065
17.090000,0.1055599
17.092000,0.1055599
17.094000,0.1055599
17.096000,0.1056132
17.098000,0.1056665
17.100000,0.1056132
17.102000,0.1056665
17.104000,0.1057199
17.106000,0.1056665
17.108000,0.1057199
17.110000,0.1056665
17.112000,0.1057199
17.114000,0.1056665
17.116000,0.1057199
17.118000,0.1056665
17.120000,0.1057199
17.122000,0.1056665
17.124000,0.1057199
17.126000,0.1057199
17.128000,0.1057732
17.130000,0.1057199
17.132000,0.1057199
17.134000,0.1057732
17.136000,0.1057732
17.138000,0.1058266
17.140000,0.1057732
17.142000,0.1058799
17.144000,0.1058266
17.146000,0.1059332
17.148000,0.1059332
17.150000,0.1059332
17.152000,0.1059866
17.154000,0.1059332
17.156000,0.1059866
17.158000,0.1059866
17.160000,0.1059866
17.162000,0.1060399
17.164000,0.1060399
17.166000,0.1060933
17.168000,0.1060399
17.170000,0.1060399
17.172000,0.1060399
17.174000,0.1060399
17.176000,0.1060399
17.178000,0.1060399
17.180000,0.1060399
17.182000,0.1060399
17.184000,0.1060933
17.186000,0.1060399
17.188000,0.1061466
17.190000,0.1061466
17.192000,0.1061999
17.194000,0.1061999
17.196000,0.1062533
17.198000,0.1062533
17.200000,0.1062533
17.202000,0.1062533
17.204000,0.1062533
17.206000,0.1062533
17.208000,0.1062533
17.210000,0.1063066
17.212000,0.1062533
17.214000,0.1063066
17.216000,0.1062533
17.218000,0.1062533
17.220000,0.1063066
17.222000,0.1062533
17.224000,0.1063066
17.226000,0.1063066
17.228000,0.1063600
17.230000,0.1063600
17.232000,0.1063600
17.234000,0.1064133
17.236000,0.1064133
17.238000,0.1063600
17.240000,0.1064133
17.242000,0.1064133
17.244000,0.1064133
17.246000,0.1063600
17.248000,0.1064666
17.250000,0.1064133
17.252000,0.1064133
17.254000,0.1064666
17.256000,0.1064666
17.258000,0.1065200
17.260000,0.1065200
17.262000,0.1066533
17.264000,0.1066000
17.266000,0.1066533
17.268000,0.1067067
17.270000,0.1066533
17.272000,0.1067067
17.274000,0.1067067
17.276000,0.1067067
17.278000,0.1066533
17.280000,0.1067067
17.282000,0.1067067
17.284000,0.1067067
17.286000,0.1067067
17.288000,0.1067067
17.290000,0.1067600
17.292000,0.1067067
17.294000,0.1067600
17.296000,0.1067600
17.298000,0.1068134
17.300000,0.1067600
17.302000,0.1067600
17.304000,0.1068134
17.306000,0.1067600
17.308000,0.1068134
17.310000,0.1067600
17.312000,0.1068134
17.314000,0.1068667
17.316000,0.1068134
17.318000,0.1068667
17.320000,0.1068134
17.322000,0.1069200
17.324000,0.1068667
17.326000,0.1068667
17.328000,0.1069200
17.330000,0.1069200
17.332000,0.1069200
17.334000,0.1069200
17.336000,0.1069734
17.338000,0.1069734
17.340000,0.1069734
17.342000,0.1070267
17.344000,0.1070267
17.346000,0.1070267
17.348000,0.1070267
17.350000,0.1070267
17.352000,0.1070267
17.354000,0.1070800
17.356000,0.1070267
17.358000,0.1070800
17.360000,0.1070800
17.362000,0.1070267
17.364000,0.1070800
17.366000,0.1070800
17.368000,0.1071334
17.370000,0.1070800
17.372000,0.1070800
17.374000,0.1070800
17.376000,0.1070800
17.378000,0.1071334
17.380000,0.1070800
17.382000,0.1071334
17.384000,0.1070800
17.386000,0.1071334
17.388000,0.1072401
17.390000,0.1071867
17.392000,0.1072401
17.394000,0.1072401
17.396000,0.1072934
17.398000,0.1072934
17.400000,0.1073468
17.402000,0.1073468
17.404000,0.1072934
17.406000,0.1073468
17.408000,0.1073468
17.410000,0.1073468
17.412000,0.1072934
17.414000,0.1074001
17.416000,0.1073468
17.418000,0.1074001
17.420000,0.1073468
17.422000,0.1073468
17.424000,0.1073468
17.426000,0.1073468
17.428000,0.1074001
17.430000,0.1074001
17.432000,0.1074001
17.434000,0.1074001
17.436000,0.1074001
17.438000,0.1074001
17.440000,0.1074001
17.442000,0.1074534
17.444000,0.1074534
17.446000,0.1074534
17.448000,0.1074534
17.450000,0.1074001
17.452000,0.1075068
17.454000,0.1074534
17.456000,0.1075068
17.458000,0.1074534
17.460000,0.1075601
17.462000,0.1075068
17.464000,0.1076134
17.466000,0.1075601
17.468000,0.1076668
17.470000,0.1076134
17.472000,0.1076668
17.474000,0.1076134
17.476000,0.1076668
17.478000,0.1076668
17.480000,0.1076668
17.482000,0.1077201
17.484000,0.1076668
17.486000,0.1077201
17.488000,0.1076668
17.490000,0.1077201
17.492000,0.1076668
17.494000,0.1076668
17.496000,0.1077201
17.498000,0.1077201
17.500000,0.1077735
17.502000,0.1077735
17.504000,0.1077735
17.506000,0.1078268
17.508000,0.1077201
17.510000,0.1078802
17.512000,0.1077735
17.514000,0.1078802
17.516000,0.1077735
17.518000,0.1077735
17.520000,0.1078268
17.522000,0.1077735
17.524000,0.1078268
17.526000,0.1078268
17.528000,0.1078268
17.530000,0.1078802
17.532000,0.1079335
17.534000,0.1079868
17.536000,0.1079868
17.538000,0.1080402
17.540000,0.1080402
17.542000,0.1080402
17.544000,0.1080402
17.546000,0.1079868
17.548000,0.1080402
17.550000,0.1079868
17.552000,0.1080402
17.554000,0.1079868
17.556000,0.1079868
17.558000,0.1079868
17.560000,0.1080402
17.562000,0.1080402
17.564000,0.1080402
17.566000,0.1080935
17.568000,0.1080935
17.570000,0.1080935
17.572000,0.1082002
17.574000,0.1081469
17.576000,0.1082002
17.578000,0.1081469
17.580000,0.1081469
17.582000,0.1081469
17.584000,0.1081469
17.586000,0.1080935
17.588000,0.1081469
17.590000,0.1081469
17.592000,0.1081469
17.594000,0.1082002
17.596000,0.1082002
17.598000,0.1082535
17.600000,0.1082535
17.602000,0.1083069
17.604000,0.1083069
17.606000,0.1084135
17.608000,0.1083602
17.610000,0.1083602
17.612000,0.1083602
17.614000,0.1083069
17.616000,0.1083069
17.618000,0.1083069
17.620000,0.1083069
17.622000,0.1082535
17.624000,0.1083069
17.626000,0.1083602
17.628000,0.1083069
17.630000,0.1084135
17.632000,0.1083602
17.634000,0.1084135
17.636000,0.1084135
17.638000,0.1084669
17.640000,0.1084135
17.642000,0.1084135
17.644000,0.1084135
17.646000,0.1084135
17.648000,0.1084135
17.650000,0.1084669
17.652000,0.1084135
17.654000,0.1084669
17.656000,0.1084669
17.658000,0.1084669
17.660000,0.1084669
17.662000,0.1084135
17.664000,0.1084669
17.666000,0.1084669
17.668000,0.1085202
17.670000,0.1085202
17.672000,0.1085202
17.674000,0.1085736
17.676000,0.1085736
17.678000,0.1085736
17.680000,0.1085736
17.682000,0.1085736
17.684000,0.1085736
17.686000,0.1086269
17.688000,0.1085736
17.690000,0.1086269
17.692000,0.1086269
17.694000,0.1086269
17.696000,0.1086269
17.698000,0.1086269
17.700000,0.1086269
17.702000,0.1086269
17.704000,0.1086803
17.706000,0.1086803
17.708000,0.1087336
17.710000,0.1087869
17.712000,0.1086803
17.714000,0.1087869
17.716000,0.1087869
17.718000,0.1087869
17.720000,0.1087336
17.722000,0.1087869
17.724000,0.1087869
17.726000,0.1087869
17.728000,0.1088403
17.730000,0.1088403
17.732000,0.1088403
17.734000,0.1087869
17.736000,0.1088403
17.738000,0.1088403
17.740000,0.1088403
17.742000,0.1088403
17.744000,0.1088403
17.746000,0.1088936
17.748000,0.1088403
17.750000,0.1088403
17.752000,0.1089470
17.754000,0.1088403
17.756000,0.1088403
17.758000,0.1088403
17.760000,0.1088936
17.762000,0.1088403
17.764000,0.1088936
17.766000,0.1089470
17.768000,0.1088936
17.770000,0.1090003
17.772000,0.1088936
17.774000,0.1090536
17.776000,0.1090003
17.778000,0.1090536
17.780000,0.1090536
17.782000,0.1090003
17.784000,0.1090536
17.786000,0.1090003
17.788000,0.1090536
17.790000,0.1090003
17.792000,0.1090536
17.794000,0.1090536
17.796000,0.1091070
17.798000,0.1091070
17.800000,0.1091603
17.802000,0.1091070
17.804000,0.1091603
17.806000,0.1091070
17.808000,0.1091070
17.810000,0.1091603
17.812000,0.1091070
17.814000,0.1091070
17.816000,0.1091070
17.818000,0.1091070
17.820000,0.1092136
17.822000,0.1091603
17.824000,0.1092136
17.826000,0.1092136
17.828000,0.1092670
17.830000,0.1092670
17.832000,0.1092136
17.834000,0.1092670
17.836000,0.1092670
17.838000,0.1092670
17.840000,0.1092670
17.842000,0.1093203
17.844000,0.1093203
17.846000,0.1093203
17.848000,0.1094270
17.850000,0.1094270
17.852000,0.1094270
17.854000,0.1094270
17.856000,0.1094270
17.858000,0.1094270
17.860000,0.1094270
17.862000,0.1094270
17.864000,0.1093737
17.866000,0.1094270
17.868000,0.1094270
17.870000,0.1094804
17.872000,0.1094804
17.874000,0.1095337
17.876000,0.1094804
17.878000,0.1095337
17.880000,0.1095337
17.882000,0.1095337
17.884000,0.1094804
17.886000,0.1094804
17.888000,0.1094804
17.890000,0.1094804
17.892000,0.1094804
17.894000,0.1094804
17.896000,0.1094804
17.898000,0.1094804
17.900000,0.1094804
17.902000,0.1094804
17.904000,0.1095337
17.906000,0.1095337
17.908000,0.1095337
17.910000,0.1095337
17.912000,0.1094804
17.914000,0.1095870
17.916000,0.1095337
17.918000,0.1095870
17.920000,0.1095870
17.922000,0.1095870
17.924000,0.1096670
17.926000,0.1095870
17.928000,0.1097204
17.930000,0.1095870
17.932000,0.1097204
17.934000,0.1096670
17.936000,0.1096670
17.938000,0.1097204
17.940000,0.1096670
17.942000,0.1097204
17.944000,0.1096670
17.946000,0.1097204
17.948000,0.1097204
17.950000,0.1097204
17.952000,0.1097737
17.954000,0.1097737
17.956000,0.1097737
17.958000,0.1098271
17.960000,0.1098804
17.962000,0.1098271
17.964000,0.1098804
17.966000,0.1098804
17.968000,0.1098804
17.970000,0.1098271
17.972000,0.1098804
17.974000,0.1098804
17.976000,0.1098271
17.978000,0.1098804
17.980000,0.1098271
17.982000,0.1098804
17.984000,0.1098804
17.986000,0.1098804
17.988000,0.1098804
17.990000,0.1098804
17.992000,0.1098804
17.994000,0.1098804
17.996000,0.1098804
17.998000,0.1098804
18.000000,0.1098804
18.002000,0.1099337
18.004000,0.1098804
18.006000,0.1098804
18.008000,0.1099337
18.010000,0.1099871
18.012000,0.1099337
18.014000,0.1099871
18.016000,0.1100404
18.018000,0.1099871
18.020000,0.1100404
18.022000,0.1100404
18.024000,0.1100404
18.026000,0.1100404
18.028000,0.1100404
18.030000,0.1100404
18.032000,0.1100938
18.034000,0.1100404
18.036000,0.1100404
18.038000,0.1100938
18.040000,0.1100404
18.042000,0.1100938
18.044000,0.1100404
18.046000,0.1100938
18.048000,0.1100404
18.050000,0.1100938
18.052000,0.1101471
18.054000,0.1101471
18.056000,0.1101471
18.058000,0.1102004
18.060000,0.1102004
18.062000,0.1102538
18.064000,0.1102004
18.066000,0.1102538
18.068000,0.1102538
18.070000,0.1102538
18.072000,0.1102004
18.074000,0.1102538
18.076000,0.1102004
18.078000,0.1101471
18.080000,0.1102538
18.082000,0.1100938
18.084000,0.1102538
18.086000,0.1100938
18.088000,0.1102004
18.090000,0.1100938
18.092000,0.1102004
18.094000,0.1102004
18.096000,0.1102538
18.098000,0.1103071
18.100000,0.1102538
18.102000,0.1103071
18.104000,0.1103071
18.106000,0.1103071
18.108000,0.1103605
18.110000,0.1103605
18.112000,0.1103605
18.114000,0.1104138
18.116000,0.1103605
18.118000,0.1103605
18.120000,0.1103071
18.122000,0.1103605
18.124000,0.1103605
18.126000,0.1103605
18.128000,0.1103605
18.130000,0.1104138
18.132000,0.1103605
18.134000,0.1103605
18.136000,0.1103605
18.138000,0.1104138
18.140000,0.1104138
18.142000,0.1104138
18.144000,0.1104671
18.146000,0.1104671
18.148000,0.1104671
18.150000,0.1105205
18.152000,0.1105205
18.154000,0.1105205
18.156000,0.1104671
18.158000,0.1104671
18.160000,0.1104671
18.162000,0.1105205
18.164000,0.1105205
18.166000,0.1105738
18.168000,0.1105205
18.170000,0.1106272
18.172000,0.1105738
18.174000,0.1106272
18.176000,0.1105738
18.178000,0.1106272
18.180000,0.1106272
18.182000,0.1105738
18.184000,0.1106272
18.186000,0.1105738
18.188000,0.1105738
18.190000,0.1105205
18.192000,0.1105738
18.194000,0.1105738
18.196000,0.1106272
18.198000,0.1107338
18.200000,0.1107338
18.202000,0.1107872
18.204000,0.1107338
18.206000,0.1107872
18.208000,0.1107338
18.210000,0.1107338
18.212000,0.1106805
18.214000,0.1106805
18.216000,0.1106805
18.218000,0.1106805
18.220000,0.1106272
18.222000,0.1107338
18.224000,0.1107338
18.226000,0.1106805
18.228000,0.1107872
18.230000,0.1107872
18.232000,0.1108405
18.234000,0.1108405
18.236000,0.1108405
18.238000,0.1107872
18.240000,0.1108405
18.242000,0.1107338
18.244000,0.1107872
18.246000,0.1107338
18.248000,0.1107872
18.250000,0.1107872
18.252000,0.1107338
18.254000,0.1107872
18.256000,0.1107872
18.258000,0.1108405
18.260000,0.1108405
18.262000,0.1108939
18.264000,0.1109472
18.266000,0.1108939
18.268000,0.1109472
18.270000,0.1108939
18.272000,0.1108939
18.274000,0.1108405
18.276000,0.1108405
18.278000,0.1108939
18.280000,0.1108405
18.282000,0.1108405
18.284000,0.1108939
18.286000,0.1109472
18.288000,0.1108939
18.290000,0.1108939
18.292000,0.1108939
18.294000,0.1108939
18.296000,0.1109472
18.298000,0.1109472
18.300000,0.1108939
18.302000,0.1110005
18.304000,0.1109472
18.306000,0.1110539
18.308000,0.1110005
18.310000,0.1110005
18.312000,0.1110005
18.314000,0.1110539
18.316000,0.1110005
18.318000,0.1110005
18.320000,0.1110005
18.322000,0.1110005
18.324000,0.1110005
18.326000,0.1110539
18.328000,0.1111072
18.330000,0.1110539
18.332000,0.1111072
18.334000,0.1110539
18.336000,0.1111072
18.338000,0.1110539
18.340000,0.1110539
18.342000,0.1111072
18.344000,0.1111072
18.346000,0.1111606
18.348000,0.1112139
18.350000,0.1112672
18.352000,0.1112139
18.354000,0.1112672
18.356000,0.1112139
18.358000,0.1112139
18.360000,0.1111606
18.362000,0.1111606
18.364000,0.1111072
18.366000,0.1111072
18.368000,0.1111606
18.370000,0.1111606
18.372000,0.1112139
18.374000,0.1111606
18.376000,0.1112139
18.378000,0.1112139
18.380000,0.1112139
18.382000,0.1112672
18.384000,0.1112139
18.386000,0.1112672
18.388000,0.1112672
18.390000,0.1112672
18.392000,0.1112139
18.394000,0.1113206
18.396000,0.1113206
18.398000,0.1112672
18.400000,0.1112672
18.402000,0.1112139
18.404000,0.1113206
18.406000,0.1112139
18.408000,0.1112672
18.410000,0.1112672
18.412000,0.1113206
18.414000,0.1112672
18.416000,0.1113739
18.418000,0.1113739
18.420000,0.1113739
18.422000,0.1113739
18.424000,0.1113206
18.426000,0.1113739
18.428000,0.1112672
18.430000,0.1113206
18.432000,0.1113206
18.434000,0.1112672
18.436000,0.1113206
18.438000,0.1112672
18.440000,0.1113206
18.442000,0.1113206
18.444000,0.1113206
18.446000,0.1113739
18.448000,0.1113739
18.450000,0.1114273
18.452000,0.1113739
18.454000,0.1113739
18.456000,0.1114273
18.458000,0.1114806
18.460000,0.1115339
18.462000,0.1115339
18.464000,0.1115873
18.466000,0.1115873
18.468000,0.1115873
18.470000,0.1115873
18.472000,0.1115339
18.474000,0.1115873
18.476000,0.1115339
18.478000,0.1115339
18.480000,0.1114806
18.482000,0.1115339
18.484000,0.1114806
18.486000,0.1114806
18.488000,0.1114806
18.490000,0.1114806
18.492000,0.1114806
18.494000,0.1114806
18.496000,0.1114806
18.498000,0.1114273
18.500000,0.1114806
18.502000,0.1114806
18.504000,0.1115339
18.506000,0.1115873
18.508000,0.1115873
18.510000,0.1116406
18.512000,0.1116406
18.514000,0.1116406
18.516000,0.1115873
18.518000,0.1116406
18.520000,0.1116406
18.522000,0.1115873
18.524000,0.1116406
18.526000,0.1115873
18.528000,0.1115873
18.530000,0.1115873
18.532000,0.1116406
18.534000,0.1115873
18.536000,0.1115873
18.538000,0.1116406
18.540000,0.1116940
18.542000,0.1116940
18.544000,0.1116940
18.546000,0.1117473
18.548000,0.1117473
18.550000,0.1117473
18.552000,0.1117473
18.554000,0.1117473
18.556000,0.1116940
18.558000,0.1116940
18.560000,0.1117473
18.562000,0.1117473
18.564000,0.1116940
18.566000,0.1117473
18.568000,0.1116940
18.570000,0.1116940
18.572000,0.1117473
18.574000,0.1116940
18.576000,0.1118006
18.578000,0.1116940
18.580000,0.1118006
18.582000,0.1117473
18.584000,0.1118006
18.586000,0.1118006
18.588000,0.1117473
18.590000,0.1118006
18.592000,0.1117473
18.594000,0.1118006
18.596000,0.1117473
18.598000,0.1118006
18.600000,0.1118006
18.602000,0.1118006
18.604000,0.1118540
18.606000,0.1118540
18.608000,0.1118540
18.610000,0.1118006
18.612000,0.1118540
18.614000,0.1118540
18.616000,0.1118540
18.618000,0.1118540
18.620000,0.1119073
18.622000,0.1119073
18.624000,0.1119073
18.626000,0.1119073
18.628000,0.1119073
18.630000,0.1119073
18.632000,0.1119073
18.634000,0.1119073
18.636000,0.1119073
18.638000,0.1119073
18.640000,0.1119073
18.642000,0.1119073
18.644000,0.1119073
18.646000,0.1118540
18.648000,0.1118540
18.650000,0.1118540
18.652000,0.1118540
18.654000,0.1119073
18.656000,0.1119073
18.658000,0.1119607
18.660000,0.1119073
18.662000,0.1119607
18.664000,0.1120140
18.666000,0.1119607
18.668000,0.1120140
18.670000,0.1120673
18.672000,0.1121207
18.674000,0.1121207
18.676000,0.1121207
18.678000,0.1121207
18.680000,0.1121207
18.682000,0.1121207
18.684000,0.1120673
18.686000,0.1121207
18.688000,0.1121207
18.690000,0.1120673
18.692000,0.1120673
18.694000,0.1121207
18.696000,0.1121740
18.698000,0.1121207
18.700000,0.1121740
18.702000,0.1121207
18.704000,0.1121207
18.706000,0.1121740
18.708000,0.1121207
18.710000,0.1122274
18.712000,0.1121207
18.714000,0.1122274
18.716000,0.1121207
18.718000,0.1121740
18.720000,0.1121740
18.722000,0.1121740
18.724000,0.1122274
18.726000,0.1121740
18.728000,0.1122274
18.730000,0.1121740
18.732000,0.1122274
18.734000,0.1122274
18.736000,0.1121740
18.738000,0.1122274
18.740000,0.1121740
18.742000,0.1122274
18.744000,0.1121740
18.746000,0.1122274
18.748000,0.1122274
18.750000,0.1122274
18.752000,0.1121740
18.754000,0.1122274
18.756000,0.1122274
18.758000,0.1122807
18.760000,0.1122274
18.762000,0.1122807
18.764000,0.1122807
18.766000,0.1122807
18.768000,0.1122807
18.770000,0.1122274
18.772000,0.1123874
18.774000,0.1122807
18.776000,0.1123340
18.778000,0.1122274
18.780000,0.1122807
18.782000,0.1122274
18.784000,0.1122807
18.786000,0.1122274
18.788000,0.1122274
18.790000,0.1122807
18.792000,0.1122807
18.794000,0.1122807
18.796000,0.1122807
18.798000,0.1123340
18.800000,0.1123340
18.802000,0.1122807
18.804000,0.1123340
18.806000,0.1122807
18.808000,0.1122807
18.810000,0.1123340
18.812000,0.1122807
18.814000,0.1123340
18.816000,0.1123340
18.818000,0.1122807
18.820000,0.1123340
18.822000,0.1122807
18.824000,0.1122807
18.826000,0.1123340
18.828000,0.1122807
18.830000,0.1122807
18.832000,0.1122274
18.834000,0.1122807
18.836000,0.1123340
18.838000,0.1122807
18.840000,0.1123874
18.842000,0.1123340
18.844000,0.1123874
18.846000,0.1123874
18.848000,0.1124407
18.850000,0.1123874
18.852000,0.1124407
18.854000,0.1124407
18.856000,0.1124407
18.858000,0.1124941
18.860000,0.1124941
18.862000,0.1124941
18.864000,0.1124941
18.866000,0.1124407
18.868000,0.1124941
18.870000,0.1124407
18.872000,0.1124407
18.874000,0.1124941
18.876000,0.1123874
18.878000,0.1124941
18.880000,0.1124407
18.882000,0.1125474
18.884000,0.1124941
18.886000,0.1125474
18.888000,0.1125474
18.890000,0.1124941
18.892000,0.1124941
18.894000,0.1124941
18.896000,0.1125474
18.898000,0.1125474
18.900000,0.1125474
18.902000,0.1124941
18.904000,0.1125474
18.906000,0.1124941
18.908000,0.1125474
18.910000,0.1124941
18.912000,0.1124941
18.914000,0.1124941
18.916000,0.1124941
18.918000,0.1124941
18.920000,0.1124941
18.922000,0.1124941
18.924000,0.1124941
18.926000,0.1124941
18.928000,0.1124941
18.930000,0.1125474
18.932000,0.1125474
18.934000,0.1125474
18.936000,0.1126007
18.938000,0.1126007
18.940000,0.1125474
18.942000,0.1126007
18.944000,0.1126007
18.946000,0.1126007
18.948000,0.1125474
18.950000,0.1125474
18.952000,0.1126007
18.954000,0.1124941
18.956000,0.1125474
18.958000,0.1125474
18.960000,0.1125474
18.962000,0.1126007
18.964000,0.1125474
18.966000,0.1126007
18.968000,0.1126007
18.970000,0.1126541
18.972000,0.1126541
18.974000,0.1126007
18.976000,0.1126541
18.978000,0.1126541
18.980000,0.1126541
18.982000,0.1126541
18.984000,0.1126541
18.986000,0.1127341
18.988000,0.1127341
18.990000,0.1127341
18.992000,0.1127341
18.994000,0.1127341
18.996000,0.1127341
18.998000,0.1127341
19.000000,0.1126541
19.002000,0.1127341
19.004000,0.1126541
19.006000,0.1127341
19.008000,0.1127341
19.010000,0.1127341
19.012000,0.1127874
19.014000,0.1127874
19.016000,0.1128941
19.018000,0.1127874
19.020000,0.1127874
19.022000,0.1128408
19.024000,0.1127874
19.026000,0.1128408
19.028000,0.1127874
19.030000,0.1128408
19.032000,0.1128408
19.034000,0.1128941
19.036000,0.1128408
19.038000,0.1128941
19.040000,0.1128941
19.042000,0.1128408
19.044000,0.1128941
19.046000,0.1128408
19.048000,0.1128941
19.050000,0.1128408
19.052000,0.1128408
19.054000,0.1128408
19.056000,0.1128941
19.058000,0.1128408
19.060000,0.1128408
19.062000,0.1128941
19.064000,0.1128408
19.066000,0.1128408
19.068000,0.1128408
19.070000,0.1128408
19.072000,0.1128941
19.074000,0.1128941
19.076000,0.1129475
19.078000,0.1128408
19.080000,0.1128941
19.082000,0.1128408
19.084000,0.1128941
19.086000,0.1128941
19.088000,0.1128408
19.090000,0.1129475
19.092000,0.1128408
19.094000,0.1130008
19.096000,0.1128408
19.098000,0.1129475
19.100000,0.1129475
19.102000,0.1128941
19.104000,0.1129475
19.106000,0.1128941
19.108000,0.1129475
19.110000,0.1128941
19.112000,0.1129475
19.114000,0.1129475
19.116000,0.1130008
19.118000,0.1130008
19.120000,0.1130541
19.122000,0.1130008
19.124000,0.1131075
19.126000,0.1130541
19.128000,0.1130541
19.130000,0.1130008
19.132000,0.1129475
19.134000,0.1130008
19.136000,0.1130008
19.138000,0.1129475
19.140000,0.1128941
19.142000,0.1129475
19.144000,0.1128941
19.146000,0.1129475
19.148000,0.1128941
19.150000,0.1129475
19.152000,0.1129475
19.154000,0.1130008
19.156000,0.1130008
19.158000,0.1130541
19.160000,0.1130541
19.162000,0.1130541
19.164000,0.1131608
19.166000,0.1130541
19.168000,0.1131075
19.170000,0.1130541
19.172000,0.1131075
19.174000,0.1130541
19.176000,0.1130541
19.178000,0.1131075
19.180000,0.1131075
19.182000,0.1131075
19.184000,0.1131075
19.186000,0.1131075
19.188000,0.1130541
19.190000,0.1131075
19.192000,0.1130541
19.194000,0.1131075
19.196000,0.1130541
19.198000,0.1131075
19.200000,0.1131075
19.202000,0.1131075
19.204000,0.1131608
19.206000,0.1131075
19.208000,0.1131608
19.210000,0.1131608
19.212000,0.1131608
19.214000,0.1131608
19.216000,0.1132141
19.218000,0.1131608
19.220000,0.1131608
19.222000,0.1131608
19.224000,0.1132141
19.226000,0.1131608
19.228000,0.1131608
19.230000,0.1132141
19.232000,0.1131608
19.234000,0.1132141
19.236000,0.1132141
19.238000,0.1131608
19.240000,0.1132675
19.242000,0.1131608
19.244000,0.1132141
19.246000,0.1131075
19.248000,0.1131608
19.250000,0.1131608
19.252000,0.1132141
19.254000,0.1132141
19.256000,0.1132141
19.258000,0.1132141
19.260000,0.1132141
19.262000,0.1132141
19.264000,0.1132141
19.266000,0.1132675
19.268000,0.1132675
19.270000,0.1132675
19.272000,0.1132141
19.274000,0.1132675
19.276000,0.1132675
19.278000,0.1133208
19.280000,0.1133208
19.282000,0.1133208
19.284000,0.1133208
19.286000,0.1133208
19.288000,0.1133742
19.290000,0.1133208
19.292000,0.1133208
19.294000,0.1132675
19.296000,0.1132675
19.298000,0.1132675
19.300000,0.1132675
19.302000,0.1132675
19.304000,0.1132675
19.306000,0.1132675
19.308000,0.1132141
19.310000,0.1132141
19.312000,0.1132141
19.314000,0.1131608
19.316000,0.1132141
19.318000,0.1132141
19.320000,0.1132141
19.322000,0.1132141
19.324000,0.1132141
19.326000,0.1132675
19.328000,0.1132675
19.330000,0.1132675
19.332000,0.1133208
19.334000,0.1132675
19.336000,0.1133742
19.338000,0.1133742
19.340000,0.1133208
19.342000,0.1134275
19.344000,0.1133742
19.346000,0.1134275
19.348000,0.1133742
19.350000,0.1134275
19.352000,0.1133742
19.354000,0.1133742
19.356000,0.1133208
19.358000,0.1133208
19.360000,0.1133208
19.362000,0.1133208
19.364000,0.1133742
19.366000,0.1133742
19.368000,0.1133742
19.370000,0.1133742
19.372000,0.1133742
19.374000,0.1133742
19.376000,0.1133742
19.378000,0.1134275
19.380000,0.1134275
19.382000,0.1134275
19.384000,0.1133742
19.386000,0.1134275
19.388000,0.1134275
19.390000,0.1133742
19.392000,0.1134275
19.394000,0.1133742
19.396000,0.1133742
19.398000,0.1133742
19.400000,0.1134275
19.402000,0.1133742
19.404000,0.1133742
19.406000,0.1134275
19.408000,0.1133208
19.410000,0.1133742
19.412000,0.1134275
19.414000,0.1134275
19.416000,0.1134275
19.418000,0.1133742
19.420000,0.1134809
19.422000,0.1134275
19.424000,0.1134275
19.426000,0.1133742
19.428000,0.1134275
19.430000,0.1134275
19.432000,0.1134275
19.434000,0.1134275
19.436000,0.1134275
19.438000,0.1134275
19.440000,0.1134809
19.442000,0.1134809
19.444000,0.1135342
19.446000,0.1135342
19.448000,0.1134809
19.450000,0.1135875
19.452000,0.1134809
19.454000,0.1135342
19.456000,0.1134809
19.458000,0.1134809
19.460000,0.1134275
19.462000,0.1134275
19.464000,0.1134275
19.466000,0.1133742
19.468000,0.1134275
19.470000,0.1133742
19.472000,0.1134275
19.474000,0.1134809
19.476000,0.1135342
19.478000,0.1135342
19.480000,0.1135875
19.482000,0.1135875
19.484000,0.1136409
19.486000,0.1136409
19.488000,0.1135342
19.490000,0.1136409
19.492000,0.1135342
19.494000,0.1135875
19.496000,0.1135342
19.498000,0.1135875
19.500000,0.1135342
19.502000,0.1135875
19.504000,0.1135875
19.506000,0.1135875
19.508000,0.1135875
19.510000,0.1135875
19.512000,0.1135342
19.514000,0.1135875
19.516000,0.1135875
19.518000,0.1135342
19.520000,0.1135875
19.522000,0.1135875
19.524000,0.1135875
19.526000,0.1135342
19.528000,0.1135342
19.530000,0.1135875
19.532000,0.1135875
19.534000,0.1135875
19.536000,0.1135875
19.538000,0.1136409
19.540000,0.1136409
19.542000,0.1136409
19.544000,0.1135875
19.546000,0.1135875
19.548000,0.1135875
19.550000,0.1135875
19.552000,0.1135342
19.554000,0.1135875
19.556000,0.1135342
19.558000,0.1135875
19.560000,0.1135875
19.562000,0.1136409
19.564000,0.1136942
19.566000,0.1136942
19.568000,0.1136409
19.570000,0.1136942
19.572000,0.1136942
19.574000,0.1136942
19.576000,0.1137476
19.578000,0.1136409
19.580000,0.1137476
19.582000,0.1136409
19.584000,0.1136942
19.586000,0.1136409
19.588000,0.1136942
19.590000,0.1136409
19.592000,0.1136409
19.594000,0.1137476
19.596000,0.1136942
19.598000,0.1136942
19.600000,0.1136942
19.602000,0.1136942
19.604000,0.1137476
19.606000,0.1137476
19.608000,0.1137476
19.610000,0.1136942
19.612000,0.1136942
19.614000,0.1136409
19.616000,0.1137476
19.618000,0.1136942
19.620000,0.1137476
19.622000,0.1136942
19.624000,0.1136942
19.626000,0.1136942
19.628000,0.1136942
19.630000,0.1137476
19.632000,0.1136942
19.634000,0.1137476
19.636000,0.1136942
19.638000,0.1137476
19.640000,0.1136942
19.642000,0.1137476
19.644000,0.1137476
19.646000,0.1137476
19.648000,0.1137476
19.650000,0.1136942
19.652000,0.1136942
19.654000,0.1136942
19.656000,0.1137476
19.658000,0.1136942
19.660000,0.1136942
19.662000,0.1136942
19.664000,0.1136942
19.666000,0.1136942
19.668000,0.1136942
19.670000,0.1136942
19.672000,0.1136942
19.674000,0.1136942
19.676000,0.1136942
19.678000,0.1136942
19.680000,0.1136942
19.682000,0.1136942
19.684000,0.1137476
19.686000,0.1137476
19.688000,0.1136942
19.690000,0.1137476
19.692000,0.1137476
19.694000,0.1138009
19.696000,0.1137476
19.698000,0.1137476
19.700000,0.1137476
19.702000,0.1137476
19.704000,0.1137476
19.706000,0.1137476
19.708000,0.1136942
19.710000,0.1137476
19.712000,0.1137476
19.714000,0.1137476
19.716000,0.1138009
19.718000,0.1137476
19.720000,0.1138009
19.722000,0.1138009
19.724000,0.1138542
19.726000,0.1138542
19.728000,0.1138009
19.730000,0.1138542
19.732000,0.1139076
19.734000,0.1138542
19.736000,0.1138542
19.738000,0.1138542
19.740000,0.1138542
19.742000,0.1138542
19.744000,0.1138542
19.746000,0.1138542
19.748000,0.1138542
19.750000,0.1138542
19.752000,0.1138542
19.754000,0.1139076
19.756000,0.1138542
19.758000,0.1139076
19.760000,0.1138542
19.762000,0.1138542
19.764000,0.1138542
19.766000,0.1138542
19.768000,0.1138542
19.770000,0.1138542
19.772000,0.1138542
19.774000,0.1138542
19.776000,0.1138542
19.778000,0.1138542
19.780000,0.1139076
19.782000,0.1138542
19.784000,0.1139076
19.786000,0.1138542
19.788000,0.1138542
19.790000,0.1138009
19.792000,0.1138542
19.794000,0.1138542
19.796000,0.1139076
19.798000,0.1139076
19.800000,0.1139076
19.802000,0.1139076
19.804000,0.1139076
19.806000,0.1139076
19.808000,0.1139076
19.810000,0.1139076
19.812000,0.1139076
19.814000,0.1139076
19.816000,0.1139609
19.818000,0.1139076
19.820000,0.1139609
19.822000,0.1139076
19.824000,0.1139076
19.826000,0.1139076
19.828000,0.1139609
19.830000,0.1139609
19.832000,0.1139076
19.834000,0.1139609
19.836000,0.1139609
19.838000,0.1139609
19.840000,0.1139076
19.842000,0.1139076
19.844000,0.1139076
19.846000,0.1138542
19.848000,0.1139076
19.850000,0.1138542
19.852000,0.1138542
19.854000,0.1138542
19.856000,0.1139076
19.858000,0.1138542
19.860000,0.1139076
19.862000,0.1139609
19.864000,0.1139609
19.866000,0.1139609
19.868000,0.1139076
19.870000,0.1140142
19.872000,0.1139609
19.874000,0.1139609
19.876000,0.1139609
19.878000,0.1140142
19.880000,0.1139609
19.882000,0.1140142
19.884000,0.1139609
19.886000,0.1139609
19.888000,0.1139609
19.890000,0.1140142
19.892000,0.1139609
19.894000,0.1140142
19.896000,0.1139609
19.898000,0.1140142
19.900000,0.1139609
19.902000,0.1139609
19.904000,0.1140142
19.906000,0.1139609
19.908000,0.1140142
19.910000,0.1140142
19.912000,0.1140142
19.914000,0.1139609
19.916000,0.1140142
19.918000,0.1140142
19.920000,0.1139609
19.922000,0.1140142
19.924000,0.1139609
19.926000,0.1140142
19.928000,0.1140142
19.930000,0.1140142
19.932000,0.1140676
19.934000,0.1140142
19.936000,0.1140676
19.938000,0.1140676
19.940000,0.1140676
19.942000,0.1140676
19.944000,0.1140142
19.946000,0.1140676
19.948000,0.1140142
19.950000,0.1140676
19.952000,0.1140142
19.954000,0.1141209
19.956000,0.1140142
19.958000,0.1140676
19.960000,0.1140142
19.962000,0.1140142
19.964000,0.1140142
19.966000,0.1140142
19.968000,0.1140676
19.970000,0.1140142
19.972000,0.1140676
19.974000,0.1140142
19.976000,0.1140676
19.978000,0.1140676
19.980000,0.1140142
19.982000,0.1140676
19.984000,0.1140142
19.986000,0.1140142
19.988000,0.1140142
19.990000,0.1140676
19.992000,0.1140676
19.994000,0.1140676
19.996000,0.1141209
19.998000,0.1140142
20.000000,0.1140676
20.002000,0.1141209
20.004000,0.1140676
20.006000,0.1140676
20.008000,0.1141209
20.010000,0.1141209
20.012000,0.1141209
20.014000,0.1141209
20.016000,0.1141209
20.018000,0.1140676
20.020000,0.1141209
20.022000,0.1140676
20.024000,0.1140676
20.026000,0.1140676
20.028000,0.1140676
20.030000,0.1140142
20.032000,0.1140142
20.034000,0.1140142
20.036000,0.1140676
20.038000,0.1140142
20.040000,0.1140676
20.042000,0.1140676
20.044000,0.1140676
20.046000,0.1141743
20.048000,0.1140676
20.050000,0.1141743
20.052000,0.1141743
20.054000,0.1141209
20.056000,0.1141743
20.058000,0.1141209
20.060000,0.1141209
20.062000,0.1141209
20.064000,0.1141209
20.066000,0.1141209
20.068000,0.1140676
20.070000,0.1141209
20.072000,0.1141209
20.074000,0.1141209
20.076000,0.1141209
20.078000,0.1141209
20.080000,0.1141209
20.082000,0.1141209
20.084000,0.1141743
20.086000,0.1141743
20.088000,0.1141743
20.090000,0.1141209
20.092000,0.1141743
20.094000,0.1141743
20.096000,0.1142276
20.098000,0.1141743
20.100000,0.1141743
20.102000,0.1141743
20.104000,0.1141743
20.106000,0.1141743
20.108000,0.1141209
20.110000,0.1141743
20.112000,0.1141209
20.114000,0.1141743
20.116000,0.1141743
20.118000,0.1142276
20.120000,0.1142276
20.122000,0.1142276
20.124000,0.1142276
20.126000,0.1142276
20.128000,0.1142276
20.130000,0.1142276
20.132000,0.1142810
20.134000,0.1142810
20.136000,0.1142810
20.138000,0.1142810
20.140000,0.1142810
20.142000,0.1142810
20.144000,0.1142276
20.146000,0.1142810
20.148000,0.1142276
20.150000,0.1142276
20.152000,0.1141743
20.154000,0.1142276
20.156000,0.1142276
20.158000,0.1142810
20.160000,0.1142810
20.162000,0.1142276
20.164000,0.1142276
20.166000,0.1142810
20.168000,0.1142810
20.170000,0.1142810
20.172000,0.1142276
20.174000,0.1142810
20.176000,0.1142810
20.178000,0.1142810
20.180000,0.1142810
20.182000,0.1142810
20.184000,0.1142276
20.186000,0.1142276
20.188000,0.1142810
20.190000,0.1141743
20.192000,0.1142276
20.194000,0.1141743
20.196000,0.1142276
20.198000,0.1142276
20.200000,0.1142810
20.202000,0.1142810
20.204000,0.1142810
20.206000,0.1143343
20.208000,0.1142810
20.210000,0.1142810
20.212000,0.1142810
20.214000,0.1142810
20.216000,0.1143343
20.218000,0.1142810
20.220000,0.1142810
20.222000,0.1142810
20.224000,0.1143343
20.226000,0.1143343
20.228000,0.1143343
20.230000,0.1143343
20.232000,0.1143343
20.234000,0.1143876
20.236000,0.1143343
20.238000,0.1143343
20.240000,0.1143343
20.242000,0.1143343
20.244000,0.1142810
20.246000,0.1143343
20.248000,0.1143343
20.250000,0.1143876
20.252000,0.1143343
20.254000,0.1143343
20.256000,0.1143343
20.258000,0.1143343
20.260000,0.1143343
20.262000,0.1143343
20.264000,0.1143343
20.266000,0.1142810
20.268000,0.1142810
20.270000,0.1142810
20.272000,0.1142276
20.274000,0.1142810
20.276000,0.1142276
20.278000,0.1142276
20.280000,0.1142810
20.282000,0.1142810
20.284000,0.1143343
20.286000,0.1143343
20.288000,0.1143343
20.290000,0.1143343
20.292000,0.1143343
20.294000,0.1143343
20.296000,0.1143876
20.298000,0.1143876
20.300000,0.1143343
20.302000,0.1143343
20.304000,0.1143343
20.306000,0.1143343
20.308000,0.1143343
20.310000,0.1142810
20.312000,0.1143343
20.314000,0.1142810
20.316000,0.1143343
20.318000,0.1142810
20.320000,0.1143876
20.322000,0.1142810
20.324000,0.1142810
20.326000,0.1142810
20.328000,0.1142276
20.330000,0.1142810
20.332000,0.1142276
20.334000,0.1142810
20.336000,0.1142276
20.338000,0.1142810
20.340000,0.1142810
20.342000,0.1142810
20.344000,0.1143343
20.346000,0.1143343
20.348000,0.1143876
20.350000,0.1143343
20.352000,0.1143876
20.354000,0.1143876
20.356000,0.1143343
20.358000,0.1143876
20.360000,0.1143876
20.362000,0.1143876
20.364000,0.1143876
20.366000,0.1144410
20.368000,0.1144410
20.370000,0.1144410
20.372000,0.1143876
20.374000,0.1144410
20.376000,0.1143876
20.378000,0.1143876
20.380000,0.1143876
20.382000,0.1143876
20.384000,0.1143876
20.386000,0.1143876
20.388000,0.1143343
20.390000,0.1143343
20.392000,0.1143343
20.394000,0.1143343
20.396000,0.1143876
20.398000,0.1143876
20.400000,0.1143343
20.402000,0.1143876
20.404000,0.1143876
20.406000,0.1143876
20.408000,0.1143876
20.410000,0.1144410
20.412000,0.1143876
20.414000,0.1143876
20.416000,0.1143876
20.418000,0.1143876
20.420000,0.1143876
20.422000,0.1143876
20.424000,0.1143876
20.426000,0.1143876
20.428000,0.1144410
20.430000,0.1143876
20.432000,0.1144410
20.434000,0.1144410
20.436000,0.1143876
20.438000,0.1143876
20.440000,0.1143876
20.442000,0.1143876
20.444000,0.1143876
20.446000,0.1143876
20.448000,0.1143876
20.450000,0.1143343
20.452000,0.1143343
20.454000,0.1143343
20.456000,0.1142810
20.458000,0.1143343
20.460000,0.1143343
20.462000,0.1143876
20.464000,0.1143876
20.466000,0.1144410
20.468000,0.1144410
20.470000,0.1144410
20.472000,0.1144410
20.474000,0.1144410
20.476000,0.1144410
20.478000,0.1144410
20.480000,0.1144410
20.482000,0.1144410
20.484000,0.1143876
20.486000,0.1144943
20.488000,0.1143876
20.490000,0.1144410
20.492000,0.1144410
20.494000,0.1144410
20.496000,0.1144410
20.498000,0.1144410
20.500000,0.1144410
20.502000,0.1143876
20.504000,0.1144410
20.506000,0.1144410
20.508000,0.1143876
20.510000,0.1143876
20.512000,0.1144410
20.514000,0.1143876
20.516000,0.1144410
20.518000,0.1143876
20.520000,0.1144410
20.522000,0.1144410
20.524000,0.1144410
20.526000,0.1144410
20.528000,0.1144410
20.530000,0.1144410
20.532000,0.1143876
20.534000,0.1144410
20.536000,0.1144410
20.538000,0.1144943
20.540000,0.1144943
20.542000,0.1144943
20.544000,0.1144943
20.546000,0.1146010
20.548000,0.1145477
20.550000,0.1145477
20.552000,0.1145477
20.554000,0.1145477
20.556000,0.1145477
20.558000,0.1144943
20.560000,0.1144943
20.562000,0.1144410
20.564000,0.1144410
20.566000,0.1143876
20.568000,0.1144410
20.570000,0.1143876
20.572000,0.1144410
20.574000,0.1144410
20.576000,0.1144410
20.578000,0.1144410
20.580000,0.1144410
20.582000,0.1144410
20.584000,0.1144410
20.586000,0.1144943
20.588000,0.1144943
20.590000,0.1144410
20.592000,0.1144943
20.594000,0.1144943
20.596000,0.1145477
20.598000,0.1145477
20.600000,0.1145477
20.602000,0.1145477
20.604000,0.1144943
20.606000,0.1144943
20.608000,0.1144410
20.610000,0.1144943
20.612000,0.1144410
20.614000,0.1144410
20.616000,0.1144410
20.618000,0.1144943
20.620000,0.1144943
20.622000,0.1144943
20.624000,0.1145477
20.626000,0.1145477
20.628000,0.1146010
20.630000,0.1145477
20.632000,0.1146010
20.634000,0.1145477
20.636000,0.1145477
20.638000,0.1146010
20.640000,0.1145477
20.642000,0.1145477
20.644000,0.1144943
20.646000,0.1144943
20.648000,0.1145477
20.650000,0.1144943
20.652000,0.1144943
20.654000,0.1144943
20.656000,0.1144943
20.658000,0.1145477
20.660000,0.1145477
20.662000,0.1145477
20.664000,0.1144943
20.666000,0.1146010
20.668000,0.1145477
20.670000,0.1145477
20.672000,0.1146010
20.674000,0.1145477
20.676000,0.1146010
20.678000,0.1146010
20.680000,0.1146010
20.682000,0.1146010
20.684000,0.1144943
20.686000,0.1145477
20.688000,0.1144943
20.690000,0.1144943
20.692000,0.1144943
20.694000,0.1144410
20.696000,0.1145477
20.698000,0.1144410
20.700000,0.1144943
20.702000,0.1144943
20.704000,0.1144943
20.706000,0.1144410
20.708000,0.1144943
20.710000,0.1144943
20.712000,0.1144943
20.714000,0.1144943
20.716000,0.1144943
20.718000,0.1144943
20.720000,0.1145477
20.722000,0.1145477
20.724000,0.1144943
20.726000,0.1145477
20.728000,0.1144943
20.730000,0.1144943
20.732000,0.1145477
20.734000,0.1144943
20.736000,0.1145477
20.738000,0.1145477
20.740000,0.1145477
20.742000,0.1146010
20.744000,0.1145477
20.746000,0.1146010
20.748000,0.1146010
20.750000,0.1146010
20.752000,0.1145477
20.754000,0.1145477
20.756000,0.1145477
20.758000,0.1145477
20.760000,0.1144943
20.762000,0.1144943
20.764000,0.1144943
20.766000,0.1146010
20.768000,0.1146010
20.770000,0.1146010
20.772000,0.1146010
20.774000,0.1146010
20.776000,0.1146543
20.778000,0.1146010
20.780000,0.1146010
20.782000,0.1145477
20.784000,0.1146010
20.786000,0.1145477
20.788000,0.1145477
20.790000,0.1146010
20.792000,0.1145477
20.794000,0.1145477
20.796000,0.1146010
20.798000,0.1146010
20.800000,0.1146010
20.802000,0.1146010
20.804000,0.1146010
20.806000,0.1146010
20.808000,0.1146010
20.810000,0.1146010
20.812000,0.1146010
20.814000,0.1146543
20.816000,0.1146010
20.818000,0.1146010
20.820000,0.1146010
20.822000,0.1146010
20.824000,0.1146543
20.826000,0.1146010
20.828000,0.1146543
20.830000,0.1146010
20.832000,0.1146543
20.834000,0.1146010
20.836000,0.1146010
20.838000,0.1145477
20.840000,0.1145477
20.842000,0.1145477
20.844000,0.1144943
20.846000,0.1145477
20.848000,0.1144943
20.850000,0.1146010
20.852000,0.1144943
20.854000,0.1146010
20.856000,0.1145477
20.858000,0.1146010
20.860000,0.1145477
20.862000,0.1146010
20.864000,0.1146010
20.866000,0.1146010
20.868000,0.1147077
20.870000,0.1146010
20.872000,0.1146543
20.874000,0.1145477
20.876000,0.1146543
20.878000,0.1146010
20.880000,0.1146010
20.882000,0.1146010
20.884000,0.1145477
20.886000,0.1146010
20.888000,0.1145477
20.890000,0.1146543
20.892000,0.1146010
20.894000,0.1146543
20.896000,0.1146543
20.898000,0.1147077
20.900000,0.1147077
20.902000,0.1147077
20.904000,0.1147077
20.906000,0.1146543
20.908000,0.1147610
20.910000,0.1146543
20.912000,0.1147077
20.914000,0.1146010
20.916000,0.1146010
20.918000,0.1146010
20.920000,0.1146010
20.922000,0.1146010
20.924000,0.1146010
20.926000,0.1146010
20.928000,0.1146010
20.930000,0.1146010
20.932000,0.1146543
20.934000,0.1146543
20.936000,0.1146010
20.938000,0.1146543
20.940000,0.1146543
20.942000,0.1146543
20.944000,0.1146543
20.946000,0.1146543
20.948000,0.1146543
20.950000,0.1146543
20.952000,0.1146543
20.954000,0.1146543
20.956000,0.1147610
20.958000,0.1147077
20.960000,0.1146543
20.962000,0.1147077
20.964000,0.1147077
20.966000,0.1147077
20.968000,0.1147077
20.970000,0.1147077
20.972000,0.1147077
20.974000,0.1147077
20.976000,0.1147077
20.978000,0.1146543
20.980000,0.1146543
20.982000,0.1146010
20.984000,0.1146543
20.986000,0.1146010
20.988000,0.1146010
20.990000,0.1146010
20.992000,0.1146010
20.994000,0.1146543
20.996000,0.1146010
20.998000,0.1146543
21.000000,0.1147077
21.002000,0.1147077
21.004000,0.1147077
21.006000,0.1147077
21.008000,0.1147610
21.010000,0.1147077
21.012000,0.1147077
21.014000,0.1147077
21.016000,0.1147610
21.018000,0.1147077
21.020000,0.1147610
21.022000,0.1147077
21.024000,0.1147077
21.026000,0.1147077
21.028000,0.1148143
21.030000,0.1147077
21.032000,0.1147610
21.034000,0.1147610
21.036000,0.1147610
21.038000,0.1148143
21.040000,0.1147610
21.042000,0.1147610
21.044000,0.1146543
21.046000,0.1147077
21.048000,0.1146010
21.050000,0.1146543
21.052000,0.1146010
21.054000,0.1146543
21.056000,0.1145477
21.058000,0.1146543
21.060000,0.1146543
21.062000,0.1146543
21.064000,0.1146543
21.066000,0.1146010
21.068000,0.1146010
21.070000,0.1146010
21.072000,0.1146010
21.074000,0.1145477
21.076000,0.1146010
21.078000,0.1146543
21.080000,0.1147077
21.082000,0.1147077
21.084000,0.1147610
21.086000,0.1147610
21.088000,0.1148143
21.090000,0.1147610
21.092000,0.1148143
21.094000,0.1147077
21.096000,0.1147610
21.098000,0.1147077
21.100000,0.1146543
21.102000,0.1147077
21.104000,0.1147077
21.106000,0.1147610
21.108000,0.1147077
21.110000,0.1147610
21.112000,0.1147077
21.114000,0.1147610
21.116000,0.1147610
21.118000,0.1147610
21.120000,0.1147077
21.122000,0.1147077
21.124000,0.1147077
21.126000,0.1146543
21.128000,0.1146543
21.130000,0.1146010
21.132000,0.1146543
21.134000,0.1146543
21.136000,0.1147077
21.138000,0.1147077
21.140000,0.1147077
21.142000,0.1147610
21.144000,0.1147610
21.146000,0.1147610
21.148000,0.1147610
21.150000,0.1147610
21.152000,0.1147077
21.154000,0.1146543
21.156000,0.1147077
21.158000,0.1146543
21.160000,0.1147077
21.162000,0.1147077
21.164000,0.1146543
21.166000,0.1146543
21.168000,0.1146543
21.170000,0.1146543
21.172000,0.1146543
21.174000,0.1146543
21.176000,0.1146543
21.178000,0.1147077
21.180000,0.1147077
21.182000,0.1147610
21.184000,0.1147077
21.186000,0.1147610
21.188000,0.1147077
21.190000,0.1147077
21.192000,0.1147077
21.194000,0.1146543
21.196000,0.1147077
21.198000,0.1146543
21.200000,0.1146543
21.202000,0.1146010
21.204000,0.1146543
21.206000,0.1146010
21.208000,0.1146010
21.210000,0.1146543
21.212000,0.1146543
21.214000,0.1146543
21.216000,0.1146543
21.218000,0.1147077
21.220000,0.1147077
21.222000,0.1147077
21.224000,0.1147077
21.226000,0.1147610
21.228000,0.1147077
21.230000,0.1147077
21.232000,0.1146543
21.234000,0.1146543
21.236000,0.1146543
21.238000,0.1146543
21.240000,0.1146543
21.242000,0.1146543
21.244000,0.1147077
21.246000,0.1146543
21.248000,0.1147610
21.250000,0.1147077
21.252000,0.1147077
21.254000,0.1147610
21.256000,0.1147077
21.258000,0.1147610
21.260000,0.1147077
21.262000,0.1147077
21.264000,0.1147610
21.266000,0.1147077
21.268000,0.1147610
21.270000,0.1147077
21.272000,0.1147610
21.274000,0.1147610
21.276000,0.1147077
21.278000,0.1147077
21.280000,0.1147077
21.282000,0.1147610
21.284000,0.1147077
21.286000,0.1147610
21.288000,0.1147077
21.290000,0.1148143
21.292000,0.1147610
21.294000,0.1148143
21.296000,0.1147610
21.298000,0.1148143
21.300000,0.1148143
21.302000,0.1148143
21.304000,0.1148143
21.306000,0.1148143
21.308000,0.1148143
21.310000,0.1147077
21.312000,0.1147610
21.314000,0.1147077
21.316000,0.1147610
21.318000,0.1146543
21.320000,0.1147610
21.322000,0.1147077
21.324000,0.1147610
21.326000,0.1147610
21.328000,0.1147610
21.330000,0.1147610
21.332000,0.1147610
21.334000,0.1147610
21.336000,0.1147077
21.338000,0.1147077
21.340000,0.1147077
21.342000,0.1147077
21.344000,0.1146543
21.346000,0.1147077
21.348000,0.1147077
21.350000,0.1147610
21.352000,0.1147077
21.354000,0.1147610
21.356000,0.1147610
21.358000,0.1147610
21.360000,0.1148143
21.362000,0.1148143
21.364000,0.1148143
21.366000,0.1148143
21.368000,0.1147610
21.370000,0.1147610
21.372000,0.1147610
21.374000,0.1146543
21.376000,0.1147077
21.378000,0.1147077
21.380000,0.1147610
21.382000,0.1147077
21.384000,0.1147610
21.386000,0.1147610
21.388000,0.1147610
21.390000,0.1148143
21.392000,0.1148143
21.394000,0.1148143
21.396000,0.1147610
21.398000,0.1148143
21.400000,0.1147610
21.402000,0.1148143
21.404000,0.1148143
21.406000,0.1148143
21.408000,0.1148677
21.410000,0.1148143
21.412000,0.1148677
21.414000,0.1148143
21.416000,0.1148677
21.418000,0.1148143
21.420000,0.1148143
21.422000,0.1148143
21.424000,0.1147610
21.426000,0.1147610
21.428000,0.1147077
21.430000,0.1148143
21.432000,0.1147610
21.434000,0.1148143
21.436000,0.1148143
21.438000,0.1148143
21.440000,0.1148143
21.442000,0.1147610
21.444000,0.1148677
21.446000,0.1148143
21.448000,0.1147610
21.450000,0.1147610
21.452000,0.1147610
21.454000,0.1147610
21.456000,0.1147077
21.458000,0.1147077
21.460000,0.1147077
21.462000,0.1147077
21.464000,0.1147077
21.466000,0.1147610
21.468000,0.1147610
21.470000,0.1148143
21.472000,0.1148143
21.474000,0.1148677
21.476000,0.1149210
21.478000,0.1148143
21.480000,0.1149210
21.482000,0.1148677
21.484000,0.1149210
21.486000,0.1148677
21.488000,0.1148143
21.490000,0.1148677
21.492000,0.1147077
21.494000,0.1148143
21.496000,0.1147077
21.498000,0.1147610
21.500000,0.1147077
21.502000,0.1147610
21.504000,0.1147610
21.506000,0.1147610
21.508000,0.1147610
21.510000,0.1147077
21.512000,0.1147610
21.514000,0.1147077
21.516000,0.1147077
21.518000,0.1147077
21.520000,0.1147077
21.522000,0.1147077
21.524000,0.1147077
21.526000,0.1147077
21.528000,0.1147077
21.530000,0.1147077
21.532000,0.1147610
21.534000,0.1147610
21.536000,0.1148143
21.538000,0.1147610
21.540000,0.1148677
21.542000,0.1148677
21.544000,0.1148677
21.546000,0.1148677
21.548000,0.1148677
21.550000,0.1148143
21.552000,0.1148143
21.554000,0.1147610
21.556000,0.1147610
21.558000,0.1147610
21.560000,0.1147077
21.562000,0.1147610
21.564000,0.1147077
21.566000,0.1147610
21.568000,0.1147077
21.570000,0.1147610
21.572000,0.1147610
21.574000,0.1147610
21.576000,0.1147610
21.578000,0.1147077
21.580000,0.1147610
21.582000,0.1147610
21.584000,0.1148143
21.586000,0.1148143
21.588000,0.1148143
21.590000,0.1147610
21.592000,0.1148143
21.594000,0.1147610
21.596000,0.1148143
21.598000,0.1147077
21.600000,0.1147610
21.602000,0.1147077
21.604000,0.1147610
21.606000,0.1147610
21.608000,0.1147610
21.610000,0.1147610
21.612000,0.1147610
21.614000,0.1147610
21.616000,0.1147610
21.618000,0.1147077
21.620000,0.1148143
21.622000,0.1147610
21.624000,0.1148143
21.626000,0.1148143
21.628000,0.1148143
21.630000,0.1148143
21.632000,0.1148677
21.634000,0.1148143
21.636000,0.1148143
21.638000,0.1148143
21.640000,0.1147610
21.642000,0.1148143
21.644000,0.1148143
21.646000,0.1147610
21.648000,0.1147610
21.650000,0.1148143
21.652000,0.1147610
21.654000,0.1148143
21.656000,0.1148143
21.658000,0.1148677
21.660000,0.1147610
21.662000,0.1148143
21.664000,0.1147610
21.666000,0.1147610
21.668000,0.1148143
21.670000,0.1147610
21.672000,0.1148677
21.674000,0.1147077
21.676000,0.1148677
21.678000,0.1147610
21.680000,0.1148677
21.682000,0.1148143
21.684000,0.1147610
21.686000,0.1148143
21.688000,0.1147610
21.690000,0.1148143
21.692000,0.1147077
21.694000,0.1148143
21.696000,0.1147077
21.698000,0.1147610
21.700000,0.1147610
21.702000,0.1147610
21.704000,0.1148143
21.706000,0.1148143
21.708000,0.1148143
21.710000,0.1147610
21.712000,0.1148143
21.714000,0.1147610
21.716000,0.1148677
21.718000,0.1147610
21.720000,0.1148143
21.722000,0.1148143
21.724000,0.1147610
21.726000,0.1148143
21.728000,0.1148143
21.730000,0.1148143
21.732000,0.1148677
21.734000,0.1148677
21.736000,0.1148677
21.738000,0.1148143
21.740000,0.1148677
21.742000,0.1148143
21.744000,0.1148143
21.746000,0.1148677
21.748000,0.1147610
21.750000,0.1148143
21.752000,0.1148143
21.754000,0.1148143
21.756000,0.1148143
21.758000,0.1148143
21.760000,0.1148677
21.762000,0.1148143
21.764000,0.1148677
21.766000,0.1148677
21.768000,0.1148677
21.770000,0.1148143
21.772000,0.1148677
21.774000,0.1148143
21.776000,0.1148143
21.778000,0.1148143
21.780000,0.1147610
21.782000,0.1147610
21.784000,0.1147610
21.786000,0.1147610
21.788000,0.1147610
21.790000,0.1148143
21.792000,0.1147077
21.794000,0.1148677
21.796000,0.1147077
21.798000,0.1148143
21.800000,0.1147610
21.802000,0.1148143
21.804000,0.1147610
21.806000,0.1148143
21.808000,0.1148143
21.810000,0.1147610
21.812000,0.1148143
21.814000,0.1147610
21.816000,0.1148143
21.818000,0.1147610
21.820000,0.1148143
21.822000,0.1148143
21.824000,0.1149210
21.826000,0.1148143
21.828000,0.1149210
21.830000,0.1148143
21.832000,0.1148677
21.834000,0.1149210
21.836000,0.1149210
21.838000,0.1148677
21.840000,0.1148143
21.842000,0.1148677
21.844000,0.1148143
21.846000,0.1148143
21.848000,0.1148143
21.850000,0.1148677
21.852000,0.1148143
21.854000,0.1148677
21.856000,0.1148143
21.858000,0.1148677
21.860000,0.1148143
21.862000,0.1148143
21.864000,0.1148143
21.866000,0.1148143
21.868000,0.1148677
21.870000,0.1148143
21.872000,0.1148677
21.874000,0.1147610
21.876000,0.1148677
21.878000,0.1148143
21.880000,0.1148143
21.882000,0.1148677
21.884000,0.1148143
21.886000,0.1148677
21.888000,0.1148677
21.890000,0.1148143
21.892000,0.1148677
21.894000,0.1148143
21.896000,0.1148677
21.898000,0.1148143
21.900000,0.1148143
21.902000,0.1148143
21.904000,0.1148677
21.906000,0.1148677
21.908000,0.1148143
21.910000,0.1149210
21.912000,0.1148143
21.914000,0.1149210
21.916000,0.1148677
21.918000,0.1148677
21.920000,0.1148143
21.922000,0.1148143
21.924000,0.1147610
21.926000,0.1147610
21.928000,0.1147610
21.930000,0.1147077
21.932000,0.1147610
21.934000,0.1147610
21.936000,0.1147610
21.938000,0.1148143
21.940000,0.1148143
21.942000,0.1148677
21.944000,0.1148677
21.946000,0.1148143
21.948000,0.1149210
21.950000,0.1148143
21.952000,0.1148677
21.954000,0.1148143
21.956000,0.1148143
21.958000,0.1148143
21.960000,0.1148677
21.962000,0.1148143
21.964000,0.1148677
21.966000,0.1148677
21.968000,0.1148677
21.970000,0.1148677
21.972000,0.1148677
21.974000,0.1148677
21.976000,0.1148677
21.978000,0.1148677
21.980000,0.1148143
21.982000,0.1148677
21.984000,0.1148677
21.986000,0.1148143
21.988000,0.1148677
21.990000,0.1147610
21.992000,0.1148143
21.994000,0.1147610
21.996000,0.1146543
21.998000,0.1148143
22.000000,0.1146543
22.002000,0.1148143
22.004000,0.1147610
22.006000,0.1148143
22.008000,0.1148677
22.010000,0.1148143
22.012000,0.1149210
22.014000,0.1148143
22.016000,0.1148677
22.018000,0.1148677
22.020000,0.1148677
22.022000,0.1148143
22.024000,0.1148143
22.026000,0.1148143
22.028000,0.1148143
22.030000,0.1147610
22.032000,0.1148143
22.034000,0.1147610
22.036000,0.1148143
22.038000,0.1147610
22.040000,0.1148143
22.042000,0.1147610
22.044000,0.1147610
22.046000,0.1147610
22.048000,0.1147077
22.050000,0.1147610
22.052000,0.1147610
22.054000,0.1147610
22.056000,0.1147610
22.058000,0.1147610
22.060000,0.1148143
22.062000,0.1147610
22.064000,0.1147610
22.066000,0.1147610
22.068000,0.1148143
22.070000,0.1148143
22.072000,0.1148677
22.074000,0.1148677
22.076000,0.1148143
22.078000,0.1148677
22.080000,0.1148143
22.082000,0.1149210
22.084000,0.1148143
22.086000,0.1148143
22.088000,0.1147610
22.090000,0.1148143
22.092000,0.1147610
22.094000,0.1148143
22.096000,0.1148143
22.098000,0.1147610
22.100000,0.1148143
22.102000,0.1147610
22.104000,0.1148677
22.106000,0.1147610
22.108000,0.1148677
22.110000,0.1148143
22.112000,0.1148677
22.114000,0.1148677
22.116000,0.1148677
22.118000,0.1148143
22.120000,0.1148677
22.122000,0.1148143
22.124000,0.1148143
22.126000,0.1148143
22.128000,0.1148143
22.130000,0.1148677
22.132000,0.1148143
22.134000,0.1148677
22.136000,0.1148677
22.138000,0.1149210
22.140000,0.1148143
22.142000,0.1148677
22.144000,0.1148677
22.146000,0.1148143
22.148000,0.1148677
22.150000,0.1148677
22.152000,0.1148677
22.154000,0.1148143
22.156000,0.1148677
22.158000,0.1149210
22.160000,0.1148143
22.162000,0.1148677
22.164000,0.1148143
22.166000,0.1148143
22.168000,0.1148143
22.170000,0.1147610
22.172000,0.1148143
22.174000,0.1147077
22.176000,0.1148143
22.178000,0.1147610
22.180000,0.1148143
22.182000,0.1147610
22.184000,0.1148143
22.186000,0.1147610
22.188000,0.1147077
22.190000,0.1148143
22.192000,0.1147610
22.194000,0.1147610
22.196000,0.1147610
22.198000,0.1147610
22.200000,0.1148143
22.202000,0.1147077
22.204000,0.1147610
22.206000,0.1147610
22.208000,0.1147610
22.210000,0.1147610
22.212000,0.1147610
22.214000,0.1148143
22.216000,0.1148143
22.218000,0.1148143
22.220000,0.1147610
22.222000,0.1148677
22.224000,0.1148143
22.226000,0.1148143
22.228000,0.1147610
22.230000,0.1148143
22.232000,0.1147610
22.234000,0.1148143
22.236000,0.1148143
22.238000,0.1148677
22.240000,0.1148143
22.242000,0.1148677
22.244000,0.1148143
22.246000,0.1148677
22.248000,0.1148143
22.250000,0.1148143
22.252000,0.1148143
22.254000,0.1148143
22.256000,0.1148677
22.258000,0.1148143
22.260000,0.1148677
22.262000,0.1148143
22.264000,0.1148143
22.266000,0.1148143
22.268000,0.1148143
22.270000,0.1148143
22.272000,0.1148143
22.274000,0.1148143
22.276000,0.1148143
22.278000,0.1148143
22.280000,0.1148143
22.282000,0.1148143
22.284000,0.1148143
22.286000,0.1148143
22.288000,0.1148143
22.290000,0.1148143
22.292000,0.1148143
22.294000,0.1148143
22.296000,0.1148143
22.298000,0.1147610
22.300000,0.1147610
22.302000,0.1147610
22.304000,0.1147077
22.306000,0.1148143
22.308000,0.1147610
22.310000,0.1148143
22.312000,0.1148143
22.314000,0.1148677
22.316000,0.1148677
22.318000,0.1148677
22.320000,0.1148677
22.322000,0.1149210
22.324000,0.1149210
22.326000,0.1148677
22.328000,0.1149210
22.330000,0.1148677
22.332000,0.1148677
22.334000,0.1148677
22.336000,0.1148677
22.338000,0.1148677
22.340000,0.1148677
22.342000,0.1148677
22.344000,0.1148677
22.346000,0.1148677
22.348000,0.1149210
22.350000,0.1148677
22.352000,0.1148677
22.354000,0.1148677
22.356000,0.1148677
22.358000,0.1148143
22.360000,0.1148677
22.362000,0.1148677
22.364000,0.1148677
22.366000,0.1148677
22.368000,0.1148677
22.370000,0.1148677
22.372000,0.1148677
22.374000,0.1148677
22.376000,0.1149210
22.378000,0.1149210
22.380000,0.1148677
22.382000,0.1148677
22.384000,0.1148677
22.386000,0.1149210
22.388000,0.1148143
22.390000,0.1148677
22.392000,0.1148143
22.394000,0.1148143
22.396000,0.1149210
22.398000,0.1148143
22.400000,0.1148677
22.402000,0.1148143
22.404000,0.1149210
22.406000,0.1148143
22.408000,0.1149210
22.410000,0.1148143
22.412000,0.1148677
22.414000,0.1148677
22.416000,0.1148143
22.418000,0.1148677
22.420000,0.1148143
22.422000,0.1149210
22.424000,0.1148143
22.426000,0.1149210
22.428000,0.1147610
22.430000,0.1148143
22.432000,0.1148143
22.434000,0.1148143
22.436000,0.1147610
22.438000,0.1148143
22.440000,0.1148677
22.442000,0.1148677
22.444000,0.1148143
22.446000,0.1149210
22.448000,0.1148143
22.450000,0.1148677
22.452000,0.1148677
22.454000,0.1149210
22.456000,0.1149210
22.458000,0.1148677
22.460000,0.1149210
22.462000,0.1149210
22.464000,0.1148677
22.466000,0.1149210
22.468000,0.1149210
22.470000,0.1148677
22.472000,0.1148143
22.474000,0.1148143
22.476000,0.1148677
22.478000,0.1148143
22.480000,0.1148143
22.482000,0.1148143
22.484000,0.1148677
22.486000,0.1148143
22.488000,0.1148143
22.490000,0.1147610
22.492000,0.1148677
22.494000,0.1148677
22.496000,0.1148677
22.498000,0.1148677
22.500000,0.1148677
22.502000,0.1148677
22.504000,0.1148143
22.506000,0.1148677
22.508000,0.1148143
22.510000,0.1148143
22.512000,0.1148143
22.514000,0.1148143
22.516000,0.1147610
22.518000,0.1148143
22.520000,0.1148143
22.522000,0.1148677
22.524000,0.1148677
22.526000,0.1148143
22.528000,0.1148143
22.530000,0.1147610
22.532000,0.1147610
22.534000,0.1148143
22.536000,0.1147077
22.538000,0.1147610
22.540000,0.1147077
22.542000,0.1147610
22.544000,0.1147610
22.546000,0.1147610
22.548000,0.1147610
22.550000,0.1148143
22.552000,0.1148143
22.554000,0.1148143
22.556000,0.1148143
22.558000,0.1148143
22.560000,0.1148143
22.562000,0.1148143
22.564000,0.1148143
22.566000,0.1148677
22.568000,0.1148143
22.570000,0.1148677
22.572000,0.1148677
22.574000,0.1148677
22.576000,0.1148677
22.578000,0.1148677
22.580000,0.1149210
22.582000,0.1148677
22.584000,0.1149210
22.586000,0.1148677
22.588000,0.1149210
22.590000,0.1148143
22.592000,0.1148677
22.594000,0.1148143
22.596000,0.1148143
22.598000,0.1148143
22.600000,0.1147610
22.602000,0.1147610
22.604000,0.1148143
22.606000,0.1148143
22.608000,0.1148143
22.610000,0.1148677
22.612000,0.1148677
22.614000,0.1148677
22.616000,0.1148143
22.618000,0.1149210
22.620000,0.1148677
22.622000,0.1148677
22.624000,0.1148677
22.626000,0.1148677
22.628000,0.1148677
22.630000,0.1148143
22.632000,0.1148677
22.634000,0.1148677
22.636000,0.1148143
22.638000,0.1149210
22.640000,0.1148143
22.642000,0.1148677
22.644000,0.1148677
22.646000,0.1148677
22.648000,0.1148677
22.650000,0.1148143
22.652000,0.1148677
22.654000,0.1148143
22.656000,0.1148143
22.658000,0.1148143
22.660000,0.1148677
22.662000,0.1148143
22.664000,0.1148677
22.666000,0.1148677
22.668000,0.1148143
22.670000,0.1148143
22.672000,0.1148143
22.674000,0.1147610
22.676000,0.1147610
22.678000,0.1147610
22.680000,0.1147610
22.682000,0.1147610
22.684000,0.1148143
22.686000,0.1148143
22.688000,0.1149210
22.690000,0.1148143
22.692000,0.1148677
22.694000,0.1149210
22.696000,0.1149210
22.698000,0.1149210
22.700000,0.1149210
22.702000,0.1149210
22.704000,0.1149210
22.706000,0.1149210
22.708000,0.1148677
22.710000,0.1149210
22.712000,0.1148677
22.714000,0.1149210
22.716000,0.1148677
22.718000,0.1149210
22.720000,0.1148677
22.722000,0.1148677
22.724000,0.1149210
22.726000,0.1149210
22.728000,0.1149210
22.730000,0.1148143
22.732000,0.1149210
22.734000,0.1148143
22.736000,0.1148677
22.738000,0.1148143
22.740000,0.1148143
22.742000,0.1148677
22.744000,0.1148677
22.746000,0.1148677
22.748000,0.1148143
22.750000,0.1148677
22.752000,0.1148677
22.754000,0.1148143
22.756000,0.1148143
22.758000,0.1148143
22.760000,0.1148143
22.762000,0.1148143
22.764000,0.1148143
22.766000,0.1148677
22.768000,0.1148677
22.770000,0.1148677
22.772000,0.1148677
22.774000,0.1148677
22.776000,0.1149210
22.778000,0.1148677
22.780000,0.1148677
22.782000,0.1148677
22.784000,0.1148677
22.786000,0.1148677
22.788000,0.1149210
22.790000,0.1148143
22.792000,0.1148677
22.794000,0.1148143
22.796000,0.1148143
22.798000,0.1148143
22.800000,0.1148143
22.802000,0.1148143
22.804000,0.1148143
22.806000,0.1148143
22.808000,0.1148143
22.810000,0.1148677
22.812000,0.1148677
22.814000,0.1148143
22.816000,0.1148677
22.818000,0.1148677
22.820000,0.1149210
22.822000,0.1148143
22.824000,0.1148677
22.826000,0.1148143
22.828000,0.1148143
22.830000,0.1148143
22.832000,0.1148143
22.834000,0.1148143
22.836000,0.1148143
22.838000,0.1148143
22.840000,0.1148143
22.842000,0.1148677
22.844000,0.1147610
22.846000,0.1148677
22.848000,0.1147610
22.850000,0.1148143
22.852000,0.1148143
22.854000,0.1148677
22.856000,0.1148143
22.858000,0.1148677
22.860000,0.1148143
22.862000,0.1148677
22.864000,0.1148677
22.866000,0.1148677
22.868000,0.1149210
22.870000,0.1148677
22.872000,0.1149210
22.874000,0.1148677
22.876000,0.1149210
22.878000,0.1148677
22.880000,0.1148677
22.882000,0.1148677
22.884000,0.1148677
22.886000,0.1148677
22.888000,0.1148677
22.890000,0.1148677
22.892000,0.1148143
22.894000,0.1148677
22.896000,0.1148677
22.898000,0.1148143
22.900000,0.1148143
22.902000,0.1148143
22.904000,0.1148143
22.906000,0.1148143
22.908000,0.1148143
22.910000,0.1147610
22.912000,0.1148143
22.914000,0.1147610
22.916000,0.1148143
22.918000,0.1148143
22.920000,0.1148677
22.922000,0.1148677
22.924000,0.1148143
22.926000,0.1148677
22.928000,0.1148143
22.930000,0.1148677
22.932000,0.1148677
22.934000,0.1148677
22.936000,0.1148677
22.938000,0.1148677
22.940000,0.1148677
22.942000,0.1148143
22.944000,0.1148677
22.946000,0.1148143
22.948000,0.1148143
22.950000,0.1148143
22.952000,0.1148677
22.954000,0.1148143
22.956000,0.1148143
22.958000,0.1148143
22.960000,0.1148677
22.962000,0.1148143
22.964000,0.1148143
22.966000,0.1148677
22.968000,0.1148143
22.970000,0.1148677
22.972000,0.1148677
22.974000,0.1149210
22.976000,0.1148677
22.978000,0.1149210
22.980000,0.1148677
22.982000,0.1149210
22.984000,0.1148143
22.986000,0.1148143
22.988000,0.1147610
22.990000,0.1147610
22.992000,0.1148143
22.994000,0.1148143
22.996000,0.1148143
22.998000,0.1147077
23.000000,0.1148143
23.002000,0.1147610
23.004000,0.1147610
23.006000,0.1147077
23.008000,0.1147610
23.010000,0.1148143
23.012000,0.1148143
23.014000,0.1148677
23.016000,0.1148143
23.018000,0.1148677
23.020000,0.1148143
23.022000,0.1148677
23.024000,0.1148143
23.026000,0.1148677
23.028000,0.1148677
23.030000,0.1148143
23.032000,0.1148677
23.034000,0.1148143
23.036000,0.1148677
23.038000,0.1148143
23.040000,0.1148677
23.042000,0.1148143
23.044000,0.1148677
23.046000,0.1148677
23.048000,0.1148143
23.050000,0.1148143
23.052000,0.1148677
23.054000,0.1148143
23.056000,0.1148143
23.058000,0.1148677
23.060000,0.1148677
23.062000,0.1148677
23.064000,0.1148677
23.066000,0.1149210
23.068000,0.1148143
23.070000,0.1149210
23.072000,0.1148677
23.074000,0.1149210
23.076000,0.1148677
23.078000,0.1149210
23.080000,0.1149210
23.082000,0.1148677
23.084000,0.1149210
23.086000,0.1149210
23.088000,0.1149210
23.090000,0.1148677
23.092000,0.1149210
23.094000,0.1148677
23.096000,0.1148677
23.098000,0.1149210
23.100000,0.1148677
23.102000,0.1148677
23.104000,0.1148143
23.106000,0.1148143
23.108000,0.1147610
23.110000,0.1147610
23.112000,0.1148143
23.114000,0.1147610
23.116000,0.1148677
23.118000,0.1148143
23.120000,0.1148677
23.122000,0.1148677
23.124000,0.1148677
23.126000,0.1148677
23.128000,0.1148143
23.130000,0.1149210
23.132000,0.1148677
23.134000,0.1148677
23.136000,0.1148677
23.138000,0.1149210
23.140000,0.1148143
23.142000,0.1148143
23.144000,0.1148143
23.146000,0.1148143
23.148000,0.1147610
23.150000,0.1148143
23.152000,0.1147610
23.154000,0.1147610
23.156000,0.1147610
23.158000,0.1147610
23.160000,0.1147610
23.162000,0.1147610
23.164000,0.1148143
23.166000,0.1148143
23.168000,0.1148143
23.170000,0.1148677
23.172000,0.1148677
23.174000,0.1148677
23.176000,0.1148677
23.178000,0.1148143
23.180000,0.1148677
23.182000,0.1148143
23.184000,0.1148677
23.186000,0.1148143
23.188000,0.1148143
23.190000,0.1148143
23.192000,0.1148143
23.194000,0.1148143
23.196000,0.1147610
23.198000,0.1147610
23.200000,0.1148143
23.202000,0.1148677
23.204000,0.1148143
23.206000,0.1148143
23.208000,0.1148677
23.210000,0.1148677
23.212000,0.1148677
23.214000,0.1148677
23.216000,0.1148677
23.218000,0.1148677
23.220000,0.1148677
23.222000,0.1148143
23.224000,0.1148677
23.226000,0.1148143
23.228000,0.1148143
23.230000,0.1148143
23.232000,0.1148143
23.234000,0.1147610
23.236000,0.1148677
23.238000,0.1148143
23.240000,0.1148143
23.242000,0.1147610
23.244000,0.1148143
23.246000,0.1148143
23.248000,0.1148143
23.250000,0.1148677
23.252000,0.1148677
23.254000,0.1149744
23.256000,0.1148677
23.258000,0.1149210
23.260000,0.1148677
23.262000,0.1149210
23.264000,0.1148677
23.266000,0.1148143
23.268000,0.1148143
23.270000,0.1148143
23.272000,0.1147610
23.274000,0.1148143
23.276000,0.1147610
23.278000,0.1147610
23.280000,0.1148143
23.282000,0.1148143
23.284000,0.1147610
23.286000,0.1147610
23.288000,0.1147610
23.290000,0.1148143
23.292000,0.1147610
23.294000,0.1148143
23.296000,0.1148143
23.298000,0.1147610
23.300000,0.1148143
23.302000,0.1147610
23.304000,0.1148677
23.306000,0.1148143
23.308000,0.1148677
23.310000,0.1148143
23.312000,0.1148677
23.314000,0.1148677
23.316000,0.1148143
23.318000,0.1148677
23.320000,0.1148143
23.322000,0.1148677
23.324000,0.1148677
23.326000,0.1148677
23.328000,0.1148143
23.330000,0.1148677
23.332000,0.1148143
23.334000,0.1148677
23.336000,0.1148143
23.338000,0.1148143
23.340000,0.1147610
23.342000,0.1147610
23.344000,0.1147610
23.346000,0.1147610
23.348000,0.1148143
23.350000,0.1147077
23.352000,0.1148143
23.354000,0.1147077
23.356000,0.1147610
23.358000,0.1147077
23.360000,0.1147077
23.362000,0.1147610
23.364000,0.1147077
23.366000,0.1147610
23.368000,0.1147610
23.370000,0.1147610
23.372000,0.1148143
23.374000,0.1148143
23.376000,0.1148677
23.378000,0.1148677
23.380000,0.1148677
23.382000,0.1148677
23.384000,0.1148143
23.386000,0.1148677
23.388000,0.1147610
23.390000,0.1148677
23.392000,0.1148143
23.394000,0.1148143
23.396000,0.1148143
23.398000,0.1148677
23.400000,0.1148677
23.402000,0.1148677
23.404000,0.1149210
23.406000,0.1148677
23.408000,0.1149210
23.410000,0.1148677
23.412000,0.1149210
23.414000,0.1148677
23.416000,0.1148677
23.418000,0.1148143
23.420000,0.1148143
23.422000,0.1149210
23.424000,0.1148143
23.426000,0.1148677
23.428000,0.1148143
23.430000,0.1148143
23.432000,0.1148143
23.434000,0.1148143
23.436000,0.1148677
23.438000,0.1148143
23.440000,0.1148677
23.442000,0.1147610
23.444000,0.1148143
23.446000,0.1147610
23.448000,0.1147610
23.450000,0.1147077
23.452000,0.1147610
23.454000,0.1147610
23.456000,0.1147610
23.458000,0.1147610
23.460000,0.1147610
23.462000,0.1148143
23.464000,0.1147610
23.466000,0.1148143
23.468000,0.1148143
23.470000,0.1148143
23.472000,0.1148143
23.474000,0.1148143
23.476000,0.1148143
23.478000,0.1148143
23.480000,0.1148143
23.482000,0.1148143
23.484000,0.1148143
23.486000,0.1147610
23.488000,0.1147610
23.490000,0.1147610
23.492000,0.1147610
23.494000,0.1148143
23.496000,0.1147610
23.498000,0.1148143
23.500000,0.1147610
23.502000,0.1147610
23.504000,0.1147610
23.506000,0.1147610
23.508000,0.1148143
23.510000,0.1148143
23.512000,0.1148143
23.514000,0.1148143
23.516000,0.1148677
23.518000,0.1148677
23.520000,0.1148677
23.522000,0.1148677
23.524000,0.1148677
23.526000,0.1148677
23.528000,0.1149210
23.530000,0.1148677
23.532000,0.1148677
23.534000,0.1149210
23.536000,0.1148143
23.538000,0.1149210
23.540000,0.1148677
23.542000,0.1148677
23.544000,0.1148143
23.546000,0.1148143
23.548000,0.1148677
23.550000,0.1147610
23.552000,0.1148677
23.554000,0.1148143
23.556000,0.1148677
23.558000,0.1147610
23.560000,0.1148143
23.562000,0.1147610
23.564000,0.1148143
23.566000,0.1147610
23.568000,0.1148143
23.570000,0.1148143
23.572000,0.1148143
23.574000,0.1148677
23.576000,0.1148143
23.578000,0.1147610
23.580000,0.1147610
23.582000,0.1148143
23.584000,0.1147610
23.586000,0.1147610
23.588000,0.1147610
23.590000,0.1148143
23.592000,0.1147610
23.594000,0.1148143
23.596000,0.1148677
23.598000,0.1148677
23.600000,0.1148677
23.602000,0.1149210
23.604000,0.1148677
23.606000,0.1148677
23.608000,0.1148143
23.610000,0.1148143
23.612000,0.1148143
23.614000,0.1147610
23.616000,0.1147610
23.618000,0.1147610
23.620000,0.1147610
23.622000,0.1147610
23.624000,0.1148143
23.626000,0.1147610
23.628000,0.1147610
23.630000,0.1147610
23.632000,0.1147077
23.634000,0.1147077
23.636000,0.1147077
23.638000,0.1147610
23.640000,0.1147610
23.642000,0.1147610
23.644000,0.1148143
23.646000,0.1148143
23.648000,0.1148143
23.650000,0.1147610
23.652000,0.1148677
23.654000,0.1147610
23.656000,0.1147610
23.658000,0.1147610
23.660000,0.1147610
23.662000,0.1148143
23.664000,0.1147610
23.666000,0.1148143
23.668000,0.1148143
23.670000,0.1148143
23.672000,0.1148143
23.674000,0.1148677
23.676000,0.1148677
23.678000,0.1148677
23.680000,0.1148677
23.682000,0.1149210
23.684000,0.1148677
23.686000,0.1148677
23.688000,0.1148677
23.690000,0.1149210
23.692000,0.1148677
23.694000,0.1148677
23.696000,0.1149210
23.698000,0.1148143
23.700000,0.1148143
23.702000,0.1148143
23.704000,0.1148143
23.706000,0.1148143
23.708000,0.1148143
23.710000,0.1148143
23.712000,0.1148143
23.714000,0.1148677
23.716000,0.1148143
23.718000,0.1148677
23.720000,0.1148143
23.722000,0.1148677
23.724000,0.1148143
23.726000,0.1148143
23.728000,0.1148143
23.730000,0.1148143
23.732000,0.1148677
23.734000,0.1147610
23.736000,0.1148143
23.738000,0.1146543
23.740000,0.1147610
23.742000,0.1146543
23.744000,0.1147610
23.746000,0.1146543
23.748000,0.1146543
23.750000,0.1146543
23.752000,0.1147077
23.754000,0.1147077
23.756000,0.1147077
23.758000,0.1147610
23.760000,0.1147610
23.762000,0.1147610
23.764000,0.1147077
23.766000,0.1147610
23.768000,0.1147077
23.770000,0.1147610
23.772000,0.1147077
23.774000,0.1147610
23.776000,0.1147610
23.778000,0.1147077
23.780000,0.1147610
23.782000,0.1147610
23.784000,0.1148143
23.786000,0.1148143
23.788000,0.1148143
23.790000,0.1147610
23.792000,0.1148143
23.794000,0.1147610
23.796000,0.1147610
23.798000,0.1147610
23.800000,0.1147610
23.802000,0.1147077
23.804000,0.1147077
23.806000,0.1147077
23.808000,0.1147610
23.810000,0.1147610
23.812000,0.1147077
23.814000,0.1148143
23.816000,0.1148143
23.818000,0.1148143
23.820000,0.1147610
23.822000,0.1147610
23.824000,0.1147610
23.826000,0.1147610
23.828000,0.1147610
23.830000,0.1147610
23.832000,0.1148143
23.834000,0.1148143
23.836000,0.1148143
23.838000,0.1148143
23.840000,0.1148143
23.842000,0.1148143
23.844000,0.1148677
23.846000,0.1148143
23.848000,0.1148143
23.850000,0.1147610
23.852000,0.1148677
23.854000,0.1148677
23.856000,0.1148143
23.858000,0.1148677
23.860000,0.1148143
23.862000,0.1148677
23.864000,0.1147610
23.866000,0.1148677
23.868000,0.1148677
23.870000,0.1148677
23.872000,0.1149210
23.874000,0.1149210
23.876000,0.1149210
23.878000,0.1148677
23.880000,0.1148677
23.882000,0.1148143
23.884000,0.1148677
23.886000,0.1148677
23.888000,0.1148143
23.890000,0.1148143
23.892000,0.1148143
23.894000,0.1148677
23.896000,0.1148677
23.898000,0.1148143
23.900000,0.1149210
23.902000,0.1148143
23.904000,0.1148677
23.906000,0.1148677
23.908000,0.1148677
23.910000,0.1148143
23.912000,0.1148143
23.914000,0.1148143
23.916000,0.1148677
23.918000,0.1148143
23.920000,0.1148143
23.922000,0.1147610
23.924000,0.1148677
23.926000,0.1148143
23.928000,0.1148143
23.930000,0.1148143
23.932000,0.1147610
23.934000,0.1148143
23.936000,0.1148143
23.938000,0.1148677
23.940000,0.1147610
23.942000,0.1148677
23.944000,0.1148143
23.946000,0.1148677
23.948000,0.1148143
23.950000,0.1148677
23.952000,0.1148143
23.954000,0.1148677
23.956000,0.1148143
23.958000,0.1148677
23.960000,0.1148143
23.962000,0.1148677
23.964000,0.1148143
23.966000,0.1148143
23.968000,0.1147610
23.970000,0.1147610
23.972000,0.1148143
23.974000,0.1147610
23.976000,0.1147610
23.978000,0.1147610
23.980000,0.1147610
23.982000,0.1147610
23.984000,0.1148143
23.986000,0.1148143
23.988000,0.1148143
23.990000,0.1148143
23.992000,0.1148143
23.994000,0.1148143
23.996000,0.1148143
23.998000,0.1148143
24.000000,0.1148143
24.002000,0.1147610
24.004000,0.1148143
24.006000,0.1147610
24.008000,0.1147610
24.010000,0.1147610
24.012000,0.1147610
24.014000,0.1148143
24.016000,0.1147610
24.018000,0.1148143
24.020000,0.1148677
24.022000,0.1148143
24.024000,0.1149210
24.026000,0.1148143
24.028000,0.1148677
24.030000,0.1148143
24.032000,0.1148143
24.034000,0.1148143
24.036000,0.1148143
24.038000,0.1148143
24.040000,0.1148143
24.042000,0.1148143
24.044000,0.1147610
24.046000,0.1147610
24.048000,0.1147610
24.050000,0.1147610
24.052000,0.1148143
24.054000,0.1148143
24.056000,0.1148143
24.058000,0.1148143
24.060000,0.1148143
24.062000,0.1147610
24.064000,0.1148143
24.066000,0.1148143
24.068000,0.1148143
24.070000,0.1148143
24.072000,0.1148143
24.074000,0.1148143
24.076000,0.1148677
24.078000,0.1148677
24.080000,0.1148143
24.082000,0.1148143
24.084000,0.1148143
24.086000,0.1148677
24.088000,0.1147610
24.090000,0.1148143
24.092000,0.1147610
24.094000,0.1148143
24.096000,0.1147610
24.098000,0.1147610
24.100000,0.1147610
24.102000,0.1148143
24.104000,0.1147610
24.106000,0.1147610
24.108000,0.1148143
24.110000,0.1147610
24.112000,0.1147610
24.114000,0.1147610
24.116000,0.1147610
24.118000,0.1147077
24.120000,0.1147610
24.122000,0.1147077
24.124000,0.1147610
24.126000,0.1147610
24.128000,0.1147610
24.130000,0.1147610
24.132000,0.1147610
24.134000,0.1148143
24.136000,0.1148143
24.138000,0.1148143
24.140000,0.1148143
24.142000,0.1148143
24.144000,0.1148677
24.146000,0.1148143
24.148000,0.1148677
24.150000,0.1148143
24.152000,0.1148143
24.154000,0.1148677
24.156000,0.1148677
24.158000,0.1148677
24.160000,0.1148143
24.162000,0.1148677
24.164000,0.1148143
24.166000,0.1148143
24.168000,0.1147610
24.170000,0.1148143
24.172000,0.1148143
24.174000,0.1147610
24.176000,0.1148143
24.178000,0.1148143
24.180000,0.1147610
24.182000,0.1148143
24.184000,0.1148143
24.186000,0.1148143
24.188000,0.1148677
24.190000,0.1148143
24.192000,0.1148677
24.194000,0.1148143
24.196000,0.1148677
24.198000,0.1148143
24.200000,0.1148677
24.202000,0.1148143
24.204000,0.1147610
24.206000,0.1148143
24.208000,0.1147610
24.210000,0.1147610
24.212000,0.1147077
24.214000,0.1147610
24.216000,0.1147077
24.218000,0.1147610
24.220000,0.1147610
24.222000,0.1147610
24.224000,0.1148143
24.226000,0.1147610
24.228000,0.1147610
24.230000,0.1147077
24.232000,0.1147610
24.234000,0.1147610
24.236000,0.1147077
24.238000,0.1147610
24.240000,0.1147077
24.242000,0.1148143
24.244000,0.1147610
24.246000,0.1148143
24.248000,0.1147610
24.250000,0.1147610
24.252000,0.1147610
24.254000,0.1147610
24.256000,0.1147610
24.258000,0.1147077
24.260000,0.1148143
24.262000,0.1147077
24.264000,0.1148143
24.266000,0.1147610
24.268000,0.1148143
24.270000,0.1148143
24.272000,0.1148143
24.274000,0.1147610
24.276000,0.1147610
24.278000,0.1148143
24.280000,0.1147077
24.282000,0.1148143
24.284000,0.1147077
24.286000,0.1147610
24.288000,0.1147610
24.290000,0.1147610
24.292000,0.1147077
24.294000,0.1148143
24.296000,0.1147610
24.298000,0.1148143
24.300000,0.1148143
24.302000,0.1148143
24.304000,0.1148143
24.306000,0.1148143
24.308000,0.1147610
24.310000,0.1147610
24.312000,0.1147610
24.314000,0.1147610
24.316000,0.1147610
24.318000,0.1147610
24.320000,0.1148143
24.322000,0.1147610
24.324000,0.1148143
24.326000,0.1147610
24.328000,0.1147610
24.330000,0.1147610
24.332000,0.1147077
24.334000,0.1147610
24.336000,0.1146543
24.338000,0.1147077
24.340000,0.1147077
24.342000,0.1147077
24.344000,0.1147610
24.346000,0.1147077
24.348000,0.1147610
24.350000,0.1147610
24.352000,0.1147610
24.354000,0.1147610
24.356000,0.1147610
24.358000,0.1147610
24.360000,0.1147610
24.362000,0.1148143
24.364000,0.1147077
24.366000,0.1147610
24.368000,0.1147610
24.370000,0.1147610
24.372000,0.1148143
24.374000,0.1148143
24.376000,0.1148143
24.378000,0.1147610
24.380000,0.1148143
24.382000,0.1147610
24.384000,0.1148143
24.386000,0.1147610
24.388000,0.1147610
24.390000,0.1147610
24.392000,0.1147610
24.394000,0.1148143
24.396000,0.1148677
24.398000,0.1147610
24.400000,0.1148143
24.402000,0.1148143
24.404000,0.1148143
24.406000,0.1148143
24.408000,0.1147610
24.410000,0.1147610
24.412000,0.1147610
24.414000,0.1147610
24.416000,0.1148143
24.418000,0.1147610
24.420000,0.1148143
24.422000,0.1148143
24.424000,0.1148143
24.426000,0.1148677
24.428000,0.1147610
24.430000,0.1148677
24.432000,0.1147610
24.434000,0.1148677
24.436000,0.1147610
24.438000,0.1148143
24.440000,0.1148143
24.442000,0.1147610
24.444000,0.1148143
24.446000,0.1147610
24.448000,0.1148143
24.450000,0.1147610
24.452000,0.1148143
24.454000,0.1147610
24.456000,0.1147610
24.458000,0.1147610
24.460000,0.1147610
24.462000,0.1148143
24.464000,0.1147610
24.466000,0.1147610
24.468000,0.1147610
24.470000,0.1148143
24.472000,0.1147610
24.474000,0.1148143
24.476000,0.1147610
24.478000,0.1147610
24.480000,0.1147610
24.482000,0.1147077
24.484000,0.1147077
24.486000,0.1146543
24.488000,0.1147077
24.490000,0.1146543
24.492000,0.1147610
24.494000,0.1147077
24.496000,0.1147077
24.498000,0.1147610
24.500000,0.1147610
24.502000,0.1147610
24.504000,0.1148143
24.506000,0.1147610
24.508000,0.1148143
24.510000,0.1148143
24.512000,0.1148143
24.514000,0.1148143
24.516000,0.1148143
24.518000,0.1148143
24.520000,0.1148143
24.522000,0.1147610
24.524000,0.1147610
24.526000,0.1147610
24.528000,0.1147610
24.530000,0.1147610
24.532000,0.1147610
24.534000,0.1147610
24.536000,0.1147610
24.538000,0.1148143
24.540000,0.1147610
24.542000,0.1148143
24.544000,0.1147610
24.546000,0.1147610
24.548000,0.1147610
24.550000,0.1147610
24.552000,0.1147610
24.554000,0.1147077
24.556000,0.1148143
24.558000,0.1147610
24.560000,0.1148143
24.562000,0.1148143
24.564000,0.1148677
24.566000,0.1148143
24.568000,0.1149210
24.570000,0.1148143
24.572000,0.1148677
24.574000,0.1148143
24.576000,0.1148143
24.578000,0.1148143
24.580000,0.1147610
24.582000,0.1148143
24.584000,0.1147610
24.586000,0.1148143
24.588000,0.1148143
24.590000,0.1148143
24.592000,0.1147610
24.594000,0.1148143
24.596000,0.1148143
24.598000,0.1148143
24.600000,0.1148143
24.602000,0.1148143
24.604000,0.1148677
24.606000,0.1147610
24.608000,0.1148143
24.610000,0.1147610
24.612000,0.1148143
24.614000,0.1148143
24.616000,0.1148143
24.618000,0.1148143
24.620000,0.1147610
24.622000,0.1148143
24.624000,0.1147610
24.626000,0.1148143
24.628000,0.1147610
24.630000,0.1147610
24.632000,0.1147077
24.634000,0.1148143
24.636000,0.1147610
24.638000,0.1147610
24.640000,0.1148143
24.642000,0.1147610
24.644000,0.1147610
24.646000,0.1147610
24.648000,0.1148143
24.650000,0.1148143
24.652000,0.1148143
24.654000,0.1148143
24.656000,0.1147610
24.658000,0.1147610
24.660000,0.1147610
24.662000,0.1147077
24.664000,0.1147610
24.666000,0.1147610
24.668000,0.1147077
24.670000,0.1147610
24.672000,0.1147610
24.674000,0.1148143
24.676000,0.1147610
24.678000,0.1147610
24.680000,0.1147610
24.682000,0.1147610
24.684000,0.1147610
24.686000,0.1147610
24.688000,0.1147610
24.690000,0.1148143
24.692000,0.1147610
24.694000,0.1148143
24.696000,0.1148143
24.698000,0.1148143
24.700000,0.1148143
24.702000,0.1148143
24.704000,0.1148677
24.706000,0.1147610
24.708000,0.1148677
24.710000,0.1147610
24.712000,0.1148143
24.714000,0.1147610
24.716000,0.1147610
24.718000,0.1147077
24.720000,0.1147077
24.722000,0.1147077
24.724000,0.1147610
24.726000,0.1147610
24.728000,0.1147610
24.730000,0.1148143
24.732000,0.1147610
24.734000,0.1148143
24.736000,0.1148143
24.738000,0.1147610
24.740000,0.1148677
24.742000,0.1147610
24.744000,0.1148143
24.746000,0.1148143
24.748000,0.1148143
24.750000,0.1148143
24.752000,0.1148143
24.754000,0.1148143
24.756000,0.1147077
24.758000,0.1147610
24.760000,0.1147077
24.762000,0.1147610
24.764000,0.1147610
24.766000,0.1147610
24.768000,0.1147610
24.770000,0.1147610
24.772000,0.1148143
24.774000,0.1147610
24.776000,0.1147610
24.778000,0.1147610
24.780000,0.1147610
24.782000,0.1148143
24.784000,0.1147610
24.786000,0.1148143
24.788000,0.1147610
24.790000,0.1147610
24.792000,0.1148143
24.794000,0.1147610
24.796000,0.1148143
24.798000,0.1147610
24.800000,0.1147610
24.802000,0.1147610
24.804000,0.1147610
24.806000,0.1147610
24.808000,0.1147077
24.810000,0.1147077
24.812000,0.1147077
24.814000,0.1147610
24.816000,0.1147610
24.818000,0.1147610
24.820000,0.1148677
24.822000,0.1147610
24.824000,0.1148143
24.826000,0.1147610
24.828000,0.1148143
24.830000,0.1147610
24.832000,0.1147610
24.834000,0.1148143
24.836000,0.1147077
24.838000,0.1148143
24.840000,0.1147610
24.842000,0.1148143
24.844000,0.1147610
24.846000,0.1147610
24.848000,0.1147077
24.850000,0.1147077
24.852000,0.1147077
24.854000,0.1146543
24.856000,0.1147077
24.858000,0.1147077
24.860000,0.1147077
24.862000,0.1147077
24.864000,0.1147077
24.866000,0.1147077
24.868000,0.1147077
24.870000,0.1147077
24.872000,0.1147077
24.874000,0.1147077
24.876000,0.1147077
24.878000,0.1147077
24.880000,0.1146543
24.882000,0.1146543
24.884000,0.1147077
24.886000,0.1147610
24.888000,0.1147077
24.890000,0.1147077
24.892000,0.1147610
24.894000,0.1147610
24.896000,0.1148143
24.898000,0.1147610
24.900000,0.1148143
24.902000,0.1147610
24.904000,0.1147610
24.906000,0.1147610
24.908000,0.1147610
24.910000,0.1147610
24.912000,0.1147610
24.914000,0.1147610
24.916000,0.1147610
24.918000,0.1147610
24.920000,0.1147610
24.922000,0.1147610
24.924000,0.1147610
24.926000,0.1148143
24.928000,0.1148143
24.930000,0.1148143
24.932000,0.1147610
24.934000,0.1148143
24.936000,0.1147610
24.938000,0.1148143
24.940000,0.1148143
24.942000,0.1147077
24.944000,0.1148143
24.946000,0.1147610
24.948000,0.1148143
24.950000,0.1147610
24.952000,0.1148143
24.954000,0.1148143
24.956000,0.1147610
24.958000,0.1148143
24.960000,0.1147610
24.962000,0.1148143
24.964000,0.1147610
24.966000,0.1147610
24.968000,0.1147610
24.970000,0.1147610
24.972000,0.1147610
24.974000,0.1147077
24.976000,0.1147610
24.978000,0.1147077
24.980000,0.1148143
24.982000,0.1147077
24.984000,0.1147610
24.986000,0.1147077
24.988000,0.1146543
24.990000,0.1147077
24.992000,0.1146543
24.994000,0.1147077
24.996000,0.1146543
24.998000,0.1147077
25.000000,0.1146543
25.002000,0.1148143
25.004000,0.1147610
25.006000,0.1148143
25.008000,0.1148143
25.010000,0.1148143
25.012000,0.1148143
25.014000,0.1148143
25.016000,0.1148677
25.018000,0.1148677
25.020000,0.1148143
25.022000,0.1148143
25.024000,0.1148143
25.026000,0.1147610
25.028000,0.1147610
25.030000,0.1147610
25.032000,0.1147610
25.034000,0.1147610
25.036000,0.1147610
25.038000,0.1147610
25.040000,0.1148143
25.042000,0.1147077
25.044000,0.1147610
25.046000,0.1147077
25.048000,0.1147077
25.050000,0.1146543
25.052000,0.1146543
25.054000,0.1146543
25.056000,0.1146543
25.058000,0.1147610
25.060000,0.1146543
25.062000,0.1148143
25.064000,0.1147077
25.066000,0.1147610
25.068000,0.1147077
25.070000,0.1148143
25.072000,0.1147610
25.074000,0.1148143
25.076000,0.1148143
25.078000,0.1148143
25.080000,0.1147610
25.082000,0.1147610
25.084000,0.1147610
25.086000,0.1147610
25.088000,0.1147077
25.090000,0.1147077
25.092000,0.1147610
25.094000,0.1147610
25.096000,0.1148143
25.098000,0.1147610
25.100000,0.1147610
25.102000,0.1147610
25.104000,0.1147610
25.106000,0.1147077
25.108000,0.1147610
25.110000,0.1147610
25.112000,0.1147610
25.114000,0.1148143
25.116000,0.1148143
25.118000,0.1148143
25.120000,0.1147610
25.122000,0.1148143
25.124000,0.1147610
25.126000,0.1148143
25.128000,0.1147610
25.130000,0.1147610
25.132000,0.1147610
25.134000,0.1147610
25.136000,0.1148143
25.138000,0.1147610
25.140000,0.1147610
25.142000,0.1147077
25.144000,0.1147610
25.146000,0.1147077
25.148000,0.1147610
25.150000,0.1147077
25.152000,0.1147610
25.154000,0.1148143
25.156000,0.1148143
25.158000,0.1148143
25.160000,0.1148143
25.162000,0.1148677
25.164000,0.1148143
25.166000,0.1148143
25.168000,0.1147610
25.170000,0.1148143
25.172000,0.1147610
25.174000,0.1147610
25.176000,0.1147610
25.178000,0.1147077
25.180000,0.1148143
25.182000,0.1147077
25.184000,0.1148143
25.186000,0.1147610
25.188000,0.1148143
25.190000,0.1147610
25.192000,0.1147610
25.194000,0.1147610
25.196000,0.1147077
25.198000,0.1147610
25.200000,0.1147077
25.202000,0.1147610
25.204000,0.1147610
25.206000,0.1147610
25.208000,0.1147077
25.210000,0.1147610
25.212000,0.1147610
25.214000,0.1147610
25.216000,0.1147610
25.218000,0.1147610
25.220000,0.1147610
25.222000,0.1147610
25.224000,0.1147610
25.226000,0.1147610
25.228000,0.1147610
25.230000,0.1148143
25.232000,0.1148143
25.234000,0.1148143
25.236000,0.1148677
25.238000,0.1148677
25.240000,0.1148677
25.242000,0.1148143
25.244000,0.1148143
25.246000,0.1148143
25.248000,0.1147077
25.250000,0.1147610
25.252000,0.1147077
25.254000,0.1147610
25.256000,0.1147077
25.258000,0.1147077
25.260000,0.1147077
25.262000,0.1147077
25.264000,0.1147077
25.266000,0.1147077
25.268000,0.1147610
25.270000,0.1147610
25.272000,0.1147610
25.274000,0.1148143
25.276000,0.1148143
25.278000,0.1147077
25.280000,0.1148143
25.282000,0.1147610
25.284000,0.1148677
25.286000,0.1147077
25.288000,0.1148677
25.290000,0.1148143
25.292000,0.1148143
25.294000,0.1148143
25.296000,0.1147610
25.298000,0.1148143
25.300000,0.1147610
25.302000,0.1147610
25.304000,0.1148143
25.306000,0.1147610
25.308000,0.1147077
25.310000,0.1147077
25.312000,0.1147610
25.314000,0.1147077
25.316000,0.1147077
25.318000,0.1147077
25.320000,0.1146543
25.322000,0.1147077
25.324000,0.1146543
25.326000,0.1147077
25.328000,0.1147077
25.330000,0.1147610
25.332000,0.1147077
25.334000,0.1147610
25.336000,0.1147610
25.338000,0.1148143
25.340000,0.1147610
25.342000,0.1147610
25.344000,0.1148143
25.346000,0.1147610
25.348000,0.1147610
25.350000,0.1147077
25.352000,0.1147610
25.354000,0.1147077
25.356000,0.1147077
25.358000,0.1147077
25.360000,0.1147077
25.362000,0.1147610
25.364000,0.1146543
25.366000,0.1147077
25.368000,0.1147077
25.370000,0.1147077
25.372000,0.1147077
25.374000,0.1147077
25.376000,0.1147610
25.378000,0.1147610
25.380000,0.1147610
25.382000,0.1147610
25.384000,0.1147610
25.386000,0.1147610
25.388000,0.1147610
25.390000,0.1147610
25.392000,0.1148143
25.394000,0.1147610
25.396000,0.1147610
25.398000,0.1147610
25.400000,0.1147610
25.402000,0.1147610
25.404000,0.1147077
25.406000,0.1147077
25.408000,0.1147077
25.410000,0.1147077
25.412000,0.1146543
25.414000,0.1147077
25.416000,0.1146543
25.418000,0.1146543
25.420000,0.1147077
25.422000,0.1147077
25.424000,0.1147077
25.426000,0.1146543
25.428000,0.1147610
25.430000,0.1147077
25.432000,0.1147610
25.434000,0.1147077
25.436000,0.1148143
25.438000,0.1147610
25.440000,0.1147610
25.442000,0.1148143
25.444000,0.1147610
25.446000,0.1148143
25.448000,0.1147610
25.450000,0.1148677
25.452000,0.1147610
25.454000,0.1147610
25.456000,0.1147610
25.458000,0.1147610
25.460000,0.1148143
25.462000,0.1147610
25.464000,0.1148143
25.466000,0.1147610
25.468000,0.1147610
25.470000,0.1148143
25.472000,0.1147610
25.474000,0.1148143
25.476000,0.1147610
25.478000,0.1148143
25.480000,0.1147610
25.482000,0.1147610
25.484000,0.1147077
25.486000,0.1147077
25.488000,0.1147077
25.490000,0.1147077
25.492000,0.1147077
25.494000,0.1146543
25.496000,0.1147610
25.498000,0.1147077
25.500000,0.1148143
25.502000,0.1147610
