sample_delay_us,ch1_V
-24.496000,-0.1981848
-24.488000,-0.1981848
-24.480000,-0.1981848
-24.472000,-0.1980247
-24.464000,-0.1980247
-24.456000,-0.1980781
-24.448000,-0.1981314
-24.440000,-0.1981314
-24.432000,-0.1981314
-24.424000,-0.1981848
-24.416000,-0.1981314
-24.408000,-0.1981314
-24.400000,-0.1980781
-24.392000,-0.1980247
-24.384000,-0.1980247
-24.376000,-0.1981314
-24.368000,-0.1981848
-24.360000,-0.1981314
-24.352000,-0.1981314
-24.344000,-0.1981848
-24.336000,-0.1981848
-24.328000,-0.1981314
-24.320000,-0.1980781
-24.312000,-0.1980781
-24.304000,-0.1981848
-24.296000,-0.1981848
-24.288000,-0.1981314
-24.280000,-0.1981314
-24.272000,-0.1981314
-24.264000,-0.1980781
-24.256000,-0.1981314
-24.248000,-0.1981314
-24.240000,-0.1981314
-24.232000,-0.1981314
-24.224000,-0.1981314
-24.216000,-0.1980781
-24.208000,-0.1980247
-24.200000,-0.1980247
-24.192000,-0.1980247
-24.184000,-0.1980781
-24.176000,-0.1980781
-24.168000,-0.1980781
-24.160000,-0.1980781
-24.152000,-0.1980781
-24.144000,-0.1980781
-24.136000,-0.1980247
-24.128000,-0.1980781
-24.120000,-0.1981314
-24.112000,-0.1981848
-24.104000,-0.1981314
-24.096000,-0.1980781
-24.088000,-0.1980247
-24.080000,-0.1980247
-24.072000,-0.1980247
-24.064000,-0.1980247
-24.056000,-0.1980247
-24.048000,-0.1980781
-24.040000,-0.1979714
-24.032000,-0.1980247
-24.024000,-0.1980781
-24.016000,-0.1981314
-24.008000,-0.1980781
-24.000000,-0.1981314
-23.992000,-0.1980781
-23.984000,-0.1980781
-23.976000,-0.1980247
-23.968000,-0.1978647
-23.960000,-0.1979181
-23.952000,-0.1980781
-23.944000,-0.1980781
-23.936000,-0.1979181
-23.928000,-0.1979181
-23.920000,-0.1979714
-23.912000,-0.1979714
-23.904000,-0.1978114
-23.896000,-0.1978114
-23.888000,-0.1979181
-23.880000,-0.1979714
-23.872000,-0.1979181
-23.864000,-0.1980247
-23.856000,-0.1979714
-23.848000,-0.1980247
-23.840000,-0.1980247
-23.832000,-0.1979714
-23.824000,-0.1979714
-23.816000,-0.1979181
-23.808000,-0.1979714
-23.800000,-0.1980781
-23.792000,-0.1979714
-23.784000,-0.1980247
-23.776000,-0.1980781
-23.768000,-0.1979714
-23.760000,-0.1979714
-23.752000,-0.1979714
-23.744000,-0.1979181
-23.736000,-0.1978647
-23.728000,-0.1979181
-23.720000,-0.1979714
-23.712000,-0.1979714
-23.704000,-0.1979714
-23.696000,-0.1979714
-23.688000,-0.1979181
-23.680000,-0.1979181
-23.672000,-0.1979181
-23.664000,-0.1979181
-23.656000,-0.1979181
-23.648000,-0.1979181
-23.640000,-0.1979181
-23.632000,-0.1979714
-23.624000,-0.1979181
-23.616000,-0.1979181
-23.608000,-0.1979181
-23.600000,-0.1979714
-23.592000,-0.1979714
-23.584000,-0.1979714
-23.576000,-0.1978647
-23.568000,-0.1978647
-23.560000,-0.1979181
-23.552000,-0.1979181
-23.544000,-0.1978647
-23.536000,-0.1978114
-23.528000,-0.1977580
-23.520000,-0.1978114
-23.512000,-0.1977580
-23.504000,-0.1977580
-23.496000,-0.1978114
-23.488000,-0.1977580
-23.480000,-0.1978114
-23.472000,-0.1978647
-23.464000,-0.1978647
-23.456000,-0.1978114
-23.448000,-0.1978114
-23.440000,-0.1978114
-23.432000,-0.1978647
-23.424000,-0.1978647
-23.416000,-0.1978647
-23.408000,-0.1978647
-23.400000,-0.1978114
-23.392000,-0.1977580
-23.384000,-0.1977047
-23.376000,-0.1977580
-23.368000,-0.1978114
-23.360000,-0.1978114
-23.352000,-0.1978114
-23.344000,-0.1978114
-23.336000,-0.1978647
-23.328000,-0.1978647
-23.320000,-0.1977580
-23.312000,-0.1977580
-23.304000,-0.1978647
-23.296000,-0.1979181
-23.288000,-0.1979181
-23.280000,-0.1978647
-23.272000,-0.1978114
-23.264000,-0.1978114
-23.256000,-0.1978114
-23.248000,-0.1978114
-23.240000,-0.1978114
-23.232000,-0.1978114
-23.224000,-0.1978114
-23.216000,-0.1978114
-23.208000,-0.1977047
-23.200000,-0.1977580
-23.192000,-0.1978114
-23.184000,-0.1977580
-23.176000,-0.1977047
-23.168000,-0.1976514
-23.160000,-0.1977047
-23.152000,-0.1977580
-23.144000,-0.1977580
-23.136000,-0.1977580
-23.128000,-0.1977047
-23.120000,-0.1978114
-23.112000,-0.1978647
-23.104000,-0.1978647
-23.096000,-0.1977047
-23.088000,-0.1976514
-23.080000,-0.1976514
-23.072000,-0.1976514
-23.064000,-0.1977047
-23.056000,-0.1977047
-23.048000,-0.1977580
-23.040000,-0.1977047
-23.032000,-0.1976514
-23.024000,-0.1977047
-23.016000,-0.1977047
-23.008000,-0.1977580
-23.000000,-0.1977580
-22.992000,-0.1976514
-22.984000,-0.1976514
-22.976000,-0.1976514
-22.968000,-0.1976514
-22.960000,-0.1976514
-22.952000,-0.1975980
-22.944000,-0.1975980
-22.936000,-0.1976514
-22.928000,-0.1975980
-22.920000,-0.1975980
-22.912000,-0.1975980
-22.904000,-0.1977047
-22.896000,-0.1977047
-22.888000,-0.1977047
-22.880000,-0.1976514
-22.872000,-0.1975980
-22.864000,-0.1975980
-22.856000,-0.1975447
-22.848000,-0.1975980
-22.840000,-0.1977047
-22.832000,-0.1976514
-22.824000,-0.1976514
-22.816000,-0.1976514
-22.808000,-0.1976514
-22.800000,-0.1977047
-22.792000,-0.1976514
-22.784000,-0.1975447
-22.776000,-0.1975447
-22.768000,-0.1975980
-22.760000,-0.1975447
-22.752000,-0.1975980
-22.744000,-0.1975980
-22.736000,-0.1975980
-22.728000,-0.1975980
-22.720000,-0.1976514
-22.712000,-0.1976514
-22.704000,-0.1976514
-22.696000,-0.1975980
-22.688000,-0.1976514
-22.680000,-0.1977047
-22.672000,-0.1976514
-22.664000,-0.1976514
-22.656000,-0.1975980
-22.648000,-0.1975980
-22.640000,-0.1975980
-22.632000,-0.1975447
-22.624000,-0.1975980
-22.616000,-0.1975447
-22.608000,-0.1974914
-22.600000,-0.1974914
-22.592000,-0.1974380
-22.584000,-0.1974914
-22.576000,-0.1975980
-22.568000,-0.1975980
-22.560000,-0.1974914
-22.552000,-0.1975447
-22.544000,-0.1975980
-22.536000,-0.1975980
-22.528000,-0.1975447
-22.520000,-0.1974380
-22.512000,-0.1974914
-22.504000,-0.1975980
-22.496000,-0.1975447
-22.488000,-0.1975447
-22.480000,-0.1975980
-22.472000,-0.1974914
-22.464000,-0.1974380
-22.456000,-0.1973847
-22.448000,-0.1974914
-22.440000,-0.1975980
-22.432000,-0.1974914
-22.424000,-0.1974380
-22.416000,-0.1974380
-22.408000,-0.1974380
-22.400000,-0.1974380
-22.392000,-0.1974914
-22.384000,-0.1975447
-22.376000,-0.1975447
-22.368000,-0.1974914
-22.360000,-0.1974380
-22.352000,-0.1974914
-22.344000,-0.1975447
-22.336000,-0.1974914
-22.328000,-0.1975447
-22.320000,-0.1974914
-22.312000,-0.1974914
-22.304000,-0.1974380
-22.296000,-0.1974380
-22.288000,-0.1974380
-22.280000,-0.1974380
-22.272000,-0.1973847
-22.264000,-0.1973847
-22.256000,-0.1973847
-22.248000,-0.1973847
-22.240000,-0.1973847
-22.232000,-0.1974380
-22.224000,-0.1974914
-22.216000,-0.1974380
-22.208000,-0.1973847
-22.200000,-0.1974380
-22.192000,-0.1975447
-22.184000,-0.1974914
-22.176000,-0.1973847
-22.168000,-0.1974380
-22.160000,-0.1974380
-22.152000,-0.1974380
-22.144000,-0.1973847
-22.136000,-0.1973313
-22.128000,-0.1973847
-22.120000,-0.1973847
-22.112000,-0.1973847
-22.104000,-0.1974380
-22.096000,-0.1974380
-22.088000,-0.1973313
-22.080000,-0.1973847
-22.072000,-0.1974914
-22.064000,-0.1973313
-22.056000,-0.1972247
-22.048000,-0.1972780
-22.040000,-0.1973313
-22.032000,-0.1973847
-22.024000,-0.1973313
-22.016000,-0.1973313
-22.008000,-0.1973847
-22.000000,-0.1974914
-21.992000,-0.1974380
-21.984000,-0.1973847
-21.976000,-0.1973847
-21.968000,-0.1973847
-21.960000,-0.1974380
-21.952000,-0.1975447
-21.944000,-0.1974380
-21.936000,-0.1973313
-21.928000,-0.1972780
-21.920000,-0.1973313
-21.912000,-0.1972780
-21.904000,-0.1972247
-21.896000,-0.1972780
-21.888000,-0.1973313
-21.880000,-0.1973847
-21.872000,-0.1973313
-21.864000,-0.1973313
-21.856000,-0.1973847
-21.848000,-0.1974380
-21.840000,-0.1974380
-21.832000,-0.1973847
-21.824000,-0.1972780
-21.816000,-0.1972780
-21.808000,-0.1972780
-21.800000,-0.1973313
-21.792000,-0.1973847
-21.784000,-0.1973313
-21.776000,-0.1973313
-21.768000,-0.1973847
-21.760000,-0.1973313
-21.752000,-0.1972780
-21.744000,-0.1972780
-21.736000,-0.1972780
-21.728000,-0.1972780
-21.720000,-0.1972247
-21.712000,-0.1972247
-21.704000,-0.1972780
-21.696000,-0.1973847
-21.688000,-0.1973313
-21.680000,-0.1972780
-21.672000,-0.1972780
-21.664000,-0.1972247
-21.656000,-0.1971713
-21.648000,-0.1972780
-21.640000,-0.1973313
-21.632000,-0.1973847
-21.624000,-0.1973313
-21.616000,-0.1972247
-21.608000,-0.1971713
-21.600000,-0.1971713
-21.592000,-0.1972247
-21.584000,-0.1972247
-21.576000,-0.1971713
-21.568000,-0.1971713
-21.560000,-0.1971713
-21.552000,-0.1971713
-21.544000,-0.1972247
-21.536000,-0.1973313
-21.528000,-0.1972780
-21.520000,-0.1971713
-21.512000,-0.1971713
-21.504000,-0.1971180
-21.496000,-0.1970646
-21.488000,-0.1970646
-21.480000,-0.1971180
-21.472000,-0.1972247
-21.464000,-0.1972780
-21.456000,-0.1972780
-21.448000,-0.1973313
-21.440000,-0.1972780
-21.432000,-0.1971713
-21.424000,-0.1971713
-21.416000,-0.1972247
-21.408000,-0.1971713
-21.400000,-0.1971713
-21.392000,-0.1972780
-21.384000,-0.1972247
-21.376000,-0.1972780
-21.368000,-0.1972247
-21.360000,-0.1971713
-21.352000,-0.1971713
-21.344000,-0.1971180
-21.336000,-0.1972247
-21.328000,-0.1971713
-21.320000,-0.1970646
-21.312000,-0.1970113
-21.304000,-0.1970646
-21.296000,-0.1970646
-21.288000,-0.1971180
-21.280000,-0.1971180
-21.272000,-0.1971713
-21.264000,-0.1971180
-21.256000,-0.1970646
-21.248000,-0.1970646
-21.240000,-0.1971180
-21.232000,-0.1971713
-21.224000,-0.1971180
-21.216000,-0.1970646
-21.208000,-0.1971180
-21.200000,-0.1972247
-21.192000,-0.1971713
-21.184000,-0.1970646
-21.176000,-0.1970113
-21.168000,-0.1970646
-21.160000,-0.1971180
-21.152000,-0.1970113
-21.144000,-0.1970113
-21.136000,-0.1970113
-21.128000,-0.1970113
-21.120000,-0.1970646
-21.112000,-0.1970646
-21.104000,-0.1970646
-21.096000,-0.1970646
-21.088000,-0.1971180
-21.080000,-0.1970646
-21.072000,-0.1970113
-21.064000,-0.1970113
-21.056000,-0.1971180
-21.048000,-0.1970646
-21.040000,-0.1970646
-21.032000,-0.1971180
-21.024000,-0.1971180
-21.016000,-0.1970646
-21.008000,-0.1970646
-21.000000,-0.1970646
-20.992000,-0.1970113
-20.984000,-0.1969579
-20.976000,-0.1969579
-20.968000,-0.1971180
-20.960000,-0.1970646
-20.952000,-0.1970646
-20.944000,-0.1971713
-20.936000,-0.1971713
-20.928000,-0.1970113
-20.920000,-0.1968513
-20.912000,-0.1968513
-20.904000,-0.1969579
-20.896000,-0.1970113
-20.888000,-0.1970113
-20.880000,-0.1970113
-20.872000,-0.1970113
-20.864000,-0.1969046
-20.856000,-0.1969046
-20.848000,-0.1969579
-20.840000,-0.1969579
-20.832000,-0.1969579
-20.824000,-0.1970113
-20.816000,-0.1970646
-20.808000,-0.1969579
-20.800000,-0.1968513
-20.792000,-0.1968513
-20.784000,-0.1969046
-20.776000,-0.1969046
-20.768000,-0.1968513
-20.760000,-0.1968513
-20.752000,-0.1969046
-20.744000,-0.1970113
-20.736000,-0.1970113
-20.728000,-0.1969579
-20.720000,-0.1970113
-20.712000,-0.1969579
-20.704000,-0.1969046
-20.696000,-0.1969046
-20.688000,-0.1969046
-20.680000,-0.1968513
-20.672000,-0.1969579
-20.664000,-0.1969046
-20.656000,-0.1970113
-20.648000,-0.1969579
-20.640000,-0.1969046
-20.632000,-0.1969579
-20.624000,-0.1969579
-20.616000,-0.1970113
-20.608000,-0.1969046
-20.600000,-0.1969046
-20.592000,-0.1969046
-20.584000,-0.1969046
-20.576000,-0.1969579
-20.568000,-0.1969579
-20.560000,-0.1969046
-20.552000,-0.1969579
-20.544000,-0.1969579
-20.536000,-0.1969579
-20.528000,-0.1969579
-20.520000,-0.1969579
-20.512000,-0.1969579
-20.504000,-0.1969046
-20.496000,-0.1969579
-20.488000,-0.1969046
-20.480000,-0.1969579
-20.472000,-0.1968513
-20.464000,-0.1967446
-20.456000,-0.1967446
-20.448000,-0.1967979
-20.440000,-0.1969046
-20.432000,-0.1968513
-20.424000,-0.1968513
-20.416000,-0.1969046
-20.408000,-0.1968513
-20.400000,-0.1968513
-20.392000,-0.1967979
-20.384000,-0.1968513
-20.376000,-0.1969046
-20.368000,-0.1968513
-20.360000,-0.1967979
-20.352000,-0.1967979
-20.344000,-0.1968513
-20.336000,-0.1967446
-20.328000,-0.1967446
-20.320000,-0.1967979
-20.312000,-0.1969046
-20.304000,-0.1968513
-20.296000,-0.1967979
-20.288000,-0.1967446
-20.280000,-0.1967979
-20.272000,-0.1967979
-20.264000,-0.1968513
-20.256000,-0.1968513
-20.248000,-0.1967979
-20.240000,-0.1967979
-20.232000,-0.1967979
-20.224000,-0.1966913
-20.216000,-0.1966379
-20.208000,-0.1966379
-20.200000,-0.1966913
-20.192000,-0.1967446
-20.184000,-0.1967979
-20.176000,-0.1967979
-20.168000,-0.1967979
-20.160000,-0.1967979
-20.152000,-0.1966913
-20.144000,-0.1967446
-20.136000,-0.1967446
-20.128000,-0.1966913
-20.120000,-0.1966913
-20.112000,-0.1966379
-20.104000,-0.1966379
-20.096000,-0.1967446
-20.088000,-0.1969046
-20.080000,-0.1967446
-20.072000,-0.1967446
-20.064000,-0.1966913
-20.056000,-0.1966379
-20.048000,-0.1967446
-20.040000,-0.1968513
-20.032000,-0.1967446
-20.024000,-0.1965846
-20.016000,-0.1965846
-20.008000,-0.1966379
-20.000000,-0.1966913
-19.992000,-0.1966913
-19.984000,-0.1966379
-19.976000,-0.1966379
-19.968000,-0.1966913
-19.960000,-0.1966913
-19.952000,-0.1966379
-19.944000,-0.1966379
-19.936000,-0.1966379
-19.928000,-0.1966913
-19.920000,-0.1966913
-19.912000,-0.1967446
-19.904000,-0.1966913
-19.896000,-0.1966913
-19.888000,-0.1967446
-19.880000,-0.1966913
-19.872000,-0.1965846
-19.864000,-0.1966379
-19.856000,-0.1966913
-19.848000,-0.1966379
-19.840000,-0.1966913
-19.832000,-0.1967446
-19.824000,-0.1967446
-19.816000,-0.1967446
-19.808000,-0.1966913
-19.800000,-0.1966379
-19.792000,-0.1966379
-19.784000,-0.1966379
-19.776000,-0.1966379
-19.768000,-0.1966913
-19.760000,-0.1967446
-19.752000,-0.1966379
-19.744000,-0.1965312
-19.736000,-0.1966379
-19.728000,-0.1965312
-19.720000,-0.1964512
-19.712000,-0.1964512
-19.704000,-0.1964512
-19.696000,-0.1966379
-19.688000,-0.1966379
-19.680000,-0.1966379
-19.672000,-0.1966379
-19.664000,-0.1966379
-19.656000,-0.1965846
-19.648000,-0.1965312
-19.640000,-0.1964512
-19.632000,-0.1965312
-19.624000,-0.1965846
-19.616000,-0.1965846
-19.608000,-0.1965846
-19.600000,-0.1966913
-19.592000,-0.1966379
-19.584000,-0.1966379
-19.576000,-0.1966379
-19.568000,-0.1966913
-19.560000,-0.1966379
-19.552000,-0.1965312
-19.544000,-0.1965846
-19.536000,-0.1966379
-19.528000,-0.1965846
-19.520000,-0.1965846
-19.512000,-0.1965846
-19.504000,-0.1965312
-19.496000,-0.1965312
-19.488000,-0.1964512
-19.480000,-0.1964512
-19.472000,-0.1964512
-19.464000,-0.1964512
-19.456000,-0.1964512
-19.448000,-0.1965312
-19.440000,-0.1965312
-19.432000,-0.1965846
-19.424000,-0.1965312
-19.416000,-0.1964512
-19.408000,-0.1964512
-19.400000,-0.1965846
-19.392000,-0.1965846
-19.384000,-0.1965312
-19.376000,-0.1965846
-19.368000,-0.1965846
-19.360000,-0.1965312
-19.352000,-0.1964512
-19.344000,-0.1964512
-19.336000,-0.1964512
-19.328000,-0.1964512
-19.320000,-0.1963979
-19.312000,-0.1964512
-19.304000,-0.1965312
-19.296000,-0.1964512
-19.288000,-0.1964512
-19.280000,-0.1965846
-19.272000,-0.1965846
-19.264000,-0.1965312
-19.256000,-0.1964512
-19.248000,-0.1964512
-19.240000,-0.1964512
-19.232000,-0.1963979
-19.224000,-0.1963445
-19.216000,-0.1963979
-19.208000,-0.1963979
-19.200000,-0.1964512
-19.192000,-0.1964512
-19.184000,-0.1963979
-19.176000,-0.1963979
-19.168000,-0.1963979
-19.160000,-0.1963979
-19.152000,-0.1963979
-19.144000,-0.1963979
-19.136000,-0.1964512
-19.128000,-0.1964512
-19.120000,-0.1963445
-19.112000,-0.1963445
-19.104000,-0.1963445
-19.096000,-0.1963445
-19.088000,-0.1964512
-19.080000,-0.1964512
-19.072000,-0.1963445
-19.064000,-0.1963445
-19.056000,-0.1963445
-19.048000,-0.1963979
-19.040000,-0.1963445
-19.032000,-0.1962379
-19.024000,-0.1962379
-19.016000,-0.1962912
-19.008000,-0.1963445
-19.000000,-0.1963979
-18.992000,-0.1963445
-18.984000,-0.1962912
-18.976000,-0.1963445
-18.968000,-0.1963445
-18.960000,-0.1962912
-18.952000,-0.1963979
-18.944000,-0.1963979
-18.936000,-0.1962912
-18.928000,-0.1962912
-18.920000,-0.1962912
-18.912000,-0.1962912
-18.904000,-0.1962379
-18.896000,-0.1962379
-18.888000,-0.1963445
-18.880000,-0.1963445
-18.872000,-0.1962379
-18.864000,-0.1961312
-18.856000,-0.1961845
-18.848000,-0.1962379
-18.840000,-0.1962912
-18.832000,-0.1962379
-18.824000,-0.1962379
-18.816000,-0.1962379
-18.808000,-0.1962379
-18.800000,-0.1961845
-18.792000,-0.1962912
-18.784000,-0.1962912
-18.776000,-0.1962912
-18.768000,-0.1963445
-18.760000,-0.1962912
-18.752000,-0.1962379
-18.744000,-0.1962379
-18.736000,-0.1961845
-18.728000,-0.1961845
-18.720000,-0.1962379
-18.712000,-0.1962379
-18.704000,-0.1962379
-18.696000,-0.1962379
-18.688000,-0.1961845
-18.680000,-0.1961845
-18.672000,-0.1962379
-18.664000,-0.1962379
-18.656000,-0.1962379
-18.648000,-0.1962379
-18.640000,-0.1962912
-18.632000,-0.1962379
-18.624000,-0.1961845
-18.616000,-0.1961312
-18.608000,-0.1961312
-18.600000,-0.1961845
-18.592000,-0.1962912
-18.584000,-0.1962379
-18.576000,-0.1962379
-18.568000,-0.1962912
-18.560000,-0.1961845
-18.552000,-0.1961845
-18.544000,-0.1961845
-18.536000,-0.1962379
-18.528000,-0.1962379
-18.520000,-0.1961312
-18.512000,-0.1960778
-18.504000,-0.1961312
-18.496000,-0.1961845
-18.488000,-0.1961845
-18.480000,-0.1961312
-18.472000,-0.1960778
-18.464000,-0.1961312
-18.456000,-0.1962379
-18.448000,-0.1961845
-18.440000,-0.1961845
-18.432000,-0.1961312
-18.424000,-0.1961845
-18.416000,-0.1961845
-18.408000,-0.1961845
-18.400000,-0.1961845
-18.392000,-0.1961845
-18.384000,-0.1960778
-18.376000,-0.1960778
-18.368000,-0.1960245
-18.360000,-0.1959712
-18.352000,-0.1960778
-18.344000,-0.1961312
-18.336000,-0.1961312
-18.328000,-0.1961312
-18.320000,-0.1960778
-18.312000,-0.1960778
-18.304000,-0.1960245
-18.296000,-0.1960245
-18.288000,-0.1960778
-18.280000,-0.1960778
-18.272000,-0.1960778
-18.264000,-0.1960778
-18.256000,-0.1961312
-18.248000,-0.1961312
-18.240000,-0.1961312
-18.232000,-0.1962379
-18.224000,-0.1961845
-18.216000,-0.1960245
-18.208000,-0.1960245
-18.200000,-0.1960778
-18.192000,-0.1961845
-18.184000,-0.1961312
-18.176000,-0.1961312
-18.168000,-0.1960778
-18.160000,-0.1961845
-18.152000,-0.1961312
-18.144000,-0.1960245
-18.136000,-0.1959712
-18.128000,-0.1960778
-18.120000,-0.1960245
-18.112000,-0.1959712
-18.104000,-0.1960778
-18.096000,-0.1960778
-18.088000,-0.1960778
-18.080000,-0.1960245
-18.072000,-0.1960778
-18.064000,-0.1960778
-18.056000,-0.1960245
-18.048000,-0.1960245
-18.040000,-0.1960245
-18.032000,-0.1959712
-18.024000,-0.1959712
-18.016000,-0.1959712
-18.008000,-0.1960245
-18.000000,-0.1960778
-17.992000,-0.1960245
-17.984000,-0.1959178
-17.976000,-0.1958111
-17.968000,-0.1959178
-17.960000,-0.1959712
-17.952000,-0.1960245
-17.944000,-0.1960245
-17.936000,-0.1960245
-17.928000,-0.1960245
-17.920000,-0.1960245
-17.912000,-0.1960245
-17.904000,-0.1959712
-17.896000,-0.1959178
-17.888000,-0.1959178
-17.880000,-0.1959178
-17.872000,-0.1959178
-17.864000,-0.1960245
-17.856000,-0.1959712
-17.848000,-0.1959712
-17.840000,-0.1959712
-17.832000,-0.1959712
-17.824000,-0.1959712
-17.816000,-0.1958645
-17.808000,-0.1958645
-17.800000,-0.1958111
-17.792000,-0.1959178
-17.784000,-0.1958645
-17.776000,-0.1958645
-17.768000,-0.1960245
-17.760000,-0.1960778
-17.752000,-0.1960245
-17.744000,-0.1959712
-17.736000,-0.1959712
-17.728000,-0.1960245
-17.720000,-0.1959712
-17.712000,-0.1958645
-17.704000,-0.1959178
-17.696000,-0.1959712
-17.688000,-0.1959178
-17.680000,-0.1958645
-17.672000,-0.1959712
-17.664000,-0.1959178
-17.656000,-0.1958645
-17.648000,-0.1958645
-17.640000,-0.1958645
-17.632000,-0.1959178
-17.624000,-0.1959712
-17.616000,-0.1958645
-17.608000,-0.1958645
-17.600000,-0.1959178
-17.592000,-0.1959178
-17.584000,-0.1959178
-17.576000,-0.1959712
-17.568000,-0.1959178
-17.560000,-0.1958645
-17.552000,-0.1958111
-17.544000,-0.1958645
-17.536000,-0.1958111
-17.528000,-0.1958645
-17.520000,-0.1958645
-17.512000,-0.1958111
-17.504000,-0.1957578
-17.496000,-0.1958645
-17.488000,-0.1959178
-17.480000,-0.1959178
-17.472000,-0.1958645
-17.464000,-0.1958111
-17.456000,-0.1957578
-17.448000,-0.1957578
-17.440000,-0.1958111
-17.432000,-0.1957578
-17.424000,-0.1957578
-17.416000,-0.1957578
-17.408000,-0.1958111
-17.400000,-0.1958111
-17.392000,-0.1957578
-17.384000,-0.1958111
-17.376000,-0.1957578
-17.368000,-0.1958111
-17.360000,-0.1957578
-17.352000,-0.1957045
-17.344000,-0.1957045
-17.336000,-0.1958111
-17.328000,-0.1957578
-17.320000,-0.1957578
-17.312000,-0.1958111
-17.304000,-0.1957578
-17.296000,-0.1957045
-17.288000,-0.1957045
-17.280000,-0.1958111
-17.272000,-0.1958645
-17.264000,-0.1957578
-17.256000,-0.1957045
-17.248000,-0.1958111
-17.240000,-0.1958111
-17.232000,-0.1957578
-17.224000,-0.1957578
-17.216000,-0.1958111
-17.208000,-0.1957578
-17.200000,-0.1957045
-17.192000,-0.1957578
-17.184000,-0.1957578
-17.176000,-0.1957045
-17.168000,-0.1957045
-17.160000,-0.1957045
-17.152000,-0.1957578
-17.144000,-0.1957578
-17.136000,-0.1957578
-17.128000,-0.1957578
-17.120000,-0.1957578
-17.112000,-0.1957578
-17.104000,-0.1957578
-17.096000,-0.1958111
-17.088000,-0.1957045
-17.080000,-0.1957045
-17.072000,-0.1957045
-17.064000,-0.1956511
-17.056000,-0.1956511
-17.048000,-0.1955978
-17.040000,-0.1957045
-17.032000,-0.1957578
-17.024000,-0.1958111
-17.016000,-0.1958645
-17.008000,-0.1957045
-17.000000,-0.1955978
-16.992000,-0.1956511
-16.984000,-0.1957578
-16.976000,-0.1957045
-16.968000,-0.1957045
-16.960000,-0.1957045
-16.952000,-0.1956511
-16.944000,-0.1955978
-16.936000,-0.1955978
-16.928000,-0.1954911
-16.920000,-0.1954911
-16.912000,-0.1955444
-16.904000,-0.1955978
-16.896000,-0.1955978
-16.888000,-0.1955444
-16.880000,-0.1955978
-16.872000,-0.1956511
-16.864000,-0.1955978
-16.856000,-0.1955444
-16.848000,-0.1955978
-16.840000,-0.1956511
-16.832000,-0.1955978
-16.824000,-0.1955978
-16.816000,-0.1955444
-16.808000,-0.1955444
-16.800000,-0.1955444
-16.792000,-0.1955444
-16.784000,-0.1955978
-16.776000,-0.1955978
-16.768000,-0.1955978
-16.760000,-0.1956511
-16.752000,-0.1955978
-16.744000,-0.1956511
-16.736000,-0.1955978
-16.728000,-0.1955978
-16.720000,-0.1956511
-16.712000,-0.1955978
-16.704000,-0.1954911
-16.696000,-0.1954378
-16.688000,-0.1955444
-16.680000,-0.1955444
-16.672000,-0.1955978
-16.664000,-0.1955978
-16.656000,-0.1955978
-16.648000,-0.1955978
-16.640000,-0.1955978
-16.632000,-0.1956511
-16.624000,-0.1956511
-16.616000,-0.1955444
-16.608000,-0.1955978
-16.600000,-0.1955444
-16.592000,-0.1955444
-16.584000,-0.1955444
-16.576000,-0.1954911
-16.568000,-0.1956511
-16.560000,-0.1955444
-16.552000,-0.1954378
-16.544000,-0.1954911
-16.536000,-0.1955444
-16.528000,-0.1954911
-16.520000,-0.1953844
-16.512000,-0.1953311
-16.504000,-0.1954378
-16.496000,-0.1954378
-16.488000,-0.1954911
-16.480000,-0.1954378
-16.472000,-0.1953311
-16.464000,-0.1954378
-16.456000,-0.1955444
-16.448000,-0.1955444
-16.440000,-0.1954911
-16.432000,-0.1954911
-16.424000,-0.1954911
-16.416000,-0.1954378
-16.408000,-0.1953844
-16.400000,-0.1954378
-16.392000,-0.1954911
-16.384000,-0.1954911
-16.376000,-0.1954378
-16.368000,-0.1954911
-16.360000,-0.1954911
-16.352000,-0.1954378
-16.344000,-0.1954378
-16.336000,-0.1954378
-16.328000,-0.1954911
-16.320000,-0.1955978
-16.312000,-0.1955444
-16.304000,-0.1955444
-16.296000,-0.1954911
-16.288000,-0.1953844
-16.280000,-0.1952777
-16.272000,-0.1953311
-16.264000,-0.1953844
-16.256000,-0.1953844
-16.248000,-0.1953844
-16.240000,-0.1953844
-16.232000,-0.1953844
-16.224000,-0.1953311
-16.216000,-0.1953311
-16.208000,-0.1954378
-16.200000,-0.1954911
-16.192000,-0.1954911
-16.184000,-0.1953844
-16.176000,-0.1953311
-16.168000,-0.1953311
-16.160000,-0.1953844
-16.152000,-0.1954378
-16.144000,-0.1954378
-16.136000,-0.1954378
-16.128000,-0.1953844
-16.120000,-0.1953311
-16.112000,-0.1952777
-16.104000,-0.1952777
-16.096000,-0.1952777
-16.088000,-0.1953311
-16.080000,-0.1952777
-16.072000,-0.1952777
-16.064000,-0.1953311
-16.056000,-0.1953844
-16.048000,-0.1953311
-16.040000,-0.1952244
-16.032000,-0.1952244
-16.024000,-0.1953311
-16.016000,-0.1954378
-16.008000,-0.1954378
-16.000000,-0.1953311
-15.992000,-0.1952777
-15.984000,-0.1953311
-15.976000,-0.1952777
-15.968000,-0.1952777
-15.960000,-0.1953311
-15.952000,-0.1952244
-15.944000,-0.1952777
-15.936000,-0.1953311
-15.928000,-0.1953311
-15.920000,-0.1953311
-15.912000,-0.1952777
-15.904000,-0.1952244
-15.896000,-0.1952244
-15.888000,-0.1951711
-15.880000,-0.1951711
-15.872000,-0.1952244
-15.864000,-0.1951711
-15.856000,-0.1952244
-15.848000,-0.1952777
-15.840000,-0.1952777
-15.832000,-0.1952244
-15.824000,-0.1951711
-15.816000,-0.1952777
-15.808000,-0.1953311
-15.800000,-0.1953844
-15.792000,-0.1953311
-15.784000,-0.1953311
-15.776000,-0.1952777
-15.768000,-0.1952244
-15.760000,-0.1951711
-15.752000,-0.1952244
-15.744000,-0.1952777
-15.736000,-0.1952244
-15.728000,-0.1951711
-15.720000,-0.1952244
-15.712000,-0.1952244
-15.704000,-0.1952244
-15.696000,-0.1952244
-15.688000,-0.1952777
-15.680000,-0.1952777
-15.672000,-0.1952244
-15.664000,-0.1952244
-15.656000,-0.1951711
-15.648000,-0.1952244
-15.640000,-0.1952244
-15.632000,-0.1951711
-15.624000,-0.1952244
-15.616000,-0.1952777
-15.608000,-0.1952777
-15.600000,-0.1952777
-15.592000,-0.1953311
-15.584000,-0.1953311
-15.576000,-0.1952777
-15.568000,-0.1951177
-15.560000,-0.1951177
-15.552000,-0.1951711
-15.544000,-0.1952777
-15.536000,-0.1952777
-15.528000,-0.1951177
-15.520000,-0.1951177
-15.512000,-0.1952244
-15.504000,-0.1951711
-15.496000,-0.1950644
-15.488000,-0.1951711
-15.480000,-0.1952244
-15.472000,-0.1951711
-15.464000,-0.1950644
-15.456000,-0.1950644
-15.448000,-0.1951177
-15.440000,-0.1951711
-15.432000,-0.1951177
-15.424000,-0.1951177
-15.416000,-0.1951711
-15.408000,-0.1951177
-15.400000,-0.1951177
-15.392000,-0.1951177
-15.384000,-0.1951177
-15.376000,-0.1950644
-15.368000,-0.1950110
-15.360000,-0.1950644
-15.352000,-0.1950644
-15.344000,-0.1950110
-15.336000,-0.1950644
-15.328000,-0.1951177
-15.320000,-0.1951177
-15.312000,-0.1951177
-15.304000,-0.1951177
-15.296000,-0.1951177
-15.288000,-0.1950644
-15.280000,-0.1951177
-15.272000,-0.1950644
-15.264000,-0.1951177
-15.256000,-0.1951177
-15.248000,-0.1950110
-15.240000,-0.1949044
-15.232000,-0.1949044
-15.224000,-0.1950110
-15.216000,-0.1950644
-15.208000,-0.1951177
-15.200000,-0.1951177
-15.192000,-0.1951177
-15.184000,-0.1950110
-15.176000,-0.1949577
-15.168000,-0.1950644
-15.160000,-0.1951177
-15.152000,-0.1950644
-15.144000,-0.1950644
-15.136000,-0.1949044
-15.128000,-0.1949577
-15.120000,-0.1950110
-15.112000,-0.1950110
-15.104000,-0.1949577
-15.096000,-0.1949577
-15.088000,-0.1950110
-15.080000,-0.1950110
-15.072000,-0.1950110
-15.064000,-0.1950110
-15.056000,-0.1949577
-15.048000,-0.1949044
-15.040000,-0.1949044
-15.032000,-0.1950110
-15.024000,-0.1950110
-15.016000,-0.1950110
-15.008000,-0.1950110
-15.000000,-0.1950110
-14.992000,-0.1950644
-14.984000,-0.1950644
-14.976000,-0.1950110
-14.968000,-0.1950110
-14.960000,-0.1950110
-14.952000,-0.1951177
-14.944000,-0.1950110
-14.936000,-0.1949044
-14.928000,-0.1948510
-14.920000,-0.1948510
-14.912000,-0.1948510
-14.904000,-0.1949044
-14.896000,-0.1950110
-14.888000,-0.1950110
-14.880000,-0.1949577
-14.872000,-0.1949577
-14.864000,-0.1948510
-14.856000,-0.1949044
-14.848000,-0.1949044
-14.840000,-0.1948510
-14.832000,-0.1949044
-14.824000,-0.1949044
-14.816000,-0.1949044
-14.808000,-0.1949577
-14.800000,-0.1948510
-14.792000,-0.1948510
-14.784000,-0.1949044
-14.776000,-0.1949044
-14.768000,-0.1948510
-14.760000,-0.1948510
-14.752000,-0.1947977
-14.744000,-0.1948510
-14.736000,-0.1949044
-14.728000,-0.1949044
-14.720000,-0.1948510
-14.712000,-0.1947977
-14.704000,-0.1948510
-14.696000,-0.1948510
-14.688000,-0.1948510
-14.680000,-0.1947977
-14.672000,-0.1948510
-14.664000,-0.1948510
-14.656000,-0.1948510
-14.648000,-0.1947977
-14.640000,-0.1947443
-14.632000,-0.1947443
-14.624000,-0.1949044
-14.616000,-0.1948510
-14.608000,-0.1947977
-14.600000,-0.1947443
-14.592000,-0.1947443
-14.584000,-0.1948510
-14.576000,-0.1949044
-14.568000,-0.1948510
-14.560000,-0.1948510
-14.552000,-0.1947443
-14.544000,-0.1947443
-14.536000,-0.1947443
-14.528000,-0.1947443
-14.520000,-0.1947443
-14.512000,-0.1946910
-14.504000,-0.1947977
-14.496000,-0.1947977
-14.488000,-0.1947977
-14.480000,-0.1947977
-14.472000,-0.1946910
-14.464000,-0.1946910
-14.456000,-0.1947443
-14.448000,-0.1947977
-14.440000,-0.1946910
-14.432000,-0.1946910
-14.424000,-0.1946910
-14.416000,-0.1946910
-14.408000,-0.1947443
-14.400000,-0.1947443
-14.392000,-0.1948510
-14.384000,-0.1948510
-14.376000,-0.1947443
-14.368000,-0.1947977
-14.360000,-0.1947443
-14.352000,-0.1947977
-14.344000,-0.1947977
-14.336000,-0.1946910
-14.328000,-0.1946377
-14.320000,-0.1945843
-14.312000,-0.1946910
-14.304000,-0.1947977
-14.296000,-0.1947443
-14.288000,-0.1946377
-14.280000,-0.1946377
-14.272000,-0.1946910
-14.264000,-0.1947443
-14.256000,-0.1946910
-14.248000,-0.1946377
-14.240000,-0.1945843
-14.232000,-0.1945843
-14.224000,-0.1946377
-14.216000,-0.1946377
-14.208000,-0.1946910
-14.200000,-0.1945843
-14.192000,-0.1945310
-14.184000,-0.1945843
-14.176000,-0.1945843
-14.168000,-0.1945843
-14.160000,-0.1946377
-14.152000,-0.1945843
-14.144000,-0.1945310
-14.136000,-0.1945843
-14.128000,-0.1945310
-14.120000,-0.1946377
-14.112000,-0.1947443
-14.104000,-0.1946910
-14.096000,-0.1946910
-14.088000,-0.1946377
-14.080000,-0.1945843
-14.072000,-0.1945310
-14.064000,-0.1944776
-14.056000,-0.1944776
-14.048000,-0.1945310
-14.040000,-0.1946377
-14.032000,-0.1945843
-14.024000,-0.1944776
-14.016000,-0.1944776
-14.008000,-0.1945310
-14.000000,-0.1945310
-13.992000,-0.1946377
-13.984000,-0.1946910
-13.976000,-0.1945843
-13.968000,-0.1944776
-13.960000,-0.1944776
-13.952000,-0.1944243
-13.944000,-0.1945310
-13.936000,-0.1945843
-13.928000,-0.1946377
-13.920000,-0.1945843
-13.912000,-0.1945310
-13.904000,-0.1945843
-13.896000,-0.1945843
-13.888000,-0.1944776
-13.880000,-0.1944776
-13.872000,-0.1946910
-13.864000,-0.1946377
-13.856000,-0.1945310
-13.848000,-0.1945843
-13.840000,-0.1945843
-13.832000,-0.1946377
-13.824000,-0.1945310
-13.816000,-0.1945310
-13.808000,-0.1945310
-13.800000,-0.1944243
-13.792000,-0.1944243
-13.784000,-0.1944776
-13.776000,-0.1944243
-13.768000,-0.1944243
-13.760000,-0.1944243
-13.752000,-0.1944243
-13.744000,-0.1943710
-13.736000,-0.1945310
-13.728000,-0.1945310
-13.720000,-0.1945310
-13.712000,-0.1945310
-13.704000,-0.1945310
-13.696000,-0.1944243
-13.688000,-0.1944776
-13.680000,-0.1946377
-13.672000,-0.1944776
-13.664000,-0.1944243
-13.656000,-0.1944243
-13.648000,-0.1944776
-13.640000,-0.1944776
-13.632000,-0.1944776
-13.624000,-0.1943710
-13.616000,-0.1943710
-13.608000,-0.1943710
-13.600000,-0.1943176
-13.592000,-0.1943710
-13.584000,-0.1944776
-13.576000,-0.1944776
-13.568000,-0.1944243
-13.560000,-0.1943710
-13.552000,-0.1944243
-13.544000,-0.1943710
-13.536000,-0.1943710
-13.528000,-0.1944776
-13.520000,-0.1944776
-13.512000,-0.1944776
-13.504000,-0.1944776
-13.496000,-0.1943710
-13.488000,-0.1943710
-13.480000,-0.1944243
-13.472000,-0.1943710
-13.464000,-0.1943176
-13.456000,-0.1943176
-13.448000,-0.1943710
-13.440000,-0.1944243
-13.432000,-0.1944243
-13.424000,-0.1944243
-13.416000,-0.1943710
-13.408000,-0.1943176
-13.400000,-0.1942109
-13.392000,-0.1942109
-13.384000,-0.1942643
-13.376000,-0.1943176
-13.368000,-0.1943176
-13.360000,-0.1942643
-13.352000,-0.1941576
-13.344000,-0.1942109
-13.336000,-0.1943176
-13.328000,-0.1942643
-13.320000,-0.1943176
-13.312000,-0.1943176
-13.304000,-0.1942643
-13.296000,-0.1943176
-13.288000,-0.1943176
-13.280000,-0.1942643
-13.272000,-0.1941576
-13.264000,-0.1941576
-13.256000,-0.1942109
-13.248000,-0.1943176
-13.240000,-0.1943176
-13.232000,-0.1942643
-13.224000,-0.1942643
-13.216000,-0.1942643
-13.208000,-0.1942643
-13.200000,-0.1942643
-13.192000,-0.1942109
-13.184000,-0.1942109
-13.176000,-0.1942643
-13.168000,-0.1942109
-13.160000,-0.1942109
-13.152000,-0.1942109
-13.144000,-0.1941576
-13.136000,-0.1941576
-13.128000,-0.1942643
-13.120000,-0.1943176
-13.112000,-0.1943176
-13.104000,-0.1943176
-13.096000,-0.1943176
-13.088000,-0.1942643
-13.080000,-0.1942109
-13.072000,-0.1942109
-13.064000,-0.1943176
-13.056000,-0.1943710
-13.048000,-0.1942643
-13.040000,-0.1942643
-13.032000,-0.1942643
-13.024000,-0.1942109
-13.016000,-0.1941576
-13.008000,-0.1942109
-13.000000,-0.1942643
-12.992000,-0.1942643
-12.984000,-0.1942109
-12.976000,-0.1941576
-12.968000,-0.1942109
-12.960000,-0.1942109
-12.952000,-0.1941576
-12.944000,-0.1942109
-12.936000,-0.1942109
-12.928000,-0.1942643
-12.920000,-0.1942109
-12.912000,-0.1941576
-12.904000,-0.1941576
-12.896000,-0.1941576
-12.888000,-0.1942643
-12.880000,-0.1942643
-12.872000,-0.1942109
-12.864000,-0.1942109
-12.856000,-0.1942109
-12.848000,-0.1940509
-12.840000,-0.1940509
-12.832000,-0.1941576
-12.824000,-0.1941576
-12.816000,-0.1941043
-12.808000,-0.1941576
-12.800000,-0.1942109
-12.792000,-0.1941043
-12.784000,-0.1940509
-12.776000,-0.1941576
-12.768000,-0.1942643
-12.760000,-0.1941576
-12.752000,-0.1941043
-12.744000,-0.1941576
-12.736000,-0.1941576
-12.728000,-0.1941043
-12.720000,-0.1939976
-12.712000,-0.1940509
-12.704000,-0.1941576
-12.696000,-0.1941576
-12.688000,-0.1941576
-12.680000,-0.1941043
-12.672000,-0.1939442
-12.664000,-0.1939442
-12.656000,-0.1939976
-12.648000,-0.1941043
-12.640000,-0.1941043
-12.632000,-0.1940509
-12.624000,-0.1939976
-12.616000,-0.1939442
-12.608000,-0.1939976
-12.600000,-0.1940509
-12.592000,-0.1940509
-12.584000,-0.1939976
-12.576000,-0.1939976
-12.568000,-0.1939976
-12.560000,-0.1939976
-12.552000,-0.1940509
-12.544000,-0.1940509
-12.536000,-0.1939442
-12.528000,-0.1938909
-12.520000,-0.1939442
-12.512000,-0.1939976
-12.504000,-0.1939976
-12.496000,-0.1939442
-12.488000,-0.1939442
-12.480000,-0.1939442
-12.472000,-0.1939442
-12.464000,-0.1937842
-12.456000,-0.1937842
-12.448000,-0.1938909
-12.440000,-0.1939442
-12.432000,-0.1940509
-12.424000,-0.1940509
-12.416000,-0.1939442
-12.408000,-0.1939442
-12.400000,-0.1939442
-12.392000,-0.1939442
-12.384000,-0.1940509
-12.376000,-0.1940509
-12.368000,-0.1939442
-12.360000,-0.1937842
-12.352000,-0.1937842
-12.344000,-0.1938909
-12.336000,-0.1938909
-12.328000,-0.1938909
-12.320000,-0.1938376
-12.312000,-0.1938909
-12.304000,-0.1938909
-12.296000,-0.1938376
-12.288000,-0.1938909
-12.280000,-0.1939442
-12.272000,-0.1938909
-12.264000,-0.1938376
-12.256000,-0.1939442
-12.248000,-0.1939442
-12.240000,-0.1938909
-12.232000,-0.1939442
-12.224000,-0.1939442
-12.216000,-0.1939976
-12.208000,-0.1939442
-12.200000,-0.1939442
-12.192000,-0.1938909
-12.184000,-0.1938376
-12.176000,-0.1938376
-12.168000,-0.1938376
-12.160000,-0.1937842
-12.152000,-0.1937309
-12.144000,-0.1938376
-12.136000,-0.1938376
-12.128000,-0.1937842
-12.120000,-0.1938376
-12.112000,-0.1938376
-12.104000,-0.1938376
-12.096000,-0.1938909
-12.088000,-0.1938376
-12.080000,-0.1937842
-12.072000,-0.1937842
-12.064000,-0.1937842
-12.056000,-0.1937842
-12.048000,-0.1937309
-12.040000,-0.1937842
-12.032000,-0.1937309
-12.024000,-0.1937309
-12.016000,-0.1937309
-12.008000,-0.1937309
-12.000000,-0.1937842
-11.992000,-0.1938376
-11.984000,-0.1938376
-11.976000,-0.1938376
-11.968000,-0.1937309
-11.960000,-0.1937309
-11.952000,-0.1937842
-11.944000,-0.1938376
-11.936000,-0.1937842
-11.928000,-0.1936775
-11.920000,-0.1937309
-11.912000,-0.1936775
-11.904000,-0.1936775
-11.896000,-0.1937842
-11.888000,-0.1937842
-11.880000,-0.1937842
-11.872000,-0.1936775
-11.864000,-0.1936775
-11.856000,-0.1936775
-11.848000,-0.1937309
-11.840000,-0.1937309
-11.832000,-0.1937309
-11.824000,-0.1937842
-11.816000,-0.1938376
-11.808000,-0.1937842
-11.800000,-0.1937309
-11.792000,-0.1937842
-11.784000,-0.1936775
-11.776000,-0.1936242
-11.768000,-0.1937309
-11.760000,-0.1936775
-11.752000,-0.1936775
-11.744000,-0.1936775
-11.736000,-0.1937842
-11.728000,-0.1937309
-11.720000,-0.1936775
-11.712000,-0.1936242
-11.704000,-0.1936242
-11.696000,-0.1936242
-11.688000,-0.1936242
-11.680000,-0.1936242
-11.672000,-0.1936775
-11.664000,-0.1936242
-11.656000,-0.1935709
-11.648000,-0.1935709
-11.640000,-0.1936242
-11.632000,-0.1936242
-11.624000,-0.1936242
-11.616000,-0.1936775
-11.608000,-0.1936775
-11.600000,-0.1935709
-11.592000,-0.1935709
-11.584000,-0.1936775
-11.576000,-0.1936775
-11.568000,-0.1937309
-11.560000,-0.1937309
-11.552000,-0.1935709
-11.544000,-0.1935175
-11.536000,-0.1936242
-11.528000,-0.1936242
-11.520000,-0.1935709
-11.512000,-0.1935175
-11.504000,-0.1935709
-11.496000,-0.1935709
-11.488000,-0.1935709
-11.480000,-0.1935709
-11.472000,-0.1934642
-11.464000,-0.1935709
-11.456000,-0.1935709
-11.448000,-0.1935175
-11.440000,-0.1935175
-11.432000,-0.1935175
-11.424000,-0.1934642
-11.416000,-0.1934642
-11.408000,-0.1935709
-11.400000,-0.1935175
-11.392000,-0.1935709
-11.384000,-0.1935175
-11.376000,-0.1934642
-11.368000,-0.1935175
-11.360000,-0.1933842
-11.352000,-0.1934642
-11.344000,-0.1935709
-11.336000,-0.1935709
-11.328000,-0.1933842
-11.320000,-0.1934642
-11.312000,-0.1935175
-11.304000,-0.1935709
-11.296000,-0.1936242
-11.288000,-0.1935709
-11.280000,-0.1935175
-11.272000,-0.1935175
-11.264000,-0.1935175
-11.256000,-0.1934642
-11.248000,-0.1934642
-11.240000,-0.1935709
-11.232000,-0.1935175
-11.224000,-0.1934642
-11.216000,-0.1933842
-11.208000,-0.1934642
-11.200000,-0.1935175
-11.192000,-0.1935175
-11.184000,-0.1933842
-11.176000,-0.1934642
-11.168000,-0.1935709
-11.160000,-0.1934642
-11.152000,-0.1933308
-11.144000,-0.1933308
-11.136000,-0.1933842
-11.128000,-0.1934642
-11.120000,-0.1935175
-11.112000,-0.1935175
-11.104000,-0.1933842
-11.096000,-0.1933842
-11.088000,-0.1933842
-11.080000,-0.1933842
-11.072000,-0.1934642
-11.064000,-0.1934642
-11.056000,-0.1934642
-11.048000,-0.1935175
-11.040000,-0.1934642
-11.032000,-0.1933308
-11.024000,-0.1933308
-11.016000,-0.1934642
-11.008000,-0.1933842
-11.000000,-0.1932775
-10.992000,-0.1933308
-10.984000,-0.1933308
-10.976000,-0.1933842
-10.968000,-0.1934642
-10.960000,-0.1932775
-10.952000,-0.1933308
-10.944000,-0.1934642
-10.936000,-0.1933308
-10.928000,-0.1932775
-10.920000,-0.1932242
-10.912000,-0.1932242
-10.904000,-0.1932775
-10.896000,-0.1931708
-10.888000,-0.1932242
-10.880000,-0.1933842
-10.872000,-0.1934642
-10.864000,-0.1934642
-10.856000,-0.1933842
-10.848000,-0.1933308
-10.840000,-0.1933308
-10.832000,-0.1932775
-10.824000,-0.1933842
-10.816000,-0.1933308
-10.808000,-0.1933308
-10.800000,-0.1932775
-10.792000,-0.1932242
-10.784000,-0.1932242
-10.776000,-0.1933308
-10.768000,-0.1933308
-10.760000,-0.1932775
-10.752000,-0.1933308
-10.744000,-0.1932775
-10.736000,-0.1932775
-10.728000,-0.1932775
-10.720000,-0.1932775
-10.712000,-0.1932242
-10.704000,-0.1932242
-10.696000,-0.1931708
-10.688000,-0.1931175
-10.680000,-0.1932242
-10.672000,-0.1933842
-10.664000,-0.1933308
-10.656000,-0.1932775
-10.648000,-0.1933308
-10.640000,-0.1933842
-10.632000,-0.1932242
-10.624000,-0.1931708
-10.616000,-0.1932775
-10.608000,-0.1931708
-10.600000,-0.1931708
-10.592000,-0.1932242
-10.584000,-0.1932775
-10.576000,-0.1932775
-10.568000,-0.1933308
-10.560000,-0.1932242
-10.552000,-0.1931708
-10.544000,-0.1932242
-10.536000,-0.1931708
-10.528000,-0.1932242
-10.520000,-0.1933308
-10.512000,-0.1932242
-10.504000,-0.1931175
-10.496000,-0.1930641
-10.488000,-0.1930641
-10.480000,-0.1931708
-10.472000,-0.1932242
-10.464000,-0.1932775
-10.456000,-0.1932775
-10.448000,-0.1932242
-10.440000,-0.1932242
-10.432000,-0.1932242
-10.424000,-0.1931175
-10.416000,-0.1931708
-10.408000,-0.1931708
-10.400000,-0.1931175
-10.392000,-0.1931708
-10.384000,-0.1932242
-10.376000,-0.1932242
-10.368000,-0.1931708
-10.360000,-0.1931175
-10.352000,-0.1930108
-10.344000,-0.1931175
-10.336000,-0.1932242
-10.328000,-0.1932242
-10.320000,-0.1931175
-10.312000,-0.1931708
-10.304000,-0.1932242
-10.296000,-0.1931708
-10.288000,-0.1931708
-10.280000,-0.1930641
-10.272000,-0.1930108
-10.264000,-0.1930641
-10.256000,-0.1931175
-10.248000,-0.1931708
-10.240000,-0.1931175
-10.232000,-0.1930108
-10.224000,-0.1930108
-10.216000,-0.1930108
-10.208000,-0.1930108
-10.200000,-0.1930108
-10.192000,-0.1930641
-10.184000,-0.1930641
-10.176000,-0.1930108
-10.168000,-0.1930641
-10.160000,-0.1929575
-10.152000,-0.1930108
-10.144000,-0.1930108
-10.136000,-0.1929575
-10.128000,-0.1930108
-10.120000,-0.1930108
-10.112000,-0.1930108
-10.104000,-0.1930108
-10.096000,-0.1929575
-10.088000,-0.1929575
-10.080000,-0.1930108
-10.072000,-0.1930641
-10.064000,-0.1931175
-10.056000,-0.1930641
-10.048000,-0.1929575
-10.040000,-0.1929041
-10.032000,-0.1929575
-10.024000,-0.1930108
-10.016000,-0.1929575
-10.008000,-0.1929575
-10.000000,-0.1930108
-9.992000,-0.1930108
-9.984000,-0.1930108
-9.976000,-0.1930108
-9.968000,-0.1929041
-9.960000,-0.1929041
-9.952000,-0.1929575
-9.944000,-0.1930108
-9.936000,-0.1929575
-9.928000,-0.1929041
-9.920000,-0.1929041
-9.912000,-0.1929041
-9.904000,-0.1929041
-9.896000,-0.1928508
-9.888000,-0.1929575
-9.880000,-0.1930108
-9.872000,-0.1929575
-9.864000,-0.1929041
-9.856000,-0.1929041
-9.848000,-0.1929575
-9.840000,-0.1930108
-9.832000,-0.1930108
-9.824000,-0.1929041
-9.816000,-0.1929041
-9.808000,-0.1929041
-9.800000,-0.1929575
-9.792000,-0.1930108
-9.784000,-0.1929041
-9.776000,-0.1928508
-9.768000,-0.1929575
-9.760000,-0.1930641
-9.752000,-0.1929575
-9.744000,-0.1929041
-9.736000,-0.1929575
-9.728000,-0.1929575
-9.720000,-0.1929575
-9.712000,-0.1929575
-9.704000,-0.1930108
-9.696000,-0.1930641
-9.688000,-0.1930108
-9.680000,-0.1929041
-9.672000,-0.1927974
-9.664000,-0.1927974
-9.656000,-0.1929041
-9.648000,-0.1929041
-9.640000,-0.1928508
-9.632000,-0.1929041
-9.624000,-0.1929041
-9.616000,-0.1929575
-9.608000,-0.1929041
-9.600000,-0.1928508
-9.592000,-0.1927974
-9.584000,-0.1927441
-9.576000,-0.1928508
-9.568000,-0.1929041
-9.560000,-0.1929575
-9.552000,-0.1929575
-9.544000,-0.1929041
-9.536000,-0.1927974
-9.528000,-0.1927441
-9.520000,-0.1926374
-9.512000,-0.1927441
-9.504000,-0.1928508
-9.496000,-0.1927441
-9.488000,-0.1927974
-9.480000,-0.1927974
-9.472000,-0.1928508
-9.464000,-0.1928508
-9.456000,-0.1928508
-9.448000,-0.1929041
-9.440000,-0.1929041
-9.432000,-0.1929041
-9.424000,-0.1928508
-9.416000,-0.1927974
-9.408000,-0.1927441
-9.400000,-0.1927441
-9.392000,-0.1927441
-9.384000,-0.1926907
-9.376000,-0.1926907
-9.368000,-0.1927974
-9.360000,-0.1926907
-9.352000,-0.1926907
-9.344000,-0.1928508
-9.336000,-0.1929041
-9.328000,-0.1927974
-9.320000,-0.1927441
-9.312000,-0.1926374
-9.304000,-0.1926374
-9.296000,-0.1926907
-9.288000,-0.1925841
-9.280000,-0.1926374
-9.272000,-0.1927441
-9.264000,-0.1926907
-9.256000,-0.1926374
-9.248000,-0.1926374
-9.240000,-0.1926907
-9.232000,-0.1926907
-9.224000,-0.1926374
-9.216000,-0.1926374
-9.208000,-0.1926374
-9.200000,-0.1926907
-9.192000,-0.1926907
-9.184000,-0.1926907
-9.176000,-0.1926374
-9.168000,-0.1925841
-9.160000,-0.1925307
-9.152000,-0.1926374
-9.144000,-0.1926374
-9.136000,-0.1926907
-9.128000,-0.1927441
-9.120000,-0.1926374
-9.112000,-0.1925841
-9.104000,-0.1926374
-9.096000,-0.1926374
-9.088000,-0.1926374
-9.080000,-0.1925841
-9.072000,-0.1925841
-9.064000,-0.1925841
-9.056000,-0.1925841
-9.048000,-0.1925307
-9.040000,-0.1925841
-9.032000,-0.1926374
-9.024000,-0.1926907
-9.016000,-0.1926907
-9.008000,-0.1925841
-9.000000,-0.1925307
-8.992000,-0.1925307
-8.984000,-0.1925307
-8.976000,-0.1926374
-8.968000,-0.1926907
-8.960000,-0.1926374
-8.952000,-0.1926374
-8.944000,-0.1926374
-8.936000,-0.1926374
-8.928000,-0.1926374
-8.920000,-0.1926374
-8.912000,-0.1925307
-8.904000,-0.1925307
-8.896000,-0.1925307
-8.888000,-0.1925307
-8.880000,-0.1925307
-8.872000,-0.1925307
-8.864000,-0.1926374
-8.856000,-0.1926374
-8.848000,-0.1926907
-8.840000,-0.1926907
-8.832000,-0.1925841
-8.824000,-0.1925841
-8.816000,-0.1926374
-8.808000,-0.1926374
-8.800000,-0.1925307
-8.792000,-0.1924774
-8.784000,-0.1925307
-8.776000,-0.1926374
-8.768000,-0.1925841
-8.760000,-0.1924774
-8.752000,-0.1925307
-8.744000,-0.1925307
-8.736000,-0.1924774
-8.728000,-0.1923707
-8.720000,-0.1924241
-8.712000,-0.1924774
-8.704000,-0.1924774
-8.696000,-0.1924774
-8.688000,-0.1924241
-8.680000,-0.1924241
-8.672000,-0.1924241
-8.664000,-0.1925841
-8.656000,-0.1926374
-8.648000,-0.1924774
-8.640000,-0.1924241
-8.632000,-0.1925841
-8.624000,-0.1925841
-8.616000,-0.1925307
-8.608000,-0.1924774
-8.600000,-0.1924774
-8.592000,-0.1924241
-8.584000,-0.1924241
-8.576000,-0.1924241
-8.568000,-0.1923707
-8.560000,-0.1923707
-8.552000,-0.1924241
-8.544000,-0.1924774
-8.536000,-0.1924774
-8.528000,-0.1924241
-8.520000,-0.1924774
-8.512000,-0.1924241
-8.504000,-0.1923707
-8.496000,-0.1923707
-8.488000,-0.1924774
-8.480000,-0.1924774
-8.472000,-0.1923174
-8.464000,-0.1924241
-8.456000,-0.1924774
-8.448000,-0.1925307
-8.440000,-0.1924774
-8.432000,-0.1924241
-8.424000,-0.1924241
-8.416000,-0.1924241
-8.408000,-0.1923707
-8.400000,-0.1923707
-8.392000,-0.1923174
-8.384000,-0.1923174
-8.376000,-0.1923707
-8.368000,-0.1923707
-8.360000,-0.1924241
-8.352000,-0.1924241
-8.344000,-0.1923174
-8.336000,-0.1922640
-8.328000,-0.1923174
-8.320000,-0.1923174
-8.312000,-0.1923174
-8.304000,-0.1924241
-8.296000,-0.1924774
-8.288000,-0.1924241
-8.280000,-0.1923174
-8.272000,-0.1923174
-8.264000,-0.1923174
-8.256000,-0.1922107
-8.248000,-0.1923174
-8.240000,-0.1923707
-8.232000,-0.1924241
-8.224000,-0.1923174
-8.216000,-0.1923174
-8.208000,-0.1923174
-8.200000,-0.1923707
-8.192000,-0.1923174
-8.184000,-0.1922640
-8.176000,-0.1922640
-8.168000,-0.1922640
-8.160000,-0.1923174
-8.152000,-0.1923707
-8.144000,-0.1923707
-8.136000,-0.1923174
-8.128000,-0.1923707
-8.120000,-0.1923707
-8.112000,-0.1922640
-8.104000,-0.1923707
-8.096000,-0.1923174
-8.088000,-0.1922640
-8.080000,-0.1922107
-8.072000,-0.1922107
-8.064000,-0.1922640
-8.056000,-0.1923174
-8.048000,-0.1923174
-8.040000,-0.1922640
-8.032000,-0.1923707
-8.024000,-0.1922640
-8.016000,-0.1921574
-8.008000,-0.1922640
-8.000000,-0.1923174
-7.992000,-0.1923174
-7.984000,-0.1923707
-7.976000,-0.1922640
-7.968000,-0.1922107
-7.960000,-0.1922107
-7.952000,-0.1921574
-7.944000,-0.1922107
-7.936000,-0.1922107
-7.928000,-0.1922107
-7.920000,-0.1922107
-7.912000,-0.1922107
-7.904000,-0.1922107
-7.896000,-0.1922640
-7.888000,-0.1921574
-7.880000,-0.1921040
-7.872000,-0.1922107
-7.864000,-0.1922107
-7.856000,-0.1922107
-7.848000,-0.1923174
-7.840000,-0.1923174
-7.832000,-0.1922640
-7.824000,-0.1922640
-7.816000,-0.1921574
-7.808000,-0.1921574
-7.800000,-0.1922640
-7.792000,-0.1922640
-7.784000,-0.1920507
-7.776000,-0.1921574
-7.768000,-0.1922107
-7.760000,-0.1921574
-7.752000,-0.1921574
-7.744000,-0.1922107
-7.736000,-0.1922107
-7.728000,-0.1921574
-7.720000,-0.1922107
-7.712000,-0.1922640
-7.704000,-0.1922640
-7.696000,-0.1921574
-7.688000,-0.1921040
-7.680000,-0.1921574
-7.672000,-0.1921574
-7.664000,-0.1921040
-7.656000,-0.1920507
-7.648000,-0.1921040
-7.640000,-0.1920507
-7.632000,-0.1920507
-7.624000,-0.1920507
-7.616000,-0.1920507
-7.608000,-0.1921040
-7.600000,-0.1921574
-7.592000,-0.1921574
-7.584000,-0.1921574
-7.576000,-0.1921040
-7.568000,-0.1921574
-7.560000,-0.1922107
-7.552000,-0.1921574
-7.544000,-0.1920507
-7.536000,-0.1921040
-7.528000,-0.1920507
-7.520000,-0.1921040
-7.512000,-0.1921574
-7.504000,-0.1921040
-7.496000,-0.1921040
-7.488000,-0.1921574
-7.480000,-0.1921574
-7.472000,-0.1919973
-7.464000,-0.1920507
-7.456000,-0.1920507
-7.448000,-0.1921040
-7.440000,-0.1921040
-7.432000,-0.1921040
-7.424000,-0.1920507
-7.416000,-0.1919973
-7.408000,-0.1920507
-7.400000,-0.1919973
-7.392000,-0.1919973
-7.384000,-0.1919973
-7.376000,-0.1919440
-7.368000,-0.1920507
-7.360000,-0.1920507
-7.352000,-0.1921040
-7.344000,-0.1920507
-7.336000,-0.1920507
-7.328000,-0.1921040
-7.320000,-0.1921040
-7.312000,-0.1920507
-7.304000,-0.1920507
-7.296000,-0.1920507
-7.288000,-0.1921040
-7.280000,-0.1919973
-7.272000,-0.1920507
-7.264000,-0.1920507
-7.256000,-0.1919440
-7.248000,-0.1919440
-7.240000,-0.1919973
-7.232000,-0.1919973
-7.224000,-0.1920507
-7.216000,-0.1919973
-7.208000,-0.1919973
-7.200000,-0.1919973
-7.192000,-0.1919973
-7.184000,-0.1919973
-7.176000,-0.1919973
-7.168000,-0.1920507
-7.160000,-0.1919973
-7.152000,-0.1919973
-7.144000,-0.1920507
-7.136000,-0.1919973
-7.128000,-0.1919440
-7.120000,-0.1918906
-7.112000,-0.1919440
-7.104000,-0.1919440
-7.096000,-0.1919973
-7.088000,-0.1919973
-7.080000,-0.1920507
-7.072000,-0.1920507
-7.064000,-0.1919440
-7.056000,-0.1918906
-7.048000,-0.1918906
-7.040000,-0.1918906
-7.032000,-0.1918906
-7.024000,-0.1919440
-7.016000,-0.1919440
-7.008000,-0.1919440
-7.000000,-0.1918906
-6.992000,-0.1918373
-6.984000,-0.1918906
-6.976000,-0.1919440
-6.968000,-0.1919440
-6.960000,-0.1919973
-6.952000,-0.1920507
-6.944000,-0.1919440
-6.936000,-0.1918906
-6.928000,-0.1918906
-6.920000,-0.1918906
-6.912000,-0.1918906
-6.904000,-0.1919440
-6.896000,-0.1919440
-6.888000,-0.1919440
-6.880000,-0.1919440
-6.872000,-0.1918906
-6.864000,-0.1918906
-6.856000,-0.1918906
-6.848000,-0.1918373
-6.840000,-0.1918906
-6.832000,-0.1918373
-6.824000,-0.1917840
-6.816000,-0.1918906
-6.808000,-0.1919440
-6.800000,-0.1918373
-6.792000,-0.1918373
-6.784000,-0.1918373
-6.776000,-0.1918373
-6.768000,-0.1918373
-6.760000,-0.1918906
-6.752000,-0.1919440
-6.744000,-0.1918373
-6.736000,-0.1917840
-6.728000,-0.1918373
-6.720000,-0.1917840
-6.712000,-0.1918373
-6.704000,-0.1917840
-6.696000,-0.1918373
-6.688000,-0.1917840
-6.680000,-0.1917840
-6.672000,-0.1918373
-6.664000,-0.1918373
-6.656000,-0.1918373
-6.648000,-0.1917840
-6.640000,-0.1917840
-6.632000,-0.1917306
-6.624000,-0.1917306
-6.616000,-0.1917306
-6.608000,-0.1917840
-6.600000,-0.1917840
-6.592000,-0.1918373
-6.584000,-0.1918373
-6.576000,-0.1917840
-6.568000,-0.1917306
-6.560000,-0.1917306
-6.552000,-0.1917306
-6.544000,-0.1916773
-6.536000,-0.1916240
-6.528000,-0.1917306
-6.520000,-0.1917306
-6.512000,-0.1918373
-6.504000,-0.1918373
-6.496000,-0.1917306
-6.488000,-0.1917306
-6.480000,-0.1917306
-6.472000,-0.1918373
-6.464000,-0.1918373
-6.456000,-0.1918373
-6.448000,-0.1917840
-6.440000,-0.1917306
-6.432000,-0.1917306
-6.424000,-0.1917840
-6.416000,-0.1917840
-6.408000,-0.1916773
-6.400000,-0.1916240
-6.392000,-0.1916240
-6.384000,-0.1916773
-6.376000,-0.1917306
-6.368000,-0.1917306
-6.360000,-0.1916773
-6.352000,-0.1916773
-6.344000,-0.1916773
-6.336000,-0.1916773
-6.328000,-0.1916240
-6.320000,-0.1916240
-6.312000,-0.1917306
-6.304000,-0.1917306
-6.296000,-0.1916240
-6.288000,-0.1916240
-6.280000,-0.1915706
-6.272000,-0.1917306
-6.264000,-0.1916773
-6.256000,-0.1916240
-6.248000,-0.1916773
-6.240000,-0.1917840
-6.232000,-0.1917840
-6.224000,-0.1917306
-6.216000,-0.1917306
-6.208000,-0.1917306
-6.200000,-0.1915706
-6.192000,-0.1915173
-6.184000,-0.1915173
-6.176000,-0.1915706
-6.168000,-0.1916240
-6.160000,-0.1916240
-6.152000,-0.1916240
-6.144000,-0.1915706
-6.136000,-0.1915706
-6.128000,-0.1915706
-6.120000,-0.1915706
-6.112000,-0.1916240
-6.104000,-0.1916773
-6.096000,-0.1916240
-6.088000,-0.1916240
-6.080000,-0.1915706
-6.072000,-0.1915706
-6.064000,-0.1916240
-6.056000,-0.1917306
-6.048000,-0.1917306
-6.040000,-0.1916773
-6.032000,-0.1916240
-6.024000,-0.1916773
-6.016000,-0.1916240
-6.008000,-0.1916240
-6.000000,-0.1915706
-5.992000,-0.1915173
-5.984000,-0.1914639
-5.976000,-0.1915706
-5.968000,-0.1916773
-5.960000,-0.1916773
-5.952000,-0.1916240
-5.944000,-0.1915706
-5.936000,-0.1915173
-5.928000,-0.1915173
-5.920000,-0.1914639
-5.912000,-0.1914639
-5.904000,-0.1915173
-5.896000,-0.1915706
-5.888000,-0.1915706
-5.880000,-0.1914639
-5.872000,-0.1914639
-5.864000,-0.1915173
-5.856000,-0.1915173
-5.848000,-0.1914639
-5.840000,-0.1914639
-5.832000,-0.1914106
-5.824000,-0.1913573
-5.816000,-0.1914106
-5.808000,-0.1914639
-5.800000,-0.1915173
-5.792000,-0.1914639
-5.784000,-0.1914639
-5.776000,-0.1914639
-5.768000,-0.1914106
-5.760000,-0.1914639
-5.752000,-0.1915706
-5.744000,-0.1915706
-5.736000,-0.1915706
-5.728000,-0.1915706
-5.720000,-0.1914639
-5.712000,-0.1914639
-5.704000,-0.1915173
-5.696000,-0.1915173
-5.688000,-0.1915173
-5.680000,-0.1914639
-5.672000,-0.1913573
-5.664000,-0.1914106
-5.656000,-0.1914106
-5.648000,-0.1914106
-5.640000,-0.1915173
-5.632000,-0.1915706
-5.624000,-0.1914106
-5.616000,-0.1914106
-5.608000,-0.1915706
-5.600000,-0.1915706
-5.592000,-0.1915706
-5.584000,-0.1915173
-5.576000,-0.1915173
-5.568000,-0.1914639
-5.560000,-0.1914106
-5.552000,-0.1913573
-5.544000,-0.1914639
-5.536000,-0.1914639
-5.528000,-0.1914639
-5.520000,-0.1913573
-5.512000,-0.1913039
-5.504000,-0.1914106
-5.496000,-0.1913573
-5.488000,-0.1913039
-5.480000,-0.1913039
-5.472000,-0.1914106
-5.464000,-0.1914106
-5.456000,-0.1914106
-5.448000,-0.1913573
-5.440000,-0.1914106
-5.432000,-0.1914106
-5.424000,-0.1914106
-5.416000,-0.1914639
-5.408000,-0.1914639
-5.400000,-0.1914106
-5.392000,-0.1914106
-5.384000,-0.1914639
-5.376000,-0.1913573
-5.368000,-0.1913039
-5.360000,-0.1913573
-5.352000,-0.1914106
-5.344000,-0.1914106
-5.336000,-0.1913573
-5.328000,-0.1913573
-5.320000,-0.1914106
-5.312000,-0.1913573
-5.304000,-0.1913039
-5.296000,-0.1913573
-5.288000,-0.1913039
-5.280000,-0.1913573
-5.272000,-0.1913573
-5.264000,-0.1913573
-5.256000,-0.1914106
-5.248000,-0.1914106
-5.240000,-0.1913039
-5.232000,-0.1912506
-5.224000,-0.1912506
-5.216000,-0.1912506
-5.208000,-0.1913039
-5.200000,-0.1913039
-5.192000,-0.1912506
-5.184000,-0.1912506
-5.176000,-0.1913573
-5.168000,-0.1913573
-5.160000,-0.1913573
-5.152000,-0.1913573
-5.144000,-0.1912506
-5.136000,-0.1911972
-5.128000,-0.1912506
-5.120000,-0.1913039
-5.112000,-0.1913039
-5.104000,-0.1913039
-5.096000,-0.1913573
-5.088000,-0.1913039
-5.080000,-0.1913573
-5.072000,-0.1913039
-5.064000,-0.1913039
-5.056000,-0.1911972
-5.048000,-0.1911972
-5.040000,-0.1912506
-5.032000,-0.1911972
-5.024000,-0.1912506
-5.016000,-0.1911972
-5.008000,-0.1911972
-5.000000,-0.1912506
-4.992000,-0.1912506
-4.984000,-0.1911972
-4.976000,-0.1911972
-4.968000,-0.1911972
-4.960000,-0.1911439
-4.952000,-0.1912506
-4.944000,-0.1912506
-4.936000,-0.1912506
-4.928000,-0.1912506
-4.920000,-0.1911972
-4.912000,-0.1911972
-4.904000,-0.1911972
-4.896000,-0.1911972
-4.888000,-0.1911439
-4.880000,-0.1911439
-4.872000,-0.1912506
-4.864000,-0.1911439
-4.856000,-0.1911439
-4.848000,-0.1911972
-4.840000,-0.1911972
-4.832000,-0.1912506
-4.824000,-0.1912506
-4.816000,-0.1911972
-4.808000,-0.1911439
-4.800000,-0.1911439
-4.792000,-0.1911439
-4.784000,-0.1911439
-4.776000,-0.1911972
-4.768000,-0.1911439
-4.760000,-0.1911439
-4.752000,-0.1911439
-4.744000,-0.1911439
-4.736000,-0.1911439
-4.728000,-0.1911439
-4.720000,-0.1911439
-4.712000,-0.1912506
-4.704000,-0.1911439
-4.696000,-0.1911439
-4.688000,-0.1911972
-4.680000,-0.1911439
-4.672000,-0.1910905
-4.664000,-0.1910905
-4.656000,-0.1910905
-4.648000,-0.1910905
-4.640000,-0.1910372
-4.632000,-0.1910372
-4.624000,-0.1910372
-4.616000,-0.1910905
-4.608000,-0.1910372
-4.600000,-0.1910905
-4.592000,-0.1910905
-4.584000,-0.1910372
-4.576000,-0.1910372
-4.568000,-0.1910905
-4.560000,-0.1910905
-4.552000,-0.1911439
-4.544000,-0.1911439
-4.536000,-0.1910372
-4.528000,-0.1910905
-4.520000,-0.1911439
-4.512000,-0.1910372
-4.504000,-0.1909839
-4.496000,-0.1909839
-4.488000,-0.1910905
-4.480000,-0.1910905
-4.472000,-0.1910905
-4.464000,-0.1911439
-4.456000,-0.1910905
-4.448000,-0.1910372
-4.440000,-0.1909839
-4.432000,-0.1910372
-4.424000,-0.1910905
-4.416000,-0.1909839
-4.408000,-0.1910372
-4.400000,-0.1910372
-4.392000,-0.1910372
-4.384000,-0.1910372
-4.376000,-0.1909305
-4.368000,-0.1909839
-4.360000,-0.1910905
-4.352000,-0.1910372
-4.344000,-0.1910905
-4.336000,-0.1910905
-4.328000,-0.1910372
-4.320000,-0.1909305
-4.312000,-0.1909305
-4.304000,-0.1909305
-4.296000,-0.1909305
-4.288000,-0.1909305
-4.280000,-0.1910372
-4.272000,-0.1910372
-4.264000,-0.1910372
-4.256000,-0.1909839
-4.248000,-0.1909839
-4.240000,-0.1909305
-4.232000,-0.1909305
-4.224000,-0.1908772
-4.216000,-0.1908239
-4.208000,-0.1909305
-4.200000,-0.1909839
-4.192000,-0.1909839
-4.184000,-0.1909839
-4.176000,-0.1909839
-4.168000,-0.1910372
-4.160000,-0.1909839
-4.152000,-0.1909305
-4.144000,-0.1909305
-4.136000,-0.1909305
-4.128000,-0.1908772
-4.120000,-0.1909305
-4.112000,-0.1909839
-4.104000,-0.1909305
-4.096000,-0.1908772
-4.088000,-0.1909305
-4.080000,-0.1909305
-4.072000,-0.1909305
-4.064000,-0.1908772
-4.056000,-0.1908239
-4.048000,-0.1908772
-4.040000,-0.1909305
-4.032000,-0.1909839
-4.024000,-0.1909839
-4.016000,-0.1909305
-4.008000,-0.1908772
-4.000000,-0.1909305
-3.992000,-0.1908239
-3.984000,-0.1907705
-3.976000,-0.1907705
-3.968000,-0.1908772
-3.960000,-0.1908772
-3.952000,-0.1908239
-3.944000,-0.1907705
-3.936000,-0.1907705
-3.928000,-0.1908772
-3.920000,-0.1909305
-3.912000,-0.1908239
-3.904000,-0.1907172
-3.896000,-0.1907705
-3.888000,-0.1908239
-3.880000,-0.1907705
-3.872000,-0.1908239
-3.864000,-0.1908239
-3.856000,-0.1908239
-3.848000,-0.1908239
-3.840000,-0.1908772
-3.832000,-0.1908239
-3.824000,-0.1907705
-3.816000,-0.1907705
-3.808000,-0.1907705
-3.800000,-0.1907705
-3.792000,-0.1907705
-3.784000,-0.1907705
-3.776000,-0.1908239
-3.768000,-0.1909839
-3.760000,-0.1909305
-3.752000,-0.1908239
-3.744000,-0.1908239
-3.736000,-0.1908772
-3.728000,-0.1908239
-3.720000,-0.1907172
-3.712000,-0.1907705
-3.704000,-0.1907172
-3.696000,-0.1907705
-3.688000,-0.1907705
-3.680000,-0.1907705
-3.672000,-0.1907172
-3.664000,-0.1907705
-3.656000,-0.1907705
-3.648000,-0.1906638
-3.640000,-0.1906105
-3.632000,-0.1906638
-3.624000,-0.1907705
-3.616000,-0.1907705
-3.608000,-0.1907172
-3.600000,-0.1906638
-3.592000,-0.1906638
-3.584000,-0.1907705
-3.576000,-0.1907172
-3.568000,-0.1906638
-3.560000,-0.1907172
-3.552000,-0.1907705
-3.544000,-0.1907705
-3.536000,-0.1907705
-3.528000,-0.1907172
-3.520000,-0.1907172
-3.512000,-0.1906638
-3.504000,-0.1906105
-3.496000,-0.1906638
-3.488000,-0.1907172
-3.480000,-0.1906638
-3.472000,-0.1906638
-3.464000,-0.1906638
-3.456000,-0.1906638
-3.448000,-0.1907172
-3.440000,-0.1907172
-3.432000,-0.1907172
-3.424000,-0.1906638
-3.416000,-0.1907705
-3.408000,-0.1907172
-3.400000,-0.1906638
-3.392000,-0.1906105
-3.384000,-0.1906638
-3.376000,-0.1906638
-3.368000,-0.1906105
-3.360000,-0.1906638
-3.352000,-0.1907172
-3.344000,-0.1907705
-3.336000,-0.1906638
-3.328000,-0.1906105
-3.320000,-0.1905572
-3.312000,-0.1905572
-3.304000,-0.1905572
-3.296000,-0.1905038
-3.288000,-0.1904505
-3.280000,-0.1905572
-3.272000,-0.1905572
-3.264000,-0.1905572
-3.256000,-0.1906105
-3.248000,-0.1905572
-3.240000,-0.1905038
-3.232000,-0.1905572
-3.224000,-0.1905572
-3.216000,-0.1905572
-3.208000,-0.1905572
-3.200000,-0.1906105
-3.192000,-0.1905038
-3.184000,-0.1905038
-3.176000,-0.1906105
-3.168000,-0.1906105
-3.160000,-0.1905572
-3.152000,-0.1905572
-3.144000,-0.1905572
-3.136000,-0.1905038
-3.128000,-0.1905038
-3.120000,-0.1905038
-3.112000,-0.1905572
-3.104000,-0.1905572
-3.096000,-0.1905038
-3.088000,-0.1905038
-3.080000,-0.1905038
-3.072000,-0.1905038
-3.064000,-0.1905038
-3.056000,-0.1905572
-3.048000,-0.1906105
-3.040000,-0.1905572
-3.032000,-0.1904505
-3.024000,-0.1904505
-3.016000,-0.1903971
-3.008000,-0.1904505
-3.000000,-0.1904505
-2.992000,-0.1905038
-2.984000,-0.1906105
-2.976000,-0.1905572
-2.968000,-0.1904505
-2.960000,-0.1905038
-2.952000,-0.1905038
-2.944000,-0.1904505
-2.936000,-0.1904505
-2.928000,-0.1905038
-2.920000,-0.1904505
-2.912000,-0.1904505
-2.904000,-0.1904505
-2.896000,-0.1905038
-2.888000,-0.1905572
-2.880000,-0.1905038
-2.872000,-0.1905038
-2.864000,-0.1903971
-2.856000,-0.1903171
-2.848000,-0.1903171
-2.840000,-0.1904505
-2.832000,-0.1903971
-2.824000,-0.1904505
-2.816000,-0.1905038
-2.808000,-0.1904505
-2.800000,-0.1905038
-2.792000,-0.1904505
-2.784000,-0.1903171
-2.776000,-0.1903971
-2.768000,-0.1903171
-2.760000,-0.1903971
-2.752000,-0.1905038
-2.744000,-0.1905572
-2.736000,-0.1904505
-2.728000,-0.1903971
-2.720000,-0.1903171
-2.712000,-0.1903971
-2.704000,-0.1903171
-2.696000,-0.1903971
-2.688000,-0.1904505
-2.680000,-0.1904505
-2.672000,-0.1903971
-2.664000,-0.1904505
-2.656000,-0.1905038
-2.648000,-0.1904505
-2.640000,-0.1903171
-2.632000,-0.1903171
-2.624000,-0.1903171
-2.616000,-0.1903971
-2.608000,-0.1903971
-2.600000,-0.1902638
-2.592000,-0.1903171
-2.584000,-0.1903171
-2.576000,-0.1903171
-2.568000,-0.1902638
-2.560000,-0.1902638
-2.552000,-0.1903171
-2.544000,-0.1902638
-2.536000,-0.1902638
-2.528000,-0.1903971
-2.520000,-0.1903971
-2.512000,-0.1903971
-2.504000,-0.1904505
-2.496000,-0.1903971
-2.488000,-0.1902638
-2.480000,-0.1902638
-2.472000,-0.1903171
-2.464000,-0.1903971
-2.456000,-0.1903171
-2.448000,-0.1902104
-2.440000,-0.1902104
-2.432000,-0.1903171
-2.424000,-0.1902638
-2.416000,-0.1902638
-2.408000,-0.1902638
-2.400000,-0.1902638
-2.392000,-0.1902104
-2.384000,-0.1902638
-2.376000,-0.1902638
-2.368000,-0.1902104
-2.360000,-0.1902104
-2.352000,-0.1903171
-2.344000,-0.1903171
-2.336000,-0.1902104
-2.328000,-0.1902104
-2.320000,-0.1902104
-2.312000,-0.1902638
-2.304000,-0.1903971
-2.296000,-0.1902638
-2.288000,-0.1902104
-2.280000,-0.1901571
-2.272000,-0.1901571
-2.264000,-0.1902638
-2.256000,-0.1902638
-2.248000,-0.1902104
-2.240000,-0.1901571
-2.232000,-0.1901571
-2.224000,-0.1902638
-2.216000,-0.1902638
-2.208000,-0.1902104
-2.200000,-0.1902104
-2.192000,-0.1901571
-2.184000,-0.1902104
-2.176000,-0.1902104
-2.168000,-0.1902104
-2.160000,-0.1902104
-2.152000,-0.1901571
-2.144000,-0.1902638
-2.136000,-0.1902638
-2.128000,-0.1901571
-2.120000,-0.1901571
-2.112000,-0.1901571
-2.104000,-0.1901571
-2.096000,-0.1902638
-2.088000,-0.1902104
-2.080000,-0.1901571
-2.072000,-0.1902104
-2.064000,-0.1902638
-2.056000,-0.1901571
-2.048000,-0.1901571
-2.040000,-0.1901571
-2.032000,-0.1901038
-2.024000,-0.1900504
-2.016000,-0.1901038
-2.008000,-0.1902104
-2.000000,-0.1901571
-1.992000,-0.1901571
-1.984000,-0.1901571
-1.976000,-0.1900504
-1.968000,-0.1900504
-1.960000,-0.1900504
-1.952000,-0.1901038
-1.944000,-0.1900504
-1.936000,-0.1900504
-1.928000,-0.1901038
-1.920000,-0.1900504
-1.912000,-0.1901038
-1.904000,-0.1901038
-1.896000,-0.1900504
-1.888000,-0.1901571
-1.880000,-0.1902104
-1.872000,-0.1901038
-1.864000,-0.1901038
-1.856000,-0.1901038
-1.848000,-0.1901038
-1.840000,-0.1901038
-1.832000,-0.1900504
-1.824000,-0.1901038
-1.816000,-0.1901571
-1.808000,-0.1901038
-1.800000,-0.1901038
-1.792000,-0.1901038
-1.784000,-0.1901571
-1.776000,-0.1900504
-1.768000,-0.1900504
-1.760000,-0.1900504
-1.752000,-0.1900504
-1.744000,-0.1900504
-1.736000,-0.1901038
-1.728000,-0.1899971
-1.720000,-0.1899437
-1.712000,-0.1900504
-1.704000,-0.1901038
-1.696000,-0.1899971
-1.688000,-0.1899971
-1.680000,-0.1899971
-1.672000,-0.1899971
-1.664000,-0.1900504
-1.656000,-0.1900504
-1.648000,-0.1899971
-1.640000,-0.1899437
-1.632000,-0.1899437
-1.624000,-0.1899971
-1.616000,-0.1899971
-1.608000,-0.1899971
-1.600000,-0.1899437
-1.592000,-0.1898904
-1.584000,-0.1899437
-1.576000,-0.1899437
-1.568000,-0.1900504
-1.560000,-0.1900504
-1.552000,-0.1899971
-1.544000,-0.1899971
-1.536000,-0.1899437
-1.528000,-0.1899437
-1.520000,-0.1899971
-1.512000,-0.1900504
-1.504000,-0.1899971
-1.496000,-0.1899971
-1.488000,-0.1899971
-1.480000,-0.1898371
-1.472000,-0.1898371
-1.464000,-0.1898371
-1.456000,-0.1898904
-1.448000,-0.1899437
-1.440000,-0.1899437
-1.432000,-0.1898904
-1.424000,-0.1898371
-1.416000,-0.1898904
-1.408000,-0.1898371
-1.400000,-0.1898904
-1.392000,-0.1898904
-1.384000,-0.1899437
-1.376000,-0.1899437
-1.368000,-0.1898904
-1.360000,-0.1898904
-1.352000,-0.1898904
-1.344000,-0.1898371
-1.336000,-0.1898904
-1.328000,-0.1898371
-1.320000,-0.1898904
-1.312000,-0.1899437
-1.304000,-0.1898371
-1.296000,-0.1897837
-1.288000,-0.1898371
-1.280000,-0.1897837
-1.272000,-0.1898371
-1.264000,-0.1898904
-1.256000,-0.1898904
-1.248000,-0.1899437
-1.240000,-0.1897837
-1.232000,-0.1897837
-1.224000,-0.1898904
-1.216000,-0.1898371
-1.208000,-0.1897837
-1.200000,-0.1897304
-1.192000,-0.1897837
-1.184000,-0.1897837
-1.176000,-0.1898904
-1.168000,-0.1898904
-1.160000,-0.1898371
-1.152000,-0.1897837
-1.144000,-0.1897304
-1.136000,-0.1897304
-1.128000,-0.1897304
-1.120000,-0.1897837
-1.112000,-0.1898371
-1.104000,-0.1898371
-1.096000,-0.1898371
-1.088000,-0.1897837
-1.080000,-0.1896770
-1.072000,-0.1896770
-1.064000,-0.1898371
-1.056000,-0.1899437
-1.048000,-0.1898904
-1.040000,-0.1897837
-1.032000,-0.1898371
-1.024000,-0.1898371
-1.016000,-0.1897304
-1.008000,-0.1896770
-1.000000,-0.1896770
-0.992000,-0.1897837
-0.984000,-0.1897837
-0.976000,-0.1896770
-0.968000,-0.1896770
-0.960000,-0.1897304
-0.952000,-0.1897304
-0.944000,-0.1897304
-0.936000,-0.1897837
-0.928000,-0.1897837
-0.920000,-0.1897304
-0.912000,-0.1897304
-0.904000,-0.1897837
-0.896000,-0.1897837
-0.888000,-0.1896770
-0.880000,-0.1896770
-0.872000,-0.1897304
-0.864000,-0.1896770
-0.856000,-0.1897304
-0.848000,-0.1896770
-0.840000,-0.1896770
-0.832000,-0.1896770
-0.824000,-0.1897304
-0.816000,-0.1897304
-0.808000,-0.1897304
-0.800000,-0.1897837
-0.792000,-0.1896237
-0.784000,-0.1895704
-0.776000,-0.1896770
-0.768000,-0.1896770
-0.760000,-0.1896770
-0.752000,-0.1896770
-0.744000,-0.1897304
-0.736000,-0.1896237
-0.728000,-0.1896237
-0.720000,-0.1896770
-0.712000,-0.1897304
-0.704000,-0.1896770
-0.696000,-0.1896770
-0.688000,-0.1896770
-0.680000,-0.1896237
-0.672000,-0.1896237
-0.664000,-0.1895704
-0.656000,-0.1896770
-0.648000,-0.1897304
-0.640000,-0.1896770
-0.632000,-0.1896770
-0.624000,-0.1895704
-0.616000,-0.1895170
-0.608000,-0.1895170
-0.600000,-0.1895704
-0.592000,-0.1896237
-0.584000,-0.1895704
-0.576000,-0.1895704
-0.568000,-0.1896237
-0.560000,-0.1896770
-0.552000,-0.1895704
-0.544000,-0.1895704
-0.536000,-0.1896770
-0.528000,-0.1896237
-0.520000,-0.1895170
-0.512000,-0.1895704
-0.504000,-0.1895704
-0.496000,-0.1895170
-0.488000,-0.1895170
-0.480000,-0.1895704
-0.472000,-0.1895170
-0.464000,-0.1894637
-0.456000,-0.1895170
-0.448000,-0.1895170
-0.440000,-0.1895170
-0.432000,-0.1894637
-0.424000,-0.1894637
-0.416000,-0.1894103
-0.408000,-0.1894103
-0.400000,-0.1893570
-0.392000,-0.1893037
-0.384000,-0.1891970
-0.376000,-0.1891436
-0.368000,-0.1891436
-0.360000,-0.1890903
-0.352000,-0.1890903
-0.344000,-0.1891436
-0.336000,-0.1891970
-0.328000,-0.1890903
-0.320000,-0.1890370
-0.312000,-0.1889836
-0.304000,-0.1889303
-0.296000,-0.1890370
-0.288000,-0.1894637
-0.280000,-0.1901571
-0.272000,-0.1910905
-0.264000,-0.1919973
-0.256000,-0.1922640
-0.248000,-0.1918906
-0.240000,-0.1909305
-0.232000,-0.1894637
-0.224000,-0.1877568
-0.216000,-0.1858632
-0.208000,-0.1840763
-0.200000,-0.1825295
-0.192000,-0.1813560
-0.184000,-0.1802625
-0.176000,-0.1791957
-0.168000,-0.1781289
-0.160000,-0.1766087
-0.152000,-0.1748752
-0.144000,-0.1733283
-0.136000,-0.1718081
-0.128000,-0.1702079
-0.120000,-0.1684744
-0.112000,-0.1667142
-0.104000,-0.1650340
-0.096000,-0.1632737
-0.088000,-0.1612735
-0.080000,-0.1588999
-0.072000,-0.1556194
-0.064000,-0.1493253
-0.056000,-0.1388440
-0.048000,-0.1318832
-0.040000,-0.1325499
-0.032000,-0.1352169
-0.024000,-0.1362570
-0.016000,-0.1329233
-0.008000,-0.1273759
-0.000000,-0.1239888
0.008000,-0.1184948
0.016000,-0.1072934
0.024000,-0.0935317
0.032000,-0.0783031
0.040000,-0.0617677
0.048000,-0.0450456
0.056000,-0.0279235
0.064000,-0.0079743
0.072000,0.0189357
0.080000,0.0531000
0.088000,0.0897446
0.096000,0.1265491
0.104000,0.1685811
0.112000,0.2188274
0.120000,0.2730208
0.128000,0.3287611
0.136000,0.3870884
0.144000,0.4493895
0.152000,0.5170513
0.160000,0.5909272
0.168000,0.6706705
0.176000,0.7559078
0.184000,0.8460257
0.192000,0.9425178
0.200000,1.0476509
0.208000,1.1612385
0.216000,1.2808001
0.224000,1.3962812
0.232000,1.4654098
0.240000,1.4739709
0.248000,1.4739709
0.256000,1.4739709
0.264000,1.4739709
0.272000,1.4739709
0.280000,1.4739709
0.288000,1.4739709
0.296000,1.4739709
0.304000,1.4739709
0.312000,1.4739709
0.320000,1.4739709
0.328000,1.4739709
0.336000,1.4739709
0.344000,1.4739709
0.352000,1.4739709
0.360000,1.4739709
0.368000,1.4739709
0.376000,1.4739709
0.384000,1.4739709
0.392000,1.4739709
0.400000,1.4739709
0.408000,1.4739709
0.416000,1.4739709
0.424000,1.4739709
0.432000,1.4739709
0.440000,1.4739709
0.448000,1.4739709
0.456000,1.4739709
0.464000,1.4739709
0.472000,1.4739709
0.480000,1.4739709
0.488000,1.4739709
0.496000,1.4739709
0.504000,1.4739709
0.512000,1.4739709
0.520000,1.4739709
0.528000,1.4739709
0.536000,1.4739709
0.544000,1.4739709
0.552000,1.4739709
0.560000,1.4739709
0.568000,1.4739709
0.576000,1.4739709
0.584000,1.4739709
0.592000,1.4739709
0.600000,1.4739709
0.608000,1.4739709
0.616000,1.4739709
0.624000,1.4739709
0.632000,1.4739709
0.640000,1.4739709
0.648000,1.4739709
0.656000,1.4739709
0.664000,1.4739709
0.672000,1.4739709
0.680000,1.4739709
0.688000,1.4739709
0.696000,1.4739709
0.704000,1.4739709
0.712000,1.4739709
0.720000,1.4739709
0.728000,1.4739709
0.736000,1.4739709
0.744000,1.4739709
0.752000,1.4739709
0.760000,1.4739709
0.768000,1.4739709
0.776000,1.4739709
0.784000,1.4739709
0.792000,1.4739709
0.800000,1.4739709
0.808000,1.4739709
0.816000,1.4739709
0.824000,1.4739709
0.832000,1.4739709
0.840000,1.4739709
0.848000,1.4739709
0.856000,1.4739709
0.864000,1.4739709
0.872000,1.4739709
0.880000,1.4739709
0.888000,1.4739709
0.896000,1.4739709
0.904000,1.4739709
0.912000,1.4739709
0.920000,1.4739709
0.928000,1.4739709
0.936000,1.4739709
0.944000,1.4739709
0.952000,1.4739709
0.960000,1.4739709
0.968000,1.4739709
0.976000,1.4739709
0.984000,1.4739709
0.992000,1.4739709
1.000000,1.4739709
1.008000,1.4739709
1.016000,1.4739709
1.024000,1.4739709
1.032000,1.4739709
1.040000,1.4739709
1.048000,1.4739709
1.056000,1.4739709
1.064000,1.4739709
1.072000,1.4739709
1.080000,1.4739709
1.088000,1.4739709
1.096000,1.4739709
1.104000,1.4739709
1.112000,1.4739709
1.120000,1.4739709
1.128000,1.4739709
1.136000,1.4739709
1.144000,1.4739709
1.152000,1.4739709
1.160000,1.4739709
1.168000,1.4739709
1.176000,1.4739709
1.184000,1.4739709
1.192000,1.4739709
1.200000,1.4739709
1.208000,1.4739709
1.216000,1.4739709
1.224000,1.4739709
1.232000,1.4739709
1.240000,1.4739709
1.248000,1.4739709
1.256000,1.4739709
1.264000,1.4739709
1.272000,1.4739709
1.280000,1.4739709
1.288000,1.4739709
1.296000,1.4739709
1.304000,1.4739709
1.312000,1.4739709
1.320000,1.4739709
1.328000,1.4739709
1.336000,1.4739709
1.344000,1.4739709
1.352000,1.4739709
1.360000,1.4739709
1.368000,1.4739709
1.376000,1.4739709
1.384000,1.4739709
1.392000,1.4739709
1.400000,1.4739709
1.408000,1.4739709
1.416000,1.4739709
1.424000,1.4739709
1.432000,1.4739709
1.440000,1.4739709
1.448000,1.4739709
1.456000,1.4739709
1.464000,1.4739709
1.472000,1.4739709
1.480000,1.4739709
1.488000,1.4739709
1.496000,1.4739709
1.504000,1.4739709
1.512000,1.4739709
1.520000,1.4739709
1.528000,1.4739709
1.536000,1.4739709
1.544000,1.4739709
1.552000,1.4739709
1.560000,1.4739709
1.568000,1.4739709
1.576000,1.4739709
1.584000,1.4739709
1.592000,1.4739709
1.600000,1.4739709
1.608000,1.4739709
1.616000,1.4739709
1.624000,1.4739709
1.632000,1.4739709
1.640000,1.4739709
1.648000,1.4739709
1.656000,1.4739709
1.664000,1.4739709
1.672000,1.4739709
1.680000,1.4739709
1.688000,1.4739709
1.696000,1.4739709
1.704000,1.4739709
1.712000,1.4739709
1.720000,1.4739709
1.728000,1.4739709
1.736000,1.4739709
1.744000,1.4739709
1.752000,1.4739709
1.760000,1.4739709
1.768000,1.4739709
1.776000,1.4739709
1.784000,1.4739709
1.792000,1.4739709
1.800000,1.4739709
1.808000,1.4739709
1.816000,1.4739709
1.824000,1.4739709
1.832000,1.4739709
1.840000,1.4739709
1.848000,1.4739709
1.856000,1.4739709
1.864000,1.4739709
1.872000,1.4739709
1.880000,1.4739709
1.888000,1.4739709
1.896000,1.4739709
1.904000,1.4739709
1.912000,1.4739709
1.920000,1.4739709
1.928000,1.4739709
1.936000,1.4739709
1.944000,1.4739709
1.952000,1.4739709
1.960000,1.4739709
1.968000,1.4739709
1.976000,1.4739709
1.984000,1.4739709
1.992000,1.4739709
2.000000,1.4739709
2.008000,1.4739709
2.016000,1.4739709
2.024000,1.4739709
2.032000,1.4739709
2.040000,1.4739709
2.048000,1.4739709
2.056000,1.4739709
2.064000,1.4739709
2.072000,1.4739709
2.080000,1.4739709
2.088000,1.4739709
2.096000,1.4739709
2.104000,1.4739709
2.112000,1.4739709
2.120000,1.4739709
2.128000,1.4739709
2.136000,1.4739709
2.144000,1.4739709
2.152000,1.4739709
2.160000,1.4739709
2.168000,1.4739709
2.176000,1.4739709
2.184000,1.4739709
2.192000,1.4739709
2.200000,1.4739709
2.208000,1.4739709
2.216000,1.4739709
2.224000,1.4739709
2.232000,1.4739709
2.240000,1.4739709
2.248000,1.4739709
2.256000,1.4739709
2.264000,1.4739709
2.272000,1.4739709
2.280000,1.4739709
2.288000,1.4739709
2.296000,1.4739709
2.304000,1.4739709
2.312000,1.4739709
2.320000,1.4739709
2.328000,1.4739709
2.336000,1.4739709
2.344000,1.4739709
2.352000,1.4739709
2.360000,1.4739709
2.368000,1.4739709
2.376000,1.4739709
2.384000,1.4739709
2.392000,1.4739709
2.400000,1.4739709
2.408000,1.4739709
2.416000,1.4739709
2.424000,1.4739709
2.432000,1.4739709
2.440000,1.4739709
2.448000,1.4739709
2.456000,1.4739709
2.464000,1.4739709
2.472000,1.4739709
2.480000,1.4739709
2.488000,1.4739709
2.496000,1.4739709
2.504000,1.4739709
2.512000,1.4739709
2.520000,1.4739709
2.528000,1.4739709
2.536000,1.4739709
2.544000,1.4739709
2.552000,1.4739709
2.560000,1.4739709
2.568000,1.4739709
2.576000,1.4739709
2.584000,1.4739709
2.592000,1.4739709
2.600000,1.4739709
2.608000,1.4739709
2.616000,1.4739709
2.624000,1.4739709
2.632000,1.4739709
2.640000,1.4739709
2.648000,1.4739709
2.656000,1.4739709
2.664000,1.4739709
2.672000,1.4739709
2.680000,1.4739709
2.688000,1.4739709
2.696000,1.4739709
2.704000,1.4739709
2.712000,1.4739709
2.720000,1.4739709
2.728000,1.4739709
2.736000,1.4739709
2.744000,1.4739709
2.752000,1.4739709
2.760000,1.4739709
2.768000,1.4739709
2.776000,1.4739709
2.784000,1.4739709
2.792000,1.4739709
2.800000,1.4739709
2.808000,1.4739709
2.816000,1.4739709
2.824000,1.4739709
2.832000,1.4739709
2.840000,1.4739709
2.848000,1.4739709
2.856000,1.4739709
2.864000,1.4739709
2.872000,1.4739709
2.880000,1.4739709
2.888000,1.4739709
2.896000,1.4739709
2.904000,1.4739709
2.912000,1.4739709
2.920000,1.4739709
2.928000,1.4739709
2.936000,1.4739709
2.944000,1.4739709
2.952000,1.4739709
2.960000,1.4739709
2.968000,1.4739709
2.976000,1.4739709
2.984000,1.4739709
2.992000,1.4739709
3.000000,1.4739709
3.008000,1.4739709
3.016000,1.4739709
3.024000,1.4739709
3.032000,1.4739709
3.040000,1.4739709
3.048000,1.4739709
3.056000,1.4739709
3.064000,1.4739709
3.072000,1.4739709
3.080000,1.4739709
3.088000,1.4739709
3.096000,1.4739709
3.104000,1.4739709
3.112000,1.4739709
3.120000,1.4739709
3.128000,1.4739709
3.136000,1.4739709
3.144000,1.4739709
3.152000,1.4739709
3.160000,1.4739709
3.168000,1.4739709
3.176000,1.4739709
3.184000,1.4739709
3.192000,1.4739709
3.200000,1.4739709
3.208000,1.4739709
3.216000,1.4739709
3.224000,1.4739709
3.232000,1.4739709
3.240000,1.4739709
3.248000,1.4739709
3.256000,1.4739709
3.264000,1.4739709
3.272000,1.4739709
3.280000,1.4739709
3.288000,1.4739709
3.296000,1.4739709
3.304000,1.4739709
3.312000,1.4739709
3.320000,1.4739709
3.328000,1.4739709
3.336000,1.4739709
3.344000,1.4739709
3.352000,1.4739709
3.360000,1.4739709
3.368000,1.4739709
3.376000,1.4739709
3.384000,1.4739709
3.392000,1.4739709
3.400000,1.4739709
3.408000,1.4739709
3.416000,1.4739709
3.424000,1.4739709
3.432000,1.4739709
3.440000,1.4739709
3.448000,1.4739709
3.456000,1.4739709
3.464000,1.4739709
3.472000,1.4739709
3.480000,1.4739709
3.488000,1.4739709
3.496000,1.4739709
3.504000,1.4739709
3.512000,1.4739709
3.520000,1.4739709
3.528000,1.4739709
3.536000,1.4739709
3.544000,1.4739709
3.552000,1.4739709
3.560000,1.4739709
3.568000,1.4739709
3.576000,1.4739709
3.584000,1.4739709
3.592000,1.4739709
3.600000,1.4739709
3.608000,1.4739709
3.616000,1.4739709
3.624000,1.4739709
3.632000,1.4739709
3.640000,1.4739709
3.648000,1.4739709
3.656000,1.4739709
3.664000,1.4739709
3.672000,1.4739709
3.680000,1.4739709
3.688000,1.4739709
3.696000,1.4739709
3.704000,1.4739709
3.712000,1.4739709
3.720000,1.4739709
3.728000,1.4739709
3.736000,1.4739709
3.744000,1.4739709
3.752000,1.4739709
3.760000,1.4739709
3.768000,1.4739709
3.776000,1.4739709
3.784000,1.4739709
3.792000,1.4739709
3.800000,1.4739709
3.808000,1.4739709
3.816000,1.4739709
3.824000,1.4739709
3.832000,1.4739709
3.840000,1.4739709
3.848000,1.4739709
3.856000,1.4739709
3.864000,1.4739709
3.872000,1.4739709
3.880000,1.4739709
3.888000,1.4739709
3.896000,1.4739709
3.904000,1.4739709
3.912000,1.4739709
3.920000,1.4739709
3.928000,1.4739709
3.936000,1.4739709
3.944000,1.4739709
3.952000,1.4739709
3.960000,1.4739709
3.968000,1.4739709
3.976000,1.4739709
3.984000,1.4739709
3.992000,1.4739709
4.000000,1.4739709
4.008000,1.4739709
4.016000,1.4739709
4.024000,1.4739709
4.032000,1.4739709
4.040000,1.4739709
4.048000,1.4739709
4.056000,1.4739709
4.064000,1.4739709
4.072000,1.4739709
4.080000,1.4739709
4.088000,1.4739709
4.096000,1.4739709
4.104000,1.4739709
4.112000,1.4739709
4.120000,1.4739709
4.128000,1.4739709
4.136000,1.4739709
4.144000,1.4739709
4.152000,1.4739709
4.160000,1.4739709
4.168000,1.4739709
4.176000,1.4739709
4.184000,1.4739709
4.192000,1.4739709
4.200000,1.4739709
4.208000,1.4739709
4.216000,1.4739709
4.224000,1.4739709
4.232000,1.4739709
4.240000,1.4739709
4.248000,1.4739709
4.256000,1.4739709
4.264000,1.4739709
4.272000,1.4739709
4.280000,1.4739709
4.288000,1.4739709
4.296000,1.4739709
4.304000,1.4739709
4.312000,1.4739709
4.320000,1.4739709
4.328000,1.4739709
4.336000,1.4739709
4.344000,1.4739709
4.352000,1.4739709
4.360000,1.4739709
4.368000,1.4739709
4.376000,1.4739709
4.384000,1.4739709
4.392000,1.4739709
4.400000,1.4739709
4.408000,1.4739709
4.416000,1.4739709
4.424000,1.4739709
4.432000,1.4739709
4.440000,1.4739709
4.448000,1.4739709
4.456000,1.4739709
4.464000,1.4739709
4.472000,1.4739709
4.480000,1.4739709
4.488000,1.4739709
4.496000,1.4739709
4.504000,1.4739709
4.512000,1.4739709
4.520000,1.4739709
4.528000,1.4739709
4.536000,1.4739709
4.544000,1.4739709
4.552000,1.4739709
4.560000,1.4739709
4.568000,1.4739709
4.576000,1.4739709
4.584000,1.4739709
4.592000,1.4739709
4.600000,1.4739709
4.608000,1.4739709
4.616000,1.4739709
4.624000,1.4739709
4.632000,1.4739709
4.640000,1.4739709
4.648000,1.4739709
4.656000,1.4739709
4.664000,1.4739709
4.672000,1.4739709
4.680000,1.4739709
4.688000,1.4739709
4.696000,1.4739709
4.704000,1.4739709
4.712000,1.4739709
4.720000,1.4739709
4.728000,1.4739709
4.736000,1.4739709
4.744000,1.4739709
4.752000,1.4739709
4.760000,1.4739709
4.768000,1.4739709
4.776000,1.4739709
4.784000,1.4739709
4.792000,1.4739709
4.800000,1.4739709
4.808000,1.4739709
4.816000,1.4739709
4.824000,1.4739709
4.832000,1.4739709
4.840000,1.4739709
4.848000,1.4739709
4.856000,1.4739709
4.864000,1.4739709
4.872000,1.4739709
4.880000,1.4739709
4.888000,1.4739709
4.896000,1.4739709
4.904000,1.4739709
4.912000,1.4739709
4.920000,1.4739709
4.928000,1.4739709
4.936000,1.4739709
4.944000,1.4739709
4.952000,1.4739709
4.960000,1.4739709
4.968000,1.4739709
4.976000,1.4739709
4.984000,1.4739709
4.992000,1.4739709
5.000000,1.4739709
5.008000,1.4739709
5.016000,1.4739709
5.024000,1.4739709
5.032000,1.4739709
5.040000,1.4739709
5.048000,1.4739709
5.056000,1.4739709
5.064000,1.4739709
5.072000,1.4739709
5.080000,1.4739709
5.088000,1.4739709
5.096000,1.4739709
5.104000,1.4739709
5.112000,1.4739709
5.120000,1.4739709
5.128000,1.4739709
5.136000,1.4739709
5.144000,1.4739709
5.152000,1.4739709
5.160000,1.4739709
5.168000,1.4739709
5.176000,1.4739709
5.184000,1.4739709
5.192000,1.4739709
5.200000,1.4739709
5.208000,1.4739709
5.216000,1.4739709
5.224000,1.4739709
5.232000,1.4739709
5.240000,1.4739709
5.248000,1.4739709
5.256000,1.4739709
5.264000,1.4739709
5.272000,1.4739709
5.280000,1.4739709
5.288000,1.4739709
5.296000,1.4739709
5.304000,1.4739709
5.312000,1.4739709
5.320000,1.4739709
5.328000,1.4739709
5.336000,1.4739709
5.344000,1.4739709
5.352000,1.4739709
5.360000,1.4739709
5.368000,1.4739709
5.376000,1.4739709
5.384000,1.4739709
5.392000,1.4739709
5.400000,1.4739709
5.408000,1.4739709
5.416000,1.4739709
5.424000,1.4739709
5.432000,1.4739709
5.440000,1.4739709
5.448000,1.4739709
5.456000,1.4739709
5.464000,1.4739709
5.472000,1.4739709
5.480000,1.4739709
5.488000,1.4739709
5.496000,1.4739709
5.504000,1.4739709
5.512000,1.4739709
5.520000,1.4739709
5.528000,1.4739709
5.536000,1.4739709
5.544000,1.4739709
5.552000,1.4739709
5.560000,1.4739709
5.568000,1.4739709
5.576000,1.4739709
5.584000,1.4739709
5.592000,1.4739709
5.600000,1.4739709
5.608000,1.4739709
5.616000,1.4739709
5.624000,1.4739709
5.632000,1.4739709
5.640000,1.4739709
5.648000,1.4739709
5.656000,1.4739709
5.664000,1.4739709
5.672000,1.4739709
5.680000,1.4739709
5.688000,1.4739709
5.696000,1.4739709
5.704000,1.4739709
5.712000,1.4739709
5.720000,1.4739709
5.728000,1.4739709
5.736000,1.4739709
5.744000,1.4739709
5.752000,1.4739709
5.760000,1.4739709
5.768000,1.4739709
5.776000,1.4739709
5.784000,1.4739709
5.792000,1.4739709
5.800000,1.4739709
5.808000,1.4739709
5.816000,1.4739709
5.824000,1.4739709
5.832000,1.4739709
5.840000,1.4739709
5.848000,1.4739709
5.856000,1.4739709
5.864000,1.4739709
5.872000,1.4739709
5.880000,1.4739709
5.888000,1.4739709
5.896000,1.4739709
5.904000,1.4739709
5.912000,1.4739709
5.920000,1.4739709
5.928000,1.4739709
5.936000,1.4739709
5.944000,1.4739709
5.952000,1.4739709
5.960000,1.4739709
5.968000,1.4739709
5.976000,1.4739709
5.984000,1.4739709
5.992000,1.4739709
6.000000,1.4739709
6.008000,1.4739709
6.016000,1.4739709
6.024000,1.4739709
6.032000,1.4739709
6.040000,1.4739709
6.048000,1.4739709
6.056000,1.4739709
6.064000,1.4739709
6.072000,1.4739709
6.080000,1.4739709
6.088000,1.4739709
6.096000,1.4739709
6.104000,1.4739709
6.112000,1.4739709
6.120000,1.4739709
6.128000,1.4739709
6.136000,1.4739709
6.144000,1.4739709
6.152000,1.4739709
6.160000,1.4739709
6.168000,1.4739709
6.176000,1.4739709
6.184000,1.4739709
6.192000,1.4739709
6.200000,1.4739709
6.208000,1.4739709
6.216000,1.4739709
6.224000,1.4739709
6.232000,1.4739709
6.240000,1.4739709
6.248000,1.4739709
6.256000,1.4739709
6.264000,1.4739709
6.272000,1.4739709
6.280000,1.4739709
6.288000,1.4739709
6.296000,1.4739709
6.304000,1.4739709
6.312000,1.4739709
6.320000,1.4739709
6.328000,1.4739709
6.336000,1.4739709
6.344000,1.4739709
6.352000,1.4739709
6.360000,1.4739709
6.368000,1.4739709
6.376000,1.4739709
6.384000,1.4739709
6.392000,1.4739709
6.400000,1.4739709
6.408000,1.4739709
6.416000,1.4739709
6.424000,1.4739709
6.432000,1.4739709
6.440000,1.4739709
6.448000,1.4739709
6.456000,1.4739709
6.464000,1.4739709
6.472000,1.4739709
6.480000,1.4739709
6.488000,1.4739709
6.496000,1.4739709
6.504000,1.4739709
6.512000,1.4739709
6.520000,1.4739709
6.528000,1.4739709
6.536000,1.4739709
6.544000,1.4739709
6.552000,1.4739709
6.560000,1.4739709
6.568000,1.4739709
6.576000,1.4739709
6.584000,1.4739709
6.592000,1.4739709
6.600000,1.4739709
6.608000,1.4739709
6.616000,1.4739709
6.624000,1.4739709
6.632000,1.4739709
6.640000,1.4739709
6.648000,1.4739709
6.656000,1.4739709
6.664000,1.4739709
6.672000,1.4739709
6.680000,1.4739709
6.688000,1.4739709
6.696000,1.4739709
6.704000,1.4739709
6.712000,1.4739709
6.720000,1.4739709
6.728000,1.4739709
6.736000,1.4739709
6.744000,1.4739709
6.752000,1.4739709
6.760000,1.4739709
6.768000,1.4739709
6.776000,1.4739709
6.784000,1.4739709
6.792000,1.4739709
6.800000,1.4739709
6.808000,1.4739709
6.816000,1.4739709
6.824000,1.4739709
6.832000,1.4739709
6.840000,1.4739709
6.848000,1.4739709
6.856000,1.4739709
6.864000,1.4739709
6.872000,1.4739709
6.880000,1.4739709
6.888000,1.4739709
6.896000,1.4739709
6.904000,1.4739709
6.912000,1.4739709
6.920000,1.4739709
6.928000,1.4739709
6.936000,1.4739709
6.944000,1.4739709
6.952000,1.4739709
6.960000,1.4739709
6.968000,1.4739709
6.976000,1.4739709
6.984000,1.4739709
6.992000,1.4739709
7.000000,1.4739709
7.008000,1.4739709
7.016000,1.4739709
7.024000,1.4739709
7.032000,1.4739709
7.040000,1.4739709
7.048000,1.4739709
7.056000,1.4739709
7.064000,1.4739709
7.072000,1.4739709
7.080000,1.4739709
7.088000,1.4739709
7.096000,1.4739709
7.104000,1.4739709
7.112000,1.4739709
7.120000,1.4739709
7.128000,1.4739709
7.136000,1.4739709
7.144000,1.4739709
7.152000,1.4739709
7.160000,1.4739709
7.168000,1.4739709
7.176000,1.4739709
7.184000,1.4739709
7.192000,1.4739709
7.200000,1.4739709
7.208000,1.4739709
7.216000,1.4739709
7.224000,1.4739709
7.232000,1.4739709
7.240000,1.4739709
7.248000,1.4739709
7.256000,1.4739709
7.264000,1.4739709
7.272000,1.4739709
7.280000,1.4739709
7.288000,1.4739709
7.296000,1.4739709
7.304000,1.4739709
7.312000,1.4739709
7.320000,1.4739709
7.328000,1.4739709
7.336000,1.4739709
7.344000,1.4739709
7.352000,1.4739709
7.360000,1.4739709
7.368000,1.4739709
7.376000,1.4739709
7.384000,1.4739709
7.392000,1.4739709
7.400000,1.4739709
7.408000,1.4739709
7.416000,1.4739709
7.424000,1.4739709
7.432000,1.4739709
7.440000,1.4739709
7.448000,1.4739709
7.456000,1.4739709
7.464000,1.4739709
7.472000,1.4739709
7.480000,1.4739709
7.488000,1.4739709
7.496000,1.4739709
7.504000,1.4739709
7.512000,1.4739709
7.520000,1.4739709
7.528000,1.4739709
7.536000,1.4739709
7.544000,1.4739709
7.552000,1.4739709
7.560000,1.4739709
7.568000,1.4739709
7.576000,1.4739709
7.584000,1.4739709
7.592000,1.4739709
7.600000,1.4739709
7.608000,1.4739709
7.616000,1.4739709
7.624000,1.4739709
7.632000,1.4739709
7.640000,1.4739709
7.648000,1.4739709
7.656000,1.4739709
7.664000,1.4739709
7.672000,1.4739709
7.680000,1.4739709
7.688000,1.4739709
7.696000,1.4739709
7.704000,1.4739709
7.712000,1.4739709
7.720000,1.4739709
7.728000,1.4739709
7.736000,1.4739709
7.744000,1.4739709
7.752000,1.4739709
7.760000,1.4739709
7.768000,1.4739709
7.776000,1.4739709
7.784000,1.4739709
7.792000,1.4739709
7.800000,1.4739709
7.808000,1.4739709
7.816000,1.4739709
7.824000,1.4739709
7.832000,1.4739709
7.840000,1.4739709
7.848000,1.4739709
7.856000,1.4739709
7.864000,1.4739709
7.872000,1.4739709
7.880000,1.4739709
7.888000,1.4739709
7.896000,1.4739709
7.904000,1.4739709
7.912000,1.4739709
7.920000,1.4739709
7.928000,1.4739709
7.936000,1.4739709
7.944000,1.4739709
7.952000,1.4739709
7.960000,1.4739709
7.968000,1.4739709
7.976000,1.4739709
7.984000,1.4739709
7.992000,1.4739709
8.000000,1.4739709
8.008000,1.4739709
8.016000,1.4739709
8.024000,1.4739709
8.032000,1.4739709
8.040000,1.4739709
8.048000,1.4739709
8.056000,1.4739709
8.064000,1.4739709
8.072000,1.4739709
8.080000,1.4739709
8.088000,1.4739709
8.096000,1.4739709
8.104000,1.4739709
8.112000,1.4739709
8.120000,1.4739709
8.128000,1.4739709
8.136000,1.4739709
8.144000,1.4739709
8.152000,1.4739709
8.160000,1.4739709
8.168000,1.4739709
8.176000,1.4739709
8.184000,1.4739709
8.192000,1.4739709
8.200000,1.4739709
8.208000,1.4739709
8.216000,1.4739709
8.224000,1.4739709
8.232000,1.4739709
8.240000,1.4739709
8.248000,1.4739709
8.256000,1.4739709
8.264000,1.4739709
8.272000,1.4739709
8.280000,1.4739709
8.288000,1.4739709
8.296000,1.4739709
8.304000,1.4739709
8.312000,1.4739709
8.320000,1.4739709
8.328000,1.4739709
8.336000,1.4739709
8.344000,1.4739709
8.352000,1.4739709
8.360000,1.4739709
8.368000,1.4739709
8.376000,1.4739709
8.384000,1.4739709
8.392000,1.4739709
8.400000,1.4739709
8.408000,1.4739709
8.416000,1.4739709
8.424000,1.4739709
8.432000,1.4739709
8.440000,1.4739709
8.448000,1.4739709
8.456000,1.4739709
8.464000,1.4739709
8.472000,1.4739709
8.480000,1.4739709
8.488000,1.4739709
8.496000,1.4739709
8.504000,1.4739709
8.512000,1.4739709
8.520000,1.4739709
8.528000,1.4739709
8.536000,1.4739709
8.544000,1.4739709
8.552000,1.4739709
8.560000,1.4739709
8.568000,1.4739709
8.576000,1.4739709
8.584000,1.4739709
8.592000,1.4739709
8.600000,1.4739709
8.608000,1.4739709
8.616000,1.4739709
8.624000,1.4739709
8.632000,1.4739709
8.640000,1.4739709
8.648000,1.4739709
8.656000,1.4739709
8.664000,1.4739709
8.672000,1.4739709
8.680000,1.4739709
8.688000,1.4739709
8.696000,1.4739709
8.704000,1.4739709
8.712000,1.4739709
8.720000,1.4739709
8.728000,1.4739709
8.736000,1.4739709
8.744000,1.4739709
8.752000,1.4739709
8.760000,1.4739709
8.768000,1.4739709
8.776000,1.4739709
8.784000,1.4739709
8.792000,1.4739709
8.800000,1.4739709
8.808000,1.4739709
8.816000,1.4739709
8.824000,1.4739709
8.832000,1.4739709
8.840000,1.4739709
8.848000,1.4739709
8.856000,1.4739709
8.864000,1.4739709
8.872000,1.4739709
8.880000,1.4739709
8.888000,1.4739709
8.896000,1.4739709
8.904000,1.4739709
8.912000,1.4739709
8.920000,1.4739709
8.928000,1.4739709
8.936000,1.4739709
8.944000,1.4739709
8.952000,1.4739709
8.960000,1.4739709
8.968000,1.4739709
8.976000,1.4739709
8.984000,1.4739709
8.992000,1.4739709
9.000000,1.4739709
9.008000,1.4739709
9.016000,1.4739709
9.024000,1.4739709
9.032000,1.4739709
9.040000,1.4739709
9.048000,1.4739709
9.056000,1.4739709
9.064000,1.4739709
9.072000,1.4739709
9.080000,1.4739709
9.088000,1.4739709
9.096000,1.4739709
9.104000,1.4739709
9.112000,1.4739709
9.120000,1.4739709
9.128000,1.4739709
9.136000,1.4739709
9.144000,1.4739709
9.152000,1.4739709
9.160000,1.4739709
9.168000,1.4739709
9.176000,1.4739709
9.184000,1.4739709
9.192000,1.4739709
9.200000,1.4739709
9.208000,1.4739709
9.216000,1.4739709
9.224000,1.4739709
9.232000,1.4739709
9.240000,1.4739709
9.248000,1.4739709
9.256000,1.4739709
9.264000,1.4739709
9.272000,1.4739709
9.280000,1.4739709
9.288000,1.4739709
9.296000,1.4739709
9.304000,1.4739709
9.312000,1.4739709
9.320000,1.4739709
9.328000,1.4739709
9.336000,1.4739709
9.344000,1.4739709
9.352000,1.4739709
9.360000,1.4739709
9.368000,1.4739709
9.376000,1.4739709
9.384000,1.4739709
9.392000,1.4739709
9.400000,1.4739709
9.408000,1.4739709
9.416000,1.4739709
9.424000,1.4739709
9.432000,1.4739709
9.440000,1.4739709
9.448000,1.4739709
9.456000,1.4739709
9.464000,1.4739709
9.472000,1.4739709
9.480000,1.4739709
9.488000,1.4739709
9.496000,1.4739709
9.504000,1.4739709
9.512000,1.4739709
9.520000,1.4739709
9.528000,1.4739709
9.536000,1.4739709
9.544000,1.4739709
9.552000,1.4739709
9.560000,1.4739709
9.568000,1.4739709
9.576000,1.4739709
9.584000,1.4739709
9.592000,1.4739709
9.600000,1.4739709
9.608000,1.4739709
9.616000,1.4739709
9.624000,1.4739709
9.632000,1.4739709
9.640000,1.4739709
9.648000,1.4739709
9.656000,1.4739709
9.664000,1.4739709
9.672000,1.4739709
9.680000,1.4739709
9.688000,1.4739709
9.696000,1.4739709
9.704000,1.4739709
9.712000,1.4739709
9.720000,1.4739709
9.728000,1.4739709
9.736000,1.4739709
9.744000,1.4739709
9.752000,1.4739709
9.760000,1.4739709
9.768000,1.4739709
9.776000,1.4739709
9.784000,1.4739709
9.792000,1.4739709
9.800000,1.4739709
9.808000,1.4739709
9.816000,1.4739709
9.824000,1.4739709
9.832000,1.4739709
9.840000,1.4739709
9.848000,1.4739709
9.856000,1.4739709
9.864000,1.4739709
9.872000,1.4739709
9.880000,1.4739709
9.888000,1.4739709
9.896000,1.4739709
9.904000,1.4739709
9.912000,1.4739709
9.920000,1.4739709
9.928000,1.4739709
9.936000,1.4739709
9.944000,1.4739709
9.952000,1.4739709
9.960000,1.4739709
9.968000,1.4739709
9.976000,1.4739709
9.984000,1.4739709
9.992000,1.4739709
10.000000,1.4739709
10.008000,1.4739709
10.016000,1.4739709
10.024000,1.4739709
10.032000,1.4739709
10.040000,1.4739709
10.048000,1.4739709
10.056000,1.4739709
10.064000,1.4739709
10.072000,1.4739709
10.080000,1.4739709
10.088000,1.4739709
10.096000,1.4739709
10.104000,1.4739709
10.112000,1.4739709
10.120000,1.4739709
10.128000,1.4739709
10.136000,1.4739709
10.144000,1.4739709
10.152000,1.4739709
10.160000,1.4739709
10.168000,1.4739709
10.176000,1.4739709
10.184000,1.4739709
10.192000,1.4739709
10.200000,1.4739709
10.208000,1.4739709
10.216000,1.4739709
10.224000,1.4739709
10.232000,1.4739709
10.240000,1.4739709
10.248000,1.4739709
10.256000,1.4739709
10.264000,1.4739709
10.272000,1.4739709
10.280000,1.4739709
10.288000,1.4739709
10.296000,1.4739709
10.304000,1.4739709
10.312000,1.4739709
10.320000,1.4739709
10.328000,1.4739709
10.336000,1.4739709
10.344000,1.4739709
10.352000,1.4739709
10.360000,1.4739709
10.368000,1.4739709
10.376000,1.4739709
10.384000,1.4739709
10.392000,1.4739709
10.400000,1.4739709
10.408000,1.4739709
10.416000,1.4739709
10.424000,1.4739709
10.432000,1.4739709
10.440000,1.4739709
10.448000,1.4739709
10.456000,1.4739709
10.464000,1.4739709
10.472000,1.4739709
10.480000,1.4739709
10.488000,1.4739709
10.496000,1.4739709
10.504000,1.4739709
10.512000,1.4739709
10.520000,1.4739709
10.528000,1.4739709
10.536000,1.4739709
10.544000,1.4739709
10.552000,1.4739709
10.560000,1.4739709
10.568000,1.4739709
10.576000,1.4739709
10.584000,1.4739709
10.592000,1.4739709
10.600000,1.4739709
10.608000,1.4739709
10.616000,1.4739709
10.624000,1.4739709
10.632000,1.4739709
10.640000,1.4739709
10.648000,1.4739709
10.656000,1.4739709
10.664000,1.4739709
10.672000,1.4739709
10.680000,1.4739709
10.688000,1.4739709
10.696000,1.4739709
10.704000,1.4739709
10.712000,1.4739709
10.720000,1.4739709
10.728000,1.4739709
10.736000,1.4739709
10.744000,1.4739709
10.752000,1.4739709
10.760000,1.4739709
10.768000,1.4739709
10.776000,1.4739709
10.784000,1.4739709
10.792000,1.4739709
10.800000,1.4739709
10.808000,1.4739709
10.816000,1.4739709
10.824000,1.4739709
10.832000,1.4739709
10.840000,1.4739709
10.848000,1.4739709
10.856000,1.4739709
10.864000,1.4739709
10.872000,1.4739709
10.880000,1.4739709
10.888000,1.4739709
10.896000,1.4739709
10.904000,1.4739709
10.912000,1.4739709
10.920000,1.4739709
10.928000,1.4739709
10.936000,1.4739709
10.944000,1.4739709
10.952000,1.4739709
10.960000,1.4739709
10.968000,1.4739709
10.976000,1.4739709
10.984000,1.4739709
10.992000,1.4702104
11.000000,1.4634896
11.008000,1.4568754
11.016000,1.4502346
11.024000,1.4435671
11.032000,1.4369529
11.040000,1.4304455
11.048000,1.4237246
11.056000,1.4171105
11.064000,1.4105230
11.072000,1.4040155
11.080000,1.3976147
11.088000,1.3913206
11.096000,1.3850264
11.104000,1.3787857
11.112000,1.3723315
11.120000,1.3659841
11.128000,1.3595833
11.136000,1.3531825
11.144000,1.3468883
11.152000,1.3407542
11.160000,1.3345135
11.168000,1.3283794
11.176000,1.3222986
11.184000,1.3162712
11.192000,1.3101904
11.200000,1.3040563
11.208000,1.2981889
11.216000,1.2921615
11.224000,1.2860807
11.232000,1.2800000
11.240000,1.2739726
11.248000,1.2680518
11.256000,1.2621844
11.264000,1.2564237
11.272000,1.2506096
11.280000,1.2449023
11.288000,1.2390882
11.296000,1.2333008
11.304000,1.2276468
11.312000,1.2217794
11.320000,1.2160720
11.328000,1.2103113
11.336000,1.2047639
11.344000,1.1992699
11.352000,1.1936959
11.360000,1.1880418
11.368000,1.1823878
11.376000,1.1769471
11.384000,1.1715064
11.392000,1.1660924
11.400000,1.1607584
11.408000,1.1552644
11.416000,1.1499304
11.424000,1.1445164
11.432000,1.1390224
11.440000,1.1337950
11.448000,1.1285677
11.456000,1.1233671
11.464000,1.1182464
11.472000,1.1130724
11.480000,1.1079785
11.488000,1.1028045
11.496000,1.0975772
11.504000,1.0925899
11.512000,1.0874693
11.520000,1.0821886
11.528000,1.0772013
11.536000,1.0720273
11.544000,1.0669600
11.552000,1.0621327
11.560000,1.0571721
11.568000,1.0523182
11.576000,1.0474909
11.584000,1.0426370
11.592000,1.0378631
11.600000,1.0329558
11.608000,1.0281285
11.616000,1.0235413
11.624000,1.0188740
11.632000,1.0140734
11.640000,1.0092195
11.648000,1.0044989
11.656000,0.9998583
11.664000,0.9952444
11.672000,0.9904971
11.680000,0.9860432
11.688000,0.9815627
11.696000,0.9768954
11.704000,0.9722549
11.712000,0.9679076
11.720000,0.9634271
11.728000,0.9589199
11.736000,0.9545726
11.744000,0.9501988
11.752000,0.9456915
11.760000,0.9412110
11.768000,0.9368638
11.776000,0.9324365
11.784000,0.9283560
11.792000,0.9241688
11.800000,0.9197416
11.808000,0.9157145
11.816000,0.9116073
11.824000,0.9072067
11.832000,0.9031262
11.840000,0.8989657
11.848000,0.8947252
11.856000,0.8905380
11.864000,0.8864841
11.872000,0.8825636
11.880000,0.8784298
11.888000,0.8743760
11.896000,0.8703488
11.904000,0.8661616
11.912000,0.8621611
11.920000,0.8582406
11.928000,0.8543201
11.936000,0.8505063
11.944000,0.8468792
11.952000,0.8431187
11.960000,0.8390382
11.968000,0.8350910
11.976000,0.8313839
11.984000,0.8276234
11.992000,0.8237563
12.000000,0.8200492
12.008000,0.8164754
12.016000,0.8127149
12.024000,0.8087411
12.032000,0.8049273
12.040000,0.8012468
12.048000,0.7974863
12.056000,0.7938325
12.064000,0.7902854
12.072000,0.7867917
12.080000,0.7830579
12.088000,0.7795641
12.096000,0.7760170
12.104000,0.7724699
12.112000,0.7688694
12.120000,0.7654290
12.128000,0.7619886
12.136000,0.7585748
12.144000,0.7549744
12.152000,0.7517473
12.160000,0.7484135
12.168000,0.7450798
12.176000,0.7415327
12.184000,0.7381989
12.192000,0.7348118
12.200000,0.7315848
12.208000,0.7280910
12.216000,0.7246772
12.224000,0.7215035
12.232000,0.7184365
12.240000,0.7151027
12.248000,0.7117690
12.256000,0.7085952
12.264000,0.7054215
12.272000,0.7021944
12.280000,0.6989140
12.288000,0.6958470
12.296000,0.6927799
12.304000,0.6896595
12.312000,0.6864325
12.320000,0.6834187
12.328000,0.6804584
12.336000,0.6775513
12.344000,0.6742709
12.352000,0.6710439
12.360000,0.6680835
12.368000,0.6652832
12.376000,0.6623761
12.384000,0.6592024
12.392000,0.6562420
12.400000,0.6533883
12.408000,0.6506413
12.416000,0.6477876
12.424000,0.6447206
12.432000,0.6419202
12.440000,0.6390132
12.448000,0.6362395
12.456000,0.6332792
12.464000,0.6304788
12.472000,0.6277851
12.480000,0.6249848
12.488000,0.6222911
12.496000,0.6195441
12.504000,0.6166904
12.512000,0.6139967
12.520000,0.6114097
12.528000,0.6087427
12.536000,0.6059424
12.544000,0.6031954
12.552000,0.6005551
12.560000,0.5979681
12.568000,0.5954878
12.576000,0.5927941
12.584000,0.5900471
12.592000,0.5875934
12.600000,0.5852198
12.608000,0.5828995
12.616000,0.5804192
12.624000,0.5776722
12.632000,0.5750585
12.640000,0.5726316
12.648000,0.5702579
12.656000,0.5678310
12.664000,0.5653507
12.672000,0.5628970
12.680000,0.5605234
12.688000,0.5581498
12.696000,0.5557228
12.704000,0.5533492
12.712000,0.5508955
12.720000,0.5484686
12.728000,0.5460416
12.736000,0.5437746
12.744000,0.5414277
12.752000,0.5391607
12.760000,0.5368404
12.768000,0.5344135
12.776000,0.5321198
12.784000,0.5299062
12.792000,0.5276926
12.800000,0.5254790
12.808000,0.5230787
12.816000,0.5208651
12.824000,0.5187048
12.832000,0.5166512
12.840000,0.5144643
12.848000,0.5123574
12.856000,0.5100904
12.864000,0.5078501
12.872000,0.5057966
12.880000,0.5036896
12.888000,0.5017160
12.896000,0.4996091
12.904000,0.4975022
12.912000,0.4954219
12.920000,0.4932083
12.928000,0.4911014
12.936000,0.4891545
12.944000,0.4872342
12.952000,0.4852340
12.960000,0.4832071
12.968000,0.4810468
12.976000,0.4790465
12.984000,0.4771796
12.992000,0.4753394
13.000000,0.4736059
13.008000,0.4717390
13.016000,0.4696854
13.024000,0.4675251
13.032000,0.4656582
13.040000,0.4637646
13.048000,0.4619511
13.056000,0.4601108
13.064000,0.4582173
13.072000,0.4563504
13.080000,0.4543501
13.088000,0.4524032
13.096000,0.4506963
13.104000,0.4489628
13.112000,0.4472559
13.120000,0.4454690
13.128000,0.4438155
13.136000,0.4419219
13.144000,0.4400817
13.152000,0.4382681
13.160000,0.4365346
13.168000,0.4349344
13.176000,0.4332542
13.184000,0.4316006
13.192000,0.4299204
13.200000,0.4282135
13.208000,0.4264800
13.216000,0.4246931
13.224000,0.4229862
13.232000,0.4213593
13.240000,0.4198658
13.248000,0.4182923
13.256000,0.4166387
13.264000,0.4150119
13.272000,0.4133583
13.280000,0.4116781
13.288000,0.4100246
13.296000,0.4085044
13.304000,0.4070642
13.312000,0.4055974
13.320000,0.4040505
13.328000,0.4023703
13.336000,0.4009301
13.344000,0.3993032
13.352000,0.3977030
13.360000,0.3960762
13.368000,0.3945826
13.376000,0.3931691
13.384000,0.3918356
13.392000,0.3903688
13.400000,0.3890353
13.408000,0.3875151
13.416000,0.3860749
13.424000,0.3846081
13.432000,0.3831145
13.440000,0.3815944
13.448000,0.3802609
13.456000,0.3789007
13.464000,0.3776739
13.472000,0.3764471
13.480000,0.3749802
13.488000,0.3734867
13.496000,0.3720198
13.504000,0.3706863
13.512000,0.3693262
13.520000,0.3681527
13.528000,0.3668725
13.536000,0.3655657
13.544000,0.3642322
13.552000,0.3629787
13.560000,0.3618052
13.568000,0.3604450
13.576000,0.3592182
13.584000,0.3578314
13.592000,0.3564179
13.600000,0.3552444
13.608000,0.3539376
13.616000,0.3527108
13.624000,0.3516439
13.632000,0.3503905
13.640000,0.3491636
13.648000,0.3479102
13.656000,0.3467900
13.664000,0.3455632
13.672000,0.3443097
13.680000,0.3430829
13.688000,0.3418294
13.696000,0.3406559
13.704000,0.3395891
13.712000,0.3384956
13.720000,0.3373222
13.728000,0.3362020
13.736000,0.3351086
13.744000,0.3340951
13.752000,0.3328416
13.760000,0.3316148
13.768000,0.3304413
13.776000,0.3293478
13.784000,0.3282277
13.792000,0.3271076
13.800000,0.3259607
13.808000,0.3249473
13.816000,0.3239338
13.824000,0.3228937
13.832000,0.3218802
13.840000,0.3207334
13.848000,0.3197200
13.856000,0.3187598
13.864000,0.3179064
13.872000,0.3168663
13.880000,0.3156394
13.888000,0.3145460
13.896000,0.3134792
13.904000,0.3125191
13.912000,0.3115323
13.920000,0.3105721
13.928000,0.3096654
13.936000,0.3087586
13.944000,0.3077185
13.952000,0.3068650
13.960000,0.3059582
13.968000,0.3049715
13.976000,0.3039580
13.984000,0.3029979
13.992000,0.3020644
14.000000,0.3011576
14.008000,0.3002509
14.016000,0.2992107
14.024000,0.2982506
14.032000,0.2975039
14.040000,0.2967037
14.048000,0.2958236
14.056000,0.2949702
14.064000,0.2941701
14.072000,0.2933700
14.080000,0.2924366
14.088000,0.2916364
14.096000,0.2907830
14.104000,0.2898496
14.112000,0.2889961
14.120000,0.2881427
14.128000,0.2872359
14.136000,0.2863558
14.144000,0.2856090
14.152000,0.2847556
14.160000,0.2839822
14.168000,0.2831821
14.176000,0.2824886
14.184000,0.2817952
14.192000,0.2810218
14.200000,0.2802217
14.208000,0.2794216
14.216000,0.2786748
14.224000,0.2777947
14.232000,0.2770480
14.240000,0.2763545
14.248000,0.2755544
14.256000,0.2747810
14.264000,0.2739276
14.272000,0.2731808
14.280000,0.2723807
14.288000,0.2717140
14.296000,0.2709139
14.304000,0.2701671
14.312000,0.2694203
14.320000,0.2687536
14.328000,0.2682202
14.336000,0.2676334
14.344000,0.2668334
14.352000,0.2661399
14.360000,0.2654732
14.368000,0.2647798
14.376000,0.2640863
14.384000,0.2633929
14.392000,0.2626728
14.400000,0.2619794
14.408000,0.2612860
14.416000,0.2604859
14.424000,0.2598458
14.432000,0.2590724
14.440000,0.2583790
14.448000,0.2576855
14.456000,0.2570988
14.464000,0.2564854
14.472000,0.2558987
14.480000,0.2553119
14.488000,0.2547785
14.496000,0.2541384
14.504000,0.2535517
14.512000,0.2529916
14.520000,0.2524049
14.528000,0.2518181
14.536000,0.2512847
14.544000,0.2507513
14.552000,0.2501913
14.560000,0.2495512
14.568000,0.2489111
14.576000,0.2483244
14.584000,0.2478443
14.592000,0.2471242
14.600000,0.2465375
14.608000,0.2458974
14.616000,0.2452573
14.624000,0.2446172
14.632000,0.2441105
14.640000,0.2435771
14.648000,0.2429904
14.656000,0.2424570
14.664000,0.2419769
14.672000,0.2414435
14.680000,0.2410435
14.688000,0.2406167
14.696000,0.2401367
14.704000,0.2396033
14.712000,0.2391232
14.720000,0.2385898
14.728000,0.2380298
14.736000,0.2374963
14.744000,0.2370163
14.752000,0.2365896
14.760000,0.2361095
14.768000,0.2356828
14.776000,0.2352027
14.784000,0.2346960
14.792000,0.2342159
14.800000,0.2336825
14.808000,0.2331491
14.816000,0.2326157
14.824000,0.2321357
14.832000,0.2316290
14.840000,0.2312556
14.848000,0.2308289
14.856000,0.2302955
14.864000,0.2298687
14.872000,0.2294420
14.880000,0.2289886
14.888000,0.2285086
14.896000,0.2280818
14.904000,0.2276551
14.912000,0.2272284
14.920000,0.2268017
14.928000,0.2264816
14.936000,0.2261616
14.944000,0.2258149
14.952000,0.2253882
14.960000,0.2248548
14.968000,0.2244814
14.976000,0.2240547
14.984000,0.2237346
14.992000,0.2232546
15.000000,0.2228012
15.008000,0.2224811
15.016000,0.2221078
15.024000,0.2216277
15.032000,0.2212543
15.040000,0.2208809
15.048000,0.2204542
15.056000,0.2200808
15.064000,0.2197341
15.072000,0.2192541
15.080000,0.2188274
15.088000,0.2184540
15.096000,0.2181339
15.104000,0.2178139
15.112000,0.2174939
15.120000,0.2170138
15.128000,0.2165604
15.136000,0.2162404
15.144000,0.2158670
15.152000,0.2155469
15.160000,0.2152802
15.168000,0.2149602
15.176000,0.2146935
15.184000,0.2144268
15.192000,0.2140001
15.200000,0.2136534
15.208000,0.2134400
15.216000,0.2130666
15.224000,0.2127466
15.232000,0.2124799
15.240000,0.2121065
15.248000,0.2118398
15.256000,0.2115731
15.264000,0.2111997
15.272000,0.2108797
15.280000,0.2105863
15.288000,0.2102663
15.296000,0.2100529
15.304000,0.2097329
15.312000,0.2093062
15.320000,0.2089861
15.328000,0.2087728
15.336000,0.2085594
15.344000,0.2082927
15.352000,0.2079193
15.360000,0.2076526
15.368000,0.2073059
15.376000,0.2069859
15.384000,0.2066658
15.392000,0.2062925
15.400000,0.2060791
15.408000,0.2058124
15.416000,0.2055457
15.424000,0.2053323
15.432000,0.2051190
15.440000,0.2048523
15.448000,0.2045056
15.456000,0.2042389
15.464000,0.2039722
15.472000,0.2036521
15.480000,0.2034388
15.488000,0.2032254
15.496000,0.2019452
15.504000,0.1992516
15.512000,0.1998917
15.520000,0.2029054
15.528000,0.2034921
15.536000,0.2026920
15.544000,0.2019452
15.552000,0.2016785
15.560000,0.2014385
15.568000,0.2012785
15.576000,0.2007451
15.584000,0.2005317
15.592000,0.2004250
15.600000,0.2001584
15.608000,0.1998383
15.616000,0.1994116
15.624000,0.1993583
15.632000,0.1993049
15.640000,0.1990916
15.648000,0.1987715
15.656000,0.1985048
15.664000,0.1985048
15.672000,0.1983181
15.680000,0.1979981
15.688000,0.1978381
15.696000,0.1976247
15.704000,0.1974647
15.712000,0.1972513
15.720000,0.1971446
15.728000,0.1969313
15.736000,0.1966646
15.744000,0.1964512
15.752000,0.1962912
15.760000,0.1961845
15.768000,0.1959712
15.776000,0.1957045
15.784000,0.1954911
15.792000,0.1953044
15.800000,0.1951977
15.808000,0.1949310
15.816000,0.1946110
15.824000,0.1943976
15.832000,0.1943443
15.840000,0.1941843
15.848000,0.1938109
15.856000,0.1936509
15.864000,0.1935975
15.872000,0.1934908
15.880000,0.1932242
15.888000,0.1930108
15.896000,0.1928508
15.904000,0.1927441
15.912000,0.1926374
15.920000,0.1924774
15.928000,0.1922374
15.936000,0.1920773
15.944000,0.1919173
15.952000,0.1917573
15.960000,0.1915973
15.968000,0.1915439
15.976000,0.1914373
15.984000,0.1911706
15.992000,0.1909039
16.000000,0.1907972
16.008000,0.1906372
16.016000,0.1904238
16.024000,0.1903171
16.032000,0.1903705
16.040000,0.1901038
16.048000,0.1898371
16.056000,0.1898371
16.064000,0.1896770
16.072000,0.1894103
16.080000,0.1892503
16.088000,0.1890636
16.096000,0.1886903
16.104000,0.1878902
16.112000,0.1881569
16.120000,0.1890636
16.128000,0.1885302
16.136000,0.1879435
16.144000,0.1884769
16.152000,0.1888503
16.160000,0.1886369
16.168000,0.1883702
16.176000,0.1881569
16.184000,0.1879435
16.192000,0.1877835
16.200000,0.1876234
16.208000,0.1875168
16.216000,0.1874634
16.224000,0.1873034
16.232000,0.1871967
16.240000,0.1871434
16.248000,0.1870367
16.256000,0.1869300
16.264000,0.1867167
16.272000,0.1865566
16.280000,0.1865033
16.288000,0.1863433
16.296000,0.1861833
16.304000,0.1860499
16.312000,0.1860499
16.320000,0.1859966
16.328000,0.1858899
16.336000,0.1857299
16.344000,0.1855699
16.352000,0.1854632
16.360000,0.1854098
16.368000,0.1853032
16.376000,0.1851431
16.384000,0.1850898
16.392000,0.1850365
16.400000,0.1848764
16.408000,0.1847698
16.416000,0.1846631
16.424000,0.1846631
16.432000,0.1845031
16.440000,0.1843964
16.448000,0.1843964
16.456000,0.1842897
16.464000,0.1841830
16.472000,0.1840763
16.480000,0.1839697
16.488000,0.1839163
16.496000,0.1838096
16.504000,0.1837563
16.512000,0.1838096
16.520000,0.1837563
16.528000,0.1835963
16.536000,0.1834896
16.544000,0.1833829
16.552000,0.1832762
16.560000,0.1833296
16.568000,0.1832762
16.576000,0.1831696
16.584000,0.1830362
16.592000,0.1829295
16.600000,0.1828762
16.608000,0.1827695
16.616000,0.1827162
16.624000,0.1827162
16.632000,0.1825562
16.640000,0.1824495
16.648000,0.1824495
16.656000,0.1823961
16.664000,0.1823428
16.672000,0.1822894
16.680000,0.1821294
16.688000,0.1820761
16.696000,0.1820761
16.704000,0.1820228
16.712000,0.1819694
16.720000,0.1818627
16.728000,0.1817561
16.736000,0.1818094
16.744000,0.1818094
16.752000,0.1817027
16.760000,0.1816494
16.768000,0.1814893
16.776000,0.1814360
16.784000,0.1814360
16.792000,0.1813827
16.800000,0.1812227
16.808000,0.1811693
16.816000,0.1812760
16.824000,0.1812227
16.832000,0.1810626
16.840000,0.1810093
16.848000,0.1809026
16.856000,0.1807959
16.864000,0.1807426
16.872000,0.1806892
16.880000,0.1806892
16.888000,0.1806892
16.896000,0.1806892
16.904000,0.1805826
16.912000,0.1804226
16.920000,0.1804226
16.928000,0.1803159
16.936000,0.1802625
16.944000,0.1802625
16.952000,0.1802092
16.960000,0.1801559
16.968000,0.1802092
16.976000,0.1801559
16.984000,0.1800225
16.992000,0.1799158
17.000000,0.1798625
17.008000,0.1798625
17.016000,0.1798091
17.024000,0.1798091
17.032000,0.1797558
17.040000,0.1797025
17.048000,0.1796491
17.056000,0.1795424
17.064000,0.1794891
17.072000,0.1794891
17.080000,0.1794358
17.088000,0.1793291
17.096000,0.1793291
17.104000,0.1793291
17.112000,0.1793291
17.120000,0.1792757
17.128000,0.1792224
17.136000,0.1791691
17.144000,0.1791157
17.152000,0.1790624
17.160000,0.1790624
17.168000,0.1790090
17.176000,0.1789557
17.184000,0.1789557
17.192000,0.1789557
17.200000,0.1788490
17.208000,0.1788490
17.216000,0.1788490
17.224000,0.1787423
17.232000,0.1786890
17.240000,0.1786890
17.248000,0.1786890
17.256000,0.1785823
17.264000,0.1785290
17.272000,0.1785290
17.280000,0.1784756
17.288000,0.1784223
17.296000,0.1783690
17.304000,0.1783690
17.312000,0.1783690
17.320000,0.1783690
17.328000,0.1783156
17.336000,0.1782623
17.344000,0.1782089
17.352000,0.1781023
17.360000,0.1781556
17.368000,0.1782089
17.376000,0.1781556
17.384000,0.1781023
17.392000,0.1781023
17.400000,0.1780489
17.408000,0.1780489
17.416000,0.1780489
17.424000,0.1779422
17.432000,0.1779422
17.440000,0.1778356
17.448000,0.1777289
17.456000,0.1777822
17.464000,0.1777289
17.472000,0.1776755
17.480000,0.1776222
17.488000,0.1776222
17.496000,0.1776755
17.504000,0.1776755
17.512000,0.1776222
17.520000,0.1776222
17.528000,0.1775155
17.536000,0.1774622
17.544000,0.1774622
17.552000,0.1774622
17.560000,0.1775155
17.568000,0.1774088
17.576000,0.1773555
17.584000,0.1772488
17.592000,0.1771955
17.600000,0.1773022
17.608000,0.1773022
17.616000,0.1771955
17.624000,0.1771421
17.632000,0.1771421
17.640000,0.1772488
17.648000,0.1771955
17.656000,0.1771421
17.664000,0.1771421
17.672000,0.1770888
17.680000,0.1770355
17.688000,0.1770355
17.696000,0.1770888
17.704000,0.1770888
17.712000,0.1770355
17.720000,0.1769555
17.728000,0.1769555
17.736000,0.1768488
17.744000,0.1767954
17.752000,0.1767954
17.760000,0.1767954
17.768000,0.1766888
17.776000,0.1766354
17.784000,0.1766888
17.792000,0.1767421
17.800000,0.1767421
17.808000,0.1766888
17.816000,0.1765287
17.824000,0.1764754
17.832000,0.1765287
17.840000,0.1765821
17.848000,0.1765287
17.856000,0.1765287
17.864000,0.1764220
17.872000,0.1764754
17.880000,0.1764220
17.888000,0.1763154
17.896000,0.1763687
17.904000,0.1763687
17.912000,0.1763687
17.920000,0.1763687
17.928000,0.1763154
17.936000,0.1762087
17.944000,0.1761554
17.952000,0.1762087
17.960000,0.1762620
17.968000,0.1762087
17.976000,0.1761554
17.984000,0.1762087
17.992000,0.1762620
18.000000,0.1762087
18.008000,0.1761020
18.016000,0.1761020
18.024000,0.1761020
18.032000,0.1761554
18.040000,0.1762087
18.048000,0.1761020
18.056000,0.1760487
18.064000,0.1759420
18.072000,0.1758887
18.080000,0.1759420
18.088000,0.1759953
18.096000,0.1759953
18.104000,0.1759420
18.112000,0.1759420
18.120000,0.1758887
18.128000,0.1758887
18.136000,0.1758353
18.144000,0.1758353
18.152000,0.1758353
18.160000,0.1758353
18.168000,0.1758887
18.176000,0.1758353
18.184000,0.1757820
18.192000,0.1757820
18.200000,0.1757820
18.208000,0.1757286
18.216000,0.1757286
18.224000,0.1757286
18.232000,0.1757286
18.240000,0.1756219
18.248000,0.1755153
18.256000,0.1755153
18.264000,0.1755153
18.272000,0.1755686
18.280000,0.1756753
18.288000,0.1755686
18.296000,0.1755153
18.304000,0.1754619
18.312000,0.1755153
18.320000,0.1754619
18.328000,0.1755153
18.336000,0.1755686
18.344000,0.1754619
18.352000,0.1754086
18.360000,0.1754086
18.368000,0.1754619
18.376000,0.1754619
18.384000,0.1754086
18.392000,0.1753019
18.400000,0.1753019
18.408000,0.1753552
18.416000,0.1753552
18.424000,0.1753019
18.432000,0.1753019
18.440000,0.1753019
18.448000,0.1753019
18.456000,0.1752486
18.464000,0.1752486
18.472000,0.1753019
18.480000,0.1753019
18.488000,0.1752486
18.496000,0.1751419
18.504000,0.1751952
18.512000,0.1751952
18.520000,0.1751952
18.528000,0.1751419
18.536000,0.1751952
18.544000,0.1751419
18.552000,0.1751952
18.560000,0.1751419
18.568000,0.1750352
18.576000,0.1749819
18.584000,0.1750352
18.592000,0.1750352
18.600000,0.1750352
18.608000,0.1750352
18.616000,0.1750352
18.624000,0.1750352
18.632000,0.1749819
18.640000,0.1748752
18.648000,0.1748219
18.656000,0.1748752
18.664000,0.1749285
18.672000,0.1747685
18.680000,0.1748219
18.688000,0.1748752
18.696000,0.1748752
18.704000,0.1748219
18.712000,0.1748219
18.720000,0.1748219
18.728000,0.1748219
18.736000,0.1747685
18.744000,0.1746618
18.752000,0.1746618
18.760000,0.1747685
18.768000,0.1747152
18.776000,0.1747685
18.784000,0.1747152
18.792000,0.1746618
18.800000,0.1746085
18.808000,0.1746085
18.816000,0.1747152
18.824000,0.1746618
18.832000,0.1746085
18.840000,0.1746085
18.848000,0.1746085
18.856000,0.1746085
18.864000,0.1745018
18.872000,0.1745551
18.880000,0.1746085
18.888000,0.1745551
18.896000,0.1745018
18.904000,0.1743951
18.912000,0.1744485
18.920000,0.1743951
18.928000,0.1743951
18.936000,0.1744485
18.944000,0.1744485
18.952000,0.1744485
18.960000,0.1743951
18.968000,0.1744485
18.976000,0.1743951
18.984000,0.1743951
18.992000,0.1743418
19.000000,0.1742885
19.008000,0.1742351
19.016000,0.1741818
19.024000,0.1742885
19.032000,0.1742351
19.040000,0.1741818
19.048000,0.1741818
19.056000,0.1742885
19.064000,0.1742885
19.072000,0.1742885
19.080000,0.1742351
19.088000,0.1741818
19.096000,0.1741284
19.104000,0.1741284
19.112000,0.1740751
19.120000,0.1740218
19.128000,0.1740218
19.136000,0.1740218
19.144000,0.1740218
19.152000,0.1740751
19.160000,0.1740751
19.168000,0.1740751
19.176000,0.1740218
19.184000,0.1739684
19.192000,0.1739684
19.200000,0.1740751
19.208000,0.1740218
19.216000,0.1739684
19.224000,0.1739684
19.232000,0.1739684
19.240000,0.1739684
19.248000,0.1738351
19.256000,0.1737284
19.264000,0.1736750
19.272000,0.1737284
19.280000,0.1737817
19.288000,0.1737817
19.296000,0.1736750
19.304000,0.1736750
19.312000,0.1737284
19.320000,0.1737817
19.328000,0.1736750
19.336000,0.1737284
19.344000,0.1737284
19.352000,0.1736750
19.360000,0.1736217
19.368000,0.1735684
19.376000,0.1735684
19.384000,0.1736217
19.392000,0.1735684
19.400000,0.1735150
19.408000,0.1734617
19.416000,0.1734617
19.424000,0.1734617
19.432000,0.1734617
19.440000,0.1734617
19.448000,0.1734617
19.456000,0.1734083
19.464000,0.1733550
19.472000,0.1734083
19.480000,0.1733550
19.488000,0.1733017
19.496000,0.1733550
19.504000,0.1733017
19.512000,0.1733017
19.520000,0.1733550
19.528000,0.1733550
19.536000,0.1733550
19.544000,0.1733017
19.552000,0.1733017
19.560000,0.1732483
19.568000,0.1731950
19.576000,0.1731416
19.584000,0.1731416
19.592000,0.1730883
19.600000,0.1730883
19.608000,0.1731416
19.616000,0.1731950
19.624000,0.1730883
19.632000,0.1730350
19.640000,0.1730350
19.648000,0.1730350
19.656000,0.1730350
19.664000,0.1730350
19.672000,0.1730883
19.680000,0.1729816
19.688000,0.1729283
19.696000,0.1728749
19.704000,0.1727683
19.712000,0.1726616
19.720000,0.1727149
19.728000,0.1727683
19.736000,0.1727683
19.744000,0.1727149
19.752000,0.1727149
19.760000,0.1727683
19.768000,0.1727683
19.776000,0.1727149
19.784000,0.1726616
19.792000,0.1726616
19.800000,0.1726082
19.808000,0.1726082
19.816000,0.1726616
19.824000,0.1727683
19.832000,0.1726616
19.840000,0.1725549
19.848000,0.1725549
19.856000,0.1725549
19.864000,0.1725016
19.872000,0.1725016
19.880000,0.1724482
19.888000,0.1724482
19.896000,0.1725016
19.904000,0.1723949
19.912000,0.1723949
19.920000,0.1723949
19.928000,0.1722882
19.936000,0.1721815
19.944000,0.1722882
19.952000,0.1723949
19.960000,0.1723949
19.968000,0.1722349
19.976000,0.1722349
19.984000,0.1722349
19.992000,0.1721282
20.000000,0.1721282
20.008000,0.1721282
20.016000,0.1721282
20.024000,0.1721282
20.032000,0.1720748
20.040000,0.1720215
20.048000,0.1720215
20.056000,0.1720215
20.064000,0.1720215
20.072000,0.1720748
20.080000,0.1719148
20.088000,0.1719148
20.096000,0.1719682
20.104000,0.1719682
20.112000,0.1719682
20.120000,0.1719148
20.128000,0.1718615
20.136000,0.1718615
20.144000,0.1719148
20.152000,0.1719682
20.160000,0.1718615
20.168000,0.1717015
20.176000,0.1717015
20.184000,0.1718081
20.192000,0.1718081
20.200000,0.1717548
20.208000,0.1716481
20.216000,0.1715948
20.224000,0.1715948
20.232000,0.1716481
20.240000,0.1715948
20.248000,0.1715948
20.256000,0.1715948
20.264000,0.1715948
20.272000,0.1715948
20.280000,0.1715414
20.288000,0.1714881
20.296000,0.1713814
20.304000,0.1713281
20.312000,0.1714348
20.320000,0.1714881
20.328000,0.1715414
20.336000,0.1714881
20.344000,0.1713281
20.352000,0.1713281
20.360000,0.1713281
20.368000,0.1713281
20.376000,0.1713281
20.384000,0.1712214
20.392000,0.1712747
20.400000,0.1712214
20.408000,0.1712214
20.416000,0.1711681
20.424000,0.1711147
20.432000,0.1710614
20.440000,0.1710614
20.448000,0.1710614
20.456000,0.1711147
20.464000,0.1711147
20.472000,0.1710614
20.480000,0.1709014
20.488000,0.1709014
20.496000,0.1709014
20.504000,0.1709547
20.512000,0.1709547
20.520000,0.1709547
20.528000,0.1709014
20.536000,0.1708214
20.544000,0.1707680
20.552000,0.1707147
20.560000,0.1707147
20.568000,0.1707147
20.576000,0.1707147
20.584000,0.1706613
20.592000,0.1706613
20.600000,0.1706613
20.608000,0.1706613
20.616000,0.1706080
20.624000,0.1705547
20.632000,0.1705547
20.640000,0.1706080
20.648000,0.1705547
20.656000,0.1704480
20.664000,0.1704480
20.672000,0.1704480
20.680000,0.1704480
20.688000,0.1702879
20.696000,0.1702879
20.704000,0.1703413
20.712000,0.1703413
20.720000,0.1703946
20.728000,0.1703413
20.736000,0.1702879
20.744000,0.1702879
20.752000,0.1702346
20.760000,0.1701279
20.768000,0.1701813
20.776000,0.1701813
20.784000,0.1700746
20.792000,0.1700213
20.800000,0.1700213
20.808000,0.1700746
20.816000,0.1700746
20.824000,0.1700213
20.832000,0.1699679
20.840000,0.1700213
20.848000,0.1699679
20.856000,0.1700213
20.864000,0.1699679
20.872000,0.1699146
20.880000,0.1698612
20.888000,0.1698612
20.896000,0.1698079
20.904000,0.1697546
20.912000,0.1697546
20.920000,0.1698612
20.928000,0.1698079
20.936000,0.1697546
20.944000,0.1697546
20.952000,0.1698079
20.960000,0.1697546
20.968000,0.1696479
20.976000,0.1695412
20.984000,0.1695945
20.992000,0.1695945
21.000000,0.1694345
21.008000,0.1694878
21.016000,0.1694878
21.024000,0.1694345
21.032000,0.1693278
21.040000,0.1693812
21.048000,0.1693812
21.056000,0.1693278
21.064000,0.1692745
21.072000,0.1692745
21.080000,0.1692212
21.088000,0.1692212
21.096000,0.1692212
21.104000,0.1692212
21.112000,0.1691678
21.120000,0.1691145
21.128000,0.1690078
21.136000,0.1691145
21.144000,0.1691678
21.152000,0.1691145
21.160000,0.1691145
21.168000,0.1690611
21.176000,0.1688478
21.184000,0.1689011
21.192000,0.1690078
21.200000,0.1689011
21.208000,0.1687944
21.216000,0.1688478
21.224000,0.1689011
21.232000,0.1688478
21.240000,0.1687944
21.248000,0.1687411
21.256000,0.1687944
21.264000,0.1688478
21.272000,0.1686877
21.280000,0.1685811
21.288000,0.1685811
21.296000,0.1686877
21.304000,0.1686877
21.312000,0.1686344
21.320000,0.1685277
21.328000,0.1685277
21.336000,0.1684744
21.344000,0.1684211
21.352000,0.1683677
21.360000,0.1683677
21.368000,0.1684211
21.376000,0.1683677
21.384000,0.1683677
21.392000,0.1683677
21.400000,0.1683677
21.408000,0.1683144
21.416000,0.1682077
21.424000,0.1681544
21.432000,0.1682077
21.440000,0.1682077
21.448000,0.1681010
21.456000,0.1682077
21.464000,0.1681544
21.472000,0.1680477
21.480000,0.1679943
21.488000,0.1679410
21.496000,0.1679943
21.504000,0.1679410
21.512000,0.1679943
21.520000,0.1679943
21.528000,0.1679943
21.536000,0.1679410
21.544000,0.1678343
21.552000,0.1677543
21.560000,0.1677010
21.568000,0.1675943
21.576000,0.1677010
21.584000,0.1676476
21.592000,0.1675943
21.600000,0.1675409
21.608000,0.1675943
21.616000,0.1675409
21.624000,0.1675409
21.632000,0.1675409
21.640000,0.1674876
21.648000,0.1674876
21.656000,0.1674876
21.664000,0.1674876
21.672000,0.1674343
21.680000,0.1673809
21.688000,0.1673809
21.696000,0.1673809
21.704000,0.1672742
21.712000,0.1672209
21.720000,0.1672742
21.728000,0.1671142
21.736000,0.1671142
21.744000,0.1671142
21.752000,0.1671142
21.760000,0.1670075
21.768000,0.1670609
21.776000,0.1671676
21.784000,0.1670609
21.792000,0.1670075
21.800000,0.1669542
21.808000,0.1668475
21.816000,0.1669009
21.824000,0.1669542
21.832000,0.1669009
21.840000,0.1669009
21.848000,0.1669009
21.856000,0.1667408
21.864000,0.1665808
21.872000,0.1666342
21.880000,0.1667942
21.888000,0.1667408
21.896000,0.1666342
21.904000,0.1666875
21.912000,0.1666342
21.920000,0.1664741
21.928000,0.1664741
21.936000,0.1665808
21.944000,0.1664741
21.952000,0.1664208
21.960000,0.1664741
21.968000,0.1664741
21.976000,0.1664208
21.984000,0.1663675
21.992000,0.1664208
22.000000,0.1663675
22.008000,0.1663141
22.016000,0.1663675
22.024000,0.1662608
22.032000,0.1661008
22.040000,0.1661008
22.048000,0.1661008
22.056000,0.1661008
22.064000,0.1661008
22.072000,0.1660474
22.080000,0.1661008
22.088000,0.1660474
22.096000,0.1659941
22.104000,0.1659407
22.112000,0.1658874
22.120000,0.1658874
22.128000,0.1658341
22.136000,0.1658341
22.144000,0.1657807
22.152000,0.1657807
22.160000,0.1657274
22.168000,0.1657274
22.176000,0.1656740
22.184000,0.1656740
22.192000,0.1656740
22.200000,0.1656740
22.208000,0.1656740
22.216000,0.1656207
22.224000,0.1655674
22.232000,0.1655140
22.240000,0.1654607
22.248000,0.1655140
22.256000,0.1654607
22.264000,0.1653540
22.272000,0.1654073
22.280000,0.1654073
22.288000,0.1653007
22.296000,0.1653007
22.304000,0.1653007
22.312000,0.1653007
22.320000,0.1651940
22.328000,0.1651940
22.336000,0.1651940
22.344000,0.1651940
22.352000,0.1651406
22.360000,0.1650873
22.368000,0.1649806
22.376000,0.1649273
22.384000,0.1649806
22.392000,0.1649806
22.400000,0.1649273
22.408000,0.1648739
22.416000,0.1648739
22.424000,0.1648739
22.432000,0.1648206
22.440000,0.1647673
22.448000,0.1647673
22.456000,0.1646873
22.464000,0.1645806
22.472000,0.1645806
22.480000,0.1645806
22.488000,0.1645806
22.496000,0.1646339
22.504000,0.1646339
22.512000,0.1645272
22.520000,0.1645272
22.528000,0.1645272
22.536000,0.1644739
22.544000,0.1644205
22.552000,0.1643672
22.560000,0.1643672
22.568000,0.1644205
22.576000,0.1643672
22.584000,0.1643139
22.592000,0.1642605
22.600000,0.1642072
22.608000,0.1641538
22.616000,0.1641538
22.624000,0.1641005
22.632000,0.1641005
22.640000,0.1639938
22.648000,0.1639938
22.656000,0.1639938
22.664000,0.1639405
22.672000,0.1639938
22.680000,0.1639938
22.688000,0.1639405
22.696000,0.1638338
22.704000,0.1637271
22.712000,0.1637271
22.720000,0.1637271
22.728000,0.1637805
22.736000,0.1638338
22.744000,0.1637805
22.752000,0.1637271
22.760000,0.1636738
22.768000,0.1635671
22.776000,0.1635138
22.784000,0.1635671
22.792000,0.1635138
22.800000,0.1635671
22.808000,0.1635138
22.816000,0.1634604
22.824000,0.1635138
22.832000,0.1634604
22.840000,0.1633004
22.848000,0.1633004
22.856000,0.1634071
22.864000,0.1634071
22.872000,0.1633537
22.880000,0.1633004
22.888000,0.1633004
22.896000,0.1631937
22.904000,0.1630871
22.912000,0.1631404
22.920000,0.1631937
22.928000,0.1630871
22.936000,0.1630871
22.944000,0.1630871
22.952000,0.1631404
22.960000,0.1630871
22.968000,0.1629804
22.976000,0.1629270
22.984000,0.1629270
22.992000,0.1629270
23.000000,0.1629804
23.008000,0.1629270
23.016000,0.1628204
23.024000,0.1627137
23.032000,0.1627137
23.040000,0.1627670
23.048000,0.1628204
23.056000,0.1626603
23.064000,0.1625536
23.072000,0.1625003
23.080000,0.1625536
23.088000,0.1626070
23.096000,0.1625003
23.104000,0.1625536
23.112000,0.1625536
23.120000,0.1625003
23.128000,0.1625003
23.136000,0.1625003
23.144000,0.1624470
23.152000,0.1623936
23.160000,0.1622870
23.168000,0.1623936
23.176000,0.1624470
23.184000,0.1623403
23.192000,0.1622870
23.200000,0.1621803
23.208000,0.1621803
23.216000,0.1622336
23.224000,0.1621803
23.232000,0.1621803
23.240000,0.1620736
23.248000,0.1620203
23.256000,0.1620203
23.264000,0.1620736
23.272000,0.1619669
23.280000,0.1619136
23.288000,0.1619669
23.296000,0.1619669
23.304000,0.1619669
23.312000,0.1619136
23.320000,0.1618602
23.328000,0.1618602
23.336000,0.1617535
23.344000,0.1617535
23.352000,0.1617535
23.360000,0.1617535
23.368000,0.1617002
23.376000,0.1616202
23.384000,0.1616202
23.392000,0.1616202
23.400000,0.1616202
23.408000,0.1615669
23.416000,0.1615135
23.424000,0.1615135
23.432000,0.1615135
23.440000,0.1615135
23.448000,0.1614602
23.456000,0.1614068
23.464000,0.1613535
23.472000,0.1613535
23.480000,0.1614068
23.488000,0.1613002
23.496000,0.1613002
23.504000,0.1611935
23.512000,0.1611935
23.520000,0.1611401
23.528000,0.1611401
23.536000,0.1610868
23.544000,0.1610868
23.552000,0.1611935
23.560000,0.1611401
23.568000,0.1610868
23.576000,0.1609801
23.584000,0.1609801
23.592000,0.1609801
23.600000,0.1610335
23.608000,0.1609801
23.616000,0.1608734
23.624000,0.1609268
23.632000,0.1609268
23.640000,0.1608734
23.648000,0.1608201
23.656000,0.1608201
23.664000,0.1608201
23.672000,0.1607134
23.680000,0.1606601
23.688000,0.1606601
23.696000,0.1607134
23.704000,0.1606601
23.712000,0.1606601
23.720000,0.1605534
23.728000,0.1605001
23.736000,0.1606067
23.744000,0.1605534
23.752000,0.1605001
23.760000,0.1605001
23.768000,0.1605534
23.776000,0.1604467
23.784000,0.1603934
23.792000,0.1603400
23.800000,0.1604467
23.808000,0.1603400
23.816000,0.1601800
23.824000,0.1601267
23.832000,0.1601800
23.840000,0.1602334
23.848000,0.1601800
23.856000,0.1601267
23.864000,0.1601267
23.872000,0.1601800
23.880000,0.1601800
23.888000,0.1600733
23.896000,0.1600200
23.904000,0.1600733
23.912000,0.1600733
23.920000,0.1599667
23.928000,0.1599667
23.936000,0.1599667
23.944000,0.1599133
23.952000,0.1598600
23.960000,0.1599667
23.968000,0.1600200
23.976000,0.1598600
23.984000,0.1597533
23.992000,0.1597533
24.000000,0.1597000
24.008000,0.1597000
24.016000,0.1597000
24.024000,0.1597000
24.032000,0.1597533
24.040000,0.1597000
24.048000,0.1595933
24.056000,0.1595933
24.064000,0.1595933
24.072000,0.1597000
24.080000,0.1595933
24.088000,0.1594333
24.096000,0.1594333
24.104000,0.1594333
24.112000,0.1594333
24.120000,0.1594333
24.128000,0.1593799
24.136000,0.1593266
24.144000,0.1593799
24.152000,0.1593266
24.160000,0.1592732
24.168000,0.1592199
24.176000,0.1593266
24.184000,0.1593266
24.192000,0.1592199
24.200000,0.1591666
24.208000,0.1592199
24.216000,0.1591666
24.224000,0.1591666
24.232000,0.1591666
24.240000,0.1591132
24.248000,0.1590065
24.256000,0.1590599
24.264000,0.1590599
24.272000,0.1590065
24.280000,0.1590065
24.288000,0.1590065
24.296000,0.1588999
24.304000,0.1588465
24.312000,0.1588999
24.320000,0.1588465
24.328000,0.1587932
24.336000,0.1586865
24.344000,0.1586865
24.352000,0.1587398
24.360000,0.1586865
24.368000,0.1586332
24.376000,0.1586865
24.384000,0.1587398
24.392000,0.1586332
24.400000,0.1585532
24.408000,0.1586332
24.416000,0.1586332
24.424000,0.1586332
24.432000,0.1584998
24.440000,0.1584998
24.448000,0.1585532
24.456000,0.1584998
24.464000,0.1583398
24.472000,0.1583398
24.480000,0.1583931
24.488000,0.1583398
24.496000,0.1583398
24.504000,0.1583931
24.512000,0.1583931
24.520000,0.1582864
24.528000,0.1582331
24.536000,0.1582331
24.544000,0.1582331
24.552000,0.1581798
24.560000,0.1581798
24.568000,0.1581798
24.576000,0.1580731
24.584000,0.1580198
24.592000,0.1580731
24.600000,0.1581264
24.608000,0.1580731
24.616000,0.1580731
24.624000,0.1580198
24.632000,0.1579131
24.640000,0.1578597
24.648000,0.1579664
24.656000,0.1580198
24.664000,0.1579131
24.672000,0.1579131
24.680000,0.1578597
24.688000,0.1578597
24.696000,0.1578597
24.704000,0.1578597
24.712000,0.1577531
24.720000,0.1577531
24.728000,0.1577531
24.736000,0.1577531
24.744000,0.1576997
24.752000,0.1576464
24.760000,0.1576464
24.768000,0.1576464
24.776000,0.1575930
24.784000,0.1576464
24.792000,0.1576997
24.800000,0.1576997
24.808000,0.1576464
24.816000,0.1576464
24.824000,0.1575930
24.832000,0.1574863
24.840000,0.1574863
24.848000,0.1574863
24.856000,0.1574330
24.864000,0.1573797
24.872000,0.1573263
24.880000,0.1573263
24.888000,0.1573797
24.896000,0.1574330
24.904000,0.1574330
24.912000,0.1573797
24.920000,0.1572730
24.928000,0.1572730
24.936000,0.1572730
24.944000,0.1572730
24.952000,0.1571663
24.960000,0.1572197
24.968000,0.1572197
24.976000,0.1571130
24.984000,0.1571130
24.992000,0.1571663
25.000000,0.1571663
25.008000,0.1570596
25.016000,0.1570063
25.024000,0.1570063
25.032000,0.1570063
25.040000,0.1570063
25.048000,0.1570063
25.056000,0.1569530
25.064000,0.1568996
25.072000,0.1568996
25.080000,0.1568996
25.088000,0.1568996
25.096000,0.1568463
25.104000,0.1567929
25.112000,0.1567929
25.120000,0.1567929
25.128000,0.1567929
25.136000,0.1567396
25.144000,0.1567929
25.152000,0.1567396
25.160000,0.1566862
25.168000,0.1566862
25.176000,0.1566329
25.184000,0.1565796
25.192000,0.1566329
25.200000,0.1566329
25.208000,0.1565262
25.216000,0.1565262
25.224000,0.1564729
25.232000,0.1564729
25.240000,0.1565262
25.248000,0.1564729
25.256000,0.1564195
25.264000,0.1564729
25.272000,0.1564729
25.280000,0.1563662
25.288000,0.1563662
25.296000,0.1563129
25.304000,0.1562595
25.312000,0.1562595
25.320000,0.1563662
25.328000,0.1563662
25.336000,0.1562595
25.344000,0.1563129
25.352000,0.1562062
25.360000,0.1560995
25.368000,0.1560995
25.376000,0.1560995
25.384000,0.1560462
25.392000,0.1560462
25.400000,0.1559928
25.408000,0.1560462
25.416000,0.1559928
25.424000,0.1559395
25.432000,0.1559395
25.440000,0.1559928
25.448000,0.1559395
25.456000,0.1558328
25.464000,0.1558328
25.472000,0.1558862
25.480000,0.1558862
25.488000,0.1558328
25.496000,0.1558328
25.504000,0.1558328
25.512000,0.1558328
25.520000,0.1557795
25.528000,0.1557261
25.536000,0.1557261
25.544000,0.1557261
25.552000,0.1556728
25.560000,0.1556194
25.568000,0.1555394
25.576000,0.1556194
25.584000,0.1555394
25.592000,0.1555394
25.600000,0.1555394
25.608000,0.1554328
25.616000,0.1553794
25.624000,0.1554861
25.632000,0.1554861
25.640000,0.1555394
25.648000,0.1555394
25.656000,0.1555394
25.664000,0.1553794
25.672000,0.1552727
25.680000,0.1552727
25.688000,0.1552727
25.696000,0.1552727
25.704000,0.1552727
25.712000,0.1551661
25.720000,0.1551661
25.728000,0.1551661
25.736000,0.1552194
25.744000,0.1551661
25.752000,0.1550060
25.760000,0.1550594
25.768000,0.1550594
25.776000,0.1550594
25.784000,0.1551127
25.792000,0.1551127
25.800000,0.1550594
25.808000,0.1550060
25.816000,0.1549527
25.824000,0.1548460
25.832000,0.1548994
25.840000,0.1548460
25.848000,0.1549527
25.856000,0.1550060
25.864000,0.1548994
25.872000,0.1548460
25.880000,0.1548460
25.888000,0.1547927
25.896000,0.1547393
25.904000,0.1547393
25.912000,0.1547393
25.920000,0.1546860
25.928000,0.1547393
25.936000,0.1547927
25.944000,0.1547393
25.952000,0.1546327
25.960000,0.1545260
25.968000,0.1545260
25.976000,0.1545260
25.984000,0.1545793
25.992000,0.1545260
26.000000,0.1545260
26.008000,0.1545260
26.016000,0.1544726
26.024000,0.1544726
26.032000,0.1544193
26.040000,0.1543660
26.048000,0.1543660
26.056000,0.1544193
26.064000,0.1543660
26.072000,0.1543126
26.080000,0.1542593
26.088000,0.1543126
26.096000,0.1543126
26.104000,0.1542059
26.112000,0.1542059
26.120000,0.1542593
26.128000,0.1542593
26.136000,0.1541526
26.144000,0.1540993
26.152000,0.1541526
26.160000,0.1542059
26.168000,0.1541526
26.176000,0.1540993
26.184000,0.1540993
26.192000,0.1540993
26.200000,0.1540459
26.208000,0.1539926
26.216000,0.1539392
26.224000,0.1538859
26.232000,0.1539392
26.240000,0.1539392
26.248000,0.1539392
26.256000,0.1538859
26.264000,0.1538859
26.272000,0.1538859
26.280000,0.1537259
26.288000,0.1536725
26.296000,0.1537259
26.304000,0.1537792
26.312000,0.1537792
26.320000,0.1537259
26.328000,0.1537792
26.336000,0.1537259
26.344000,0.1537259
26.352000,0.1536725
26.360000,0.1535659
26.368000,0.1535659
26.376000,0.1535125
26.384000,0.1535659
26.392000,0.1535659
26.400000,0.1535659
26.408000,0.1534592
26.416000,0.1534058
26.424000,0.1534592
26.432000,0.1535125
26.440000,0.1534058
26.448000,0.1534058
26.456000,0.1533525
26.464000,0.1533525
26.472000,0.1533525
26.480000,0.1533525
26.488000,0.1534058
26.496000,0.1533525
26.504000,0.1532992
26.512000,0.1532992
26.520000,0.1532992
26.528000,0.1532458
26.536000,0.1531925
26.544000,0.1531925
26.552000,0.1531391
26.560000,0.1530858
26.568000,0.1530858
26.576000,0.1531925
26.584000,0.1531925
26.592000,0.1530325
26.600000,0.1530858
26.608000,0.1530325
26.616000,0.1529791
26.624000,0.1529258
26.632000,0.1529258
26.640000,0.1529258
26.648000,0.1529258
26.656000,0.1529258
26.664000,0.1529791
26.672000,0.1529791
26.680000,0.1529258
26.688000,0.1529258
26.696000,0.1528191
26.704000,0.1527124
26.712000,0.1527658
26.720000,0.1528724
26.728000,0.1528191
26.736000,0.1527658
26.744000,0.1527658
26.752000,0.1526591
26.760000,0.1526057
26.768000,0.1526591
26.776000,0.1526591
26.784000,0.1527124
26.792000,0.1527124
26.800000,0.1526057
26.808000,0.1526057
26.816000,0.1525524
26.824000,0.1524724
26.832000,0.1524724
26.840000,0.1525524
26.848000,0.1525524
26.856000,0.1524724
26.864000,0.1523124
26.872000,0.1523657
26.880000,0.1523657
26.888000,0.1523657
26.896000,0.1523657
26.904000,0.1523657
26.912000,0.1523657
26.920000,0.1522590
26.928000,0.1522057
26.936000,0.1522057
26.944000,0.1522590
26.952000,0.1523124
26.960000,0.1522590
26.968000,0.1521523
26.976000,0.1522057
26.984000,0.1522590
26.992000,0.1521523
27.000000,0.1520457
27.008000,0.1519923
27.016000,0.1519923
27.024000,0.1519923
27.032000,0.1519923
27.040000,0.1519923
27.048000,0.1519390
27.056000,0.1518857
27.064000,0.1519390
27.072000,0.1519390
27.080000,0.1519390
27.088000,0.1518857
27.096000,0.1518857
27.104000,0.1517790
27.112000,0.1517256
27.120000,0.1517790
27.128000,0.1517790
27.136000,0.1517790
27.144000,0.1517256
27.152000,0.1518323
27.160000,0.1517790
27.168000,0.1516190
27.176000,0.1516723
27.184000,0.1516723
27.192000,0.1515656
27.200000,0.1516190
27.208000,0.1515656
27.216000,0.1515656
27.224000,0.1515656
27.232000,0.1515656
27.240000,0.1515123
27.248000,0.1515656
27.256000,0.1515656
27.264000,0.1514589
27.272000,0.1514589
27.280000,0.1514589
27.288000,0.1514056
27.296000,0.1513522
27.304000,0.1512989
27.312000,0.1513522
27.320000,0.1512989
27.328000,0.1512456
27.336000,0.1512989
27.344000,0.1512456
27.352000,0.1510856
27.360000,0.1511922
27.368000,0.1512456
27.376000,0.1511389
27.384000,0.1511389
27.392000,0.1511389
27.400000,0.1512456
27.408000,0.1511922
27.416000,0.1510322
27.424000,0.1509789
27.432000,0.1510322
27.440000,0.1510322
27.448000,0.1509789
27.456000,0.1509789
27.464000,0.1510322
27.472000,0.1509255
27.480000,0.1509255
27.488000,0.1509789
27.496000,0.1509255
27.504000,0.1508189
27.512000,0.1508722
27.520000,0.1507655
27.528000,0.1507122
27.536000,0.1507122
27.544000,0.1508722
27.552000,0.1508189
27.560000,0.1506588
27.568000,0.1506588
27.576000,0.1507655
27.584000,0.1506588
27.592000,0.1505521
27.600000,0.1506055
27.608000,0.1506588
27.616000,0.1506055
27.624000,0.1506588
27.632000,0.1506055
27.640000,0.1504455
27.648000,0.1504455
27.656000,0.1504455
27.664000,0.1504455
27.672000,0.1504455
27.680000,0.1504455
27.688000,0.1504455
27.696000,0.1503921
27.704000,0.1503388
27.712000,0.1503921
27.720000,0.1503388
27.728000,0.1503921
27.736000,0.1504455
27.744000,0.1502855
27.752000,0.1501788
27.760000,0.1502855
27.768000,0.1503388
27.776000,0.1502321
27.784000,0.1502321
27.792000,0.1501788
27.800000,0.1501254
27.808000,0.1501254
27.816000,0.1501254
27.824000,0.1500721
27.832000,0.1500721
27.840000,0.1500721
27.848000,0.1501254
27.856000,0.1501788
27.864000,0.1501254
27.872000,0.1501788
27.880000,0.1500721
27.888000,0.1500188
27.896000,0.1500721
27.904000,0.1500721
27.912000,0.1500721
27.920000,0.1499654
27.928000,0.1499121
27.936000,0.1499121
27.944000,0.1499121
27.952000,0.1499121
27.960000,0.1499121
27.968000,0.1498587
27.976000,0.1497520
27.984000,0.1497520
27.992000,0.1498054
28.000000,0.1498587
28.008000,0.1498587
28.016000,0.1498587
28.024000,0.1498587
28.032000,0.1497520
28.040000,0.1496987
28.048000,0.1495920
28.056000,0.1495920
28.064000,0.1495920
28.072000,0.1495920
28.080000,0.1495920
28.088000,0.1495920
28.096000,0.1495387
28.104000,0.1494853
28.112000,0.1494853
28.120000,0.1494053
28.128000,0.1494853
28.136000,0.1495387
28.144000,0.1494853
28.152000,0.1494053
28.160000,0.1493520
28.168000,0.1493520
28.176000,0.1494053
28.184000,0.1494053
28.192000,0.1494853
28.200000,0.1493520
28.208000,0.1492987
28.216000,0.1493520
28.224000,0.1492987
28.232000,0.1492453
28.240000,0.1491920
28.248000,0.1491920
28.256000,0.1492453
28.264000,0.1491920
28.272000,0.1491920
28.280000,0.1491920
28.288000,0.1490853
28.296000,0.1490320
28.304000,0.1490320
28.312000,0.1490320
28.320000,0.1490853
28.328000,0.1490320
28.336000,0.1490853
28.344000,0.1490853
28.352000,0.1490320
28.360000,0.1489786
28.368000,0.1490320
28.376000,0.1490320
28.384000,0.1488719
28.392000,0.1488719
28.400000,0.1489253
28.408000,0.1488719
28.416000,0.1488719
28.424000,0.1488186
28.432000,0.1487653
28.440000,0.1487653
28.448000,0.1488719
28.456000,0.1488186
28.464000,0.1487653
28.472000,0.1487119
28.480000,0.1487653
28.488000,0.1488186
28.496000,0.1487653
28.504000,0.1487119
28.512000,0.1486586
28.520000,0.1486052
28.528000,0.1486052
28.536000,0.1486052
28.544000,0.1486052
28.552000,0.1486586
28.560000,0.1487119
28.568000,0.1486052
28.576000,0.1485519
28.584000,0.1485519
28.592000,0.1484986
28.600000,0.1484986
28.608000,0.1484986
28.616000,0.1484452
28.624000,0.1483919
28.632000,0.1483919
28.640000,0.1484452
28.648000,0.1484452
28.656000,0.1483919
28.664000,0.1483385
28.672000,0.1483385
28.680000,0.1483919
28.688000,0.1483919
28.696000,0.1483385
28.704000,0.1483919
28.712000,0.1483385
28.720000,0.1482852
28.728000,0.1482319
28.736000,0.1482319
28.744000,0.1482319
28.752000,0.1481785
28.760000,0.1481785
28.768000,0.1482319
28.776000,0.1481785
28.784000,0.1481252
28.792000,0.1480718
28.800000,0.1481252
28.808000,0.1481785
28.816000,0.1481252
28.824000,0.1480718
28.832000,0.1480718
28.840000,0.1481252
28.848000,0.1480185
28.856000,0.1480185
28.864000,0.1480185
28.872000,0.1480185
28.880000,0.1480718
28.888000,0.1480718
28.896000,0.1480185
28.904000,0.1479118
28.912000,0.1479652
28.920000,0.1479652
28.928000,0.1478585
28.936000,0.1478585
28.944000,0.1478585
28.952000,0.1478585
28.960000,0.1478051
28.968000,0.1476985
28.976000,0.1476985
28.984000,0.1476985
28.992000,0.1478051
29.000000,0.1476985
29.008000,0.1476985
29.016000,0.1478051
29.024000,0.1477518
29.032000,0.1476451
29.040000,0.1476451
29.048000,0.1475918
29.056000,0.1475384
29.064000,0.1475918
29.072000,0.1475918
29.080000,0.1475918
29.088000,0.1475384
29.096000,0.1476451
29.104000,0.1475918
29.112000,0.1474851
29.120000,0.1473784
29.128000,0.1474318
29.136000,0.1474318
29.144000,0.1474851
29.152000,0.1474851
29.160000,0.1474851
29.168000,0.1474851
29.176000,0.1474851
29.184000,0.1473784
29.192000,0.1473251
29.200000,0.1473251
29.208000,0.1472717
29.216000,0.1472717
29.224000,0.1472184
29.232000,0.1472717
29.240000,0.1473784
29.248000,0.1473251
29.256000,0.1472717
29.264000,0.1472184
29.272000,0.1472184
29.280000,0.1471651
29.288000,0.1471117
29.296000,0.1471117
29.304000,0.1471651
29.312000,0.1471117
29.320000,0.1471117
29.328000,0.1471651
29.336000,0.1471651
29.344000,0.1471117
29.352000,0.1470584
29.360000,0.1469517
29.368000,0.1470584
29.376000,0.1471117
29.384000,0.1470050
29.392000,0.1470584
29.400000,0.1470584
29.408000,0.1470050
29.416000,0.1469517
29.424000,0.1468984
29.432000,0.1469517
29.440000,0.1469517
29.448000,0.1468984
29.456000,0.1468450
29.464000,0.1468984
29.472000,0.1467917
29.480000,0.1467383
29.488000,0.1467917
29.496000,0.1467917
29.504000,0.1467917
29.512000,0.1467383
29.520000,0.1467383
29.528000,0.1467383
29.536000,0.1467383
29.544000,0.1467917
29.552000,0.1466850
29.560000,0.1466850
29.568000,0.1467383
29.576000,0.1466850
29.584000,0.1466317
29.592000,0.1465783
29.600000,0.1464716
29.608000,0.1464716
29.616000,0.1465250
29.624000,0.1465783
29.632000,0.1465250
29.640000,0.1465250
29.648000,0.1465250
29.656000,0.1465250
29.664000,0.1465250
29.672000,0.1465250
29.680000,0.1464183
29.688000,0.1463383
29.696000,0.1464716
29.704000,0.1465250
29.712000,0.1464716
29.720000,0.1464183
29.728000,0.1464183
29.736000,0.1464183
29.744000,0.1463383
29.752000,0.1463383
29.760000,0.1463383
29.768000,0.1462849
29.776000,0.1462316
29.784000,0.1462849
29.792000,0.1462849
29.800000,0.1462849
29.808000,0.1461783
29.816000,0.1461783
29.824000,0.1461783
29.832000,0.1461783
29.840000,0.1461783
29.848000,0.1461249
29.856000,0.1460716
29.864000,0.1461249
29.872000,0.1461249
29.880000,0.1461249
29.888000,0.1460716
29.896000,0.1460183
29.904000,0.1460183
29.912000,0.1460183
29.920000,0.1460183
29.928000,0.1460183
29.936000,0.1460183
29.944000,0.1459649
29.952000,0.1460183
29.960000,0.1459116
29.968000,0.1459116
29.976000,0.1459116
29.984000,0.1458582
29.992000,0.1458582
30.000000,0.1458582
30.008000,0.1458582
30.016000,0.1458049
30.024000,0.1456982
30.032000,0.1457516
30.040000,0.1457516
30.048000,0.1456982
30.056000,0.1457516
30.064000,0.1457516
30.072000,0.1457516
30.080000,0.1457516
30.088000,0.1458049
30.096000,0.1456982
30.104000,0.1456982
30.112000,0.1456982
30.120000,0.1456982
30.128000,0.1457516
30.136000,0.1457516
30.144000,0.1456982
30.152000,0.1456449
30.160000,0.1455915
30.168000,0.1455915
30.176000,0.1455915
30.184000,0.1455915
30.192000,0.1455382
30.200000,0.1454848
30.208000,0.1455382
30.216000,0.1455382
30.224000,0.1455382
30.232000,0.1456449
30.240000,0.1455382
30.248000,0.1454848
30.256000,0.1454315
30.264000,0.1453782
30.272000,0.1453782
30.280000,0.1454315
30.288000,0.1453782
30.296000,0.1453248
30.304000,0.1452715
30.312000,0.1453248
30.320000,0.1453248
30.328000,0.1453248
30.336000,0.1452181
30.344000,0.1452181
30.352000,0.1453248
30.360000,0.1452181
30.368000,0.1451648
30.376000,0.1452181
30.384000,0.1452181
30.392000,0.1452181
30.400000,0.1452181
30.408000,0.1451115
30.416000,0.1450581
30.424000,0.1451115
30.432000,0.1451648
30.440000,0.1451648
30.448000,0.1451648
30.456000,0.1451115
30.464000,0.1450048
30.472000,0.1450048
30.480000,0.1451115
30.488000,0.1450581
30.496000,0.1450048
30.504000,0.1450048
30.512000,0.1450581
30.520000,0.1450048
30.528000,0.1449515
30.536000,0.1450048
30.544000,0.1450048
30.552000,0.1449515
30.560000,0.1450581
30.568000,0.1450048
30.576000,0.1448981
30.584000,0.1449515
30.592000,0.1448981
30.600000,0.1447914
30.608000,0.1447914
30.616000,0.1447914
30.624000,0.1447914
30.632000,0.1447914
30.640000,0.1447381
30.648000,0.1447914
30.656000,0.1448448
30.664000,0.1447914
30.672000,0.1447381
30.680000,0.1447381
30.688000,0.1446848
30.696000,0.1447381
30.704000,0.1447381
30.712000,0.1447914
30.720000,0.1447381
30.728000,0.1446848
30.736000,0.1446314
30.744000,0.1446314
30.752000,0.1445781
30.760000,0.1444714
30.768000,0.1444714
30.776000,0.1445781
30.784000,0.1445247
30.792000,0.1444714
30.800000,0.1444714
30.808000,0.1445247
30.816000,0.1445247
30.824000,0.1444714
30.832000,0.1444714
30.840000,0.1444714
30.848000,0.1444180
30.856000,0.1444180
30.864000,0.1444180
30.872000,0.1443647
30.880000,0.1442580
30.888000,0.1442580
30.896000,0.1443114
30.904000,0.1443647
30.912000,0.1443114
30.920000,0.1443114
30.928000,0.1442580
30.936000,0.1443114
30.944000,0.1443647
30.952000,0.1443114
30.960000,0.1443114
30.968000,0.1443114
30.976000,0.1442580
30.984000,0.1442047
30.992000,0.1443114
31.000000,0.1442580
31.008000,0.1441514
31.016000,0.1440447
31.024000,0.1440980
31.032000,0.1441514
31.040000,0.1441514
31.048000,0.1440980
31.056000,0.1440447
31.064000,0.1441514
31.072000,0.1442047
31.080000,0.1442047
31.088000,0.1440447
31.096000,0.1439913
31.104000,0.1439380
31.112000,0.1439913
31.120000,0.1440980
31.128000,0.1440980
31.136000,0.1440980
31.144000,0.1440447
31.152000,0.1439913
31.160000,0.1439380
31.168000,0.1439913
31.176000,0.1439913
31.184000,0.1439380
31.192000,0.1439380
31.200000,0.1439380
31.208000,0.1439380
31.216000,0.1439913
31.224000,0.1439380
31.232000,0.1438313
31.240000,0.1438313
31.248000,0.1437780
31.256000,0.1438313
31.264000,0.1438313
31.272000,0.1438313
31.280000,0.1438313
31.288000,0.1438313
31.296000,0.1437246
31.304000,0.1437246
31.312000,0.1437246
31.320000,0.1437780
31.328000,0.1438313
31.336000,0.1437780
31.344000,0.1437246
31.352000,0.1436713
31.360000,0.1437246
31.368000,0.1436713
31.376000,0.1435646
31.384000,0.1435113
31.392000,0.1435113
31.400000,0.1435646
31.408000,0.1435646
31.416000,0.1435646
31.424000,0.1436179
31.432000,0.1435646
31.440000,0.1435113
31.448000,0.1435113
31.456000,0.1434579
31.464000,0.1434579
31.472000,0.1434579
31.480000,0.1435113
31.488000,0.1434579
31.496000,0.1435113
31.504000,0.1434046
31.512000,0.1433513
31.520000,0.1434046
31.528000,0.1433513
31.536000,0.1434046
31.544000,0.1434579
31.552000,0.1434579
31.560000,0.1433513
31.568000,0.1433513
31.576000,0.1433513
31.584000,0.1432712
31.592000,0.1432179
31.600000,0.1431646
31.608000,0.1431646
31.616000,0.1431646
31.624000,0.1432179
31.632000,0.1431646
31.640000,0.1430579
31.648000,0.1430579
31.656000,0.1430579
31.664000,0.1430579
31.672000,0.1430579
31.680000,0.1431112
31.688000,0.1431112
31.696000,0.1431112
31.704000,0.1430579
31.712000,0.1430579
31.720000,0.1431112
31.728000,0.1430579
31.736000,0.1430045
31.744000,0.1430579
31.752000,0.1430579
31.760000,0.1430045
31.768000,0.1430045
31.776000,0.1430045
31.784000,0.1430045
31.792000,0.1429512
31.800000,0.1428979
31.808000,0.1428445
31.816000,0.1428445
31.824000,0.1428445
31.832000,0.1427912
31.840000,0.1428445
31.848000,0.1428445
31.856000,0.1428445
31.864000,0.1428445
31.872000,0.1427912
31.880000,0.1427912
31.888000,0.1427378
31.896000,0.1426845
31.904000,0.1426312
31.912000,0.1426312
31.920000,0.1426845
31.928000,0.1426845
31.936000,0.1426312
31.944000,0.1426845
31.952000,0.1427378
31.960000,0.1427378
31.968000,0.1427378
31.976000,0.1426312
31.984000,0.1426312
31.992000,0.1425778
32.000000,0.1426312
32.008000,0.1425245
32.016000,0.1425245
32.024000,0.1424711
32.032000,0.1424178
32.040000,0.1424711
32.048000,0.1424178
32.056000,0.1424711
32.064000,0.1424711
32.072000,0.1424178
32.080000,0.1424711
32.088000,0.1423645
32.096000,0.1423645
32.104000,0.1424178
32.112000,0.1424178
32.120000,0.1424711
32.128000,0.1425245
32.136000,0.1424711
32.144000,0.1423645
32.152000,0.1423645
32.160000,0.1423645
32.168000,0.1423111
32.176000,0.1422044
32.184000,0.1422578
32.192000,0.1422578
32.200000,0.1422578
32.208000,0.1422578
32.216000,0.1422044
32.224000,0.1422044
32.232000,0.1422044
32.240000,0.1422578
32.248000,0.1422578
32.256000,0.1422578
32.264000,0.1422044
32.272000,0.1421511
32.280000,0.1420978
32.288000,0.1420978
32.296000,0.1421511
32.304000,0.1420978
32.312000,0.1420978
32.320000,0.1420978
32.328000,0.1420978
32.336000,0.1420978
32.344000,0.1420444
32.352000,0.1419911
32.360000,0.1418844
32.368000,0.1418311
32.376000,0.1417777
32.384000,0.1418311
32.392000,0.1418311
32.400000,0.1418311
32.408000,0.1419911
32.416000,0.1419911
32.424000,0.1418844
32.432000,0.1418311
32.440000,0.1418844
32.448000,0.1418844
32.456000,0.1417777
32.464000,0.1419377
32.472000,0.1419377
32.480000,0.1418844
32.488000,0.1418844
32.496000,0.1417777
32.504000,0.1417777
32.512000,0.1417777
32.520000,0.1416710
32.528000,0.1417244
32.536000,0.1417777
32.544000,0.1417777
32.552000,0.1416710
32.560000,0.1416710
32.568000,0.1417777
32.576000,0.1417777
32.584000,0.1417244
32.592000,0.1416710
32.600000,0.1415644
32.608000,0.1416177
32.616000,0.1415644
32.624000,0.1415644
32.632000,0.1415644
32.640000,0.1415644
32.648000,0.1416177
32.656000,0.1416177
32.664000,0.1415110
32.672000,0.1415644
32.680000,0.1415644
32.688000,0.1415110
32.696000,0.1415110
32.704000,0.1414577
32.712000,0.1414043
32.720000,0.1414043
32.728000,0.1414043
32.736000,0.1413510
32.744000,0.1413510
32.752000,0.1414043
32.760000,0.1414043
32.768000,0.1413510
32.776000,0.1412443
32.784000,0.1412443
32.792000,0.1412443
32.800000,0.1412977
32.808000,0.1414043
32.816000,0.1412977
32.824000,0.1412977
32.832000,0.1413510
32.840000,0.1412977
32.848000,0.1411910
32.856000,0.1412443
32.864000,0.1411910
32.872000,0.1411910
32.880000,0.1412443
32.888000,0.1412443
32.896000,0.1412443
32.904000,0.1412443
32.912000,0.1412443
32.920000,0.1411376
32.928000,0.1411376
32.936000,0.1410843
32.944000,0.1410310
32.952000,0.1410843
32.960000,0.1410843
32.968000,0.1410843
32.976000,0.1410843
32.984000,0.1410310
32.992000,0.1410843
33.000000,0.1410843
33.008000,0.1409243
33.016000,0.1409776
33.024000,0.1410843
33.032000,0.1410310
33.040000,0.1409243
33.048000,0.1409776
33.056000,0.1410310
33.064000,0.1409776
33.072000,0.1408709
33.080000,0.1408176
33.088000,0.1408176
33.096000,0.1408709
33.104000,0.1408709
33.112000,0.1408176
33.120000,0.1407643
33.128000,0.1409243
33.136000,0.1409243
33.144000,0.1408709
33.152000,0.1407643
33.160000,0.1408176
33.168000,0.1408176
33.176000,0.1407643
33.184000,0.1406576
33.192000,0.1406576
33.200000,0.1407109
33.208000,0.1407109
33.216000,0.1407109
33.224000,0.1406042
33.232000,0.1406576
33.240000,0.1406576
33.248000,0.1405509
33.256000,0.1406042
33.264000,0.1406576
33.272000,0.1406042
33.280000,0.1405509
33.288000,0.1405509
33.296000,0.1404976
33.304000,0.1404442
33.312000,0.1404442
33.320000,0.1406042
33.328000,0.1405509
33.336000,0.1404976
33.344000,0.1404976
33.352000,0.1404976
33.360000,0.1404976
33.368000,0.1404442
33.376000,0.1403909
33.384000,0.1403909
33.392000,0.1404442
33.400000,0.1404442
33.408000,0.1404976
33.416000,0.1404442
33.424000,0.1404976
33.432000,0.1404976
33.440000,0.1404442
33.448000,0.1404442
33.456000,0.1403909
33.464000,0.1402842
33.472000,0.1402842
33.480000,0.1403909
33.488000,0.1403909
33.496000,0.1403375
33.504000,0.1402042
33.512000,0.1402842
33.520000,0.1402042
33.528000,0.1402842
33.536000,0.1402042
33.544000,0.1402042
33.552000,0.1401508
33.560000,0.1402042
33.568000,0.1402042
33.576000,0.1402042
33.584000,0.1402842
33.592000,0.1402042
33.600000,0.1400442
33.608000,0.1400442
33.616000,0.1400975
33.624000,0.1400975
33.632000,0.1400975
33.640000,0.1400442
33.648000,0.1399375
33.656000,0.1399908
33.664000,0.1400442
33.672000,0.1400442
33.680000,0.1400442
33.688000,0.1400442
33.696000,0.1399908
33.704000,0.1399908
33.712000,0.1399908
33.720000,0.1399375
33.728000,0.1398842
33.736000,0.1398842
33.744000,0.1399908
33.752000,0.1399375
33.760000,0.1398842
33.768000,0.1398842
33.776000,0.1399375
33.784000,0.1398842
33.792000,0.1398308
33.800000,0.1398308
33.808000,0.1397775
33.816000,0.1397775
33.824000,0.1397241
33.832000,0.1397775
33.840000,0.1399375
33.848000,0.1398842
33.856000,0.1397775
33.864000,0.1396708
33.872000,0.1396708
33.880000,0.1396708
33.888000,0.1396175
33.896000,0.1396708
33.904000,0.1396708
33.912000,0.1396708
33.920000,0.1397241
33.928000,0.1396708
33.936000,0.1396708
33.944000,0.1396708
33.952000,0.1397241
33.960000,0.1396708
33.968000,0.1396708
33.976000,0.1396708
33.984000,0.1395641
33.992000,0.1395641
34.000000,0.1395641
34.008000,0.1395108
34.016000,0.1394574
34.024000,0.1394574
34.032000,0.1395641
34.040000,0.1395641
34.048000,0.1395108
34.056000,0.1394574
34.064000,0.1395108
34.072000,0.1395108
34.080000,0.1394041
34.088000,0.1394041
34.096000,0.1394041
34.104000,0.1393507
34.112000,0.1393507
34.120000,0.1394041
34.128000,0.1394041
34.136000,0.1394574
34.144000,0.1394041
34.152000,0.1394574
34.160000,0.1393507
34.168000,0.1393507
34.176000,0.1393507
34.184000,0.1393507
34.192000,0.1392974
34.200000,0.1392441
34.208000,0.1392441
34.216000,0.1391907
34.224000,0.1391907
34.232000,0.1392974
34.240000,0.1392974
34.248000,0.1391907
34.256000,0.1392441
34.264000,0.1392441
34.272000,0.1391907
34.280000,0.1391374
34.288000,0.1391374
34.296000,0.1391907
34.304000,0.1392441
34.312000,0.1391907
34.320000,0.1391374
34.328000,0.1390307
34.336000,0.1390841
34.344000,0.1390841
34.352000,0.1390841
34.360000,0.1391374
34.368000,0.1390841
34.376000,0.1389774
34.384000,0.1390307
34.392000,0.1390841
34.400000,0.1390841
34.408000,0.1390307
34.416000,0.1389774
34.424000,0.1389774
34.432000,0.1389774
34.440000,0.1388707
34.448000,0.1389240
34.456000,0.1389240
34.464000,0.1389240
34.472000,0.1389240
34.480000,0.1389240
34.488000,0.1388707
34.496000,0.1388707
34.504000,0.1389240
34.512000,0.1388707
34.520000,0.1388174
34.528000,0.1388174
34.536000,0.1387640
34.544000,0.1387640
34.552000,0.1387107
34.560000,0.1387107
34.568000,0.1387107
34.576000,0.1387640
34.584000,0.1386573
34.592000,0.1386573
34.600000,0.1387107
34.608000,0.1387107
34.616000,0.1386040
34.624000,0.1386573
34.632000,0.1387107
34.640000,0.1386040
34.648000,0.1386040
34.656000,0.1386573
34.664000,0.1386573
34.672000,0.1386040
34.680000,0.1386040
34.688000,0.1385506
34.696000,0.1386040
34.704000,0.1385506
34.712000,0.1385506
34.720000,0.1386040
34.728000,0.1385506
34.736000,0.1384973
34.744000,0.1384440
34.752000,0.1383906
34.760000,0.1383373
34.768000,0.1383373
34.776000,0.1384440
34.784000,0.1384440
34.792000,0.1384440
34.800000,0.1383906
34.808000,0.1383906
34.816000,0.1383906
34.824000,0.1383373
34.832000,0.1382306
34.840000,0.1382839
34.848000,0.1383373
34.856000,0.1383906
34.864000,0.1383906
34.872000,0.1382306
34.880000,0.1381773
34.888000,0.1382306
34.896000,0.1381773
34.904000,0.1382306
34.912000,0.1382839
34.920000,0.1382839
34.928000,0.1382839
34.936000,0.1382306
34.944000,0.1381773
34.952000,0.1381773
34.960000,0.1382306
34.968000,0.1381773
34.976000,0.1381239
34.984000,0.1380706
34.992000,0.1380706
35.000000,0.1381239
35.008000,0.1380706
35.016000,0.1380706
35.024000,0.1381239
35.032000,0.1380706
35.040000,0.1379639
35.048000,0.1379639
35.056000,0.1379639
35.064000,0.1379639
35.072000,0.1379639
35.080000,0.1380173
35.088000,0.1380173
35.096000,0.1379639
35.104000,0.1379106
35.112000,0.1379106
35.120000,0.1379639
35.128000,0.1380173
35.136000,0.1379106
35.144000,0.1378572
35.152000,0.1379106
35.160000,0.1378572
35.168000,0.1378572
35.176000,0.1379639
35.184000,0.1379106
35.192000,0.1379106
35.200000,0.1377505
35.208000,0.1376439
35.216000,0.1376972
35.224000,0.1378039
35.232000,0.1378039
35.240000,0.1377505
35.248000,0.1376972
35.256000,0.1376439
35.264000,0.1376439
35.272000,0.1375905
35.280000,0.1375905
35.288000,0.1376439
35.296000,0.1376439
35.304000,0.1377505
35.312000,0.1377505
35.320000,0.1376972
35.328000,0.1376972
35.336000,0.1375905
35.344000,0.1375372
35.352000,0.1375372
35.360000,0.1375372
35.368000,0.1376439
35.376000,0.1375905
35.384000,0.1374838
35.392000,0.1374838
35.400000,0.1374305
35.408000,0.1373772
35.416000,0.1374838
35.424000,0.1374305
35.432000,0.1374305
35.440000,0.1374305
35.448000,0.1373772
35.456000,0.1373772
35.464000,0.1373772
35.472000,0.1374838
35.480000,0.1373772
35.488000,0.1373238
35.496000,0.1373772
35.504000,0.1374305
35.512000,0.1373238
35.520000,0.1373772
35.528000,0.1373772
35.536000,0.1372172
35.544000,0.1371371
35.552000,0.1371371
35.560000,0.1371371
35.568000,0.1372705
35.576000,0.1372705
35.584000,0.1372172
35.592000,0.1372172
35.600000,0.1372172
35.608000,0.1372172
35.616000,0.1372172
35.624000,0.1372705
35.632000,0.1372172
35.640000,0.1372172
35.648000,0.1372172
35.656000,0.1371371
35.664000,0.1371371
35.672000,0.1371371
35.680000,0.1371371
35.688000,0.1371371
35.696000,0.1371371
35.704000,0.1370838
35.712000,0.1370305
35.720000,0.1370838
35.728000,0.1372172
35.736000,0.1370305
35.744000,0.1369771
35.752000,0.1369771
35.760000,0.1369238
35.768000,0.1369771
35.776000,0.1369771
35.784000,0.1369238
35.792000,0.1368704
35.800000,0.1369238
35.808000,0.1369238
35.816000,0.1369238
35.824000,0.1368704
35.832000,0.1368171
35.840000,0.1367638
35.848000,0.1367638
35.856000,0.1367638
35.864000,0.1368171
35.872000,0.1367104
35.880000,0.1367104
35.888000,0.1368704
35.896000,0.1368171
35.904000,0.1368171
35.912000,0.1368171
35.920000,0.1367638
35.928000,0.1367104
35.936000,0.1367638
35.944000,0.1367638
35.952000,0.1366571
35.960000,0.1366037
35.968000,0.1366037
35.976000,0.1366571
35.984000,0.1366571
35.992000,0.1366571
36.000000,0.1367104
36.008000,0.1367638
36.016000,0.1367104
36.024000,0.1365504
36.032000,0.1365504
36.040000,0.1364971
36.048000,0.1364971
36.056000,0.1365504
36.064000,0.1366037
36.072000,0.1365504
36.080000,0.1364971
36.088000,0.1364437
36.096000,0.1364971
36.104000,0.1365504
36.112000,0.1364971
36.120000,0.1363904
36.128000,0.1364437
36.136000,0.1364437
36.144000,0.1363370
36.152000,0.1364437
36.160000,0.1363370
36.168000,0.1363370
36.176000,0.1364437
36.184000,0.1363904
36.192000,0.1363904
36.200000,0.1363904
36.208000,0.1363904
36.216000,0.1363370
36.224000,0.1362837
36.232000,0.1363904
36.240000,0.1363370
36.248000,0.1362837
36.256000,0.1363370
36.264000,0.1362837
36.272000,0.1362837
36.280000,0.1362304
36.288000,0.1362837
36.296000,0.1362837
36.304000,0.1363370
36.312000,0.1362837
36.320000,0.1362304
36.328000,0.1362837
36.336000,0.1363370
36.344000,0.1362837
36.352000,0.1361770
36.360000,0.1361770
36.368000,0.1361237
36.376000,0.1360170
36.384000,0.1359637
36.392000,0.1360170
36.400000,0.1361237
36.408000,0.1361237
36.416000,0.1360170
36.424000,0.1360170
36.432000,0.1359637
36.440000,0.1360170
36.448000,0.1360170
36.456000,0.1360170
36.464000,0.1360170
36.472000,0.1359637
36.480000,0.1360170
36.488000,0.1360703
36.496000,0.1361237
36.504000,0.1360170
36.512000,0.1360170
36.520000,0.1360170
36.528000,0.1359637
36.536000,0.1359103
36.544000,0.1358570
36.552000,0.1358570
36.560000,0.1359103
36.568000,0.1359103
36.576000,0.1358570
36.584000,0.1358570
36.592000,0.1358570
36.600000,0.1357503
36.608000,0.1357503
36.616000,0.1358570
36.624000,0.1357503
36.632000,0.1358036
36.640000,0.1358570
36.648000,0.1358036
36.656000,0.1358036
36.664000,0.1357503
36.672000,0.1358570
36.680000,0.1358036
36.688000,0.1357503
36.696000,0.1358036
36.704000,0.1357503
36.712000,0.1357503
36.720000,0.1357503
36.728000,0.1357503
36.736000,0.1356436
36.744000,0.1356970
36.752000,0.1356436
36.760000,0.1356436
36.768000,0.1356970
36.776000,0.1356436
36.784000,0.1355369
36.792000,0.1355903
36.800000,0.1356436
36.808000,0.1355903
36.816000,0.1355369
36.824000,0.1355903
36.832000,0.1356436
36.840000,0.1355903
36.848000,0.1355903
36.856000,0.1354836
36.864000,0.1354836
36.872000,0.1354836
36.880000,0.1354303
36.888000,0.1353769
36.896000,0.1354303
36.904000,0.1354836
36.912000,0.1354303
36.920000,0.1353236
36.928000,0.1353769
36.936000,0.1354303
36.944000,0.1353236
36.952000,0.1353236
36.960000,0.1353236
36.968000,0.1352702
36.976000,0.1353236
36.984000,0.1353769
36.992000,0.1353769
37.000000,0.1352702
37.008000,0.1353236
37.016000,0.1354303
37.024000,0.1353769
37.032000,0.1353236
37.040000,0.1353769
37.048000,0.1353769
37.056000,0.1353236
37.064000,0.1352702
37.072000,0.1352169
37.080000,0.1352169
37.088000,0.1352169
37.096000,0.1351636
37.104000,0.1352169
37.112000,0.1352702
37.120000,0.1352702
37.128000,0.1352702
37.136000,0.1351636
37.144000,0.1352169
37.152000,0.1352702
37.160000,0.1351636
37.168000,0.1351636
37.176000,0.1352169
37.184000,0.1352169
37.192000,0.1350569
37.200000,0.1350035
37.208000,0.1351636
37.216000,0.1351636
37.224000,0.1350035
37.232000,0.1350569
37.240000,0.1350035
37.248000,0.1350569
37.256000,0.1351102
37.264000,0.1350569
37.272000,0.1350035
37.280000,0.1350035
37.288000,0.1350035
37.296000,0.1348969
37.304000,0.1348969
37.312000,0.1349502
37.320000,0.1350035
37.328000,0.1350035
37.336000,0.1350035
37.344000,0.1350035
37.352000,0.1349502
37.360000,0.1348969
37.368000,0.1348969
37.376000,0.1348435
37.384000,0.1348435
37.392000,0.1348435
37.400000,0.1348969
37.408000,0.1348969
37.416000,0.1348435
37.424000,0.1347902
37.432000,0.1347902
37.440000,0.1348435
37.448000,0.1348969
37.456000,0.1347902
37.464000,0.1347368
37.472000,0.1347368
37.480000,0.1347368
37.488000,0.1347902
37.496000,0.1347902
37.504000,0.1346835
37.512000,0.1346835
37.520000,0.1347902
37.528000,0.1348435
37.536000,0.1347902
37.544000,0.1347902
37.552000,0.1347368
37.560000,0.1347368
37.568000,0.1347902
37.576000,0.1346835
37.584000,0.1346302
37.592000,0.1345768
37.600000,0.1345768
37.608000,0.1345768
37.616000,0.1346302
37.624000,0.1346302
37.632000,0.1345768
37.640000,0.1346835
37.648000,0.1347368
37.656000,0.1346302
37.664000,0.1345235
37.672000,0.1345235
37.680000,0.1345768
37.688000,0.1345235
37.696000,0.1344701
37.704000,0.1345235
37.712000,0.1345235
37.720000,0.1345235
37.728000,0.1345768
37.736000,0.1345235
37.744000,0.1344701
37.752000,0.1344168
37.760000,0.1344168
37.768000,0.1344701
37.776000,0.1344701
37.784000,0.1344701
37.792000,0.1344168
37.800000,0.1344168
37.808000,0.1343101
37.816000,0.1343101
37.824000,0.1343635
37.832000,0.1344168
37.840000,0.1343635
37.848000,0.1343101
37.856000,0.1343101
37.864000,0.1343635
37.872000,0.1343635
37.880000,0.1342568
37.888000,0.1342568
37.896000,0.1343101
37.904000,0.1344168
37.912000,0.1343635
37.920000,0.1343101
37.928000,0.1343101
37.936000,0.1342568
37.944000,0.1342034
37.952000,0.1342034
37.960000,0.1342034
37.968000,0.1342034
37.976000,0.1342034
37.984000,0.1341501
37.992000,0.1341501
38.000000,0.1342034
38.008000,0.1342034
38.016000,0.1341501
38.024000,0.1341501
38.032000,0.1342034
38.040000,0.1341501
38.048000,0.1341501
38.056000,0.1340701
38.064000,0.1340701
38.072000,0.1340167
38.080000,0.1340701
38.088000,0.1340167
38.096000,0.1340701
38.104000,0.1340701
38.112000,0.1340167
38.120000,0.1339101
38.128000,0.1339634
38.136000,0.1339634
38.144000,0.1340167
38.152000,0.1340167
38.160000,0.1340167
38.168000,0.1340167
38.176000,0.1340167
38.184000,0.1339634
38.192000,0.1339634
38.200000,0.1339101
38.208000,0.1339101
38.216000,0.1338567
38.224000,0.1338034
38.232000,0.1339101
38.240000,0.1339101
38.248000,0.1338567
38.256000,0.1338034
38.264000,0.1337501
38.272000,0.1338034
38.280000,0.1337501
38.288000,0.1338567
38.296000,0.1339101
38.304000,0.1338034
38.312000,0.1338034
38.320000,0.1338034
38.328000,0.1338034
38.336000,0.1337501
38.344000,0.1337501
38.352000,0.1338034
38.360000,0.1337501
38.368000,0.1336967
38.376000,0.1336967
38.384000,0.1337501
38.392000,0.1338034
38.400000,0.1337501
38.408000,0.1336967
38.416000,0.1336434
38.424000,0.1336434
38.432000,0.1335900
38.440000,0.1335900
38.448000,0.1336434
38.456000,0.1336434
38.464000,0.1336434
38.472000,0.1335900
38.480000,0.1335900
38.488000,0.1336434
38.496000,0.1335900
38.504000,0.1335900
38.512000,0.1335367
38.520000,0.1335367
38.528000,0.1334834
38.536000,0.1334300
38.544000,0.1335367
38.552000,0.1335900
38.560000,0.1335900
38.568000,0.1334834
38.576000,0.1335367
38.584000,0.1335367
38.592000,0.1334300
38.600000,0.1334300
38.608000,0.1334300
38.616000,0.1334834
38.624000,0.1334834
38.632000,0.1333767
38.640000,0.1333767
38.648000,0.1334300
38.656000,0.1334834
38.664000,0.1334300
38.672000,0.1334300
38.680000,0.1333767
38.688000,0.1333767
38.696000,0.1333767
38.704000,0.1333767
38.712000,0.1333233
38.720000,0.1333233
38.728000,0.1333767
38.736000,0.1333767
38.744000,0.1333767
38.752000,0.1333767
38.760000,0.1333233
38.768000,0.1332700
38.776000,0.1332700
38.784000,0.1332166
38.792000,0.1332166
38.800000,0.1331633
38.808000,0.1331633
38.816000,0.1331633
38.824000,0.1332166
38.832000,0.1332166
38.840000,0.1331633
38.848000,0.1331100
38.856000,0.1332166
38.864000,0.1332700
38.872000,0.1331633
38.880000,0.1331633
38.888000,0.1331633
38.896000,0.1331100
38.904000,0.1330566
38.912000,0.1330566
38.920000,0.1331633
38.928000,0.1331633
38.936000,0.1330566
38.944000,0.1330566
38.952000,0.1331633
38.960000,0.1331633
38.968000,0.1331100
38.976000,0.1330033
38.984000,0.1328966
38.992000,0.1329500
39.000000,0.1329500
39.008000,0.1328966
39.016000,0.1328966
39.024000,0.1328966
39.032000,0.1329500
39.040000,0.1330033
39.048000,0.1330033
39.056000,0.1330033
39.064000,0.1329500
39.072000,0.1329500
39.080000,0.1329500
39.088000,0.1329500
39.096000,0.1327899
39.104000,0.1327899
39.112000,0.1328433
39.120000,0.1328966
39.128000,0.1328433
39.136000,0.1328433
39.144000,0.1327899
39.152000,0.1328433
39.160000,0.1328966
39.168000,0.1328433
39.176000,0.1328433
39.184000,0.1328433
39.192000,0.1328433
39.200000,0.1328433
39.208000,0.1327366
39.216000,0.1327899
39.224000,0.1327899
39.232000,0.1327899
39.240000,0.1327899
39.248000,0.1326833
39.256000,0.1326833
39.264000,0.1327366
39.272000,0.1327899
39.280000,0.1326833
39.288000,0.1326833
39.296000,0.1326299
39.304000,0.1326833
39.312000,0.1327366
39.320000,0.1327366
39.328000,0.1327366
39.336000,0.1327366
39.344000,0.1326833
39.352000,0.1326299
39.360000,0.1325766
39.368000,0.1325766
39.376000,0.1326833
39.384000,0.1326299
39.392000,0.1325232
39.400000,0.1325766
39.408000,0.1325766
39.416000,0.1325232
39.424000,0.1326299
39.432000,0.1325766
39.440000,0.1325232
39.448000,0.1326299
39.456000,0.1325232
39.464000,0.1325766
39.472000,0.1325766
39.480000,0.1325766
39.488000,0.1325232
39.496000,0.1325232
39.504000,0.1325232
39.512000,0.1325232
39.520000,0.1324699
39.528000,0.1324165
39.536000,0.1323632
39.544000,0.1323632
39.552000,0.1323632
39.560000,0.1323099
39.568000,0.1323099
39.576000,0.1324165
39.584000,0.1324165
39.592000,0.1323099
39.600000,0.1323099
39.608000,0.1323632
39.616000,0.1324165
39.624000,0.1323632
39.632000,0.1323632
39.640000,0.1323632
39.648000,0.1323632
39.656000,0.1323632
39.664000,0.1322565
39.672000,0.1322565
39.680000,0.1322565
39.688000,0.1323632
39.696000,0.1323099
39.704000,0.1322565
39.712000,0.1322565
39.720000,0.1322565
39.728000,0.1322565
39.736000,0.1322032
39.744000,0.1321499
39.752000,0.1322032
39.760000,0.1322032
39.768000,0.1322032
39.776000,0.1323099
39.784000,0.1322032
39.792000,0.1322032
39.800000,0.1321499
39.808000,0.1321499
39.816000,0.1320965
39.824000,0.1320432
39.832000,0.1320432
39.840000,0.1320432
39.848000,0.1320965
39.856000,0.1321499
39.864000,0.1321499
39.872000,0.1321499
39.880000,0.1321499
39.888000,0.1320965
39.896000,0.1320432
39.904000,0.1320965
39.912000,0.1320432
39.920000,0.1320432
39.928000,0.1320965
39.936000,0.1320432
39.944000,0.1319898
39.952000,0.1320432
39.960000,0.1319898
39.968000,0.1319365
39.976000,0.1319365
39.984000,0.1319898
39.992000,0.1320432
40.000000,0.1320432
40.008000,0.1319898
40.016000,0.1319365
40.024000,0.1319365
40.032000,0.1319898
40.040000,0.1319365
40.048000,0.1318832
40.056000,0.1318832
40.064000,0.1318832
40.072000,0.1319898
40.080000,0.1319365
40.088000,0.1319365
40.096000,0.1319365
40.104000,0.1319898
40.112000,0.1319365
40.120000,0.1318832
40.128000,0.1319365
40.136000,0.1318832
40.144000,0.1318298
40.152000,0.1318832
40.160000,0.1318298
40.168000,0.1318298
40.176000,0.1318298
40.184000,0.1318298
40.192000,0.1317765
40.200000,0.1317231
40.208000,0.1317231
40.216000,0.1317765
40.224000,0.1317765
40.232000,0.1318298
40.240000,0.1317765
40.248000,0.1316698
40.256000,0.1316698
40.264000,0.1317231
40.272000,0.1317231
40.280000,0.1316164
40.288000,0.1315631
40.296000,0.1316698
40.304000,0.1316698
40.312000,0.1317231
40.320000,0.1316698
40.328000,0.1316698
40.336000,0.1317231
40.344000,0.1316698
40.352000,0.1316698
40.360000,0.1317231
40.368000,0.1316698
40.376000,0.1316164
40.384000,0.1316698
40.392000,0.1316698
40.400000,0.1316164
40.408000,0.1316164
40.416000,0.1316164
40.424000,0.1316164
40.432000,0.1316164
40.440000,0.1316164
40.448000,0.1315631
40.456000,0.1315098
40.464000,0.1315631
40.472000,0.1315631
40.480000,0.1315631
40.488000,0.1315631
40.496000,0.1315098
40.504000,0.1315098
40.512000,0.1315098
40.520000,0.1315098
40.528000,0.1314564
40.536000,0.1315098
40.544000,0.1315098
40.552000,0.1314564
40.560000,0.1314564
40.568000,0.1313498
40.576000,0.1313498
40.584000,0.1314031
40.592000,0.1314564
40.600000,0.1314031
40.608000,0.1313498
40.616000,0.1314031
40.624000,0.1314564
40.632000,0.1314564
40.640000,0.1312964
40.648000,0.1312964
40.656000,0.1314031
40.664000,0.1314031
40.672000,0.1313498
40.680000,0.1314031
40.688000,0.1314031
40.696000,0.1313498
40.704000,0.1312964
40.712000,0.1313498
40.720000,0.1314031
40.728000,0.1313498
40.736000,0.1312964
40.744000,0.1312431
40.752000,0.1312431
40.760000,0.1311897
40.768000,0.1312431
40.776000,0.1313498
40.784000,0.1312964
40.792000,0.1313498
40.800000,0.1313498
40.808000,0.1312964
40.816000,0.1312431
40.824000,0.1312964
40.832000,0.1312964
40.840000,0.1312964
40.848000,0.1312964
40.856000,0.1312964
40.864000,0.1312964
40.872000,0.1312964
40.880000,0.1312431
40.888000,0.1311897
40.896000,0.1311897
40.904000,0.1311364
40.912000,0.1310831
40.920000,0.1310831
40.928000,0.1310831
40.936000,0.1310831
40.944000,0.1310831
40.952000,0.1310030
40.960000,0.1310831
40.968000,0.1310831
40.976000,0.1311364
40.984000,0.1310831
40.992000,0.1310030
41.000000,0.1310831
41.008000,0.1311364
41.016000,0.1310831
41.024000,0.1310030
41.032000,0.1310831
41.040000,0.1310030
41.048000,0.1309497
41.056000,0.1310030
41.064000,0.1309497
41.072000,0.1310030
41.080000,0.1310831
41.088000,0.1310831
41.096000,0.1310030
41.104000,0.1309497
41.112000,0.1309497
41.120000,0.1309497
41.128000,0.1310030
41.136000,0.1310030
41.144000,0.1310030
41.152000,0.1310030
41.160000,0.1309497
41.168000,0.1310030
41.176000,0.1310030
41.184000,0.1309497
41.192000,0.1309497
41.200000,0.1308964
41.208000,0.1308964
41.216000,0.1308964
41.224000,0.1308430
41.232000,0.1307897
41.240000,0.1307897
41.248000,0.1307363
41.256000,0.1307897
41.264000,0.1307363
41.272000,0.1307363
41.280000,0.1307897
41.288000,0.1308430
41.296000,0.1307897
41.304000,0.1307363
41.312000,0.1306830
41.320000,0.1307363
41.328000,0.1307897
41.336000,0.1307897
41.344000,0.1307897
41.352000,0.1308430
41.360000,0.1308430
41.368000,0.1307363
41.376000,0.1307363
41.384000,0.1306830
41.392000,0.1306297
41.400000,0.1306830
41.408000,0.1306830
41.416000,0.1306830
41.424000,0.1306830
41.432000,0.1307363
41.440000,0.1307897
41.448000,0.1306297
41.456000,0.1306297
41.464000,0.1307363
41.472000,0.1306830
41.480000,0.1306830
41.488000,0.1306830
41.496000,0.1306830
41.504000,0.1306830
41.512000,0.1306830
41.520000,0.1306297
41.528000,0.1305763
41.536000,0.1306297
41.544000,0.1306830
41.552000,0.1306297
41.560000,0.1305763
41.568000,0.1305763
41.576000,0.1306830
41.584000,0.1305763
41.592000,0.1305763
41.600000,0.1305763
41.608000,0.1304696
41.616000,0.1305230
41.624000,0.1305763
41.632000,0.1305763
41.640000,0.1306297
41.648000,0.1306297
41.656000,0.1305763
41.664000,0.1304696
41.672000,0.1305230
41.680000,0.1305230
41.688000,0.1304163
41.696000,0.1304696
41.704000,0.1304696
41.712000,0.1304696
41.720000,0.1304163
41.728000,0.1304696
41.736000,0.1303630
41.744000,0.1303630
41.752000,0.1304163
41.760000,0.1304163
41.768000,0.1304163
41.776000,0.1303096
41.784000,0.1303630
41.792000,0.1304163
41.800000,0.1304163
41.808000,0.1303630
41.816000,0.1303630
41.824000,0.1304163
41.832000,0.1304163
41.840000,0.1304163
41.848000,0.1304163
41.856000,0.1303096
41.864000,0.1302029
41.872000,0.1301496
41.880000,0.1302029
41.888000,0.1303096
41.896000,0.1303630
41.904000,0.1302563
41.912000,0.1302563
41.920000,0.1302563
41.928000,0.1302029
41.936000,0.1302563
41.944000,0.1302029
41.952000,0.1302029
41.960000,0.1302563
41.968000,0.1302563
41.976000,0.1303096
41.984000,0.1302563
41.992000,0.1302563
42.000000,0.1302029
42.008000,0.1302029
42.016000,0.1301496
42.024000,0.1300963
42.032000,0.1302029
42.040000,0.1301496
42.048000,0.1301496
42.056000,0.1301496
42.064000,0.1300963
42.072000,0.1302029
42.080000,0.1302029
42.088000,0.1300963
42.096000,0.1300429
42.104000,0.1300963
42.112000,0.1301496
42.120000,0.1301496
42.128000,0.1301496
42.136000,0.1301496
42.144000,0.1299896
42.152000,0.1299362
42.160000,0.1299896
42.168000,0.1299896
42.176000,0.1300429
42.184000,0.1300963
42.192000,0.1300963
42.200000,0.1300963
42.208000,0.1299896
42.216000,0.1299362
42.224000,0.1299896
42.232000,0.1300429
42.240000,0.1299362
42.248000,0.1299896
42.256000,0.1300963
42.264000,0.1300963
42.272000,0.1299362
42.280000,0.1299362
42.288000,0.1300429
42.296000,0.1299362
42.304000,0.1299362
42.312000,0.1299362
42.320000,0.1299896
42.328000,0.1300429
42.336000,0.1300429
42.344000,0.1299896
42.352000,0.1299362
42.360000,0.1298296
42.368000,0.1298829
42.376000,0.1299362
42.384000,0.1299896
42.392000,0.1298829
42.400000,0.1299896
42.408000,0.1300429
42.416000,0.1299362
42.424000,0.1299362
42.432000,0.1299362
42.440000,0.1299362
42.448000,0.1298296
42.456000,0.1297762
42.464000,0.1298296
42.472000,0.1297762
42.480000,0.1298296
42.488000,0.1297762
42.496000,0.1298296
42.504000,0.1298296
42.512000,0.1298296
42.520000,0.1298829
42.528000,0.1298829
42.536000,0.1298829
42.544000,0.1298296
42.552000,0.1297762
42.560000,0.1297229
42.568000,0.1296695
42.576000,0.1297229
42.584000,0.1298296
42.592000,0.1298296
42.600000,0.1297229
42.608000,0.1297229
42.616000,0.1297762
42.624000,0.1297762
42.632000,0.1297762
42.640000,0.1297762
42.648000,0.1297762
42.656000,0.1296695
42.664000,0.1296695
42.672000,0.1297229
42.680000,0.1296162
42.688000,0.1296162
42.696000,0.1297229
42.704000,0.1296695
42.712000,0.1295629
42.720000,0.1295629
42.728000,0.1295095
42.736000,0.1296162
42.744000,0.1296162
42.752000,0.1296695
42.760000,0.1296162
42.768000,0.1295629
42.776000,0.1296162
42.784000,0.1296162
42.792000,0.1294562
42.800000,0.1294562
42.808000,0.1296162
42.816000,0.1295629
42.824000,0.1295095
42.832000,0.1296162
42.840000,0.1295629
42.848000,0.1295095
42.856000,0.1295095
42.864000,0.1295629
42.872000,0.1295629
42.880000,0.1295095
42.888000,0.1294562
42.896000,0.1293495
42.904000,0.1294562
42.912000,0.1295095
42.920000,0.1294562
42.928000,0.1294028
42.936000,0.1294028
42.944000,0.1294562
42.952000,0.1294562
42.960000,0.1295095
42.968000,0.1294562
42.976000,0.1294562
42.984000,0.1294562
42.992000,0.1293495
43.000000,0.1292962
43.008000,0.1293495
43.016000,0.1293495
43.024000,0.1293495
43.032000,0.1292428
43.040000,0.1292428
43.048000,0.1293495
43.056000,0.1293495
43.064000,0.1294028
43.072000,0.1294028
43.080000,0.1292962
43.088000,0.1292428
43.096000,0.1292428
43.104000,0.1293495
43.112000,0.1294028
43.120000,0.1293495
43.128000,0.1292428
43.136000,0.1291361
43.144000,0.1292428
43.152000,0.1292428
43.160000,0.1292962
43.168000,0.1293495
43.176000,0.1293495
43.184000,0.1291895
43.192000,0.1291895
43.200000,0.1292962
43.208000,0.1291895
43.216000,0.1291361
43.224000,0.1291361
43.232000,0.1291361
43.240000,0.1291895
43.248000,0.1291895
43.256000,0.1291895
43.264000,0.1291895
43.272000,0.1292428
43.280000,0.1292428
43.288000,0.1292428
43.296000,0.1291361
43.304000,0.1290295
43.312000,0.1290828
43.320000,0.1291895
43.328000,0.1291361
43.336000,0.1291361
43.344000,0.1290295
43.352000,0.1289761
43.360000,0.1289761
43.368000,0.1290828
43.376000,0.1290828
43.384000,0.1290295
43.392000,0.1290828
43.400000,0.1290828
43.408000,0.1290295
43.416000,0.1290295
43.424000,0.1290828
43.432000,0.1290295
43.440000,0.1290295
43.448000,0.1289761
43.456000,0.1289761
43.464000,0.1290295
43.472000,0.1290295
43.480000,0.1289761
43.488000,0.1289761
43.496000,0.1289761
43.504000,0.1289228
43.512000,0.1289228
43.520000,0.1289228
43.528000,0.1289228
43.536000,0.1289761
43.544000,0.1289761
43.552000,0.1288694
43.560000,0.1288161
43.568000,0.1289228
43.576000,0.1289761
43.584000,0.1290295
43.592000,0.1289761
43.600000,0.1289228
43.608000,0.1289761
43.616000,0.1289228
43.624000,0.1288694
43.632000,0.1288694
43.640000,0.1288161
43.648000,0.1288161
43.656000,0.1289228
43.664000,0.1288694
43.672000,0.1288694
43.680000,0.1289228
43.688000,0.1288161
43.696000,0.1287628
43.704000,0.1288694
43.712000,0.1288694
43.720000,0.1288694
43.728000,0.1287628
43.736000,0.1287094
43.744000,0.1287094
43.752000,0.1288161
43.760000,0.1288161
43.768000,0.1287094
43.776000,0.1287628
43.784000,0.1287628
43.792000,0.1287094
43.800000,0.1288161
43.808000,0.1287628
43.816000,0.1287094
43.824000,0.1287094
43.832000,0.1288161
43.840000,0.1288161
43.848000,0.1288161
43.856000,0.1287628
43.864000,0.1287094
43.872000,0.1287628
43.880000,0.1286561
43.888000,0.1286027
43.896000,0.1287094
43.904000,0.1286027
43.912000,0.1284961
43.920000,0.1286561
43.928000,0.1287094
43.936000,0.1287094
43.944000,0.1286027
43.952000,0.1285494
43.960000,0.1287094
43.968000,0.1286561
43.976000,0.1284961
43.984000,0.1284427
43.992000,0.1284961
44.000000,0.1284961
44.008000,0.1284961
44.016000,0.1286027
44.024000,0.1286027
44.032000,0.1286027
44.040000,0.1285494
44.048000,0.1285494
44.056000,0.1286027
44.064000,0.1284961
44.072000,0.1284427
44.080000,0.1284961
44.088000,0.1285494
44.096000,0.1285494
44.104000,0.1284961
44.112000,0.1284427
44.120000,0.1283894
44.128000,0.1283894
44.136000,0.1284427
44.144000,0.1284427
44.152000,0.1283894
44.160000,0.1284427
44.168000,0.1284427
44.176000,0.1284427
44.184000,0.1283894
44.192000,0.1283894
44.200000,0.1284961
44.208000,0.1284961
44.216000,0.1283894
44.224000,0.1283894
44.232000,0.1283894
44.240000,0.1284427
44.248000,0.1284427
44.256000,0.1283894
44.264000,0.1284427
44.272000,0.1283360
44.280000,0.1283360
44.288000,0.1284427
44.296000,0.1283894
44.304000,0.1283360
44.312000,0.1283360
44.320000,0.1282827
44.328000,0.1282827
44.336000,0.1282294
44.344000,0.1282827
44.352000,0.1283894
44.360000,0.1282827
44.368000,0.1282827
44.376000,0.1283894
44.384000,0.1282827
44.392000,0.1283360
44.400000,0.1283360
44.408000,0.1283360
44.416000,0.1282827
44.424000,0.1282827
44.432000,0.1282827
44.440000,0.1281760
44.448000,0.1281760
44.456000,0.1282294
44.464000,0.1282294
44.472000,0.1281227
44.480000,0.1281760
44.488000,0.1282294
44.496000,0.1282294
44.504000,0.1282294
44.512000,0.1282827
44.520000,0.1282294
44.528000,0.1282294
44.536000,0.1282294
44.544000,0.1282294
44.552000,0.1281760
44.560000,0.1281760
44.568000,0.1281760
44.576000,0.1280693
44.584000,0.1280693
44.592000,0.1280693
44.600000,0.1281227
44.608000,0.1281227
44.616000,0.1281227
44.624000,0.1281227
44.632000,0.1281760
44.640000,0.1281227
44.648000,0.1281227
44.656000,0.1281227
44.664000,0.1279360
44.672000,0.1280693
44.680000,0.1280693
44.688000,0.1279360
44.696000,0.1279893
44.704000,0.1279893
44.712000,0.1279360
44.720000,0.1279360
44.728000,0.1279893
44.736000,0.1281227
44.744000,0.1279893
44.752000,0.1278827
44.760000,0.1278827
44.768000,0.1278827
44.776000,0.1279360
44.784000,0.1279360
44.792000,0.1279893
44.800000,0.1279893
44.808000,0.1278827
44.816000,0.1279360
44.824000,0.1279893
44.832000,0.1279893
44.840000,0.1278827
44.848000,0.1279360
44.856000,0.1279360
44.864000,0.1279360
44.872000,0.1279360
44.880000,0.1278827
44.888000,0.1278293
44.896000,0.1278827
44.904000,0.1279360
44.912000,0.1278293
44.920000,0.1278293
44.928000,0.1278827
44.936000,0.1278827
44.944000,0.1278293
44.952000,0.1278293
44.960000,0.1278827
44.968000,0.1278827
44.976000,0.1278293
44.984000,0.1278293
44.992000,0.1277760
45.000000,0.1277760
45.008000,0.1277760
45.016000,0.1277760
45.024000,0.1277226
45.032000,0.1277226
45.040000,0.1277760
45.048000,0.1277760
45.056000,0.1278293
45.064000,0.1277226
45.072000,0.1276693
45.080000,0.1276693
45.088000,0.1277226
45.096000,0.1277760
45.104000,0.1277760
45.112000,0.1277760
45.120000,0.1277760
45.128000,0.1277760
45.136000,0.1276693
45.144000,0.1276693
45.152000,0.1276693
45.160000,0.1277226
45.168000,0.1277760
45.176000,0.1277760
45.184000,0.1276693
45.192000,0.1276693
45.200000,0.1276160
45.208000,0.1276160
45.216000,0.1275626
45.224000,0.1275626
45.232000,0.1276160
45.240000,0.1275626
45.248000,0.1275093
45.256000,0.1274559
45.264000,0.1275626
45.272000,0.1276160
45.280000,0.1275626
45.288000,0.1275093
45.296000,0.1274559
45.304000,0.1275093
45.312000,0.1274026
45.320000,0.1275093
45.328000,0.1275626
45.336000,0.1276160
45.344000,0.1276160
45.352000,0.1276160
45.360000,0.1275093
45.368000,0.1274559
45.376000,0.1274026
45.384000,0.1274559
45.392000,0.1274559
45.400000,0.1274559
45.408000,0.1274559
45.416000,0.1274026
45.424000,0.1274559
45.432000,0.1274559
45.440000,0.1274559
45.448000,0.1275093
45.456000,0.1274559
45.464000,0.1274559
45.472000,0.1274026
45.480000,0.1274026
45.488000,0.1274559
45.496000,0.1274559
45.504000,0.1275093
45.512000,0.1274559
45.520000,0.1274026
45.528000,0.1274026
45.536000,0.1274026
45.544000,0.1273492
45.552000,0.1273492
45.560000,0.1274026
45.568000,0.1274559
45.576000,0.1275093
45.584000,0.1274559
45.592000,0.1273492
45.600000,0.1274026
45.608000,0.1274026
45.616000,0.1273492
45.624000,0.1273492
45.632000,0.1273492
45.640000,0.1272426
45.648000,0.1271892
45.656000,0.1272959
45.664000,0.1272426
45.672000,0.1272426
45.680000,0.1272959
45.688000,0.1273492
45.696000,0.1273492
45.704000,0.1272426
45.712000,0.1272959
45.720000,0.1273492
45.728000,0.1272959
45.736000,0.1272426
45.744000,0.1272426
45.752000,0.1272426
45.760000,0.1271892
45.768000,0.1272959
45.776000,0.1272426
45.784000,0.1272426
45.792000,0.1272426
45.800000,0.1272426
45.808000,0.1272426
45.816000,0.1272426
45.824000,0.1272426
45.832000,0.1272426
45.840000,0.1272426
45.848000,0.1271359
45.856000,0.1271359
45.864000,0.1271359
45.872000,0.1271359
45.880000,0.1271892
45.888000,0.1271359
45.896000,0.1270292
45.904000,0.1270825
45.912000,0.1271892
45.920000,0.1271359
45.928000,0.1270825
45.936000,0.1271359
45.944000,0.1271359
45.952000,0.1270825
45.960000,0.1270825
45.968000,0.1271359
45.976000,0.1271359
45.984000,0.1270825
45.992000,0.1270292
46.000000,0.1270292
46.008000,0.1270292
46.016000,0.1270292
46.024000,0.1270292
46.032000,0.1269759
46.040000,0.1270292
46.048000,0.1270292
46.056000,0.1270292
46.064000,0.1269759
46.072000,0.1269759
46.080000,0.1270292
46.088000,0.1270825
46.096000,0.1270292
46.104000,0.1269225
46.112000,0.1269225
46.120000,0.1270292
46.128000,0.1270292
46.136000,0.1269759
46.144000,0.1269759
46.152000,0.1269225
46.160000,0.1269759
46.168000,0.1270825
46.176000,0.1270292
46.184000,0.1270292
46.192000,0.1269759
46.200000,0.1269225
46.208000,0.1269225
46.216000,0.1269225
46.224000,0.1269225
46.232000,0.1269225
46.240000,0.1268692
46.248000,0.1268692
46.256000,0.1267625
46.264000,0.1268159
46.272000,0.1268159
46.280000,0.1268692
46.288000,0.1268159
46.296000,0.1268159
46.304000,0.1268692
46.312000,0.1268159
46.320000,0.1268159
46.328000,0.1268159
46.336000,0.1268692
46.344000,0.1268692
46.352000,0.1268692
46.360000,0.1268159
46.368000,0.1267625
46.376000,0.1268159
46.384000,0.1268692
46.392000,0.1268692
46.400000,0.1268159
46.408000,0.1267625
46.416000,0.1267092
46.424000,0.1267625
46.432000,0.1268692
46.440000,0.1268159
46.448000,0.1267625
46.456000,0.1267092
46.464000,0.1267092
46.472000,0.1267625
46.480000,0.1268692
46.488000,0.1267625
46.496000,0.1267092
46.504000,0.1266558
46.512000,0.1267092
46.520000,0.1267092
46.528000,0.1266558
46.536000,0.1266558
46.544000,0.1266558
46.552000,0.1266558
46.560000,0.1266025
46.568000,0.1266025
46.576000,0.1267625
46.584000,0.1267092
46.592000,0.1266025
46.600000,0.1266558
46.608000,0.1266558
46.616000,0.1266025
46.624000,0.1266025
46.632000,0.1266558
46.640000,0.1266025
46.648000,0.1265491
46.656000,0.1265491
46.664000,0.1266025
46.672000,0.1266025
46.680000,0.1266558
46.688000,0.1265491
46.696000,0.1265491
46.704000,0.1266025
46.712000,0.1266025
46.720000,0.1265491
46.728000,0.1266025
46.736000,0.1266025
46.744000,0.1265491
46.752000,0.1266025
46.760000,0.1266558
46.768000,0.1266558
46.776000,0.1265491
46.784000,0.1264958
46.792000,0.1265491
46.800000,0.1265491
46.808000,0.1264425
46.816000,0.1263891
46.824000,0.1263891
46.832000,0.1264958
46.840000,0.1265491
46.848000,0.1264958
46.856000,0.1263891
46.864000,0.1263891
46.872000,0.1264425
46.880000,0.1264425
46.888000,0.1263891
46.896000,0.1264425
46.904000,0.1264958
46.912000,0.1264958
46.920000,0.1264958
46.928000,0.1264425
46.936000,0.1263358
46.944000,0.1263358
46.952000,0.1263891
46.960000,0.1263891
46.968000,0.1263891
46.976000,0.1263891
46.984000,0.1263358
46.992000,0.1263891
47.000000,0.1263891
47.008000,0.1263358
47.016000,0.1262824
47.024000,0.1262824
47.032000,0.1262291
47.040000,0.1263358
47.048000,0.1263891
47.056000,0.1262291
47.064000,0.1262824
47.072000,0.1262824
47.080000,0.1262291
47.088000,0.1262291
47.096000,0.1263358
47.104000,0.1262824
47.112000,0.1261758
47.120000,0.1261758
47.128000,0.1262291
47.136000,0.1262824
47.144000,0.1262824
47.152000,0.1262824
47.160000,0.1262824
47.168000,0.1262824
47.176000,0.1261224
47.184000,0.1261224
47.192000,0.1261224
47.200000,0.1261758
47.208000,0.1262291
47.216000,0.1262824
47.224000,0.1260691
47.232000,0.1260158
47.240000,0.1260158
47.248000,0.1260158
47.256000,0.1260158
47.264000,0.1260691
47.272000,0.1261224
47.280000,0.1260691
47.288000,0.1260158
47.296000,0.1260691
47.304000,0.1261224
47.312000,0.1261758
47.320000,0.1260691
47.328000,0.1260691
47.336000,0.1261758
47.344000,0.1262291
47.352000,0.1261224
47.360000,0.1261224
47.368000,0.1261758
47.376000,0.1261224
47.384000,0.1261224
47.392000,0.1261224
47.400000,0.1261224
47.408000,0.1260691
47.416000,0.1260691
47.424000,0.1260691
47.432000,0.1260691
47.440000,0.1260691
47.448000,0.1260158
47.456000,0.1259624
47.464000,0.1259624
47.472000,0.1259624
47.480000,0.1259624
47.488000,0.1259624
47.496000,0.1259624
47.504000,0.1259624
47.512000,0.1259624
47.520000,0.1260158
47.528000,0.1259624
47.536000,0.1259624
47.544000,0.1259624
47.552000,0.1259091
47.560000,0.1259624
47.568000,0.1259624
47.576000,0.1259624
47.584000,0.1259624
47.592000,0.1260158
47.600000,0.1260158
47.608000,0.1259624
47.616000,0.1259091
47.624000,0.1259091
47.632000,0.1259624
47.640000,0.1259091
47.648000,0.1259624
47.656000,0.1259624
47.664000,0.1259091
47.672000,0.1259091
47.680000,0.1259091
47.688000,0.1259091
47.696000,0.1258024
47.704000,0.1257491
47.712000,0.1258024
47.720000,0.1258557
47.728000,0.1258024
47.736000,0.1258024
47.744000,0.1258024
47.752000,0.1258024
47.760000,0.1258024
47.768000,0.1258024
47.776000,0.1257491
47.784000,0.1258024
47.792000,0.1258024
47.800000,0.1257491
47.808000,0.1258557
47.816000,0.1258024
47.824000,0.1257491
47.832000,0.1257491
47.840000,0.1258024
47.848000,0.1257491
47.856000,0.1256957
47.864000,0.1256957
47.872000,0.1256957
47.880000,0.1255890
47.888000,0.1255890
47.896000,0.1256957
47.904000,0.1256957
47.912000,0.1256957
47.920000,0.1256957
47.928000,0.1256957
47.936000,0.1257491
47.944000,0.1257491
47.952000,0.1256424
47.960000,0.1256424
47.968000,0.1256424
47.976000,0.1256424
47.984000,0.1256957
47.992000,0.1256424
48.000000,0.1256424
48.008000,0.1256424
48.016000,0.1256424
48.024000,0.1255890
48.032000,0.1255357
48.040000,0.1256424
48.048000,0.1256424
48.056000,0.1256424
48.064000,0.1256424
48.072000,0.1255890
48.080000,0.1255890
48.088000,0.1255357
48.096000,0.1255357
48.104000,0.1254823
48.112000,0.1255357
48.120000,0.1255890
48.128000,0.1255357
48.136000,0.1255357
48.144000,0.1255357
48.152000,0.1255357
48.160000,0.1254290
48.168000,0.1253757
48.176000,0.1254290
48.184000,0.1254823
48.192000,0.1254290
48.200000,0.1254290
48.208000,0.1254823
48.216000,0.1254823
48.224000,0.1254290
48.232000,0.1254290
48.240000,0.1253757
48.248000,0.1254290
48.256000,0.1254290
48.264000,0.1254823
48.272000,0.1255890
48.280000,0.1255357
48.288000,0.1253757
48.296000,0.1254290
48.304000,0.1254290
48.312000,0.1254823
48.320000,0.1254290
48.328000,0.1253223
48.336000,0.1253223
48.344000,0.1253757
48.352000,0.1253223
48.360000,0.1254290
48.368000,0.1253757
48.376000,0.1252690
48.384000,0.1253223
48.392000,0.1253223
48.400000,0.1254290
48.408000,0.1254290
48.416000,0.1252690
48.424000,0.1252157
48.432000,0.1252690
48.440000,0.1252690
48.448000,0.1253223
48.456000,0.1253223
48.464000,0.1253757
48.472000,0.1253223
48.480000,0.1252690
48.488000,0.1253223
48.496000,0.1252690
48.504000,0.1254290
48.512000,0.1253757
48.520000,0.1252690
48.528000,0.1252690
48.536000,0.1253223
48.544000,0.1252157
48.552000,0.1252690
48.560000,0.1252690
48.568000,0.1253223
48.576000,0.1252690
48.584000,0.1252157
48.592000,0.1252690
48.600000,0.1252690
48.608000,0.1252157
48.616000,0.1251090
48.624000,0.1251623
48.632000,0.1252690
48.640000,0.1253223
48.648000,0.1252157
48.656000,0.1251090
48.664000,0.1252157
48.672000,0.1253223
48.680000,0.1252157
48.688000,0.1250556
48.696000,0.1249223
48.704000,0.1250023
48.712000,0.1251090
48.720000,0.1252690
48.728000,0.1252157
48.736000,0.1251623
48.744000,0.1251090
48.752000,0.1251623
48.760000,0.1251623
48.768000,0.1251090
48.776000,0.1251090
48.784000,0.1250556
48.792000,0.1251090
48.800000,0.1250023
48.808000,0.1249223
48.816000,0.1250023
48.824000,0.1250023
48.832000,0.1250556
48.840000,0.1250556
48.848000,0.1250556
48.856000,0.1251090
48.864000,0.1250556
48.872000,0.1250023
48.880000,0.1249223
48.888000,0.1249223
48.896000,0.1249223
48.904000,0.1250023
48.912000,0.1250556
48.920000,0.1250556
48.928000,0.1250023
48.936000,0.1249223
48.944000,0.1250023
48.952000,0.1248689
48.960000,0.1248689
48.968000,0.1248689
48.976000,0.1248689
48.984000,0.1248156
48.992000,0.1248156
49.000000,0.1248156
49.008000,0.1248689
49.016000,0.1248689
49.024000,0.1248689
49.032000,0.1248689
49.040000,0.1248689
49.048000,0.1249223
49.056000,0.1248689
49.064000,0.1248689
49.072000,0.1248156
49.080000,0.1248689
49.088000,0.1248689
49.096000,0.1248689
49.104000,0.1248156
49.112000,0.1248156
49.120000,0.1248156
49.128000,0.1248156
49.136000,0.1248689
49.144000,0.1248156
49.152000,0.1248689
49.160000,0.1248689
49.168000,0.1247623
49.176000,0.1247089
49.184000,0.1247089
49.192000,0.1247623
49.200000,0.1248156
49.208000,0.1248689
49.216000,0.1247089
49.224000,0.1247089
49.232000,0.1247623
49.240000,0.1248156
49.248000,0.1247623
49.256000,0.1247623
49.264000,0.1246556
49.272000,0.1246022
49.280000,0.1246556
49.288000,0.1246556
49.296000,0.1247089
49.304000,0.1247089
49.312000,0.1247089
49.320000,0.1247089
49.328000,0.1246556
49.336000,0.1247089
49.344000,0.1247089
49.352000,0.1246556
49.360000,0.1246556
49.368000,0.1246556
49.376000,0.1246556
49.384000,0.1247089
49.392000,0.1246556
49.400000,0.1246022
49.408000,0.1246022
49.416000,0.1246556
49.424000,0.1246022
49.432000,0.1244956
49.440000,0.1245489
49.448000,0.1245489
49.456000,0.1245489
49.464000,0.1246022
49.472000,0.1246022
49.480000,0.1246022
49.488000,0.1245489
49.496000,0.1244956
49.504000,0.1246556
49.512000,0.1247089
49.520000,0.1246556
49.528000,0.1244422
49.536000,0.1243889
49.544000,0.1244956
49.552000,0.1246022
49.560000,0.1245489
49.568000,0.1244956
49.576000,0.1244956
49.584000,0.1244956
49.592000,0.1244956
49.600000,0.1245489
49.608000,0.1245489
49.616000,0.1244422
49.624000,0.1244422
49.632000,0.1244956
49.640000,0.1245489
49.648000,0.1244422
49.656000,0.1243889
49.664000,0.1244956
49.672000,0.1244956
49.680000,0.1244422
49.688000,0.1243889
49.696000,0.1244422
49.704000,0.1244956
49.712000,0.1244956
49.720000,0.1244422
49.728000,0.1244422
49.736000,0.1243355
49.744000,0.1243355
49.752000,0.1243889
49.760000,0.1243889
49.768000,0.1244422
49.776000,0.1244422
49.784000,0.1242822
49.792000,0.1243355
49.800000,0.1244422
49.808000,0.1243889
49.816000,0.1244422
49.824000,0.1243889
49.832000,0.1243355
49.840000,0.1243355
49.848000,0.1243355
49.856000,0.1242289
49.864000,0.1242289
49.872000,0.1242822
49.880000,0.1242822
49.888000,0.1242822
49.896000,0.1243355
49.904000,0.1243889
49.912000,0.1243889
49.920000,0.1243355
49.928000,0.1242289
49.936000,0.1242289
49.944000,0.1242289
49.952000,0.1242289
49.960000,0.1241755
49.968000,0.1241755
49.976000,0.1242289
49.984000,0.1242822
49.992000,0.1241755
50.000000,0.1241755
50.008000,0.1242289
50.016000,0.1242822
50.024000,0.1242289
50.032000,0.1242289
50.040000,0.1243355
50.048000,0.1243355
50.056000,0.1241755
50.064000,0.1242289
50.072000,0.1242822
50.080000,0.1242822
50.088000,0.1243355
50.096000,0.1242822
50.104000,0.1242289
50.112000,0.1241755
50.120000,0.1241755
50.128000,0.1242289
50.136000,0.1241755
50.144000,0.1241222
50.152000,0.1241755
50.160000,0.1241222
50.168000,0.1241755
50.176000,0.1241755
50.184000,0.1241222
50.192000,0.1240688
50.200000,0.1240155
50.208000,0.1240155
50.216000,0.1241222
50.224000,0.1241755
50.232000,0.1240688
50.240000,0.1240688
50.248000,0.1241222
50.256000,0.1241222
50.264000,0.1241222
50.272000,0.1240688
50.280000,0.1241222
50.288000,0.1241222
50.296000,0.1240155
50.304000,0.1240155
50.312000,0.1240155
50.320000,0.1240688
50.328000,0.1239622
50.336000,0.1240155
50.344000,0.1240688
50.352000,0.1240155
50.360000,0.1239622
50.368000,0.1240155
50.376000,0.1241222
50.384000,0.1241222
50.392000,0.1239622
50.400000,0.1240155
50.408000,0.1240155
50.416000,0.1240155
50.424000,0.1240155
50.432000,0.1241222
50.440000,0.1240155
50.448000,0.1239088
50.456000,0.1239088
50.464000,0.1240155
50.472000,0.1240688
50.480000,0.1239622
50.488000,0.1239622
50.496000,0.1240155
50.504000,0.1239622
50.512000,0.1238555
50.520000,0.1238555
50.528000,0.1238555
50.536000,0.1239622
50.544000,0.1238555
50.552000,0.1238555
50.560000,0.1240155
50.568000,0.1240688
50.576000,0.1239088
50.584000,0.1238555
50.592000,0.1239088
50.600000,0.1238555
50.608000,0.1237488
50.616000,0.1237488
50.624000,0.1238021
50.632000,0.1238021
50.640000,0.1238021
50.648000,0.1239088
50.656000,0.1239088
50.664000,0.1238555
50.672000,0.1238555
50.680000,0.1239088
50.688000,0.1238555
50.696000,0.1237488
50.704000,0.1237488
50.712000,0.1238021
50.720000,0.1238021
50.728000,0.1238021
50.736000,0.1237488
50.744000,0.1237488
50.752000,0.1238021
50.760000,0.1238555
50.768000,0.1238021
50.776000,0.1236421
50.784000,0.1235888
50.792000,0.1236421
50.800000,0.1236421
50.808000,0.1237488
50.816000,0.1237488
50.824000,0.1236955
50.832000,0.1237488
50.840000,0.1238021
50.848000,0.1237488
50.856000,0.1236955
50.864000,0.1235888
50.872000,0.1236421
50.880000,0.1236955
50.888000,0.1235888
50.896000,0.1236421
50.904000,0.1237488
50.912000,0.1237488
50.920000,0.1236955
50.928000,0.1236955
50.936000,0.1236421
50.944000,0.1235888
50.952000,0.1236421
50.960000,0.1235888
50.968000,0.1235888
50.976000,0.1236955
50.984000,0.1235888
50.992000,0.1236421
51.000000,0.1235888
51.008000,0.1234821
51.016000,0.1235354
51.024000,0.1236421
51.032000,0.1235888
51.040000,0.1235354
51.048000,0.1235888
51.056000,0.1235888
51.064000,0.1235888
51.072000,0.1235888
51.080000,0.1236421
51.088000,0.1236421
51.096000,0.1235888
51.104000,0.1236421
51.112000,0.1235354
51.120000,0.1235354
51.128000,0.1235888
51.136000,0.1235888
51.144000,0.1235354
51.152000,0.1234821
51.160000,0.1235354
51.168000,0.1235354
51.176000,0.1235354
51.184000,0.1234821
51.192000,0.1234821
51.200000,0.1235354
51.208000,0.1235354
51.216000,0.1235354
51.224000,0.1235354
51.232000,0.1234821
51.240000,0.1234288
51.248000,0.1235354
51.256000,0.1235888
51.264000,0.1235354
51.272000,0.1234821
51.280000,0.1234821
51.288000,0.1234288
51.296000,0.1233221
51.304000,0.1233221
51.312000,0.1233221
51.320000,0.1233754
51.328000,0.1234288
51.336000,0.1234821
51.344000,0.1234821
51.352000,0.1233754
51.360000,0.1233754
51.368000,0.1233754
51.376000,0.1234288
51.384000,0.1234288
51.392000,0.1233754
51.400000,0.1234288
51.408000,0.1234288
51.416000,0.1232687
51.424000,0.1233221
51.432000,0.1234288
51.440000,0.1234288
51.448000,0.1233754
51.456000,0.1233754
51.464000,0.1233754
51.472000,0.1234288
51.480000,0.1234288
51.488000,0.1233754
51.496000,0.1233221
51.504000,0.1233221
51.512000,0.1233221
51.520000,0.1233221
51.528000,0.1233221
51.536000,0.1232687
51.544000,0.1232687
51.552000,0.1233754
51.560000,0.1232687
51.568000,0.1232154
51.576000,0.1232687
51.584000,0.1232154
51.592000,0.1232154
51.600000,0.1232687
51.608000,0.1232687
51.616000,0.1232687
51.624000,0.1231087
51.632000,0.1232154
51.640000,0.1233221
51.648000,0.1233221
51.656000,0.1232687
51.664000,0.1232687
51.672000,0.1232687
51.680000,0.1232687
51.688000,0.1232687
51.696000,0.1232687
51.704000,0.1232154
51.712000,0.1232154
51.720000,0.1232154
51.728000,0.1232154
51.736000,0.1232687
51.744000,0.1232687
51.752000,0.1232154
51.760000,0.1232154
51.768000,0.1232687
51.776000,0.1232687
51.784000,0.1232154
51.792000,0.1232154
51.800000,0.1232154
51.808000,0.1231621
51.816000,0.1231621
51.824000,0.1232154
51.832000,0.1232154
51.840000,0.1231621
51.848000,0.1232687
51.856000,0.1232154
51.864000,0.1232687
51.872000,0.1231621
51.880000,0.1231621
51.888000,0.1231621
51.896000,0.1231087
51.904000,0.1230554
51.912000,0.1230554
51.920000,0.1230020
51.928000,0.1230554
51.936000,0.1230554
51.944000,0.1230020
51.952000,0.1230020
51.960000,0.1230020
51.968000,0.1230554
51.976000,0.1230554
51.984000,0.1230554
51.992000,0.1230554
52.000000,0.1231087
52.008000,0.1230554
52.016000,0.1229487
52.024000,0.1229487
52.032000,0.1230020
52.040000,0.1230554
52.048000,0.1230554
52.056000,0.1230020
52.064000,0.1230020
52.072000,0.1231087
52.080000,0.1230554
52.088000,0.1229487
52.096000,0.1229487
52.104000,0.1229487
52.112000,0.1229487
52.120000,0.1228954
52.128000,0.1230020
52.136000,0.1230554
52.144000,0.1228954
52.152000,0.1228420
52.160000,0.1228954
52.168000,0.1230020
52.176000,0.1228954
52.184000,0.1228954
52.192000,0.1229487
52.200000,0.1230020
52.208000,0.1230020
52.216000,0.1228954
52.224000,0.1230020
52.232000,0.1228954
52.240000,0.1228954
52.248000,0.1229487
52.256000,0.1228954
52.264000,0.1228954
52.272000,0.1227887
52.280000,0.1228420
52.288000,0.1229487
52.296000,0.1228954
52.304000,0.1228954
52.312000,0.1228954
52.320000,0.1227887
52.328000,0.1228420
52.336000,0.1228420
52.344000,0.1228420
52.352000,0.1228954
52.360000,0.1228954
52.368000,0.1228420
52.376000,0.1229487
52.384000,0.1229487
52.392000,0.1228954
52.400000,0.1227887
52.408000,0.1227887
52.416000,0.1227353
52.424000,0.1227353
52.432000,0.1227887
52.440000,0.1228420
52.448000,0.1227887
52.456000,0.1227887
52.464000,0.1227887
52.472000,0.1226820
52.480000,0.1227887
52.488000,0.1227887
52.496000,0.1227353
52.504000,0.1227353
52.512000,0.1226820
52.520000,0.1226287
52.528000,0.1226820
52.536000,0.1226287
52.544000,0.1226820
52.552000,0.1226820
52.560000,0.1227353
52.568000,0.1227353
52.576000,0.1227353
52.584000,0.1227887
52.592000,0.1226820
52.600000,0.1226287
52.608000,0.1226820
52.616000,0.1227353
52.624000,0.1226820
52.632000,0.1225753
52.640000,0.1225753
52.648000,0.1226287
52.656000,0.1227353
52.664000,0.1226820
52.672000,0.1226287
52.680000,0.1226820
52.688000,0.1227353
52.696000,0.1226820
52.704000,0.1226287
52.712000,0.1225753
52.720000,0.1226287
52.728000,0.1226820
52.736000,0.1227353
52.744000,0.1226820
52.752000,0.1226820
52.760000,0.1226287
52.768000,0.1226287
52.776000,0.1226287
52.784000,0.1226820
52.792000,0.1226820
52.800000,0.1226820
52.808000,0.1226287
52.816000,0.1225753
52.824000,0.1225753
52.832000,0.1225753
52.840000,0.1225753
52.848000,0.1225753
52.856000,0.1225753
52.864000,0.1225220
52.872000,0.1225220
52.880000,0.1225753
52.888000,0.1225753
52.896000,0.1225220
52.904000,0.1224686
52.912000,0.1224686
52.920000,0.1224153
52.928000,0.1225220
52.936000,0.1225753
52.944000,0.1224686
52.952000,0.1224686
52.960000,0.1224686
52.968000,0.1225220
52.976000,0.1225753
52.984000,0.1225753
52.992000,0.1225753
53.000000,0.1224686
53.008000,0.1224686
53.016000,0.1225220
53.024000,0.1225220
53.032000,0.1224686
53.040000,0.1224153
53.048000,0.1224686
53.056000,0.1225220
53.064000,0.1225220
53.072000,0.1224153
53.080000,0.1224153
53.088000,0.1224686
53.096000,0.1224153
53.104000,0.1224153
53.112000,0.1225753
53.120000,0.1225753
53.128000,0.1224686
53.136000,0.1225220
53.144000,0.1224686
53.152000,0.1224686
53.160000,0.1224153
53.168000,0.1225220
53.176000,0.1224686
53.184000,0.1223086
53.192000,0.1223620
53.200000,0.1223086
53.208000,0.1222553
53.216000,0.1223620
53.224000,0.1223086
53.232000,0.1223086
53.240000,0.1223620
53.248000,0.1223086
53.256000,0.1222019
53.264000,0.1222019
53.272000,0.1222019
53.280000,0.1222553
53.288000,0.1223086
53.296000,0.1223620
53.304000,0.1223620
53.312000,0.1223620
53.320000,0.1223620
53.328000,0.1223620
53.336000,0.1223620
53.344000,0.1223620
53.352000,0.1223086
53.360000,0.1223086
53.368000,0.1223086
53.376000,0.1223620
53.384000,0.1222553
53.392000,0.1221486
53.400000,0.1222019
53.408000,0.1222553
53.416000,0.1223086
53.424000,0.1223086
53.432000,0.1223086
53.440000,0.1222553
53.448000,0.1223086
53.456000,0.1222553
53.464000,0.1222553
53.472000,0.1223086
53.480000,0.1222553
53.488000,0.1222553
53.496000,0.1223086
53.504000,0.1222553
53.512000,0.1222019
53.520000,0.1222019
53.528000,0.1222553
53.536000,0.1222019
53.544000,0.1220953
53.552000,0.1221486
53.560000,0.1221486
53.568000,0.1221486
53.576000,0.1222553
53.584000,0.1222553
53.592000,0.1221486
53.600000,0.1221486
53.608000,0.1222019
53.616000,0.1222019
53.624000,0.1220953
53.632000,0.1220953
53.640000,0.1220419
53.648000,0.1221486
53.656000,0.1221486
53.664000,0.1221486
53.672000,0.1222019
53.680000,0.1219886
53.688000,0.1219886
53.696000,0.1220419
53.704000,0.1220953
53.712000,0.1220953
53.720000,0.1221486
53.728000,0.1222553
53.736000,0.1222019
53.744000,0.1220953
53.752000,0.1220953
53.760000,0.1220419
53.768000,0.1220419
53.776000,0.1220953
53.784000,0.1220419
53.792000,0.1219886
53.800000,0.1219886
53.808000,0.1219886
53.816000,0.1219352
53.824000,0.1220953
53.832000,0.1220953
53.840000,0.1220953
53.848000,0.1220953
53.856000,0.1220419
53.864000,0.1220419
53.872000,0.1220419
53.880000,0.1219886
53.888000,0.1219886
53.896000,0.1219886
53.904000,0.1220419
53.912000,0.1219886
53.920000,0.1220419
53.928000,0.1220953
53.936000,0.1219886
53.944000,0.1219352
53.952000,0.1219352
53.960000,0.1219352
53.968000,0.1218019
53.976000,0.1217485
53.984000,0.1219352
53.992000,0.1219352
54.000000,0.1218552
54.008000,0.1218552
54.016000,0.1218552
54.024000,0.1219352
54.032000,0.1218552
54.040000,0.1218552
54.048000,0.1219352
54.056000,0.1219352
54.064000,0.1218019
54.072000,0.1218552
54.080000,0.1219352
54.088000,0.1219352
54.096000,0.1218552
54.104000,0.1218552
54.112000,0.1217485
54.120000,0.1216952
54.128000,0.1217485
54.136000,0.1218019
54.144000,0.1218019
54.152000,0.1218019
54.160000,0.1218552
54.168000,0.1219352
54.176000,0.1218552
54.184000,0.1218019
54.192000,0.1218019
54.200000,0.1218552
54.208000,0.1218019
54.216000,0.1218019
54.224000,0.1216952
54.232000,0.1217485
54.240000,0.1217485
54.248000,0.1218019
54.256000,0.1218019
54.264000,0.1216952
54.272000,0.1216952
54.280000,0.1216952
54.288000,0.1216952
54.296000,0.1217485
54.304000,0.1217485
54.312000,0.1216419
54.320000,0.1216952
54.328000,0.1217485
54.336000,0.1218019
54.344000,0.1217485
54.352000,0.1217485
54.360000,0.1218019
54.368000,0.1216952
54.376000,0.1216419
54.384000,0.1215885
54.392000,0.1216419
54.400000,0.1216419
54.408000,0.1216952
54.416000,0.1216419
54.424000,0.1216419
54.432000,0.1216419
54.440000,0.1216419
54.448000,0.1216952
54.456000,0.1216952
54.464000,0.1216419
54.472000,0.1216419
54.480000,0.1216952
54.488000,0.1215885
54.496000,0.1215885
54.504000,0.1215352
54.512000,0.1215885
54.520000,0.1216419
54.528000,0.1215885
54.536000,0.1215352
54.544000,0.1215352
54.552000,0.1215885
54.560000,0.1215352
54.568000,0.1215352
54.576000,0.1215352
54.584000,0.1214285
54.592000,0.1214819
54.600000,0.1215352
54.608000,0.1215885
54.616000,0.1215885
54.624000,0.1215885
54.632000,0.1215352
54.640000,0.1214285
54.648000,0.1215352
54.656000,0.1215352
54.664000,0.1214819
54.672000,0.1214819
54.680000,0.1214819
54.688000,0.1214819
54.696000,0.1214819
54.704000,0.1214285
54.712000,0.1214819
54.720000,0.1214819
54.728000,0.1214819
54.736000,0.1214285
54.744000,0.1214285
54.752000,0.1214819
54.760000,0.1214285
54.768000,0.1213752
54.776000,0.1214819
54.784000,0.1214819
54.792000,0.1214285
54.800000,0.1214285
54.808000,0.1214819
54.816000,0.1215352
54.824000,0.1214285
54.832000,0.1213218
54.840000,0.1214285
54.848000,0.1215352
54.856000,0.1215352
54.864000,0.1214819
54.872000,0.1213752
54.880000,0.1213752
54.888000,0.1213218
54.896000,0.1213752
54.904000,0.1212685
54.912000,0.1212685
54.920000,0.1213752
54.928000,0.1214819
54.936000,0.1213752
54.944000,0.1213218
54.952000,0.1213752
54.960000,0.1213218
54.968000,0.1213752
54.976000,0.1212685
54.984000,0.1212685
54.992000,0.1213218
55.000000,0.1213218
55.008000,0.1213218
55.016000,0.1213752
55.024000,0.1213752
55.032000,0.1213752
55.040000,0.1213752
55.048000,0.1212685
55.056000,0.1212685
55.064000,0.1212152
55.072000,0.1213752
55.080000,0.1213752
55.088000,0.1212152
55.096000,0.1212152
55.104000,0.1212685
55.112000,0.1212685
55.120000,0.1213752
55.128000,0.1212685
55.136000,0.1212685
55.144000,0.1212685
55.152000,0.1212685
55.160000,0.1212152
55.168000,0.1212152
55.176000,0.1212685
55.184000,0.1211618
55.192000,0.1211618
55.200000,0.1211618
55.208000,0.1212152
55.216000,0.1212152
55.224000,0.1211618
55.232000,0.1211618
55.240000,0.1211618
55.248000,0.1212152
55.256000,0.1212685
55.264000,0.1212152
55.272000,0.1211085
55.280000,0.1211085
55.288000,0.1211618
55.296000,0.1211618
55.304000,0.1212152
55.312000,0.1213218
55.320000,0.1212685
55.328000,0.1212152
55.336000,0.1212152
55.344000,0.1211618
55.352000,0.1211085
55.360000,0.1211085
55.368000,0.1211085
55.376000,0.1210551
55.384000,0.1211085
55.392000,0.1211618
55.400000,0.1212152
55.408000,0.1212152
55.416000,0.1211618
55.424000,0.1210018
55.432000,0.1209484
55.440000,0.1210018
55.448000,0.1211085
55.456000,0.1210551
55.464000,0.1210018
55.472000,0.1210551
55.480000,0.1211085
55.488000,0.1211085
55.496000,0.1210018
