sample_delay_us,ch1_V
-24.496000,-0.1991449
-24.488000,-0.1991449
-24.480000,-0.1991449
-24.472000,-0.1990916
-24.464000,-0.1990916
-24.456000,-0.1990916
-24.448000,-0.1990382
-24.440000,-0.1990382
-24.432000,-0.1989849
-24.424000,-0.1990382
-24.416000,-0.1990916
-24.408000,-0.1991982
-24.400000,-0.1991449
-24.392000,-0.1991449
-24.384000,-0.1990382
-24.376000,-0.1989849
-24.368000,-0.1990382
-24.360000,-0.1990382
-24.352000,-0.1990382
-24.344000,-0.1989849
-24.336000,-0.1989849
-24.328000,-0.1990916
-24.320000,-0.1990916
-24.312000,-0.1990916
-24.304000,-0.1990916
-24.296000,-0.1990916
-24.288000,-0.1990916
-24.280000,-0.1991449
-24.272000,-0.1990916
-24.264000,-0.1990382
-24.256000,-0.1990382
-24.248000,-0.1989315
-24.240000,-0.1990382
-24.232000,-0.1990916
-24.224000,-0.1990382
-24.216000,-0.1989849
-24.208000,-0.1989849
-24.200000,-0.1989849
-24.192000,-0.1989849
-24.184000,-0.1989849
-24.176000,-0.1990382
-24.168000,-0.1990382
-24.160000,-0.1989315
-24.152000,-0.1989849
-24.144000,-0.1989849
-24.136000,-0.1990382
-24.128000,-0.1989315
-24.120000,-0.1989849
-24.112000,-0.1990382
-24.104000,-0.1989849
-24.096000,-0.1989315
-24.088000,-0.1989315
-24.080000,-0.1990382
-24.072000,-0.1990916
-24.064000,-0.1990916
-24.056000,-0.1990382
-24.048000,-0.1989849
-24.040000,-0.1989315
-24.032000,-0.1988782
-24.024000,-0.1989315
-24.016000,-0.1989315
-24.008000,-0.1989849
-24.000000,-0.1989849
-23.992000,-0.1988782
-23.984000,-0.1989315
-23.976000,-0.1989849
-23.968000,-0.1989315
-23.960000,-0.1988782
-23.952000,-0.1989315
-23.944000,-0.1989315
-23.936000,-0.1989315
-23.928000,-0.1988782
-23.920000,-0.1988248
-23.912000,-0.1988782
-23.904000,-0.1988782
-23.896000,-0.1988782
-23.888000,-0.1988782
-23.880000,-0.1988248
-23.872000,-0.1988248
-23.864000,-0.1988248
-23.856000,-0.1988782
-23.848000,-0.1988782
-23.840000,-0.1988782
-23.832000,-0.1989315
-23.824000,-0.1988782
-23.816000,-0.1988782
-23.808000,-0.1989315
-23.800000,-0.1988782
-23.792000,-0.1988782
-23.784000,-0.1988248
-23.776000,-0.1987715
-23.768000,-0.1987715
-23.760000,-0.1987715
-23.752000,-0.1987715
-23.744000,-0.1988782
-23.736000,-0.1988248
-23.728000,-0.1988782
-23.720000,-0.1988782
-23.712000,-0.1988782
-23.704000,-0.1988782
-23.696000,-0.1988782
-23.688000,-0.1988782
-23.680000,-0.1988248
-23.672000,-0.1987715
-23.664000,-0.1988248
-23.656000,-0.1988248
-23.648000,-0.1988782
-23.640000,-0.1989315
-23.632000,-0.1987715
-23.624000,-0.1987715
-23.616000,-0.1988782
-23.608000,-0.1988248
-23.600000,-0.1988248
-23.592000,-0.1988248
-23.584000,-0.1987715
-23.576000,-0.1988248
-23.568000,-0.1988782
-23.560000,-0.1989315
-23.552000,-0.1988248
-23.544000,-0.1987182
-23.536000,-0.1987182
-23.528000,-0.1987715
-23.520000,-0.1987182
-23.512000,-0.1986648
-23.504000,-0.1987715
-23.496000,-0.1988248
-23.488000,-0.1988248
-23.480000,-0.1988248
-23.472000,-0.1988248
-23.464000,-0.1987715
-23.456000,-0.1987182
-23.448000,-0.1987182
-23.440000,-0.1987715
-23.432000,-0.1987715
-23.424000,-0.1987715
-23.416000,-0.1987715
-23.408000,-0.1988248
-23.400000,-0.1988248
-23.392000,-0.1987715
-23.384000,-0.1987182
-23.376000,-0.1987715
-23.368000,-0.1987715
-23.360000,-0.1988248
-23.352000,-0.1987715
-23.344000,-0.1986648
-23.336000,-0.1986648
-23.328000,-0.1986648
-23.320000,-0.1986648
-23.312000,-0.1986648
-23.304000,-0.1987182
-23.296000,-0.1987715
-23.288000,-0.1987715
-23.280000,-0.1988248
-23.272000,-0.1987715
-23.264000,-0.1987182
-23.256000,-0.1987182
-23.248000,-0.1987715
-23.240000,-0.1987182
-23.232000,-0.1986648
-23.224000,-0.1987182
-23.216000,-0.1986648
-23.208000,-0.1986648
-23.200000,-0.1987182
-23.192000,-0.1987182
-23.184000,-0.1987182
-23.176000,-0.1987182
-23.168000,-0.1987715
-23.160000,-0.1986648
-23.152000,-0.1986648
-23.144000,-0.1986648
-23.136000,-0.1987182
-23.128000,-0.1987182
-23.120000,-0.1986648
-23.112000,-0.1986115
-23.104000,-0.1986648
-23.096000,-0.1987182
-23.088000,-0.1987182
-23.080000,-0.1986115
-23.072000,-0.1985582
-23.064000,-0.1986115
-23.056000,-0.1986648
-23.048000,-0.1986115
-23.040000,-0.1986115
-23.032000,-0.1986115
-23.024000,-0.1987182
-23.016000,-0.1987182
-23.008000,-0.1986648
-23.000000,-0.1986115
-22.992000,-0.1986115
-22.984000,-0.1986115
-22.976000,-0.1986115
-22.968000,-0.1985582
-22.960000,-0.1985048
-22.952000,-0.1985048
-22.944000,-0.1986115
-22.936000,-0.1987182
-22.928000,-0.1986648
-22.920000,-0.1985582
-22.912000,-0.1985582
-22.904000,-0.1985582
-22.896000,-0.1985048
-22.888000,-0.1983981
-22.880000,-0.1985048
-22.872000,-0.1985582
-22.864000,-0.1986115
-22.856000,-0.1986648
-22.848000,-0.1986115
-22.840000,-0.1985048
-22.832000,-0.1984515
-22.824000,-0.1985048
-22.816000,-0.1985048
-22.808000,-0.1986115
-22.800000,-0.1986115
-22.792000,-0.1985582
-22.784000,-0.1985048
-22.776000,-0.1985048
-22.768000,-0.1984515
-22.760000,-0.1983981
-22.752000,-0.1983981
-22.744000,-0.1984515
-22.736000,-0.1985048
-22.728000,-0.1985048
-22.720000,-0.1984515
-22.712000,-0.1984515
-22.704000,-0.1984515
-22.696000,-0.1985048
-22.688000,-0.1985048
-22.680000,-0.1984515
-22.672000,-0.1983981
-22.664000,-0.1984515
-22.656000,-0.1985582
-22.648000,-0.1985048
-22.640000,-0.1985582
-22.632000,-0.1985582
-22.624000,-0.1984515
-22.616000,-0.1984515
-22.608000,-0.1985582
-22.600000,-0.1986115
-22.592000,-0.1985582
-22.584000,-0.1984515
-22.576000,-0.1984515
-22.568000,-0.1985048
-22.560000,-0.1985582
-22.552000,-0.1984515
-22.544000,-0.1984515
-22.536000,-0.1983981
-22.528000,-0.1983981
-22.520000,-0.1983981
-22.512000,-0.1983981
-22.504000,-0.1984515
-22.496000,-0.1985048
-22.488000,-0.1985582
-22.480000,-0.1985048
-22.472000,-0.1983981
-22.464000,-0.1983981
-22.456000,-0.1984515
-22.448000,-0.1984515
-22.440000,-0.1983448
-22.432000,-0.1983981
-22.424000,-0.1983981
-22.416000,-0.1984515
-22.408000,-0.1984515
-22.400000,-0.1983981
-22.392000,-0.1983448
-22.384000,-0.1984515
-22.376000,-0.1985048
-22.368000,-0.1985048
-22.360000,-0.1983981
-22.352000,-0.1983981
-22.344000,-0.1984515
-22.336000,-0.1983448
-22.328000,-0.1983448
-22.320000,-0.1983448
-22.312000,-0.1982915
-22.304000,-0.1982915
-22.296000,-0.1983448
-22.288000,-0.1983448
-22.280000,-0.1983981
-22.272000,-0.1984515
-22.264000,-0.1983981
-22.256000,-0.1983981
-22.248000,-0.1983981
-22.240000,-0.1983448
-22.232000,-0.1982915
-22.224000,-0.1982915
-22.216000,-0.1983981
-22.208000,-0.1983448
-22.200000,-0.1982915
-22.192000,-0.1983448
-22.184000,-0.1983448
-22.176000,-0.1983981
-22.168000,-0.1983448
-22.160000,-0.1983448
-22.152000,-0.1982381
-22.144000,-0.1982381
-22.136000,-0.1982915
-22.128000,-0.1983448
-22.120000,-0.1982915
-22.112000,-0.1982381
-22.104000,-0.1983448
-22.096000,-0.1983448
-22.088000,-0.1982915
-22.080000,-0.1982381
-22.072000,-0.1982915
-22.064000,-0.1982381
-22.056000,-0.1982915
-22.048000,-0.1982381
-22.040000,-0.1982381
-22.032000,-0.1982915
-22.024000,-0.1981848
-22.016000,-0.1982381
-22.008000,-0.1982915
-22.000000,-0.1983448
-21.992000,-0.1982915
-21.984000,-0.1982381
-21.976000,-0.1982381
-21.968000,-0.1982915
-21.960000,-0.1982915
-21.952000,-0.1982915
-21.944000,-0.1982915
-21.936000,-0.1982915
-21.928000,-0.1982381
-21.920000,-0.1981314
-21.912000,-0.1982381
-21.904000,-0.1982915
-21.896000,-0.1982915
-21.888000,-0.1982381
-21.880000,-0.1981848
-21.872000,-0.1982915
-21.864000,-0.1982381
-21.856000,-0.1981848
-21.848000,-0.1981848
-21.840000,-0.1982381
-21.832000,-0.1982381
-21.824000,-0.1981314
-21.816000,-0.1980781
-21.808000,-0.1981314
-21.800000,-0.1981314
-21.792000,-0.1981314
-21.784000,-0.1981848
-21.776000,-0.1981848
-21.768000,-0.1981314
-21.760000,-0.1980781
-21.752000,-0.1980781
-21.744000,-0.1981314
-21.736000,-0.1982381
-21.728000,-0.1981314
-21.720000,-0.1980781
-21.712000,-0.1980247
-21.704000,-0.1980781
-21.696000,-0.1981314
-21.688000,-0.1981314
-21.680000,-0.1981314
-21.672000,-0.1981314
-21.664000,-0.1981848
-21.656000,-0.1981848
-21.648000,-0.1982381
-21.640000,-0.1982381
-21.632000,-0.1981848
-21.624000,-0.1981314
-21.616000,-0.1981314
-21.608000,-0.1980247
-21.600000,-0.1980781
-21.592000,-0.1980781
-21.584000,-0.1980781
-21.576000,-0.1982381
-21.568000,-0.1981848
-21.560000,-0.1981314
-21.552000,-0.1979714
-21.544000,-0.1980247
-21.536000,-0.1979714
-21.528000,-0.1979714
-21.520000,-0.1979714
-21.512000,-0.1980781
-21.504000,-0.1980781
-21.496000,-0.1980781
-21.488000,-0.1981314
-21.480000,-0.1980781
-21.472000,-0.1980781
-21.464000,-0.1980247
-21.456000,-0.1981314
-21.448000,-0.1981848
-21.440000,-0.1980781
-21.432000,-0.1980247
-21.424000,-0.1980247
-21.416000,-0.1979714
-21.408000,-0.1980247
-21.400000,-0.1980781
-21.392000,-0.1979714
-21.384000,-0.1979714
-21.376000,-0.1980247
-21.368000,-0.1980247
-21.360000,-0.1980781
-21.352000,-0.1981314
-21.344000,-0.1981314
-21.336000,-0.1980781
-21.328000,-0.1979714
-21.320000,-0.1980781
-21.312000,-0.1980781
-21.304000,-0.1980781
-21.296000,-0.1981314
-21.288000,-0.1981314
-21.280000,-0.1981848
-21.272000,-0.1980247
-21.264000,-0.1979714
-21.256000,-0.1979714
-21.248000,-0.1979714
-21.240000,-0.1980247
-21.232000,-0.1980247
-21.224000,-0.1980247
-21.216000,-0.1979714
-21.208000,-0.1979181
-21.200000,-0.1979181
-21.192000,-0.1979714
-21.184000,-0.1979714
-21.176000,-0.1979714
-21.168000,-0.1980247
-21.160000,-0.1980247
-21.152000,-0.1980247
-21.144000,-0.1981314
-21.136000,-0.1980781
-21.128000,-0.1980247
-21.120000,-0.1979714
-21.112000,-0.1979714
-21.104000,-0.1979181
-21.096000,-0.1979181
-21.088000,-0.1980247
-21.080000,-0.1980247
-21.072000,-0.1980247
-21.064000,-0.1979714
-21.056000,-0.1979714
-21.048000,-0.1980247
-21.040000,-0.1979714
-21.032000,-0.1979181
-21.024000,-0.1979714
-21.016000,-0.1980781
-21.008000,-0.1979714
-21.000000,-0.1979714
-20.992000,-0.1979181
-20.984000,-0.1979181
-20.976000,-0.1979181
-20.968000,-0.1979714
-20.960000,-0.1979181
-20.952000,-0.1979181
-20.944000,-0.1979181
-20.936000,-0.1978647
-20.928000,-0.1979181
-20.920000,-0.1979181
-20.912000,-0.1978114
-20.904000,-0.1978114
-20.896000,-0.1979181
-20.888000,-0.1979714
-20.880000,-0.1979714
-20.872000,-0.1978647
-20.864000,-0.1978114
-20.856000,-0.1978647
-20.848000,-0.1979181
-20.840000,-0.1978647
-20.832000,-0.1978647
-20.824000,-0.1978647
-20.816000,-0.1979181
-20.808000,-0.1979181
-20.800000,-0.1979181
-20.792000,-0.1978647
-20.784000,-0.1978647
-20.776000,-0.1978647
-20.768000,-0.1978114
-20.760000,-0.1978114
-20.752000,-0.1978114
-20.744000,-0.1979181
-20.736000,-0.1979714
-20.728000,-0.1978647
-20.720000,-0.1977580
-20.712000,-0.1977580
-20.704000,-0.1978647
-20.696000,-0.1979181
-20.688000,-0.1978647
-20.680000,-0.1978647
-20.672000,-0.1978647
-20.664000,-0.1978114
-20.656000,-0.1977580
-20.648000,-0.1978114
-20.640000,-0.1978114
-20.632000,-0.1978114
-20.624000,-0.1978114
-20.616000,-0.1977047
-20.608000,-0.1977047
-20.600000,-0.1977580
-20.592000,-0.1977580
-20.584000,-0.1977047
-20.576000,-0.1977580
-20.568000,-0.1978647
-20.560000,-0.1979181
-20.552000,-0.1978114
-20.544000,-0.1978114
-20.536000,-0.1978114
-20.528000,-0.1978114
-20.520000,-0.1977580
-20.512000,-0.1977580
-20.504000,-0.1977047
-20.496000,-0.1977580
-20.488000,-0.1977580
-20.480000,-0.1978114
-20.472000,-0.1978114
-20.464000,-0.1977580
-20.456000,-0.1977047
-20.448000,-0.1977580
-20.440000,-0.1977580
-20.432000,-0.1977580
-20.424000,-0.1977580
-20.416000,-0.1978114
-20.408000,-0.1978114
-20.400000,-0.1976514
-20.392000,-0.1976514
-20.384000,-0.1977580
-20.376000,-0.1978114
-20.368000,-0.1977047
-20.360000,-0.1976514
-20.352000,-0.1977047
-20.344000,-0.1978114
-20.336000,-0.1978114
-20.328000,-0.1977580
-20.320000,-0.1977580
-20.312000,-0.1977580
-20.304000,-0.1977580
-20.296000,-0.1977047
-20.288000,-0.1976514
-20.280000,-0.1975980
-20.272000,-0.1976514
-20.264000,-0.1977580
-20.256000,-0.1977580
-20.248000,-0.1977580
-20.240000,-0.1977047
-20.232000,-0.1976514
-20.224000,-0.1976514
-20.216000,-0.1977047
-20.208000,-0.1976514
-20.200000,-0.1976514
-20.192000,-0.1976514
-20.184000,-0.1977580
-20.176000,-0.1976514
-20.168000,-0.1975980
-20.160000,-0.1975980
-20.152000,-0.1976514
-20.144000,-0.1976514
-20.136000,-0.1976514
-20.128000,-0.1976514
-20.120000,-0.1975980
-20.112000,-0.1976514
-20.104000,-0.1976514
-20.096000,-0.1975980
-20.088000,-0.1975447
-20.080000,-0.1975447
-20.072000,-0.1975447
-20.064000,-0.1975447
-20.056000,-0.1975980
-20.048000,-0.1975980
-20.040000,-0.1975980
-20.032000,-0.1976514
-20.024000,-0.1977047
-20.016000,-0.1976514
-20.008000,-0.1975447
-20.000000,-0.1975980
-19.992000,-0.1975980
-19.984000,-0.1975447
-19.976000,-0.1975980
-19.968000,-0.1975980
-19.960000,-0.1975980
-19.952000,-0.1975447
-19.944000,-0.1974914
-19.936000,-0.1974914
-19.928000,-0.1976514
-19.920000,-0.1975447
-19.912000,-0.1975447
-19.904000,-0.1975980
-19.896000,-0.1975980
-19.888000,-0.1976514
-19.880000,-0.1976514
-19.872000,-0.1975980
-19.864000,-0.1975980
-19.856000,-0.1975447
-19.848000,-0.1974914
-19.840000,-0.1974914
-19.832000,-0.1975447
-19.824000,-0.1975447
-19.816000,-0.1974914
-19.808000,-0.1974914
-19.800000,-0.1975447
-19.792000,-0.1974914
-19.784000,-0.1974380
-19.776000,-0.1974914
-19.768000,-0.1974380
-19.760000,-0.1975447
-19.752000,-0.1974914
-19.744000,-0.1975447
-19.736000,-0.1975980
-19.728000,-0.1975980
-19.720000,-0.1974380
-19.712000,-0.1973847
-19.704000,-0.1974380
-19.696000,-0.1974380
-19.688000,-0.1974380
-19.680000,-0.1974380
-19.672000,-0.1974380
-19.664000,-0.1974914
-19.656000,-0.1975447
-19.648000,-0.1974914
-19.640000,-0.1974380
-19.632000,-0.1974914
-19.624000,-0.1974380
-19.616000,-0.1974914
-19.608000,-0.1974914
-19.600000,-0.1974380
-19.592000,-0.1974380
-19.584000,-0.1974914
-19.576000,-0.1975447
-19.568000,-0.1975447
-19.560000,-0.1974914
-19.552000,-0.1974380
-19.544000,-0.1974380
-19.536000,-0.1974914
-19.528000,-0.1974914
-19.520000,-0.1974380
-19.512000,-0.1974914
-19.504000,-0.1974914
-19.496000,-0.1974380
-19.488000,-0.1974914
-19.480000,-0.1974914
-19.472000,-0.1973847
-19.464000,-0.1973313
-19.456000,-0.1973847
-19.448000,-0.1973847
-19.440000,-0.1973847
-19.432000,-0.1973313
-19.424000,-0.1973847
-19.416000,-0.1973847
-19.408000,-0.1973847
-19.400000,-0.1973313
-19.392000,-0.1973313
-19.384000,-0.1973313
-19.376000,-0.1973847
-19.368000,-0.1973847
-19.360000,-0.1972780
-19.352000,-0.1972247
-19.344000,-0.1972780
-19.336000,-0.1973847
-19.328000,-0.1974380
-19.320000,-0.1974380
-19.312000,-0.1973847
-19.304000,-0.1973313
-19.296000,-0.1973313
-19.288000,-0.1972780
-19.280000,-0.1973313
-19.272000,-0.1973847
-19.264000,-0.1973313
-19.256000,-0.1973313
-19.248000,-0.1972247
-19.240000,-0.1972780
-19.232000,-0.1972780
-19.224000,-0.1972780
-19.216000,-0.1973313
-19.208000,-0.1973313
-19.200000,-0.1973847
-19.192000,-0.1973313
-19.184000,-0.1973313
-19.176000,-0.1973313
-19.168000,-0.1973313
-19.160000,-0.1972780
-19.152000,-0.1972780
-19.144000,-0.1973313
-19.136000,-0.1972780
-19.128000,-0.1972780
-19.120000,-0.1973313
-19.112000,-0.1972780
-19.104000,-0.1971180
-19.096000,-0.1971713
-19.088000,-0.1972780
-19.080000,-0.1973313
-19.072000,-0.1973847
-19.064000,-0.1973313
-19.056000,-0.1972780
-19.048000,-0.1972780
-19.040000,-0.1972247
-19.032000,-0.1972247
-19.024000,-0.1972247
-19.016000,-0.1972247
-19.008000,-0.1972247
-19.000000,-0.1971713
-18.992000,-0.1971713
-18.984000,-0.1971713
-18.976000,-0.1972247
-18.968000,-0.1972780
-18.960000,-0.1972247
-18.952000,-0.1972247
-18.944000,-0.1972247
-18.936000,-0.1972247
-18.928000,-0.1971713
-18.920000,-0.1972247
-18.912000,-0.1971713
-18.904000,-0.1971713
-18.896000,-0.1971713
-18.888000,-0.1972247
-18.880000,-0.1973313
-18.872000,-0.1973313
-18.864000,-0.1972247
-18.856000,-0.1971713
-18.848000,-0.1972247
-18.840000,-0.1973313
-18.832000,-0.1973313
-18.824000,-0.1972780
-18.816000,-0.1972247
-18.808000,-0.1971713
-18.800000,-0.1971180
-18.792000,-0.1971713
-18.784000,-0.1971713
-18.776000,-0.1971713
-18.768000,-0.1971713
-18.760000,-0.1971713
-18.752000,-0.1971713
-18.744000,-0.1971713
-18.736000,-0.1971713
-18.728000,-0.1972247
-18.720000,-0.1972247
-18.712000,-0.1971713
-18.704000,-0.1972247
-18.696000,-0.1972247
-18.688000,-0.1971180
-18.680000,-0.1971713
-18.672000,-0.1971713
-18.664000,-0.1971713
-18.656000,-0.1971713
-18.648000,-0.1971713
-18.640000,-0.1971180
-18.632000,-0.1971180
-18.624000,-0.1971713
-18.616000,-0.1972247
-18.608000,-0.1971713
-18.600000,-0.1971180
-18.592000,-0.1971180
-18.584000,-0.1971713
-18.576000,-0.1971180
-18.568000,-0.1970646
-18.560000,-0.1970113
-18.552000,-0.1971180
-18.544000,-0.1971180
-18.536000,-0.1971713
-18.528000,-0.1971713
-18.520000,-0.1970646
-18.512000,-0.1970113
-18.504000,-0.1970646
-18.496000,-0.1970113
-18.488000,-0.1970646
-18.480000,-0.1971713
-18.472000,-0.1970113
-18.464000,-0.1969579
-18.456000,-0.1970113
-18.448000,-0.1970646
-18.440000,-0.1971180
-18.432000,-0.1970646
-18.424000,-0.1970113
-18.416000,-0.1969579
-18.408000,-0.1969579
-18.400000,-0.1969579
-18.392000,-0.1969579
-18.384000,-0.1969046
-18.376000,-0.1969579
-18.368000,-0.1970113
-18.360000,-0.1970646
-18.352000,-0.1971180
-18.344000,-0.1970646
-18.336000,-0.1969579
-18.328000,-0.1969579
-18.320000,-0.1970113
-18.312000,-0.1970113
-18.304000,-0.1970113
-18.296000,-0.1970113
-18.288000,-0.1970113
-18.280000,-0.1970113
-18.272000,-0.1969579
-18.264000,-0.1970113
-18.256000,-0.1970113
-18.248000,-0.1970113
-18.240000,-0.1970113
-18.232000,-0.1970646
-18.224000,-0.1970646
-18.216000,-0.1969579
-18.208000,-0.1970113
-18.200000,-0.1971180
-18.192000,-0.1970113
-18.184000,-0.1969579
-18.176000,-0.1970113
-18.168000,-0.1970113
-18.160000,-0.1969579
-18.152000,-0.1970646
-18.144000,-0.1971180
-18.136000,-0.1971180
-18.128000,-0.1969579
-18.120000,-0.1969579
-18.112000,-0.1969579
-18.104000,-0.1970113
-18.096000,-0.1969579
-18.088000,-0.1969046
-18.080000,-0.1969046
-18.072000,-0.1969046
-18.064000,-0.1969046
-18.056000,-0.1970113
-18.048000,-0.1970113
-18.040000,-0.1970113
-18.032000,-0.1969046
-18.024000,-0.1969579
-18.016000,-0.1970113
-18.008000,-0.1970113
-18.000000,-0.1970113
-17.992000,-0.1969046
-17.984000,-0.1968513
-17.976000,-0.1968513
-17.968000,-0.1968513
-17.960000,-0.1967979
-17.952000,-0.1969046
-17.944000,-0.1969579
-17.936000,-0.1969046
-17.928000,-0.1969046
-17.920000,-0.1969046
-17.912000,-0.1968513
-17.904000,-0.1968513
-17.896000,-0.1968513
-17.888000,-0.1967979
-17.880000,-0.1967979
-17.872000,-0.1967446
-17.864000,-0.1967446
-17.856000,-0.1967446
-17.848000,-0.1967979
-17.840000,-0.1967979
-17.832000,-0.1968513
-17.824000,-0.1968513
-17.816000,-0.1968513
-17.808000,-0.1969046
-17.800000,-0.1967979
-17.792000,-0.1967446
-17.784000,-0.1967446
-17.776000,-0.1967979
-17.768000,-0.1968513
-17.760000,-0.1967979
-17.752000,-0.1967979
-17.744000,-0.1967979
-17.736000,-0.1967446
-17.728000,-0.1967979
-17.720000,-0.1968513
-17.712000,-0.1967979
-17.704000,-0.1967979
-17.696000,-0.1967979
-17.688000,-0.1967979
-17.680000,-0.1967979
-17.672000,-0.1969046
-17.664000,-0.1969046
-17.656000,-0.1967979
-17.648000,-0.1967446
-17.640000,-0.1967446
-17.632000,-0.1967446
-17.624000,-0.1967446
-17.616000,-0.1967979
-17.608000,-0.1967979
-17.600000,-0.1967446
-17.592000,-0.1966913
-17.584000,-0.1967446
-17.576000,-0.1967979
-17.568000,-0.1967979
-17.560000,-0.1967446
-17.552000,-0.1967446
-17.544000,-0.1967979
-17.536000,-0.1967446
-17.528000,-0.1967979
-17.520000,-0.1967446
-17.512000,-0.1966913
-17.504000,-0.1966913
-17.496000,-0.1967446
-17.488000,-0.1967446
-17.480000,-0.1966913
-17.472000,-0.1966913
-17.464000,-0.1967446
-17.456000,-0.1968513
-17.448000,-0.1967979
-17.440000,-0.1967446
-17.432000,-0.1967446
-17.424000,-0.1967446
-17.416000,-0.1967446
-17.408000,-0.1967979
-17.400000,-0.1967979
-17.392000,-0.1967979
-17.384000,-0.1967446
-17.376000,-0.1966913
-17.368000,-0.1966913
-17.360000,-0.1966913
-17.352000,-0.1966913
-17.344000,-0.1967446
-17.336000,-0.1967979
-17.328000,-0.1966913
-17.320000,-0.1966913
-17.312000,-0.1966913
-17.304000,-0.1966379
-17.296000,-0.1966913
-17.288000,-0.1965846
-17.280000,-0.1966379
-17.272000,-0.1966379
-17.264000,-0.1965846
-17.256000,-0.1966379
-17.248000,-0.1966913
-17.240000,-0.1967446
-17.232000,-0.1966379
-17.224000,-0.1966913
-17.216000,-0.1966379
-17.208000,-0.1965312
-17.200000,-0.1965312
-17.192000,-0.1966379
-17.184000,-0.1966913
-17.176000,-0.1965846
-17.168000,-0.1966379
-17.160000,-0.1966379
-17.152000,-0.1966379
-17.144000,-0.1965312
-17.136000,-0.1965846
-17.128000,-0.1966379
-17.120000,-0.1965846
-17.112000,-0.1965312
-17.104000,-0.1965312
-17.096000,-0.1966913
-17.088000,-0.1965846
-17.080000,-0.1966379
-17.072000,-0.1965846
-17.064000,-0.1965846
-17.056000,-0.1966379
-17.048000,-0.1965846
-17.040000,-0.1965312
-17.032000,-0.1965846
-17.024000,-0.1965846
-17.016000,-0.1965312
-17.008000,-0.1964512
-17.000000,-0.1964512
-16.992000,-0.1965846
-16.984000,-0.1965846
-16.976000,-0.1965846
-16.968000,-0.1965846
-16.960000,-0.1965312
-16.952000,-0.1965312
-16.944000,-0.1965846
-16.936000,-0.1965846
-16.928000,-0.1965312
-16.920000,-0.1964512
-16.912000,-0.1965312
-16.904000,-0.1965312
-16.896000,-0.1965312
-16.888000,-0.1965846
-16.880000,-0.1966379
-16.872000,-0.1965846
-16.864000,-0.1964512
-16.856000,-0.1963979
-16.848000,-0.1964512
-16.840000,-0.1965312
-16.832000,-0.1963979
-16.824000,-0.1964512
-16.816000,-0.1965312
-16.808000,-0.1965312
-16.800000,-0.1964512
-16.792000,-0.1965312
-16.784000,-0.1965312
-16.776000,-0.1965312
-16.768000,-0.1964512
-16.760000,-0.1963979
-16.752000,-0.1964512
-16.744000,-0.1965312
-16.736000,-0.1964512
-16.728000,-0.1965312
-16.720000,-0.1965846
-16.712000,-0.1964512
-16.704000,-0.1964512
-16.696000,-0.1965312
-16.688000,-0.1964512
-16.680000,-0.1964512
-16.672000,-0.1963979
-16.664000,-0.1963979
-16.656000,-0.1965312
-16.648000,-0.1965312
-16.640000,-0.1964512
-16.632000,-0.1965312
-16.624000,-0.1963979
-16.616000,-0.1963445
-16.608000,-0.1963979
-16.600000,-0.1964512
-16.592000,-0.1963979
-16.584000,-0.1964512
-16.576000,-0.1964512
-16.568000,-0.1964512
-16.560000,-0.1964512
-16.552000,-0.1963979
-16.544000,-0.1963979
-16.536000,-0.1964512
-16.528000,-0.1964512
-16.520000,-0.1964512
-16.512000,-0.1963445
-16.504000,-0.1963979
-16.496000,-0.1963979
-16.488000,-0.1963445
-16.480000,-0.1962379
-16.472000,-0.1962379
-16.464000,-0.1963445
-16.456000,-0.1963979
-16.448000,-0.1963979
-16.440000,-0.1963979
-16.432000,-0.1963445
-16.424000,-0.1963445
-16.416000,-0.1962912
-16.408000,-0.1963445
-16.400000,-0.1963445
-16.392000,-0.1962912
-16.384000,-0.1962379
-16.376000,-0.1962912
-16.368000,-0.1963979
-16.360000,-0.1963445
-16.352000,-0.1962379
-16.344000,-0.1962912
-16.336000,-0.1962379
-16.328000,-0.1962379
-16.320000,-0.1962379
-16.312000,-0.1962379
-16.304000,-0.1962912
-16.296000,-0.1963445
-16.288000,-0.1963445
-16.280000,-0.1963445
-16.272000,-0.1962912
-16.264000,-0.1963445
-16.256000,-0.1962912
-16.248000,-0.1962379
-16.240000,-0.1962379
-16.232000,-0.1963445
-16.224000,-0.1963445
-16.216000,-0.1962379
-16.208000,-0.1962379
-16.200000,-0.1962379
-16.192000,-0.1962912
-16.184000,-0.1962912
-16.176000,-0.1961845
-16.168000,-0.1961845
-16.160000,-0.1962379
-16.152000,-0.1962912
-16.144000,-0.1962379
-16.136000,-0.1962379
-16.128000,-0.1962379
-16.120000,-0.1962379
-16.112000,-0.1963445
-16.104000,-0.1963445
-16.096000,-0.1962379
-16.088000,-0.1961312
-16.080000,-0.1961312
-16.072000,-0.1961312
-16.064000,-0.1961845
-16.056000,-0.1961845
-16.048000,-0.1961845
-16.040000,-0.1961845
-16.032000,-0.1961312
-16.024000,-0.1962379
-16.016000,-0.1963979
-16.008000,-0.1963445
-16.000000,-0.1961312
-15.992000,-0.1961312
-15.984000,-0.1961845
-15.976000,-0.1962379
-15.968000,-0.1961845
-15.960000,-0.1960778
-15.952000,-0.1961312
-15.944000,-0.1962379
-15.936000,-0.1961845
-15.928000,-0.1961845
-15.920000,-0.1961312
-15.912000,-0.1960778
-15.904000,-0.1960778
-15.896000,-0.1961312
-15.888000,-0.1961312
-15.880000,-0.1961845
-15.872000,-0.1962912
-15.864000,-0.1962912
-15.856000,-0.1962379
-15.848000,-0.1962379
-15.840000,-0.1961845
-15.832000,-0.1961845
-15.824000,-0.1961845
-15.816000,-0.1961312
-15.808000,-0.1960778
-15.800000,-0.1960778
-15.792000,-0.1961312
-15.784000,-0.1960778
-15.776000,-0.1960778
-15.768000,-0.1961312
-15.760000,-0.1960778
-15.752000,-0.1960245
-15.744000,-0.1961312
-15.736000,-0.1961312
-15.728000,-0.1961312
-15.720000,-0.1961845
-15.712000,-0.1961312
-15.704000,-0.1960778
-15.696000,-0.1961312
-15.688000,-0.1961845
-15.680000,-0.1961312
-15.672000,-0.1960778
-15.664000,-0.1960245
-15.656000,-0.1960778
-15.648000,-0.1960778
-15.640000,-0.1961845
-15.632000,-0.1961312
-15.624000,-0.1960245
-15.616000,-0.1960245
-15.608000,-0.1960778
-15.600000,-0.1960778
-15.592000,-0.1961312
-15.584000,-0.1961312
-15.576000,-0.1960245
-15.568000,-0.1959712
-15.560000,-0.1960245
-15.552000,-0.1960245
-15.544000,-0.1959712
-15.536000,-0.1959712
-15.528000,-0.1960245
-15.520000,-0.1960778
-15.512000,-0.1960245
-15.504000,-0.1960778
-15.496000,-0.1960778
-15.488000,-0.1960778
-15.480000,-0.1960245
-15.472000,-0.1960245
-15.464000,-0.1960245
-15.456000,-0.1960245
-15.448000,-0.1960245
-15.440000,-0.1960778
-15.432000,-0.1960778
-15.424000,-0.1960778
-15.416000,-0.1960778
-15.408000,-0.1960245
-15.400000,-0.1960245
-15.392000,-0.1960245
-15.384000,-0.1960778
-15.376000,-0.1960778
-15.368000,-0.1960245
-15.360000,-0.1959712
-15.352000,-0.1959712
-15.344000,-0.1960245
-15.336000,-0.1960245
-15.328000,-0.1960778
-15.320000,-0.1960245
-15.312000,-0.1959178
-15.304000,-0.1958645
-15.296000,-0.1959178
-15.288000,-0.1959178
-15.280000,-0.1959178
-15.272000,-0.1959712
-15.264000,-0.1960245
-15.256000,-0.1959712
-15.248000,-0.1958645
-15.240000,-0.1959178
-15.232000,-0.1959178
-15.224000,-0.1959178
-15.216000,-0.1958645
-15.208000,-0.1959178
-15.200000,-0.1959178
-15.192000,-0.1959712
-15.184000,-0.1959712
-15.176000,-0.1959178
-15.168000,-0.1959178
-15.160000,-0.1959712
-15.152000,-0.1959712
-15.144000,-0.1959178
-15.136000,-0.1958111
-15.128000,-0.1958111
-15.120000,-0.1957578
-15.112000,-0.1958645
-15.104000,-0.1960245
-15.096000,-0.1960245
-15.088000,-0.1959712
-15.080000,-0.1958645
-15.072000,-0.1958645
-15.064000,-0.1959178
-15.056000,-0.1959712
-15.048000,-0.1958645
-15.040000,-0.1959712
-15.032000,-0.1960245
-15.024000,-0.1958645
-15.016000,-0.1958645
-15.008000,-0.1958645
-15.000000,-0.1958111
-14.992000,-0.1958111
-14.984000,-0.1958111
-14.976000,-0.1957578
-14.968000,-0.1957578
-14.960000,-0.1958645
-14.952000,-0.1958645
-14.944000,-0.1958645
-14.936000,-0.1959178
-14.928000,-0.1958645
-14.920000,-0.1958111
-14.912000,-0.1958111
-14.904000,-0.1958111
-14.896000,-0.1958111
-14.888000,-0.1957578
-14.880000,-0.1957578
-14.872000,-0.1957578
-14.864000,-0.1958111
-14.856000,-0.1958111
-14.848000,-0.1957578
-14.840000,-0.1958111
-14.832000,-0.1958645
-14.824000,-0.1958111
-14.816000,-0.1958111
-14.808000,-0.1959178
-14.800000,-0.1958645
-14.792000,-0.1958111
-14.784000,-0.1957578
-14.776000,-0.1957045
-14.768000,-0.1957578
-14.760000,-0.1957045
-14.752000,-0.1957578
-14.744000,-0.1957578
-14.736000,-0.1957578
-14.728000,-0.1957578
-14.720000,-0.1958111
-14.712000,-0.1958111
-14.704000,-0.1958111
-14.696000,-0.1958111
-14.688000,-0.1958111
-14.680000,-0.1958111
-14.672000,-0.1958111
-14.664000,-0.1957045
-14.656000,-0.1957045
-14.648000,-0.1957578
-14.640000,-0.1957578
-14.632000,-0.1958111
-14.624000,-0.1958111
-14.616000,-0.1958111
-14.608000,-0.1958111
-14.600000,-0.1957578
-14.592000,-0.1957578
-14.584000,-0.1957045
-14.576000,-0.1956511
-14.568000,-0.1956511
-14.560000,-0.1957045
-14.552000,-0.1957578
-14.544000,-0.1957045
-14.536000,-0.1955978
-14.528000,-0.1956511
-14.520000,-0.1956511
-14.512000,-0.1956511
-14.504000,-0.1956511
-14.496000,-0.1956511
-14.488000,-0.1957045
-14.480000,-0.1957578
-14.472000,-0.1957045
-14.464000,-0.1957045
-14.456000,-0.1956511
-14.448000,-0.1956511
-14.440000,-0.1957045
-14.432000,-0.1957045
-14.424000,-0.1956511
-14.416000,-0.1955978
-14.408000,-0.1956511
-14.400000,-0.1956511
-14.392000,-0.1955444
-14.384000,-0.1955978
-14.376000,-0.1956511
-14.368000,-0.1955978
-14.360000,-0.1955978
-14.352000,-0.1955444
-14.344000,-0.1955978
-14.336000,-0.1955978
-14.328000,-0.1955978
-14.320000,-0.1955978
-14.312000,-0.1955444
-14.304000,-0.1955444
-14.296000,-0.1957045
-14.288000,-0.1957045
-14.280000,-0.1957045
-14.272000,-0.1957045
-14.264000,-0.1957045
-14.256000,-0.1955978
-14.248000,-0.1954911
-14.240000,-0.1955444
-14.232000,-0.1955444
-14.224000,-0.1955444
-14.216000,-0.1955444
-14.208000,-0.1955444
-14.200000,-0.1955978
-14.192000,-0.1956511
-14.184000,-0.1956511
-14.176000,-0.1955978
-14.168000,-0.1955978
-14.160000,-0.1955978
-14.152000,-0.1955978
-14.144000,-0.1954911
-14.136000,-0.1954911
-14.128000,-0.1955444
-14.120000,-0.1955444
-14.112000,-0.1955978
-14.104000,-0.1955444
-14.096000,-0.1954378
-14.088000,-0.1953844
-14.080000,-0.1954911
-14.072000,-0.1954911
-14.064000,-0.1954378
-14.056000,-0.1954911
-14.048000,-0.1955444
-14.040000,-0.1955978
-14.032000,-0.1956511
-14.024000,-0.1955978
-14.016000,-0.1955444
-14.008000,-0.1954911
-14.000000,-0.1955444
-13.992000,-0.1955444
-13.984000,-0.1955444
-13.976000,-0.1954911
-13.968000,-0.1954911
-13.960000,-0.1955444
-13.952000,-0.1954911
-13.944000,-0.1953844
-13.936000,-0.1954378
-13.928000,-0.1954378
-13.920000,-0.1954911
-13.912000,-0.1954911
-13.904000,-0.1954911
-13.896000,-0.1954378
-13.888000,-0.1953844
-13.880000,-0.1954378
-13.872000,-0.1955444
-13.864000,-0.1955444
-13.856000,-0.1954378
-13.848000,-0.1954378
-13.840000,-0.1954911
-13.832000,-0.1954378
-13.824000,-0.1954378
-13.816000,-0.1954378
-13.808000,-0.1953844
-13.800000,-0.1954378
-13.792000,-0.1954378
-13.784000,-0.1954911
-13.776000,-0.1954378
-13.768000,-0.1954911
-13.760000,-0.1954378
-13.752000,-0.1954378
-13.744000,-0.1954911
-13.736000,-0.1954378
-13.728000,-0.1954378
-13.720000,-0.1954378
-13.712000,-0.1953844
-13.704000,-0.1954378
-13.696000,-0.1954378
-13.688000,-0.1954378
-13.680000,-0.1953844
-13.672000,-0.1954378
-13.664000,-0.1954911
-13.656000,-0.1954911
-13.648000,-0.1953844
-13.640000,-0.1953844
-13.632000,-0.1953844
-13.624000,-0.1953311
-13.616000,-0.1953311
-13.608000,-0.1953311
-13.600000,-0.1952777
-13.592000,-0.1953311
-13.584000,-0.1952777
-13.576000,-0.1953844
-13.568000,-0.1953844
-13.560000,-0.1954378
-13.552000,-0.1954378
-13.544000,-0.1954378
-13.536000,-0.1953311
-13.528000,-0.1953844
-13.520000,-0.1953311
-13.512000,-0.1953311
-13.504000,-0.1953311
-13.496000,-0.1952777
-13.488000,-0.1953311
-13.480000,-0.1954378
-13.472000,-0.1953311
-13.464000,-0.1952244
-13.456000,-0.1951711
-13.448000,-0.1952244
-13.440000,-0.1952244
-13.432000,-0.1952244
-13.424000,-0.1952244
-13.416000,-0.1952777
-13.408000,-0.1953311
-13.400000,-0.1953311
-13.392000,-0.1952777
-13.384000,-0.1952777
-13.376000,-0.1952777
-13.368000,-0.1951711
-13.360000,-0.1951711
-13.352000,-0.1952244
-13.344000,-0.1952244
-13.336000,-0.1951711
-13.328000,-0.1951711
-13.320000,-0.1952244
-13.312000,-0.1952777
-13.304000,-0.1953844
-13.296000,-0.1953311
-13.288000,-0.1952777
-13.280000,-0.1952777
-13.272000,-0.1952777
-13.264000,-0.1952244
-13.256000,-0.1952777
-13.248000,-0.1952244
-13.240000,-0.1952244
-13.232000,-0.1952244
-13.224000,-0.1952777
-13.216000,-0.1953311
-13.208000,-0.1952777
-13.200000,-0.1952777
-13.192000,-0.1952244
-13.184000,-0.1952244
-13.176000,-0.1952244
-13.168000,-0.1951711
-13.160000,-0.1952244
-13.152000,-0.1952777
-13.144000,-0.1951711
-13.136000,-0.1951177
-13.128000,-0.1952244
-13.120000,-0.1952244
-13.112000,-0.1953311
-13.104000,-0.1953311
-13.096000,-0.1952244
-13.088000,-0.1951711
-13.080000,-0.1952244
-13.072000,-0.1952777
-13.064000,-0.1952244
-13.056000,-0.1952244
-13.048000,-0.1951711
-13.040000,-0.1951177
-13.032000,-0.1951711
-13.024000,-0.1951711
-13.016000,-0.1952244
-13.008000,-0.1952244
-13.000000,-0.1952244
-12.992000,-0.1951711
-12.984000,-0.1951711
-12.976000,-0.1951711
-12.968000,-0.1951711
-12.960000,-0.1951711
-12.952000,-0.1952244
-12.944000,-0.1951177
-12.936000,-0.1951177
-12.928000,-0.1951177
-12.920000,-0.1951177
-12.912000,-0.1951711
-12.904000,-0.1951177
-12.896000,-0.1951177
-12.888000,-0.1950644
-12.880000,-0.1950110
-12.872000,-0.1950644
-12.864000,-0.1951711
-12.856000,-0.1951177
-12.848000,-0.1950644
-12.840000,-0.1951177
-12.832000,-0.1951177
-12.824000,-0.1951177
-12.816000,-0.1950110
-12.808000,-0.1950110
-12.800000,-0.1950110
-12.792000,-0.1950644
-12.784000,-0.1951177
-12.776000,-0.1951177
-12.768000,-0.1950644
-12.760000,-0.1950644
-12.752000,-0.1950110
-12.744000,-0.1950644
-12.736000,-0.1951177
-12.728000,-0.1950644
-12.720000,-0.1950644
-12.712000,-0.1950110
-12.704000,-0.1950110
-12.696000,-0.1950644
-12.688000,-0.1950644
-12.680000,-0.1949577
-12.672000,-0.1950110
-12.664000,-0.1950644
-12.656000,-0.1950110
-12.648000,-0.1950110
-12.640000,-0.1950644
-12.632000,-0.1950644
-12.624000,-0.1949044
-12.616000,-0.1949044
-12.608000,-0.1950110
-12.600000,-0.1950110
-12.592000,-0.1950110
-12.584000,-0.1950110
-12.576000,-0.1951177
-12.568000,-0.1950110
-12.560000,-0.1950110
-12.552000,-0.1950644
-12.544000,-0.1950644
-12.536000,-0.1950110
-12.528000,-0.1949044
-12.520000,-0.1949577
-12.512000,-0.1949577
-12.504000,-0.1949577
-12.496000,-0.1949577
-12.488000,-0.1950110
-12.480000,-0.1950110
-12.472000,-0.1949577
-12.464000,-0.1949577
-12.456000,-0.1950110
-12.448000,-0.1950110
-12.440000,-0.1949577
-12.432000,-0.1949044
-12.424000,-0.1949044
-12.416000,-0.1950110
-12.408000,-0.1950110
-12.400000,-0.1950110
-12.392000,-0.1949044
-12.384000,-0.1949044
-12.376000,-0.1948510
-12.368000,-0.1949044
-12.360000,-0.1949044
-12.352000,-0.1949044
-12.344000,-0.1949577
-12.336000,-0.1949044
-12.328000,-0.1948510
-12.320000,-0.1949044
-12.312000,-0.1948510
-12.304000,-0.1948510
-12.296000,-0.1948510
-12.288000,-0.1948510
-12.280000,-0.1949044
-12.272000,-0.1949577
-12.264000,-0.1950110
-12.256000,-0.1949577
-12.248000,-0.1948510
-12.240000,-0.1947977
-12.232000,-0.1949044
-12.224000,-0.1948510
-12.216000,-0.1947977
-12.208000,-0.1946910
-12.200000,-0.1946910
-12.192000,-0.1947977
-12.184000,-0.1948510
-12.176000,-0.1948510
-12.168000,-0.1949044
-12.160000,-0.1948510
-12.152000,-0.1949044
-12.144000,-0.1949577
-12.136000,-0.1948510
-12.128000,-0.1947977
-12.120000,-0.1947977
-12.112000,-0.1948510
-12.104000,-0.1948510
-12.096000,-0.1948510
-12.088000,-0.1948510
-12.080000,-0.1949044
-12.072000,-0.1948510
-12.064000,-0.1948510
-12.056000,-0.1948510
-12.048000,-0.1948510
-12.040000,-0.1947443
-12.032000,-0.1947977
-12.024000,-0.1947443
-12.016000,-0.1947977
-12.008000,-0.1947443
-12.000000,-0.1946910
-11.992000,-0.1947443
-11.984000,-0.1947977
-11.976000,-0.1948510
-11.968000,-0.1947977
-11.960000,-0.1947443
-11.952000,-0.1947443
-11.944000,-0.1946910
-11.936000,-0.1946910
-11.928000,-0.1946910
-11.920000,-0.1946377
-11.912000,-0.1946377
-11.904000,-0.1945843
-11.896000,-0.1946377
-11.888000,-0.1946910
-11.880000,-0.1947443
-11.872000,-0.1947977
-11.864000,-0.1947977
-11.856000,-0.1947443
-11.848000,-0.1946377
-11.840000,-0.1946910
-11.832000,-0.1947443
-11.824000,-0.1947443
-11.816000,-0.1946910
-11.808000,-0.1946377
-11.800000,-0.1947443
-11.792000,-0.1947977
-11.784000,-0.1947443
-11.776000,-0.1946910
-11.768000,-0.1947443
-11.760000,-0.1946910
-11.752000,-0.1946910
-11.744000,-0.1945843
-11.736000,-0.1946377
-11.728000,-0.1946910
-11.720000,-0.1946910
-11.712000,-0.1946377
-11.704000,-0.1946377
-11.696000,-0.1946910
-11.688000,-0.1945843
-11.680000,-0.1945843
-11.672000,-0.1945310
-11.664000,-0.1945310
-11.656000,-0.1945843
-11.648000,-0.1945843
-11.640000,-0.1945843
-11.632000,-0.1946910
-11.624000,-0.1946910
-11.616000,-0.1946910
-11.608000,-0.1946910
-11.600000,-0.1946910
-11.592000,-0.1946377
-11.584000,-0.1945843
-11.576000,-0.1946377
-11.568000,-0.1945843
-11.560000,-0.1945843
-11.552000,-0.1945310
-11.544000,-0.1945310
-11.536000,-0.1945310
-11.528000,-0.1944776
-11.520000,-0.1945310
-11.512000,-0.1945843
-11.504000,-0.1945843
-11.496000,-0.1945310
-11.488000,-0.1944776
-11.480000,-0.1946377
-11.472000,-0.1946377
-11.464000,-0.1945843
-11.456000,-0.1945843
-11.448000,-0.1945310
-11.440000,-0.1945843
-11.432000,-0.1945843
-11.424000,-0.1945843
-11.416000,-0.1946377
-11.408000,-0.1946377
-11.400000,-0.1945843
-11.392000,-0.1945843
-11.384000,-0.1945843
-11.376000,-0.1946377
-11.368000,-0.1946910
-11.360000,-0.1945843
-11.352000,-0.1945310
-11.344000,-0.1944776
-11.336000,-0.1944776
-11.328000,-0.1944776
-11.320000,-0.1945310
-11.312000,-0.1946377
-11.304000,-0.1946377
-11.296000,-0.1945310
-11.288000,-0.1945310
-11.280000,-0.1945310
-11.272000,-0.1946377
-11.264000,-0.1945843
-11.256000,-0.1944776
-11.248000,-0.1944243
-11.240000,-0.1944243
-11.232000,-0.1944243
-11.224000,-0.1944776
-11.216000,-0.1943710
-11.208000,-0.1944776
-11.200000,-0.1945310
-11.192000,-0.1944776
-11.184000,-0.1944243
-11.176000,-0.1944243
-11.168000,-0.1944243
-11.160000,-0.1944243
-11.152000,-0.1944243
-11.144000,-0.1944776
-11.136000,-0.1944243
-11.128000,-0.1945310
-11.120000,-0.1945843
-11.112000,-0.1944776
-11.104000,-0.1944776
-11.096000,-0.1944776
-11.088000,-0.1944243
-11.080000,-0.1944243
-11.072000,-0.1944243
-11.064000,-0.1943710
-11.056000,-0.1943710
-11.048000,-0.1944243
-11.040000,-0.1944243
-11.032000,-0.1943710
-11.024000,-0.1943710
-11.016000,-0.1943710
-11.008000,-0.1943710
-11.000000,-0.1944243
-10.992000,-0.1943710
-10.984000,-0.1943710
-10.976000,-0.1943710
-10.968000,-0.1943710
-10.960000,-0.1944243
-10.952000,-0.1944776
-10.944000,-0.1944243
-10.936000,-0.1943710
-10.928000,-0.1944776
-10.920000,-0.1945310
-10.912000,-0.1944776
-10.904000,-0.1943710
-10.896000,-0.1944243
-10.888000,-0.1944243
-10.880000,-0.1943176
-10.872000,-0.1942643
-10.864000,-0.1943176
-10.856000,-0.1944243
-10.848000,-0.1943710
-10.840000,-0.1944243
-10.832000,-0.1944243
-10.824000,-0.1943710
-10.816000,-0.1943176
-10.808000,-0.1943176
-10.800000,-0.1942643
-10.792000,-0.1942643
-10.784000,-0.1942643
-10.776000,-0.1942643
-10.768000,-0.1944243
-10.760000,-0.1943710
-10.752000,-0.1942643
-10.744000,-0.1942643
-10.736000,-0.1943710
-10.728000,-0.1943710
-10.720000,-0.1942643
-10.712000,-0.1942643
-10.704000,-0.1943176
-10.696000,-0.1942643
-10.688000,-0.1941576
-10.680000,-0.1942109
-10.672000,-0.1942643
-10.664000,-0.1943176
-10.656000,-0.1943176
-10.648000,-0.1942643
-10.640000,-0.1942643
-10.632000,-0.1942643
-10.624000,-0.1943176
-10.616000,-0.1943710
-10.608000,-0.1942643
-10.600000,-0.1942109
-10.592000,-0.1942109
-10.584000,-0.1943176
-10.576000,-0.1942643
-10.568000,-0.1941576
-10.560000,-0.1942109
-10.552000,-0.1942643
-10.544000,-0.1942643
-10.536000,-0.1942109
-10.528000,-0.1942643
-10.520000,-0.1941576
-10.512000,-0.1941576
-10.504000,-0.1942643
-10.496000,-0.1942643
-10.488000,-0.1942109
-10.480000,-0.1941576
-10.472000,-0.1941043
-10.464000,-0.1942643
-10.456000,-0.1943176
-10.448000,-0.1942109
-10.440000,-0.1941576
-10.432000,-0.1941576
-10.424000,-0.1943176
-10.416000,-0.1942643
-10.408000,-0.1943176
-10.400000,-0.1942109
-10.392000,-0.1941043
-10.384000,-0.1940509
-10.376000,-0.1939976
-10.368000,-0.1941043
-10.360000,-0.1941576
-10.352000,-0.1941043
-10.344000,-0.1940509
-10.336000,-0.1941576
-10.328000,-0.1942109
-10.320000,-0.1941043
-10.312000,-0.1941043
-10.304000,-0.1941043
-10.296000,-0.1941576
-10.288000,-0.1941043
-10.280000,-0.1941043
-10.272000,-0.1941576
-10.264000,-0.1941576
-10.256000,-0.1942109
-10.248000,-0.1941576
-10.240000,-0.1941576
-10.232000,-0.1941576
-10.224000,-0.1941576
-10.216000,-0.1941043
-10.208000,-0.1939976
-10.200000,-0.1939976
-10.192000,-0.1941043
-10.184000,-0.1941576
-10.176000,-0.1941576
-10.168000,-0.1941043
-10.160000,-0.1941576
-10.152000,-0.1941043
-10.144000,-0.1941043
-10.136000,-0.1940509
-10.128000,-0.1941043
-10.120000,-0.1940509
-10.112000,-0.1939976
-10.104000,-0.1940509
-10.096000,-0.1941576
-10.088000,-0.1940509
-10.080000,-0.1938909
-10.072000,-0.1938909
-10.064000,-0.1939976
-10.056000,-0.1940509
-10.048000,-0.1939442
-10.040000,-0.1939442
-10.032000,-0.1939976
-10.024000,-0.1939976
-10.016000,-0.1940509
-10.008000,-0.1940509
-10.000000,-0.1941043
-9.992000,-0.1940509
-9.984000,-0.1939976
-9.976000,-0.1939976
-9.968000,-0.1939442
-9.960000,-0.1938909
-9.952000,-0.1938909
-9.944000,-0.1939976
-9.936000,-0.1940509
-9.928000,-0.1941043
-9.920000,-0.1940509
-9.912000,-0.1939976
-9.904000,-0.1939976
-9.896000,-0.1939976
-9.888000,-0.1940509
-9.880000,-0.1939976
-9.872000,-0.1939976
-9.864000,-0.1939442
-9.856000,-0.1939976
-9.848000,-0.1939976
-9.840000,-0.1938909
-9.832000,-0.1938909
-9.824000,-0.1938376
-9.816000,-0.1938376
-9.808000,-0.1938376
-9.800000,-0.1938909
-9.792000,-0.1939442
-9.784000,-0.1939442
-9.776000,-0.1938376
-9.768000,-0.1937842
-9.760000,-0.1938909
-9.752000,-0.1939442
-9.744000,-0.1938909
-9.736000,-0.1938376
-9.728000,-0.1938376
-9.720000,-0.1938909
-9.712000,-0.1938909
-9.704000,-0.1938376
-9.696000,-0.1938376
-9.688000,-0.1938376
-9.680000,-0.1937842
-9.672000,-0.1938376
-9.664000,-0.1938909
-9.656000,-0.1938376
-9.648000,-0.1938376
-9.640000,-0.1938909
-9.632000,-0.1938909
-9.624000,-0.1938909
-9.616000,-0.1938909
-9.608000,-0.1938909
-9.600000,-0.1938909
-9.592000,-0.1938376
-9.584000,-0.1938376
-9.576000,-0.1939442
-9.568000,-0.1938909
-9.560000,-0.1938909
-9.552000,-0.1938909
-9.544000,-0.1938376
-9.536000,-0.1937842
-9.528000,-0.1938376
-9.520000,-0.1937842
-9.512000,-0.1937842
-9.504000,-0.1937842
-9.496000,-0.1937842
-9.488000,-0.1937842
-9.480000,-0.1938909
-9.472000,-0.1937842
-9.464000,-0.1937842
-9.456000,-0.1937842
-9.448000,-0.1937309
-9.440000,-0.1937842
-9.432000,-0.1937842
-9.424000,-0.1937309
-9.416000,-0.1937309
-9.408000,-0.1937309
-9.400000,-0.1937842
-9.392000,-0.1938376
-9.384000,-0.1938376
-9.376000,-0.1938376
-9.368000,-0.1937842
-9.360000,-0.1937309
-9.352000,-0.1938376
-9.344000,-0.1938376
-9.336000,-0.1937842
-9.328000,-0.1937309
-9.320000,-0.1937842
-9.312000,-0.1937309
-9.304000,-0.1936775
-9.296000,-0.1937309
-9.288000,-0.1938376
-9.280000,-0.1937842
-9.272000,-0.1936775
-9.264000,-0.1937842
-9.256000,-0.1937842
-9.248000,-0.1937309
-9.240000,-0.1937309
-9.232000,-0.1936242
-9.224000,-0.1936775
-9.216000,-0.1937309
-9.208000,-0.1936242
-9.200000,-0.1936242
-9.192000,-0.1936242
-9.184000,-0.1936775
-9.176000,-0.1936775
-9.168000,-0.1936775
-9.160000,-0.1936242
-9.152000,-0.1937309
-9.144000,-0.1937309
-9.136000,-0.1936775
-9.128000,-0.1935709
-9.120000,-0.1936775
-9.112000,-0.1937309
-9.104000,-0.1937309
-9.096000,-0.1936775
-9.088000,-0.1937309
-9.080000,-0.1936775
-9.072000,-0.1936242
-9.064000,-0.1936775
-9.056000,-0.1936242
-9.048000,-0.1935175
-9.040000,-0.1935709
-9.032000,-0.1936242
-9.024000,-0.1936775
-9.016000,-0.1937309
-9.008000,-0.1936242
-9.000000,-0.1935709
-8.992000,-0.1936242
-8.984000,-0.1936242
-8.976000,-0.1936242
-8.968000,-0.1935709
-8.960000,-0.1936242
-8.952000,-0.1936242
-8.944000,-0.1936242
-8.936000,-0.1936242
-8.928000,-0.1936242
-8.920000,-0.1935175
-8.912000,-0.1935175
-8.904000,-0.1935709
-8.896000,-0.1936242
-8.888000,-0.1935709
-8.880000,-0.1935175
-8.872000,-0.1935175
-8.864000,-0.1935709
-8.856000,-0.1936242
-8.848000,-0.1936775
-8.840000,-0.1936242
-8.832000,-0.1935175
-8.824000,-0.1935175
-8.816000,-0.1935175
-8.808000,-0.1935709
-8.800000,-0.1935175
-8.792000,-0.1935175
-8.784000,-0.1935709
-8.776000,-0.1936775
-8.768000,-0.1936242
-8.760000,-0.1935175
-8.752000,-0.1933842
-8.744000,-0.1933842
-8.736000,-0.1936242
-8.728000,-0.1935709
-8.720000,-0.1935175
-8.712000,-0.1935709
-8.704000,-0.1935175
-8.696000,-0.1935175
-8.688000,-0.1934642
-8.680000,-0.1933842
-8.672000,-0.1933842
-8.664000,-0.1935175
-8.656000,-0.1935175
-8.648000,-0.1934642
-8.640000,-0.1934642
-8.632000,-0.1933842
-8.624000,-0.1935175
-8.616000,-0.1934642
-8.608000,-0.1933842
-8.600000,-0.1933842
-8.592000,-0.1934642
-8.584000,-0.1935709
-8.576000,-0.1934642
-8.568000,-0.1933842
-8.560000,-0.1933842
-8.552000,-0.1934642
-8.544000,-0.1934642
-8.536000,-0.1934642
-8.528000,-0.1933842
-8.520000,-0.1934642
-8.512000,-0.1935175
-8.504000,-0.1935175
-8.496000,-0.1934642
-8.488000,-0.1933842
-8.480000,-0.1933842
-8.472000,-0.1933308
-8.464000,-0.1933308
-8.456000,-0.1933308
-8.448000,-0.1933842
-8.440000,-0.1933308
-8.432000,-0.1933842
-8.424000,-0.1934642
-8.416000,-0.1932775
-8.408000,-0.1933842
-8.400000,-0.1933842
-8.392000,-0.1933308
-8.384000,-0.1933308
-8.376000,-0.1933842
-8.368000,-0.1933308
-8.360000,-0.1933308
-8.352000,-0.1933842
-8.344000,-0.1933842
-8.336000,-0.1934642
-8.328000,-0.1933842
-8.320000,-0.1932775
-8.312000,-0.1933308
-8.304000,-0.1933308
-8.296000,-0.1933308
-8.288000,-0.1933308
-8.280000,-0.1933842
-8.272000,-0.1933842
-8.264000,-0.1933308
-8.256000,-0.1933308
-8.248000,-0.1932775
-8.240000,-0.1931708
-8.232000,-0.1932775
-8.224000,-0.1932775
-8.216000,-0.1932775
-8.208000,-0.1932242
-8.200000,-0.1932242
-8.192000,-0.1932775
-8.184000,-0.1932242
-8.176000,-0.1932242
-8.168000,-0.1932775
-8.160000,-0.1932242
-8.152000,-0.1931708
-8.144000,-0.1931708
-8.136000,-0.1932775
-8.128000,-0.1933308
-8.120000,-0.1933308
-8.112000,-0.1933308
-8.104000,-0.1932775
-8.096000,-0.1933308
-8.088000,-0.1933842
-8.080000,-0.1933308
-8.072000,-0.1932775
-8.064000,-0.1931708
-8.056000,-0.1931175
-8.048000,-0.1932242
-8.040000,-0.1932242
-8.032000,-0.1932242
-8.024000,-0.1931708
-8.016000,-0.1931708
-8.008000,-0.1932242
-8.000000,-0.1931708
-7.992000,-0.1931175
-7.984000,-0.1932242
-7.976000,-0.1932242
-7.968000,-0.1931175
-7.960000,-0.1931708
-7.952000,-0.1931708
-7.944000,-0.1931708
-7.936000,-0.1931708
-7.928000,-0.1931708
-7.920000,-0.1932242
-7.912000,-0.1932775
-7.904000,-0.1932242
-7.896000,-0.1931175
-7.888000,-0.1931708
-7.880000,-0.1931708
-7.872000,-0.1931708
-7.864000,-0.1931175
-7.856000,-0.1930641
-7.848000,-0.1930641
-7.840000,-0.1931175
-7.832000,-0.1931708
-7.824000,-0.1932242
-7.816000,-0.1932775
-7.808000,-0.1931175
-7.800000,-0.1930641
-7.792000,-0.1931175
-7.784000,-0.1931708
-7.776000,-0.1931708
-7.768000,-0.1931175
-7.760000,-0.1930641
-7.752000,-0.1930108
-7.744000,-0.1931175
-7.736000,-0.1931708
-7.728000,-0.1931175
-7.720000,-0.1932242
-7.712000,-0.1931708
-7.704000,-0.1931175
-7.696000,-0.1931175
-7.688000,-0.1931175
-7.680000,-0.1930641
-7.672000,-0.1930641
-7.664000,-0.1930641
-7.656000,-0.1930108
-7.648000,-0.1930641
-7.640000,-0.1931708
-7.632000,-0.1931175
-7.624000,-0.1930641
-7.616000,-0.1930108
-7.608000,-0.1930641
-7.600000,-0.1930641
-7.592000,-0.1930108
-7.584000,-0.1930108
-7.576000,-0.1931175
-7.568000,-0.1930641
-7.560000,-0.1930641
-7.552000,-0.1931175
-7.544000,-0.1930641
-7.536000,-0.1931175
-7.528000,-0.1931175
-7.520000,-0.1930108
-7.512000,-0.1930108
-7.504000,-0.1930108
-7.496000,-0.1930108
-7.488000,-0.1930108
-7.480000,-0.1930641
-7.472000,-0.1930108
-7.464000,-0.1930108
-7.456000,-0.1930641
-7.448000,-0.1931175
-7.440000,-0.1930108
-7.432000,-0.1929041
-7.424000,-0.1930641
-7.416000,-0.1930641
-7.408000,-0.1929575
-7.400000,-0.1930108
-7.392000,-0.1930641
-7.384000,-0.1929575
-7.376000,-0.1930108
-7.368000,-0.1930641
-7.360000,-0.1930108
-7.352000,-0.1929041
-7.344000,-0.1929575
-7.336000,-0.1930108
-7.328000,-0.1930108
-7.320000,-0.1929041
-7.312000,-0.1929041
-7.304000,-0.1929041
-7.296000,-0.1929041
-7.288000,-0.1929041
-7.280000,-0.1928508
-7.272000,-0.1929041
-7.264000,-0.1929575
-7.256000,-0.1930108
-7.248000,-0.1929575
-7.240000,-0.1928508
-7.232000,-0.1928508
-7.224000,-0.1927974
-7.216000,-0.1927974
-7.208000,-0.1927974
-7.200000,-0.1929041
-7.192000,-0.1929041
-7.184000,-0.1929041
-7.176000,-0.1930108
-7.168000,-0.1929575
-7.160000,-0.1929041
-7.152000,-0.1929575
-7.144000,-0.1929041
-7.136000,-0.1928508
-7.128000,-0.1927974
-7.120000,-0.1927974
-7.112000,-0.1928508
-7.104000,-0.1927974
-7.096000,-0.1927974
-7.088000,-0.1928508
-7.080000,-0.1929575
-7.072000,-0.1928508
-7.064000,-0.1929041
-7.056000,-0.1929041
-7.048000,-0.1928508
-7.040000,-0.1928508
-7.032000,-0.1927974
-7.024000,-0.1928508
-7.016000,-0.1927441
-7.008000,-0.1927974
-7.000000,-0.1928508
-6.992000,-0.1927974
-6.984000,-0.1927441
-6.976000,-0.1927974
-6.968000,-0.1928508
-6.960000,-0.1928508
-6.952000,-0.1928508
-6.944000,-0.1927974
-6.936000,-0.1926907
-6.928000,-0.1927441
-6.920000,-0.1927974
-6.912000,-0.1927441
-6.904000,-0.1928508
-6.896000,-0.1929575
-6.888000,-0.1928508
-6.880000,-0.1928508
-6.872000,-0.1928508
-6.864000,-0.1927441
-6.856000,-0.1927441
-6.848000,-0.1927974
-6.840000,-0.1928508
-6.832000,-0.1927974
-6.824000,-0.1927441
-6.816000,-0.1928508
-6.808000,-0.1927974
-6.800000,-0.1927974
-6.792000,-0.1927974
-6.784000,-0.1927974
-6.776000,-0.1927974
-6.768000,-0.1927441
-6.760000,-0.1927441
-6.752000,-0.1927974
-6.744000,-0.1927441
-6.736000,-0.1927441
-6.728000,-0.1926907
-6.720000,-0.1926907
-6.712000,-0.1926374
-6.704000,-0.1927441
-6.696000,-0.1927441
-6.688000,-0.1927441
-6.680000,-0.1927441
-6.672000,-0.1927441
-6.664000,-0.1926907
-6.656000,-0.1926374
-6.648000,-0.1926907
-6.640000,-0.1927441
-6.632000,-0.1926374
-6.624000,-0.1925841
-6.616000,-0.1927441
-6.608000,-0.1926907
-6.600000,-0.1926374
-6.592000,-0.1926907
-6.584000,-0.1926374
-6.576000,-0.1925841
-6.568000,-0.1926374
-6.560000,-0.1926907
-6.552000,-0.1926907
-6.544000,-0.1925841
-6.536000,-0.1925841
-6.528000,-0.1925841
-6.520000,-0.1926374
-6.512000,-0.1926374
-6.504000,-0.1924774
-6.496000,-0.1925307
-6.488000,-0.1926374
-6.480000,-0.1925841
-6.472000,-0.1925841
-6.464000,-0.1926374
-6.456000,-0.1926374
-6.448000,-0.1926374
-6.440000,-0.1926374
-6.432000,-0.1925841
-6.424000,-0.1926374
-6.416000,-0.1926374
-6.408000,-0.1925841
-6.400000,-0.1926374
-6.392000,-0.1926907
-6.384000,-0.1926374
-6.376000,-0.1925307
-6.368000,-0.1924774
-6.360000,-0.1924774
-6.352000,-0.1924774
-6.344000,-0.1925307
-6.336000,-0.1925307
-6.328000,-0.1925307
-6.320000,-0.1925841
-6.312000,-0.1926374
-6.304000,-0.1926374
-6.296000,-0.1925841
-6.288000,-0.1925841
-6.280000,-0.1925841
-6.272000,-0.1925307
-6.264000,-0.1924774
-6.256000,-0.1924774
-6.248000,-0.1925307
-6.240000,-0.1924774
-6.232000,-0.1923707
-6.224000,-0.1924241
-6.216000,-0.1924774
-6.208000,-0.1924774
-6.200000,-0.1924241
-6.192000,-0.1924774
-6.184000,-0.1925307
-6.176000,-0.1925307
-6.168000,-0.1925841
-6.160000,-0.1925307
-6.152000,-0.1923707
-6.144000,-0.1923174
-6.136000,-0.1924241
-6.128000,-0.1924774
-6.120000,-0.1924241
-6.112000,-0.1925307
-6.104000,-0.1925307
-6.096000,-0.1924774
-6.088000,-0.1924774
-6.080000,-0.1923707
-6.072000,-0.1923707
-6.064000,-0.1925307
-6.056000,-0.1925841
-6.048000,-0.1924774
-6.040000,-0.1924241
-6.032000,-0.1924241
-6.024000,-0.1924774
-6.016000,-0.1924774
-6.008000,-0.1923707
-6.000000,-0.1924241
-5.992000,-0.1924774
-5.984000,-0.1924241
-5.976000,-0.1924241
-5.968000,-0.1924774
-5.960000,-0.1924241
-5.952000,-0.1924241
-5.944000,-0.1924241
-5.936000,-0.1923707
-5.928000,-0.1924774
-5.920000,-0.1925307
-5.912000,-0.1925307
-5.904000,-0.1923707
-5.896000,-0.1923707
-5.888000,-0.1923174
-5.880000,-0.1923174
-5.872000,-0.1923174
-5.864000,-0.1924241
-5.856000,-0.1924774
-5.848000,-0.1923707
-5.840000,-0.1923707
-5.832000,-0.1923707
-5.824000,-0.1923174
-5.816000,-0.1923707
-5.808000,-0.1924774
-5.800000,-0.1923707
-5.792000,-0.1924241
-5.784000,-0.1925307
-5.776000,-0.1924774
-5.768000,-0.1924241
-5.760000,-0.1923174
-5.752000,-0.1922640
-5.744000,-0.1923707
-5.736000,-0.1924241
-5.728000,-0.1924774
-5.720000,-0.1924241
-5.712000,-0.1923707
-5.704000,-0.1922640
-5.696000,-0.1922640
-5.688000,-0.1923174
-5.680000,-0.1922640
-5.672000,-0.1922640
-5.664000,-0.1922640
-5.656000,-0.1923174
-5.648000,-0.1924241
-5.640000,-0.1923174
-5.632000,-0.1923174
-5.624000,-0.1923174
-5.616000,-0.1923174
-5.608000,-0.1923174
-5.600000,-0.1922640
-5.592000,-0.1923174
-5.584000,-0.1923707
-5.576000,-0.1922640
-5.568000,-0.1922640
-5.560000,-0.1922107
-5.552000,-0.1922640
-5.544000,-0.1923174
-5.536000,-0.1922640
-5.528000,-0.1923174
-5.520000,-0.1923174
-5.512000,-0.1923174
-5.504000,-0.1923174
-5.496000,-0.1923174
-5.488000,-0.1923174
-5.480000,-0.1922640
-5.472000,-0.1921574
-5.464000,-0.1922640
-5.456000,-0.1923174
-5.448000,-0.1922640
-5.440000,-0.1923174
-5.432000,-0.1923174
-5.424000,-0.1922640
-5.416000,-0.1922640
-5.408000,-0.1921574
-5.400000,-0.1921574
-5.392000,-0.1922107
-5.384000,-0.1922640
-5.376000,-0.1922640
-5.368000,-0.1921574
-5.360000,-0.1921574
-5.352000,-0.1921574
-5.344000,-0.1921574
-5.336000,-0.1921574
-5.328000,-0.1921574
-5.320000,-0.1922107
-5.312000,-0.1923174
-5.304000,-0.1923174
-5.296000,-0.1922640
-5.288000,-0.1921574
-5.280000,-0.1921574
-5.272000,-0.1922107
-5.264000,-0.1921574
-5.256000,-0.1922107
-5.248000,-0.1922107
-5.240000,-0.1922107
-5.232000,-0.1922107
-5.224000,-0.1921040
-5.216000,-0.1922107
-5.208000,-0.1922107
-5.200000,-0.1921574
-5.192000,-0.1922107
-5.184000,-0.1922107
-5.176000,-0.1921574
-5.168000,-0.1921574
-5.160000,-0.1921574
-5.152000,-0.1921040
-5.144000,-0.1921574
-5.136000,-0.1921574
-5.128000,-0.1921574
-5.120000,-0.1921574
-5.112000,-0.1921040
-5.104000,-0.1920507
-5.096000,-0.1921040
-5.088000,-0.1922107
-5.080000,-0.1922640
-5.072000,-0.1921574
-5.064000,-0.1921574
-5.056000,-0.1921574
-5.048000,-0.1921574
-5.040000,-0.1920507
-5.032000,-0.1920507
-5.024000,-0.1920507
-5.016000,-0.1920507
-5.008000,-0.1921040
-5.000000,-0.1921574
-4.992000,-0.1921040
-4.984000,-0.1921040
-4.976000,-0.1919973
-4.968000,-0.1921040
-4.960000,-0.1920507
-4.952000,-0.1920507
-4.944000,-0.1920507
-4.936000,-0.1919973
-4.928000,-0.1919973
-4.920000,-0.1920507
-4.912000,-0.1920507
-4.904000,-0.1921040
-4.896000,-0.1920507
-4.888000,-0.1920507
-4.880000,-0.1920507
-4.872000,-0.1919973
-4.864000,-0.1921040
-4.856000,-0.1921040
-4.848000,-0.1920507
-4.840000,-0.1920507
-4.832000,-0.1921040
-4.824000,-0.1921040
-4.816000,-0.1921040
-4.808000,-0.1920507
-4.800000,-0.1920507
-4.792000,-0.1920507
-4.784000,-0.1919973
-4.776000,-0.1919440
-4.768000,-0.1919440
-4.760000,-0.1920507
-4.752000,-0.1921040
-4.744000,-0.1919973
-4.736000,-0.1919440
-4.728000,-0.1919440
-4.720000,-0.1918906
-4.712000,-0.1918906
-4.704000,-0.1918906
-4.696000,-0.1918906
-4.688000,-0.1919440
-4.680000,-0.1919440
-4.672000,-0.1919440
-4.664000,-0.1919973
-4.656000,-0.1919440
-4.648000,-0.1918906
-4.640000,-0.1919440
-4.632000,-0.1919440
-4.624000,-0.1918906
-4.616000,-0.1919440
-4.608000,-0.1919440
-4.600000,-0.1919440
-4.592000,-0.1918906
-4.584000,-0.1918373
-4.576000,-0.1918906
-4.568000,-0.1919440
-4.560000,-0.1919973
-4.552000,-0.1919440
-4.544000,-0.1918906
-4.536000,-0.1919440
-4.528000,-0.1919973
-4.520000,-0.1918373
-4.512000,-0.1917840
-4.504000,-0.1918373
-4.496000,-0.1919973
-4.488000,-0.1918906
-4.480000,-0.1918373
-4.472000,-0.1919440
-4.464000,-0.1918906
-4.456000,-0.1917306
-4.448000,-0.1917840
-4.440000,-0.1918906
-4.432000,-0.1919440
-4.424000,-0.1919973
-4.416000,-0.1918906
-4.408000,-0.1918373
-4.400000,-0.1917840
-4.392000,-0.1918906
-4.384000,-0.1918906
-4.376000,-0.1918906
-4.368000,-0.1918906
-4.360000,-0.1918906
-4.352000,-0.1918373
-4.344000,-0.1918906
-4.336000,-0.1918906
-4.328000,-0.1918373
-4.320000,-0.1918373
-4.312000,-0.1917840
-4.304000,-0.1918373
-4.296000,-0.1919440
-4.288000,-0.1918373
-4.280000,-0.1917840
-4.272000,-0.1917840
-4.264000,-0.1918906
-4.256000,-0.1918373
-4.248000,-0.1917840
-4.240000,-0.1919440
-4.232000,-0.1918906
-4.224000,-0.1916773
-4.216000,-0.1917306
-4.208000,-0.1918906
-4.200000,-0.1918906
-4.192000,-0.1918373
-4.184000,-0.1918373
-4.176000,-0.1918373
-4.168000,-0.1917840
-4.160000,-0.1917306
-4.152000,-0.1917840
-4.144000,-0.1918373
-4.136000,-0.1918373
-4.128000,-0.1917840
-4.120000,-0.1917306
-4.112000,-0.1918373
-4.104000,-0.1917840
-4.096000,-0.1917306
-4.088000,-0.1917840
-4.080000,-0.1917840
-4.072000,-0.1917840
-4.064000,-0.1917306
-4.056000,-0.1917840
-4.048000,-0.1917840
-4.040000,-0.1917306
-4.032000,-0.1917306
-4.024000,-0.1918373
-4.016000,-0.1916773
-4.008000,-0.1916773
-4.000000,-0.1916773
-3.992000,-0.1917840
-3.984000,-0.1918373
-3.976000,-0.1918373
-3.968000,-0.1917840
-3.960000,-0.1917840
-3.952000,-0.1917840
-3.944000,-0.1917306
-3.936000,-0.1917306
-3.928000,-0.1916240
-3.920000,-0.1917306
-3.912000,-0.1917840
-3.904000,-0.1917840
-3.896000,-0.1916773
-3.888000,-0.1916240
-3.880000,-0.1917306
-3.872000,-0.1917306
-3.864000,-0.1916773
-3.856000,-0.1916773
-3.848000,-0.1916773
-3.840000,-0.1916773
-3.832000,-0.1917306
-3.824000,-0.1917306
-3.816000,-0.1917306
-3.808000,-0.1917306
-3.800000,-0.1917306
-3.792000,-0.1917840
-3.784000,-0.1918373
-3.776000,-0.1917840
-3.768000,-0.1916240
-3.760000,-0.1916240
-3.752000,-0.1916240
-3.744000,-0.1916773
-3.736000,-0.1916240
-3.728000,-0.1916240
-3.720000,-0.1916773
-3.712000,-0.1916240
-3.704000,-0.1915706
-3.696000,-0.1915706
-3.688000,-0.1916240
-3.680000,-0.1915706
-3.672000,-0.1916240
-3.664000,-0.1916240
-3.656000,-0.1915706
-3.648000,-0.1916773
-3.640000,-0.1916773
-3.632000,-0.1916240
-3.624000,-0.1916773
-3.616000,-0.1915706
-3.608000,-0.1915173
-3.600000,-0.1915706
-3.592000,-0.1916240
-3.584000,-0.1916240
-3.576000,-0.1915706
-3.568000,-0.1915706
-3.560000,-0.1916773
-3.552000,-0.1915706
-3.544000,-0.1915173
-3.536000,-0.1915706
-3.528000,-0.1916240
-3.520000,-0.1915706
-3.512000,-0.1915706
-3.504000,-0.1916240
-3.496000,-0.1916240
-3.488000,-0.1915173
-3.480000,-0.1916240
-3.472000,-0.1915173
-3.464000,-0.1915173
-3.456000,-0.1915706
-3.448000,-0.1915706
-3.440000,-0.1915706
-3.432000,-0.1916240
-3.424000,-0.1915706
-3.416000,-0.1915706
-3.408000,-0.1915706
-3.400000,-0.1915706
-3.392000,-0.1915173
-3.384000,-0.1914639
-3.376000,-0.1915173
-3.368000,-0.1916240
-3.360000,-0.1916773
-3.352000,-0.1915706
-3.344000,-0.1916240
-3.336000,-0.1915706
-3.328000,-0.1915173
-3.320000,-0.1915173
-3.312000,-0.1914639
-3.304000,-0.1914639
-3.296000,-0.1915173
-3.288000,-0.1915173
-3.280000,-0.1915173
-3.272000,-0.1914639
-3.264000,-0.1914639
-3.256000,-0.1915173
-3.248000,-0.1915706
-3.240000,-0.1915173
-3.232000,-0.1914639
-3.224000,-0.1914639
-3.216000,-0.1914639
-3.208000,-0.1914639
-3.200000,-0.1914106
-3.192000,-0.1913573
-3.184000,-0.1914106
-3.176000,-0.1914639
-3.168000,-0.1915173
-3.160000,-0.1915173
-3.152000,-0.1914639
-3.144000,-0.1914639
-3.136000,-0.1914106
-3.128000,-0.1913039
-3.120000,-0.1912506
-3.112000,-0.1913039
-3.104000,-0.1913573
-3.096000,-0.1914106
-3.088000,-0.1914639
-3.080000,-0.1914639
-3.072000,-0.1914639
-3.064000,-0.1914639
-3.056000,-0.1913573
-3.048000,-0.1913573
-3.040000,-0.1913039
-3.032000,-0.1913573
-3.024000,-0.1914639
-3.016000,-0.1915173
-3.008000,-0.1914106
-3.000000,-0.1914106
-2.992000,-0.1913573
-2.984000,-0.1913039
-2.976000,-0.1913039
-2.968000,-0.1913573
-2.960000,-0.1913039
-2.952000,-0.1912506
-2.944000,-0.1912506
-2.936000,-0.1913573
-2.928000,-0.1913573
-2.920000,-0.1913039
-2.912000,-0.1913573
-2.904000,-0.1913039
-2.896000,-0.1913039
-2.888000,-0.1914106
-2.880000,-0.1913573
-2.872000,-0.1913573
-2.864000,-0.1913573
-2.856000,-0.1913573
-2.848000,-0.1913039
-2.840000,-0.1913573
-2.832000,-0.1913573
-2.824000,-0.1912506
-2.816000,-0.1912506
-2.808000,-0.1913039
-2.800000,-0.1913039
-2.792000,-0.1913039
-2.784000,-0.1913573
-2.776000,-0.1913039
-2.768000,-0.1911972
-2.760000,-0.1911972
-2.752000,-0.1913039
-2.744000,-0.1914106
-2.736000,-0.1913573
-2.728000,-0.1913573
-2.720000,-0.1913039
-2.712000,-0.1912506
-2.704000,-0.1913573
-2.696000,-0.1914106
-2.688000,-0.1913573
-2.680000,-0.1913573
-2.672000,-0.1913039
-2.664000,-0.1912506
-2.656000,-0.1911972
-2.648000,-0.1911972
-2.640000,-0.1912506
-2.632000,-0.1912506
-2.624000,-0.1912506
-2.616000,-0.1913039
-2.608000,-0.1912506
-2.600000,-0.1912506
-2.592000,-0.1913039
-2.584000,-0.1913039
-2.576000,-0.1912506
-2.568000,-0.1911972
-2.560000,-0.1911439
-2.552000,-0.1911439
-2.544000,-0.1911972
-2.536000,-0.1911439
-2.528000,-0.1911972
-2.520000,-0.1911439
-2.512000,-0.1910905
-2.504000,-0.1912506
-2.496000,-0.1913039
-2.488000,-0.1913039
-2.480000,-0.1912506
-2.472000,-0.1913573
-2.464000,-0.1913573
-2.456000,-0.1912506
-2.448000,-0.1911972
-2.440000,-0.1911439
-2.432000,-0.1910905
-2.424000,-0.1911439
-2.416000,-0.1911972
-2.408000,-0.1911972
-2.400000,-0.1911439
-2.392000,-0.1911439
-2.384000,-0.1912506
-2.376000,-0.1911972
-2.368000,-0.1911439
-2.360000,-0.1910905
-2.352000,-0.1910372
-2.344000,-0.1910372
-2.336000,-0.1911439
-2.328000,-0.1911972
-2.320000,-0.1911439
-2.312000,-0.1911439
-2.304000,-0.1910905
-2.296000,-0.1910905
-2.288000,-0.1911439
-2.280000,-0.1911439
-2.272000,-0.1911972
-2.264000,-0.1911439
-2.256000,-0.1910372
-2.248000,-0.1910372
-2.240000,-0.1910905
-2.232000,-0.1910905
-2.224000,-0.1910372
-2.216000,-0.1910905
-2.208000,-0.1910905
-2.200000,-0.1910905
-2.192000,-0.1910905
-2.184000,-0.1910905
-2.176000,-0.1910905
-2.168000,-0.1911439
-2.160000,-0.1910905
-2.152000,-0.1910372
-2.144000,-0.1910372
-2.136000,-0.1910905
-2.128000,-0.1910905
-2.120000,-0.1910372
-2.112000,-0.1910372
-2.104000,-0.1910372
-2.096000,-0.1910905
-2.088000,-0.1910372
-2.080000,-0.1910372
-2.072000,-0.1909839
-2.064000,-0.1909839
-2.056000,-0.1910372
-2.048000,-0.1910905
-2.040000,-0.1910372
-2.032000,-0.1910372
-2.024000,-0.1910372
-2.016000,-0.1910905
-2.008000,-0.1910905
-2.000000,-0.1910905
-1.992000,-0.1910372
-1.984000,-0.1909839
-1.976000,-0.1909305
-1.968000,-0.1909305
-1.960000,-0.1910372
-1.952000,-0.1910905
-1.944000,-0.1909839
-1.936000,-0.1909839
-1.928000,-0.1909305
-1.920000,-0.1909305
-1.912000,-0.1910372
-1.904000,-0.1910905
-1.896000,-0.1909839
-1.888000,-0.1909839
-1.880000,-0.1909839
-1.872000,-0.1909839
-1.864000,-0.1910372
-1.856000,-0.1910372
-1.848000,-0.1910372
-1.840000,-0.1909839
-1.832000,-0.1909305
-1.824000,-0.1909839
-1.816000,-0.1908772
-1.808000,-0.1909305
-1.800000,-0.1909305
-1.792000,-0.1909305
-1.784000,-0.1909305
-1.776000,-0.1909305
-1.768000,-0.1909839
-1.760000,-0.1909839
-1.752000,-0.1909839
-1.744000,-0.1909305
-1.736000,-0.1909839
-1.728000,-0.1909305
-1.720000,-0.1909305
-1.712000,-0.1909305
-1.704000,-0.1909305
-1.696000,-0.1909305
-1.688000,-0.1909305
-1.680000,-0.1909839
-1.672000,-0.1908772
-1.664000,-0.1907705
-1.656000,-0.1908239
-1.648000,-0.1909305
-1.640000,-0.1908772
-1.632000,-0.1909305
-1.624000,-0.1909839
-1.616000,-0.1908772
-1.608000,-0.1907705
-1.600000,-0.1908239
-1.592000,-0.1908772
-1.584000,-0.1908239
-1.576000,-0.1908772
-1.568000,-0.1908772
-1.560000,-0.1908772
-1.552000,-0.1909305
-1.544000,-0.1908772
-1.536000,-0.1907705
-1.528000,-0.1907705
-1.520000,-0.1908772
-1.512000,-0.1908772
-1.504000,-0.1909305
-1.496000,-0.1908772
-1.488000,-0.1908239
-1.480000,-0.1908239
-1.472000,-0.1909305
-1.464000,-0.1909839
-1.456000,-0.1909839
-1.448000,-0.1909305
-1.440000,-0.1908772
-1.432000,-0.1908772
-1.424000,-0.1908772
-1.416000,-0.1907705
-1.408000,-0.1908239
-1.400000,-0.1908239
-1.392000,-0.1908239
-1.384000,-0.1908772
-1.376000,-0.1909305
-1.368000,-0.1908239
-1.360000,-0.1908239
-1.352000,-0.1908239
-1.344000,-0.1907705
-1.336000,-0.1908239
-1.328000,-0.1908772
-1.320000,-0.1908239
-1.312000,-0.1907705
-1.304000,-0.1907172
-1.296000,-0.1906638
-1.288000,-0.1907705
-1.280000,-0.1907705
-1.272000,-0.1907705
-1.264000,-0.1908239
-1.256000,-0.1909305
-1.248000,-0.1908772
-1.240000,-0.1908772
-1.232000,-0.1908772
-1.224000,-0.1908772
-1.216000,-0.1907172
-1.208000,-0.1906638
-1.200000,-0.1907172
-1.192000,-0.1907172
-1.184000,-0.1907705
-1.176000,-0.1907172
-1.168000,-0.1907172
-1.160000,-0.1907172
-1.152000,-0.1907172
-1.144000,-0.1907705
-1.136000,-0.1907172
-1.128000,-0.1907172
-1.120000,-0.1907172
-1.112000,-0.1907705
-1.104000,-0.1907172
-1.096000,-0.1906638
-1.088000,-0.1907172
-1.080000,-0.1907705
-1.072000,-0.1907705
-1.064000,-0.1906638
-1.056000,-0.1906638
-1.048000,-0.1907172
-1.040000,-0.1907172
-1.032000,-0.1906638
-1.024000,-0.1906638
-1.016000,-0.1906638
-1.008000,-0.1907172
-1.000000,-0.1907705
-0.992000,-0.1907705
-0.984000,-0.1908239
-0.976000,-0.1908239
-0.968000,-0.1907705
-0.960000,-0.1906638
-0.952000,-0.1907172
-0.944000,-0.1906105
-0.936000,-0.1906638
-0.928000,-0.1907172
-0.920000,-0.1906105
-0.912000,-0.1906105
-0.904000,-0.1905572
-0.896000,-0.1906638
-0.888000,-0.1907172
-0.880000,-0.1906638
-0.872000,-0.1905572
-0.864000,-0.1905572
-0.856000,-0.1905572
-0.848000,-0.1906105
-0.840000,-0.1906638
-0.832000,-0.1905572
-0.824000,-0.1905572
-0.816000,-0.1906105
-0.808000,-0.1906105
-0.800000,-0.1906105
-0.792000,-0.1905572
-0.784000,-0.1905038
-0.776000,-0.1905572
-0.768000,-0.1905572
-0.760000,-0.1906105
-0.752000,-0.1906105
-0.744000,-0.1906105
-0.736000,-0.1906105
-0.728000,-0.1906638
-0.720000,-0.1906638
-0.712000,-0.1906638
-0.704000,-0.1906638
-0.696000,-0.1906105
-0.688000,-0.1906105
-0.680000,-0.1906105
-0.672000,-0.1906105
-0.664000,-0.1905572
-0.656000,-0.1904505
-0.648000,-0.1904505
-0.640000,-0.1904505
-0.632000,-0.1905038
-0.624000,-0.1905572
-0.616000,-0.1906105
-0.608000,-0.1905572
-0.600000,-0.1905572
-0.592000,-0.1905572
-0.584000,-0.1905572
-0.576000,-0.1904505
-0.568000,-0.1904505
-0.560000,-0.1905038
-0.552000,-0.1905038
-0.544000,-0.1904505
-0.536000,-0.1904505
-0.528000,-0.1904505
-0.520000,-0.1904505
-0.512000,-0.1904505
-0.504000,-0.1904505
-0.496000,-0.1903971
-0.488000,-0.1903971
-0.480000,-0.1903971
-0.472000,-0.1903171
-0.464000,-0.1904505
-0.456000,-0.1904505
-0.448000,-0.1903971
-0.440000,-0.1903171
-0.432000,-0.1903171
-0.424000,-0.1903971
-0.416000,-0.1903171
-0.408000,-0.1902638
-0.400000,-0.1902104
-0.392000,-0.1901571
-0.384000,-0.1901038
-0.376000,-0.1901571
-0.368000,-0.1902104
-0.360000,-0.1901038
-0.352000,-0.1899437
-0.344000,-0.1899437
-0.336000,-0.1900504
-0.328000,-0.1899437
-0.320000,-0.1898904
-0.312000,-0.1899437
-0.304000,-0.1899437
-0.296000,-0.1899971
-0.288000,-0.1902638
-0.280000,-0.1910372
-0.272000,-0.1921574
-0.264000,-0.1929575
-0.256000,-0.1932242
-0.248000,-0.1926907
-0.240000,-0.1916773
-0.232000,-0.1903171
-0.224000,-0.1887169
-0.216000,-0.1867700
-0.208000,-0.1850098
-0.200000,-0.1834896
-0.192000,-0.1822628
-0.184000,-0.1811960
-0.176000,-0.1801559
-0.168000,-0.1790890
-0.160000,-0.1775689
-0.152000,-0.1758620
-0.144000,-0.1741818
-0.136000,-0.1726883
-0.128000,-0.1711147
-0.120000,-0.1693545
-0.112000,-0.1675143
-0.104000,-0.1657274
-0.096000,-0.1639672
-0.088000,-0.1620203
-0.080000,-0.1596466
-0.072000,-0.1561529
-0.064000,-0.1492720
-0.056000,-0.1386840
-0.048000,-0.1327633
-0.040000,-0.1342034
-0.032000,-0.1371105
-0.024000,-0.1375905
-0.016000,-0.1335634
-0.008000,-0.1282827
-0.000000,-0.1252157
0.008000,-0.1191882
0.016000,-0.1077468
0.024000,-0.0937984
0.032000,-0.0785165
0.040000,-0.0621678
0.048000,-0.0456324
0.056000,-0.0285902
0.064000,-0.0081344
0.072000,0.0196825
0.080000,0.0542201
0.088000,0.0902246
0.096000,0.1268692
0.104000,0.1698079
0.112000,0.2206142
0.120000,0.2745143
0.128000,0.3299879
0.136000,0.3883952
0.144000,0.4509630
0.152000,0.5188649
0.160000,0.5929008
0.168000,0.6725907
0.176000,0.7577214
0.184000,0.8479193
0.192000,0.9447581
0.200000,1.0505580
0.208000,1.1644122
0.216000,1.2839738
0.224000,1.3989749
0.232000,1.4665566
0.240000,1.4739709
0.248000,1.4739709
0.256000,1.4739709
0.264000,1.4739709
0.272000,1.4739709
0.280000,1.4739709
0.288000,1.4739709
0.296000,1.4739709
0.304000,1.4739709
0.312000,1.4739709
0.320000,1.4739709
0.328000,1.4739709
0.336000,1.4739709
0.344000,1.4739709
0.352000,1.4739709
0.360000,1.4739709
0.368000,1.4739709
0.376000,1.4739709
0.384000,1.4739709
0.392000,1.4739709
0.400000,1.4739709
0.408000,1.4739709
0.416000,1.4739709
0.424000,1.4739709
0.432000,1.4739709
0.440000,1.4739709
0.448000,1.4739709
0.456000,1.4739709
0.464000,1.4739709
0.472000,1.4739709
0.480000,1.4739709
0.488000,1.4739709
0.496000,1.4739709
0.504000,1.4739709
0.512000,1.4739709
0.520000,1.4739709
0.528000,1.4739709
0.536000,1.4739709
0.544000,1.4739709
0.552000,1.4739709
0.560000,1.4739709
0.568000,1.4739709
0.576000,1.4739709
0.584000,1.4739709
0.592000,1.4739709
0.600000,1.4739709
0.608000,1.4739709
0.616000,1.4739709
0.624000,1.4739709
0.632000,1.4739709
0.640000,1.4739709
0.648000,1.4739709
0.656000,1.4739709
0.664000,1.4739709
0.672000,1.4739709
0.680000,1.4739709
0.688000,1.4739709
0.696000,1.4739709
0.704000,1.4739709
0.712000,1.4739709
0.720000,1.4739709
0.728000,1.4739709
0.736000,1.4739709
0.744000,1.4739709
0.752000,1.4739709
0.760000,1.4739709
0.768000,1.4739709
0.776000,1.4739709
0.784000,1.4739709
0.792000,1.4739709
0.800000,1.4739709
0.808000,1.4739709
0.816000,1.4739709
0.824000,1.4739709
0.832000,1.4739709
0.840000,1.4739709
0.848000,1.4739709
0.856000,1.4739709
0.864000,1.4739709
0.872000,1.4739709
0.880000,1.4739709
0.888000,1.4739709
0.896000,1.4739709
0.904000,1.4739709
0.912000,1.4739709
0.920000,1.4739709
0.928000,1.4739709
0.936000,1.4739709
0.944000,1.4739709
0.952000,1.4739709
0.960000,1.4739709
0.968000,1.4739709
0.976000,1.4739709
0.984000,1.4739709
0.992000,1.4739709
1.000000,1.4739709
1.008000,1.4739709
1.016000,1.4739709
1.024000,1.4739709
1.032000,1.4739709
1.040000,1.4739709
1.048000,1.4739709
1.056000,1.4739709
1.064000,1.4739709
1.072000,1.4739709
1.080000,1.4739709
1.088000,1.4739709
1.096000,1.4739709
1.104000,1.4739709
1.112000,1.4739709
1.120000,1.4739709
1.128000,1.4739709
1.136000,1.4739709
1.144000,1.4739709
1.152000,1.4739709
1.160000,1.4739709
1.168000,1.4739709
1.176000,1.4739709
1.184000,1.4739709
1.192000,1.4739709
1.200000,1.4739709
1.208000,1.4739709
1.216000,1.4739709
1.224000,1.4739709
1.232000,1.4739709
1.240000,1.4739709
1.248000,1.4739709
1.256000,1.4739709
1.264000,1.4739709
1.272000,1.4739709
1.280000,1.4739709
1.288000,1.4739709
1.296000,1.4739709
1.304000,1.4739709
1.312000,1.4739709
1.320000,1.4739709
1.328000,1.4739709
1.336000,1.4739709
1.344000,1.4739709
1.352000,1.4739709
1.360000,1.4739709
1.368000,1.4739709
1.376000,1.4739709
1.384000,1.4739709
1.392000,1.4739709
1.400000,1.4739709
1.408000,1.4739709
1.416000,1.4739709
1.424000,1.4739709
1.432000,1.4739709
1.440000,1.4739709
1.448000,1.4739709
1.456000,1.4739709
1.464000,1.4739709
1.472000,1.4739709
1.480000,1.4739709
1.488000,1.4739709
1.496000,1.4739709
1.504000,1.4739709
1.512000,1.4739709
1.520000,1.4739709
1.528000,1.4739709
1.536000,1.4739709
1.544000,1.4739709
1.552000,1.4739709
1.560000,1.4739709
1.568000,1.4739709
1.576000,1.4739709
1.584000,1.4739709
1.592000,1.4739709
1.600000,1.4739709
1.608000,1.4739709
1.616000,1.4739709
1.624000,1.4739709
1.632000,1.4739709
1.640000,1.4739709
1.648000,1.4739709
1.656000,1.4739709
1.664000,1.4739709
1.672000,1.4739709
1.680000,1.4739709
1.688000,1.4739709
1.696000,1.4739709
1.704000,1.4739709
1.712000,1.4739709
1.720000,1.4739709
1.728000,1.4739709
1.736000,1.4739709
1.744000,1.4739709
1.752000,1.4739709
1.760000,1.4739709
1.768000,1.4739709
1.776000,1.4739709
1.784000,1.4739709
1.792000,1.4739709
1.800000,1.4739709
1.808000,1.4739709
1.816000,1.4739709
1.824000,1.4739709
1.832000,1.4739709
1.840000,1.4739709
1.848000,1.4739709
1.856000,1.4739709
1.864000,1.4739709
1.872000,1.4739709
1.880000,1.4739709
1.888000,1.4739709
1.896000,1.4739709
1.904000,1.4739709
1.912000,1.4739709
1.920000,1.4739709
1.928000,1.4739709
1.936000,1.4739709
1.944000,1.4739709
1.952000,1.4739709
1.960000,1.4739709
1.968000,1.4739709
1.976000,1.4739709
1.984000,1.4739709
1.992000,1.4739709
2.000000,1.4739709
2.008000,1.4739709
2.016000,1.4739709
2.024000,1.4739709
2.032000,1.4739709
2.040000,1.4739709
2.048000,1.4739709
2.056000,1.4739709
2.064000,1.4739709
2.072000,1.4739709
2.080000,1.4739709
2.088000,1.4739709
2.096000,1.4739709
2.104000,1.4739709
2.112000,1.4739709
2.120000,1.4739709
2.128000,1.4739709
2.136000,1.4739709
2.144000,1.4739709
2.152000,1.4739709
2.160000,1.4739709
2.168000,1.4739709
2.176000,1.4739709
2.184000,1.4739709
2.192000,1.4739709
2.200000,1.4739709
2.208000,1.4739709
2.216000,1.4739709
2.224000,1.4739709
2.232000,1.4739709
2.240000,1.4739709
2.248000,1.4739709
2.256000,1.4739709
2.264000,1.4739709
2.272000,1.4739709
2.280000,1.4739709
2.288000,1.4739709
2.296000,1.4739709
2.304000,1.4739709
2.312000,1.4739709
2.320000,1.4739709
2.328000,1.4739709
2.336000,1.4739709
2.344000,1.4739709
2.352000,1.4739709
2.360000,1.4739709
2.368000,1.4739709
2.376000,1.4739709
2.384000,1.4739709
2.392000,1.4739709
2.400000,1.4739709
2.408000,1.4739709
2.416000,1.4739709
2.424000,1.4739709
2.432000,1.4739709
2.440000,1.4739709
2.448000,1.4739709
2.456000,1.4739709
2.464000,1.4739709
2.472000,1.4739709
2.480000,1.4739709
2.488000,1.4739709
2.496000,1.4739709
2.504000,1.4739709
2.512000,1.4739709
2.520000,1.4739709
2.528000,1.4739709
2.536000,1.4739709
2.544000,1.4739709
2.552000,1.4739709
2.560000,1.4739709
2.568000,1.4739709
2.576000,1.4739709
2.584000,1.4739709
2.592000,1.4739709
2.600000,1.4739709
2.608000,1.4739709
2.616000,1.4739709
2.624000,1.4739709
2.632000,1.4739709
2.640000,1.4739709
2.648000,1.4739709
2.656000,1.4739709
2.664000,1.4739709
2.672000,1.4739709
2.680000,1.4739709
2.688000,1.4739709
2.696000,1.4739709
2.704000,1.4739709
2.712000,1.4739709
2.720000,1.4739709
2.728000,1.4739709
2.736000,1.4739709
2.744000,1.4739709
2.752000,1.4739709
2.760000,1.4739709
2.768000,1.4739709
2.776000,1.4739709
2.784000,1.4739709
2.792000,1.4739709
2.800000,1.4739709
2.808000,1.4739709
2.816000,1.4739709
2.824000,1.4739709
2.832000,1.4739709
2.840000,1.4739709
2.848000,1.4739709
2.856000,1.4739709
2.864000,1.4739709
2.872000,1.4739709
2.880000,1.4739709
2.888000,1.4739709
2.896000,1.4739709
2.904000,1.4739709
2.912000,1.4739709
2.920000,1.4739709
2.928000,1.4739709
2.936000,1.4739709
2.944000,1.4739709
2.952000,1.4739709
2.960000,1.4739709
2.968000,1.4739709
2.976000,1.4739709
2.984000,1.4739709
2.992000,1.4739709
3.000000,1.4739709
3.008000,1.4739709
3.016000,1.4739709
3.024000,1.4739709
3.032000,1.4739709
3.040000,1.4739709
3.048000,1.4739709
3.056000,1.4739709
3.064000,1.4739709
3.072000,1.4739709
3.080000,1.4739709
3.088000,1.4739709
3.096000,1.4739709
3.104000,1.4739709
3.112000,1.4739709
3.120000,1.4739709
3.128000,1.4739709
3.136000,1.4739709
3.144000,1.4739709
3.152000,1.4739709
3.160000,1.4739709
3.168000,1.4739709
3.176000,1.4739709
3.184000,1.4739709
3.192000,1.4739709
3.200000,1.4739709
3.208000,1.4739709
3.216000,1.4739709
3.224000,1.4739709
3.232000,1.4739709
3.240000,1.4739709
3.248000,1.4739709
3.256000,1.4739709
3.264000,1.4739709
3.272000,1.4739709
3.280000,1.4739709
3.288000,1.4739709
3.296000,1.4739709
3.304000,1.4739709
3.312000,1.4739709
3.320000,1.4739709
3.328000,1.4739709
3.336000,1.4739709
3.344000,1.4739709
3.352000,1.4739709
3.360000,1.4739709
3.368000,1.4739709
3.376000,1.4739709
3.384000,1.4739709
3.392000,1.4739709
3.400000,1.4739709
3.408000,1.4739709
3.416000,1.4739709
3.424000,1.4739709
3.432000,1.4739709
3.440000,1.4739709
3.448000,1.4739709
3.456000,1.4739709
3.464000,1.4739709
3.472000,1.4739709
3.480000,1.4739709
3.488000,1.4739709
3.496000,1.4739709
3.504000,1.4739709
3.512000,1.4739709
3.520000,1.4739709
3.528000,1.4739709
3.536000,1.4739709
3.544000,1.4739709
3.552000,1.4739709
3.560000,1.4739709
3.568000,1.4739709
3.576000,1.4739709
3.584000,1.4739709
3.592000,1.4739709
3.600000,1.4739709
3.608000,1.4739709
3.616000,1.4739709
3.624000,1.4739709
3.632000,1.4739709
3.640000,1.4739709
3.648000,1.4739709
3.656000,1.4739709
3.664000,1.4739709
3.672000,1.4739709
3.680000,1.4739709
3.688000,1.4739709
3.696000,1.4739709
3.704000,1.4739709
3.712000,1.4739709
3.720000,1.4739709
3.728000,1.4739709
3.736000,1.4739709
3.744000,1.4739709
3.752000,1.4739709
3.760000,1.4739709
3.768000,1.4739709
3.776000,1.4739709
3.784000,1.4739709
3.792000,1.4739709
3.800000,1.4739709
3.808000,1.4739709
3.816000,1.4739709
3.824000,1.4739709
3.832000,1.4739709
3.840000,1.4739709
3.848000,1.4739709
3.856000,1.4739709
3.864000,1.4739709
3.872000,1.4739709
3.880000,1.4739709
3.888000,1.4739709
3.896000,1.4739709
3.904000,1.4739709
3.912000,1.4739709
3.920000,1.4739709
3.928000,1.4739709
3.936000,1.4739709
3.944000,1.4739709
3.952000,1.4739709
3.960000,1.4739709
3.968000,1.4739709
3.976000,1.4739709
3.984000,1.4739709
3.992000,1.4739709
4.000000,1.4739709
4.008000,1.4739709
4.016000,1.4739709
4.024000,1.4739709
4.032000,1.4739709
4.040000,1.4739709
4.048000,1.4739709
4.056000,1.4739709
4.064000,1.4739709
4.072000,1.4739709
4.080000,1.4739709
4.088000,1.4739709
4.096000,1.4739709
4.104000,1.4739709
4.112000,1.4739709
4.120000,1.4739709
4.128000,1.4739709
4.136000,1.4739709
4.144000,1.4739709
4.152000,1.4739709
4.160000,1.4739709
4.168000,1.4739709
4.176000,1.4739709
4.184000,1.4739709
4.192000,1.4739709
4.200000,1.4739709
4.208000,1.4739709
4.216000,1.4739709
4.224000,1.4739709
4.232000,1.4739709
4.240000,1.4739709
4.248000,1.4739709
4.256000,1.4739709
4.264000,1.4739709
4.272000,1.4739709
4.280000,1.4739709
4.288000,1.4739709
4.296000,1.4739709
4.304000,1.4739709
4.312000,1.4739709
4.320000,1.4739709
4.328000,1.4739709
4.336000,1.4739709
4.344000,1.4739709
4.352000,1.4739709
4.360000,1.4739709
4.368000,1.4739709
4.376000,1.4739709
4.384000,1.4739709
4.392000,1.4739709
4.400000,1.4739709
4.408000,1.4739709
4.416000,1.4739709
4.424000,1.4739709
4.432000,1.4739709
4.440000,1.4739709
4.448000,1.4739709
4.456000,1.4739709
4.464000,1.4739709
4.472000,1.4739709
4.480000,1.4739709
4.488000,1.4739709
4.496000,1.4739709
4.504000,1.4739709
4.512000,1.4739709
4.520000,1.4739709
4.528000,1.4739709
4.536000,1.4739709
4.544000,1.4739709
4.552000,1.4739709
4.560000,1.4739709
4.568000,1.4739709
4.576000,1.4739709
4.584000,1.4739709
4.592000,1.4739709
4.600000,1.4739709
4.608000,1.4739709
4.616000,1.4739709
4.624000,1.4739709
4.632000,1.4739709
4.640000,1.4739709
4.648000,1.4739709
4.656000,1.4739709
4.664000,1.4739709
4.672000,1.4739709
4.680000,1.4739709
4.688000,1.4739709
4.696000,1.4739709
4.704000,1.4739709
4.712000,1.4739709
4.720000,1.4739709
4.728000,1.4739709
4.736000,1.4739709
4.744000,1.4739709
4.752000,1.4739709
4.760000,1.4739709
4.768000,1.4739709
4.776000,1.4739709
4.784000,1.4739709
4.792000,1.4739709
4.800000,1.4739709
4.808000,1.4739709
4.816000,1.4739709
4.824000,1.4739709
4.832000,1.4739709
4.840000,1.4739709
4.848000,1.4739709
4.856000,1.4739709
4.864000,1.4739709
4.872000,1.4739709
4.880000,1.4739709
4.888000,1.4739709
4.896000,1.4739709
4.904000,1.4739709
4.912000,1.4739709
4.920000,1.4739709
4.928000,1.4739709
4.936000,1.4739709
4.944000,1.4739709
4.952000,1.4739709
4.960000,1.4739709
4.968000,1.4739709
4.976000,1.4739709
4.984000,1.4739709
4.992000,1.4739709
5.000000,1.4739709
5.008000,1.4739709
5.016000,1.4739709
5.024000,1.4739709
5.032000,1.4739709
5.040000,1.4739709
5.048000,1.4739709
5.056000,1.4739709
5.064000,1.4739709
5.072000,1.4739709
5.080000,1.4739709
5.088000,1.4739709
5.096000,1.4739709
5.104000,1.4739709
5.112000,1.4739709
5.120000,1.4739709
5.128000,1.4739709
5.136000,1.4739709
5.144000,1.4739709
5.152000,1.4739709
5.160000,1.4739709
5.168000,1.4739709
5.176000,1.4739709
5.184000,1.4739709
5.192000,1.4739709
5.200000,1.4739709
5.208000,1.4739709
5.216000,1.4739709
5.224000,1.4739709
5.232000,1.4739709
5.240000,1.4739709
5.248000,1.4739709
5.256000,1.4739709
5.264000,1.4739709
5.272000,1.4739709
5.280000,1.4739709
5.288000,1.4739709
5.296000,1.4739709
5.304000,1.4739709
5.312000,1.4739709
5.320000,1.4739709
5.328000,1.4739709
5.336000,1.4739709
5.344000,1.4739709
5.352000,1.4739709
5.360000,1.4739709
5.368000,1.4739709
5.376000,1.4739709
5.384000,1.4739709
5.392000,1.4739709
5.400000,1.4739709
5.408000,1.4739709
5.416000,1.4739709
5.424000,1.4739709
5.432000,1.4739709
5.440000,1.4739709
5.448000,1.4739709
5.456000,1.4739709
5.464000,1.4739709
5.472000,1.4739709
5.480000,1.4739709
5.488000,1.4739709
5.496000,1.4739709
5.504000,1.4739709
5.512000,1.4739709
5.520000,1.4739709
5.528000,1.4739709
5.536000,1.4739709
5.544000,1.4739709
5.552000,1.4739709
5.560000,1.4739709
5.568000,1.4739709
5.576000,1.4739709
5.584000,1.4739709
5.592000,1.4739709
5.600000,1.4739709
5.608000,1.4739709
5.616000,1.4739709
5.624000,1.4739709
5.632000,1.4739709
5.640000,1.4739709
5.648000,1.4739709
5.656000,1.4739709
5.664000,1.4739709
5.672000,1.4739709
5.680000,1.4739709
5.688000,1.4739709
5.696000,1.4739709
5.704000,1.4739709
5.712000,1.4739709
5.720000,1.4739709
5.728000,1.4739709
5.736000,1.4739709
5.744000,1.4739709
5.752000,1.4739709
5.760000,1.4739709
5.768000,1.4739709
5.776000,1.4739709
5.784000,1.4739709
5.792000,1.4739709
5.800000,1.4739709
5.808000,1.4739709
5.816000,1.4739709
5.824000,1.4739709
5.832000,1.4739709
5.840000,1.4739709
5.848000,1.4739709
5.856000,1.4739709
5.864000,1.4739709
5.872000,1.4739709
5.880000,1.4739709
5.888000,1.4739709
5.896000,1.4739709
5.904000,1.4739709
5.912000,1.4739709
5.920000,1.4739709
5.928000,1.4739709
5.936000,1.4739709
5.944000,1.4739709
5.952000,1.4739709
5.960000,1.4739709
5.968000,1.4739709
5.976000,1.4739709
5.984000,1.4739709
5.992000,1.4739709
6.000000,1.4739709
6.008000,1.4739709
6.016000,1.4739709
6.024000,1.4739709
6.032000,1.4739709
6.040000,1.4739709
6.048000,1.4739709
6.056000,1.4739709
6.064000,1.4739709
6.072000,1.4739709
6.080000,1.4739709
6.088000,1.4739709
6.096000,1.4739709
6.104000,1.4739709
6.112000,1.4739709
6.120000,1.4739709
6.128000,1.4739709
6.136000,1.4739709
6.144000,1.4739709
6.152000,1.4739709
6.160000,1.4739709
6.168000,1.4739709
6.176000,1.4739709
6.184000,1.4739709
6.192000,1.4739709
6.200000,1.4739709
6.208000,1.4739709
6.216000,1.4739709
6.224000,1.4739709
6.232000,1.4739709
6.240000,1.4739709
6.248000,1.4739709
6.256000,1.4739709
6.264000,1.4739709
6.272000,1.4739709
6.280000,1.4739709
6.288000,1.4739709
6.296000,1.4739709
6.304000,1.4739709
6.312000,1.4739709
6.320000,1.4739709
6.328000,1.4739709
6.336000,1.4739709
6.344000,1.4739709
6.352000,1.4739709
6.360000,1.4739709
6.368000,1.4739709
6.376000,1.4739709
6.384000,1.4739709
6.392000,1.4739709
6.400000,1.4739709
6.408000,1.4739709
6.416000,1.4739709
6.424000,1.4739709
6.432000,1.4739709
6.440000,1.4739709
6.448000,1.4739709
6.456000,1.4739709
6.464000,1.4739709
6.472000,1.4739709
6.480000,1.4739709
6.488000,1.4739709
6.496000,1.4739709
6.504000,1.4739709
6.512000,1.4739709
6.520000,1.4739709
6.528000,1.4739709
6.536000,1.4739709
6.544000,1.4739709
6.552000,1.4739709
6.560000,1.4739709
6.568000,1.4739709
6.576000,1.4739709
6.584000,1.4739709
6.592000,1.4739709
6.600000,1.4739709
6.608000,1.4739709
6.616000,1.4739709
6.624000,1.4739709
6.632000,1.4739709
6.640000,1.4739709
6.648000,1.4739709
6.656000,1.4739709
6.664000,1.4739709
6.672000,1.4739709
6.680000,1.4739709
6.688000,1.4739709
6.696000,1.4739709
6.704000,1.4739709
6.712000,1.4739709
6.720000,1.4739709
6.728000,1.4739709
6.736000,1.4739709
6.744000,1.4739709
6.752000,1.4739709
6.760000,1.4739709
6.768000,1.4739709
6.776000,1.4739709
6.784000,1.4739709
6.792000,1.4739709
6.800000,1.4739709
6.808000,1.4739709
6.816000,1.4739709
6.824000,1.4739709
6.832000,1.4739709
6.840000,1.4739709
6.848000,1.4739709
6.856000,1.4739709
6.864000,1.4739709
6.872000,1.4739709
6.880000,1.4739709
6.888000,1.4739709
6.896000,1.4739709
6.904000,1.4739709
6.912000,1.4739709
6.920000,1.4739709
6.928000,1.4739709
6.936000,1.4739709
6.944000,1.4739709
6.952000,1.4739709
6.960000,1.4739709
6.968000,1.4739709
6.976000,1.4739709
6.984000,1.4739709
6.992000,1.4739709
7.000000,1.4739709
7.008000,1.4739709
7.016000,1.4739709
7.024000,1.4739709
7.032000,1.4739709
7.040000,1.4739709
7.048000,1.4739709
7.056000,1.4739709
7.064000,1.4739709
7.072000,1.4739709
7.080000,1.4739709
7.088000,1.4739709
7.096000,1.4739709
7.104000,1.4739709
7.112000,1.4739709
7.120000,1.4739709
7.128000,1.4739709
7.136000,1.4739709
7.144000,1.4739709
7.152000,1.4739709
7.160000,1.4739709
7.168000,1.4739709
7.176000,1.4739709
7.184000,1.4739709
7.192000,1.4739709
7.200000,1.4739709
7.208000,1.4739709
7.216000,1.4739709
7.224000,1.4739709
7.232000,1.4739709
7.240000,1.4739709
7.248000,1.4739709
7.256000,1.4739709
7.264000,1.4739709
7.272000,1.4739709
7.280000,1.4739709
7.288000,1.4739709
7.296000,1.4739709
7.304000,1.4739709
7.312000,1.4739709
7.320000,1.4739709
7.328000,1.4739709
7.336000,1.4739709
7.344000,1.4739709
7.352000,1.4739709
7.360000,1.4739709
7.368000,1.4739709
7.376000,1.4739709
7.384000,1.4739709
7.392000,1.4739709
7.400000,1.4739709
7.408000,1.4739709
7.416000,1.4739709
7.424000,1.4739709
7.432000,1.4739709
7.440000,1.4739709
7.448000,1.4739709
7.456000,1.4739709
7.464000,1.4739709
7.472000,1.4739709
7.480000,1.4739709
7.488000,1.4739709
7.496000,1.4739709
7.504000,1.4739709
7.512000,1.4739709
7.520000,1.4739709
7.528000,1.4739709
7.536000,1.4739709
7.544000,1.4739709
7.552000,1.4739709
7.560000,1.4739709
7.568000,1.4739709
7.576000,1.4739709
7.584000,1.4739709
7.592000,1.4739709
7.600000,1.4739709
7.608000,1.4739709
7.616000,1.4739709
7.624000,1.4739709
7.632000,1.4739709
7.640000,1.4739709
7.648000,1.4739709
7.656000,1.4739709
7.664000,1.4739709
7.672000,1.4739709
7.680000,1.4739709
7.688000,1.4739709
7.696000,1.4739709
7.704000,1.4739709
7.712000,1.4739709
7.720000,1.4739709
7.728000,1.4739709
7.736000,1.4739709
7.744000,1.4739709
7.752000,1.4739709
7.760000,1.4739709
7.768000,1.4739709
7.776000,1.4739709
7.784000,1.4739709
7.792000,1.4739709
7.800000,1.4739709
7.808000,1.4739709
7.816000,1.4739709
7.824000,1.4739709
7.832000,1.4739709
7.840000,1.4739709
7.848000,1.4739709
7.856000,1.4739709
7.864000,1.4739709
7.872000,1.4739709
7.880000,1.4739709
7.888000,1.4739709
7.896000,1.4739709
7.904000,1.4739709
7.912000,1.4739709
7.920000,1.4739709
7.928000,1.4739709
7.936000,1.4739709
7.944000,1.4739709
7.952000,1.4739709
7.960000,1.4739709
7.968000,1.4739709
7.976000,1.4739709
7.984000,1.4739709
7.992000,1.4739709
8.000000,1.4739709
8.008000,1.4739709
8.016000,1.4739709
8.024000,1.4739709
8.032000,1.4739709
8.040000,1.4739709
8.048000,1.4739709
8.056000,1.4739709
8.064000,1.4739709
8.072000,1.4739709
8.080000,1.4739709
8.088000,1.4739709
8.096000,1.4739709
8.104000,1.4739709
8.112000,1.4739709
8.120000,1.4739709
8.128000,1.4739709
8.136000,1.4739709
8.144000,1.4739709
8.152000,1.4739709
8.160000,1.4739709
8.168000,1.4739709
8.176000,1.4739709
8.184000,1.4739709
8.192000,1.4739709
8.200000,1.4739709
8.208000,1.4739709
8.216000,1.4739709
8.224000,1.4739709
8.232000,1.4739709
8.240000,1.4739709
8.248000,1.4739709
8.256000,1.4739709
8.264000,1.4739709
8.272000,1.4739709
8.280000,1.4739709
8.288000,1.4739709
8.296000,1.4739709
8.304000,1.4739709
8.312000,1.4739709
8.320000,1.4739709
8.328000,1.4739709
8.336000,1.4739709
8.344000,1.4739709
8.352000,1.4739709
8.360000,1.4739709
8.368000,1.4739709
8.376000,1.4739709
8.384000,1.4739709
8.392000,1.4739709
8.400000,1.4739709
8.408000,1.4739709
8.416000,1.4739709
8.424000,1.4739709
8.432000,1.4739709
8.440000,1.4739709
8.448000,1.4739709
8.456000,1.4739709
8.464000,1.4739709
8.472000,1.4739709
8.480000,1.4739709
8.488000,1.4739709
8.496000,1.4739709
8.504000,1.4739709
8.512000,1.4739709
8.520000,1.4739709
8.528000,1.4739709
8.536000,1.4739709
8.544000,1.4739709
8.552000,1.4739709
8.560000,1.4739709
8.568000,1.4739709
8.576000,1.4739709
8.584000,1.4739709
8.592000,1.4739709
8.600000,1.4739709
8.608000,1.4739709
8.616000,1.4739709
8.624000,1.4739709
8.632000,1.4739709
8.640000,1.4739709
8.648000,1.4739709
8.656000,1.4739709
8.664000,1.4739709
8.672000,1.4739709
8.680000,1.4739709
8.688000,1.4739709
8.696000,1.4739709
8.704000,1.4739709
8.712000,1.4739709
8.720000,1.4739709
8.728000,1.4739709
8.736000,1.4739709
8.744000,1.4739709
8.752000,1.4739709
8.760000,1.4739709
8.768000,1.4739709
8.776000,1.4739709
8.784000,1.4739709
8.792000,1.4739709
8.800000,1.4739709
8.808000,1.4739709
8.816000,1.4739709
8.824000,1.4739709
8.832000,1.4739709
8.840000,1.4739709
8.848000,1.4739709
8.856000,1.4739709
8.864000,1.4739709
8.872000,1.4739709
8.880000,1.4739709
8.888000,1.4739709
8.896000,1.4739709
8.904000,1.4739709
8.912000,1.4739709
8.920000,1.4739709
8.928000,1.4739709
8.936000,1.4739709
8.944000,1.4739709
8.952000,1.4739709
8.960000,1.4739709
8.968000,1.4739709
8.976000,1.4739709
8.984000,1.4739709
8.992000,1.4739709
9.000000,1.4739709
9.008000,1.4739709
9.016000,1.4739709
9.024000,1.4739709
9.032000,1.4739709
9.040000,1.4739709
9.048000,1.4739709
9.056000,1.4739709
9.064000,1.4739709
9.072000,1.4739709
9.080000,1.4739709
9.088000,1.4739709
9.096000,1.4739709
9.104000,1.4739709
9.112000,1.4739709
9.120000,1.4739709
9.128000,1.4739709
9.136000,1.4739709
9.144000,1.4739709
9.152000,1.4739709
9.160000,1.4739709
9.168000,1.4739709
9.176000,1.4739709
9.184000,1.4739709
9.192000,1.4739709
9.200000,1.4739709
9.208000,1.4739709
9.216000,1.4739709
9.224000,1.4739709
9.232000,1.4739709
9.240000,1.4739709
9.248000,1.4739709
9.256000,1.4739709
9.264000,1.4739709
9.272000,1.4739709
9.280000,1.4739709
9.288000,1.4739709
9.296000,1.4739709
9.304000,1.4739709
9.312000,1.4739709
9.320000,1.4739709
9.328000,1.4739709
9.336000,1.4739709
9.344000,1.4739709
9.352000,1.4739709
9.360000,1.4739709
9.368000,1.4739709
9.376000,1.4739709
9.384000,1.4739709
9.392000,1.4739709
9.400000,1.4739709
9.408000,1.4739709
9.416000,1.4739709
9.424000,1.4739709
9.432000,1.4739709
9.440000,1.4739709
9.448000,1.4739709
9.456000,1.4739709
9.464000,1.4739709
9.472000,1.4739709
9.480000,1.4739709
9.488000,1.4739709
9.496000,1.4739709
9.504000,1.4739709
9.512000,1.4739709
9.520000,1.4739709
9.528000,1.4739709
9.536000,1.4739709
9.544000,1.4739709
9.552000,1.4739709
9.560000,1.4739709
9.568000,1.4739709
9.576000,1.4739709
9.584000,1.4739709
9.592000,1.4739709
9.600000,1.4739709
9.608000,1.4739709
9.616000,1.4739709
9.624000,1.4739709
9.632000,1.4739709
9.640000,1.4739709
9.648000,1.4739709
9.656000,1.4739709
9.664000,1.4739709
9.672000,1.4739709
9.680000,1.4739709
9.688000,1.4739709
9.696000,1.4739709
9.704000,1.4739709
9.712000,1.4739709
9.720000,1.4739709
9.728000,1.4739709
9.736000,1.4739709
9.744000,1.4739709
9.752000,1.4739709
9.760000,1.4739709
9.768000,1.4739709
9.776000,1.4739709
9.784000,1.4739709
9.792000,1.4739709
9.800000,1.4739709
9.808000,1.4739709
9.816000,1.4739709
9.824000,1.4739709
9.832000,1.4739709
9.840000,1.4739709
9.848000,1.4739709
9.856000,1.4739709
9.864000,1.4739709
9.872000,1.4739709
9.880000,1.4739709
9.888000,1.4739709
9.896000,1.4739709
9.904000,1.4739709
9.912000,1.4739709
9.920000,1.4739709
9.928000,1.4739709
9.936000,1.4739709
9.944000,1.4739709
9.952000,1.4739709
9.960000,1.4739709
9.968000,1.4739709
9.976000,1.4739709
9.984000,1.4739709
9.992000,1.4739709
10.000000,1.4739709
10.008000,1.4739709
10.016000,1.4739709
10.024000,1.4739709
10.032000,1.4739709
10.040000,1.4739709
10.048000,1.4739709
10.056000,1.4739709
10.064000,1.4739709
10.072000,1.4739709
10.080000,1.4739709
10.088000,1.4739709
10.096000,1.4739709
10.104000,1.4739709
10.112000,1.4739709
10.120000,1.4739709
10.128000,1.4739709
10.136000,1.4739709
10.144000,1.4739709
10.152000,1.4739709
10.160000,1.4739709
10.168000,1.4739709
10.176000,1.4739709
10.184000,1.4739709
10.192000,1.4739709
10.200000,1.4739709
10.208000,1.4739709
10.216000,1.4739709
10.224000,1.4739709
10.232000,1.4739709
10.240000,1.4739709
10.248000,1.4739709
10.256000,1.4739709
10.264000,1.4739709
10.272000,1.4739709
10.280000,1.4739709
10.288000,1.4739709
10.296000,1.4739709
10.304000,1.4739709
10.312000,1.4739709
10.320000,1.4739709
10.328000,1.4739709
10.336000,1.4739709
10.344000,1.4739709
10.352000,1.4739709
10.360000,1.4739709
10.368000,1.4739709
10.376000,1.4739709
10.384000,1.4739709
10.392000,1.4739709
10.400000,1.4739709
10.408000,1.4739709
10.416000,1.4739709
10.424000,1.4739709
10.432000,1.4739709
10.440000,1.4739709
10.448000,1.4739709
10.456000,1.4739709
10.464000,1.4739709
10.472000,1.4739709
10.480000,1.4739709
10.488000,1.4739709
10.496000,1.4739709
10.504000,1.4739709
10.512000,1.4739709
10.520000,1.4739709
10.528000,1.4739709
10.536000,1.4739709
10.544000,1.4739709
10.552000,1.4739709
10.560000,1.4739709
10.568000,1.4739709
10.576000,1.4739709
10.584000,1.4739709
10.592000,1.4739709
10.600000,1.4739709
10.608000,1.4739709
10.616000,1.4739709
10.624000,1.4739709
10.632000,1.4739709
10.640000,1.4739709
10.648000,1.4739709
10.656000,1.4739709
10.664000,1.4739709
10.672000,1.4739709
10.680000,1.4739709
10.688000,1.4739709
10.696000,1.4739709
10.704000,1.4739709
10.712000,1.4739709
10.720000,1.4739709
10.728000,1.4739709
10.736000,1.4739709
10.744000,1.4739709
10.752000,1.4739709
10.760000,1.4739709
10.768000,1.4739709
10.776000,1.4739709
10.784000,1.4739709
10.792000,1.4739709
10.800000,1.4739709
10.808000,1.4673567
10.816000,1.4599958
10.824000,1.4526082
10.832000,1.4452473
10.840000,1.4379130
10.848000,1.4306055
10.856000,1.4231912
10.864000,1.4158570
10.872000,1.4085494
10.880000,1.4013752
10.888000,1.3942276
10.896000,1.3870800
10.904000,1.3801458
10.912000,1.3732916
10.920000,1.3661441
10.928000,1.3589965
10.936000,1.3517690
10.944000,1.3447814
10.952000,1.3377939
10.960000,1.3308330
10.968000,1.3241122
10.976000,1.3172846
10.984000,1.3105638
10.992000,1.3037896
11.000000,1.2970955
11.008000,1.2903746
11.016000,1.2834938
11.024000,1.2766662
11.032000,1.2700521
11.040000,1.2635179
11.048000,1.2569571
11.056000,1.2504496
11.064000,1.2439955
11.072000,1.2374347
11.080000,1.2309805
11.088000,1.2244730
11.096000,1.2180722
11.104000,1.2114848
11.112000,1.2051373
11.120000,1.1987898
11.128000,1.1923890
11.136000,1.1862016
11.144000,1.1799075
11.152000,1.1736667
11.160000,1.1674792
11.168000,1.1614518
11.176000,1.1553177
11.184000,1.1490769
11.192000,1.1430495
11.200000,1.1369154
11.208000,1.1308880
11.216000,1.1248072
11.224000,1.1189932
11.232000,1.1131258
11.240000,1.1073651
11.248000,1.1014710
11.256000,1.0955503
11.264000,1.0897362
11.272000,1.0838688
11.280000,1.0780014
11.288000,1.0721340
11.296000,1.0664800
11.304000,1.0608259
11.312000,1.0550652
11.320000,1.0495445
11.328000,1.0438905
11.336000,1.0383431
11.344000,1.0327958
11.352000,1.0273551
11.360000,1.0219411
11.368000,1.0163404
11.376000,1.0108997
11.384000,1.0054057
11.392000,0.9999116
11.400000,0.9945510
11.408000,0.9891103
11.416000,0.9838830
11.424000,0.9787623
11.432000,0.9734550
11.440000,0.9681210
11.448000,0.9628403
11.456000,0.9577464
11.464000,0.9526257
11.472000,0.9473451
11.480000,0.9422244
11.488000,0.9371838
11.496000,0.9320632
11.504000,0.9270225
11.512000,0.9220086
11.520000,0.9171013
11.528000,0.9122740
11.536000,0.9072601
11.544000,0.9022994
11.552000,0.8974722
11.560000,0.8924582
11.568000,0.8877376
11.576000,0.8829904
11.584000,0.8780564
11.592000,0.8732025
11.600000,0.8684552
11.608000,0.8637346
11.616000,0.8591474
11.624000,0.8544801
11.632000,0.8497329
11.640000,0.8453323
11.648000,0.8409584
11.656000,0.8361845
11.664000,0.8315439
11.672000,0.8270367
11.680000,0.8225028
11.688000,0.8180489
11.696000,0.8135684
11.704000,0.8090078
11.712000,0.8044205
11.720000,0.8000200
11.728000,0.7955128
11.736000,0.7912456
11.744000,0.7868983
11.752000,0.7823644
11.760000,0.7782306
11.768000,0.7740434
11.776000,0.7696695
11.784000,0.7654823
11.792000,0.7613752
11.800000,0.7570813
11.808000,0.7528941
11.816000,0.7487869
11.824000,0.7448131
11.832000,0.7404659
11.840000,0.7362520
11.848000,0.7322249
11.856000,0.7280910
11.864000,0.7240905
11.872000,0.7201167
11.880000,0.7161962
11.888000,0.7121423
11.896000,0.7082752
11.904000,0.7043547
11.912000,0.7002475
11.920000,0.6964337
11.928000,0.6927266
11.936000,0.6888061
11.944000,0.6848056
11.952000,0.6810985
11.960000,0.6772847
11.968000,0.6733642
11.976000,0.6695770
11.984000,0.6658166
11.992000,0.6622161
12.000000,0.6584556
12.008000,0.6548018
12.016000,0.6511214
12.024000,0.6474142
12.032000,0.6437071
12.040000,0.6402134
12.048000,0.6368263
12.056000,0.6332258
12.064000,0.6294387
12.072000,0.6259449
12.080000,0.6226112
12.088000,0.6190640
12.096000,0.6155169
12.104000,0.6121298
12.112000,0.6087427
12.120000,0.6051690
12.128000,0.6016752
12.136000,0.5983948
12.144000,0.5951677
12.152000,0.5917273
12.160000,0.5883402
12.168000,0.5850598
12.176000,0.5819394
12.184000,0.5787657
12.192000,0.5755386
12.200000,0.5722582
12.208000,0.5690311
12.216000,0.5659641
12.224000,0.5626570
12.232000,0.5594833
12.240000,0.5562562
12.248000,0.5531891
12.256000,0.5499087
12.264000,0.5467883
12.272000,0.5438280
12.280000,0.5408676
12.288000,0.5378006
12.296000,0.5345201
12.304000,0.5313998
12.312000,0.5284394
12.320000,0.5255323
12.328000,0.5223053
12.336000,0.5193449
12.344000,0.5165446
12.352000,0.5136909
12.360000,0.5108105
12.368000,0.5077435
12.376000,0.5048898
12.384000,0.5019827
12.392000,0.4991824
12.400000,0.4963820
12.408000,0.4934750
12.416000,0.4906213
12.424000,0.4878743
12.432000,0.4852340
12.440000,0.4824336
12.448000,0.4795266
12.456000,0.4767796
12.464000,0.4743259
12.472000,0.4716323
12.480000,0.4688319
12.488000,0.4660849
12.496000,0.4634979
12.504000,0.4609109
12.512000,0.4582706
12.520000,0.4556570
12.528000,0.4529633
12.536000,0.4502696
12.544000,0.4477893
12.552000,0.4453623
12.560000,0.4429354
12.568000,0.4402684
12.576000,0.4376814
12.584000,0.4352544
12.592000,0.4328274
12.600000,0.4304005
12.608000,0.4278668
12.616000,0.4254132
12.624000,0.4230395
12.632000,0.4206659
12.640000,0.4182923
12.648000,0.4159987
12.656000,0.4134650
12.664000,0.4110380
12.672000,0.4087711
12.680000,0.4064508
12.688000,0.4041572
12.696000,0.4018369
12.704000,0.3994633
12.712000,0.3970363
12.720000,0.3947960
12.728000,0.3926357
12.736000,0.3904221
12.744000,0.3883419
12.752000,0.3860216
12.760000,0.3836480
12.768000,0.3814343
12.776000,0.3793541
12.784000,0.3773538
12.792000,0.3753002
12.800000,0.3731133
12.808000,0.3708463
12.816000,0.3686861
12.824000,0.3665792
12.832000,0.3646589
12.840000,0.3627120
12.848000,0.3606051
12.856000,0.3585248
12.864000,0.3563112
12.872000,0.3543110
12.880000,0.3524441
12.888000,0.3504971
12.896000,0.3485769
12.904000,0.3466300
12.912000,0.3444164
12.920000,0.3424428
12.928000,0.3405492
12.936000,0.3386557
12.944000,0.3367888
12.952000,0.3349485
12.960000,0.3330550
12.968000,0.3310280
12.976000,0.3289745
12.984000,0.3271076
12.992000,0.3252140
13.000000,0.3234804
13.008000,0.3216135
13.016000,0.3198266
13.024000,0.3180131
13.032000,0.3161195
13.040000,0.3143326
13.048000,0.3126257
13.056000,0.3108388
13.064000,0.3091320
13.072000,0.3074518
13.080000,0.3057982
13.088000,0.3040113
13.096000,0.3021178
13.104000,0.3004109
13.112000,0.2987840
13.120000,0.2971838
13.128000,0.2955569
13.136000,0.2939567
13.144000,0.2923299
13.152000,0.2906763
13.160000,0.2889428
13.168000,0.2872892
13.176000,0.2857691
13.184000,0.2841689
13.192000,0.2825953
13.200000,0.2810218
13.208000,0.2795816
13.216000,0.2779547
13.224000,0.2761945
13.232000,0.2746210
13.240000,0.2730741
13.248000,0.2715006
13.256000,0.2700071
13.264000,0.2685936
13.272000,0.2671534
13.280000,0.2656332
13.288000,0.2641930
13.296000,0.2627528
13.304000,0.2611260
13.312000,0.2593924
13.320000,0.2578989
13.328000,0.2564321
13.336000,0.2551519
13.344000,0.2539251
13.352000,0.2525649
13.360000,0.2510714
13.368000,0.2496579
13.376000,0.2483777
13.384000,0.2468575
13.392000,0.2454707
13.400000,0.2441105
13.408000,0.2427237
13.416000,0.2414435
13.424000,0.2400833
13.432000,0.2389632
13.440000,0.2377097
13.448000,0.2364296
13.456000,0.2350160
13.464000,0.2335759
13.472000,0.2321890
13.480000,0.2309889
13.488000,0.2297620
13.496000,0.2284552
13.504000,0.2273351
13.512000,0.2261616
13.520000,0.2248548
13.528000,0.2237346
13.536000,0.2225345
13.544000,0.2213610
13.552000,0.2200275
13.560000,0.2187207
13.568000,0.2174405
13.576000,0.2162404
13.584000,0.2151202
13.592000,0.2141068
13.600000,0.2130133
13.608000,0.2119465
13.616000,0.2107730
13.624000,0.2095729
13.632000,0.2083994
13.640000,0.2071459
13.648000,0.2059191
13.656000,0.2047989
13.664000,0.2037055
13.672000,0.2026387
13.680000,0.2016252
13.688000,0.2006384
13.696000,0.1996783
13.704000,0.1987182
13.712000,0.1977314
13.720000,0.1966646
13.728000,0.1956511
13.736000,0.1946110
13.744000,0.1935442
13.752000,0.1924241
13.760000,0.1913306
13.768000,0.1902638
13.776000,0.1891170
13.784000,0.1880502
13.792000,0.1872501
13.800000,0.1862900
13.808000,0.1851431
13.816000,0.1841830
13.824000,0.1833829
13.832000,0.1824495
13.840000,0.1815427
13.848000,0.1805826
13.856000,0.1795958
13.864000,0.1786890
13.872000,0.1776755
13.880000,0.1766888
13.888000,0.1757286
13.896000,0.1747685
13.904000,0.1739684
13.912000,0.1730883
13.920000,0.1723415
13.928000,0.1714348
13.936000,0.1705013
13.944000,0.1697012
13.952000,0.1689545
13.960000,0.1681010
13.968000,0.1671676
13.976000,0.1663141
13.984000,0.1655140
13.992000,0.1645806
14.000000,0.1637271
14.008000,0.1629270
14.016000,0.1621269
14.024000,0.1612468
14.032000,0.1604467
14.040000,0.1597000
14.048000,0.1588999
14.056000,0.1580731
14.064000,0.1573797
14.072000,0.1566862
14.080000,0.1559395
14.088000,0.1551661
14.096000,0.1543126
14.104000,0.1535125
14.112000,0.1527658
14.120000,0.1520457
14.128000,0.1512456
14.136000,0.1504455
14.144000,0.1496454
14.152000,0.1489253
14.160000,0.1482319
14.168000,0.1474851
14.176000,0.1468450
14.184000,0.1461249
14.192000,0.1454848
14.200000,0.1448448
14.208000,0.1440447
14.216000,0.1433513
14.224000,0.1427912
14.232000,0.1421511
14.240000,0.1414043
14.248000,0.1407109
14.256000,0.1400442
14.264000,0.1394041
14.272000,0.1387107
14.280000,0.1380173
14.288000,0.1373238
14.296000,0.1366571
14.304000,0.1360170
14.312000,0.1353769
14.320000,0.1348435
14.328000,0.1342034
14.336000,0.1335367
14.344000,0.1328966
14.352000,0.1322565
14.360000,0.1317231
14.368000,0.1312431
14.376000,0.1306830
14.384000,0.1301496
14.392000,0.1295629
14.400000,0.1289761
14.408000,0.1284961
14.416000,0.1279360
14.424000,0.1273492
14.432000,0.1267092
14.440000,0.1261758
14.448000,0.1256957
14.456000,0.1250556
14.464000,0.1243889
14.472000,0.1238021
14.480000,0.1232154
14.488000,0.1227353
14.496000,0.1221486
14.504000,0.1215352
14.512000,0.1208418
14.520000,0.1203617
14.528000,0.1198817
14.536000,0.1193483
14.544000,0.1187882
14.552000,0.1183615
14.560000,0.1179347
14.568000,0.1175080
14.576000,0.1169746
14.584000,0.1164946
14.592000,0.1160145
14.600000,0.1155611
14.608000,0.1151344
14.616000,0.1147077
14.624000,0.1143343
14.632000,0.1138542
14.640000,0.1133208
14.648000,0.1129475
14.656000,0.1124407
14.664000,0.1119607
14.672000,0.1115339
14.680000,0.1111072
14.688000,0.1106805
14.696000,0.1102004
14.704000,0.1097204
14.712000,0.1093737
14.720000,0.1088936
14.728000,0.1084669
14.736000,0.1080402
14.744000,0.1077201
14.752000,0.1073468
14.760000,0.1068667
14.768000,0.1063600
14.776000,0.1059866
14.784000,0.1055599
14.792000,0.1052398
14.800000,0.1048664
14.808000,0.1045997
14.816000,0.1043330
14.824000,0.1039597
14.832000,0.1035329
14.840000,0.1031862
14.848000,0.1028128
14.856000,0.1024928
14.864000,0.1022261
14.872000,0.1018527
14.880000,0.1014793
14.888000,0.1012127
14.896000,0.1009460
14.904000,0.1005726
14.912000,0.1002259
14.920000,0.0999058
14.928000,0.0995324
14.936000,0.0992124
14.944000,0.0989457
14.952000,0.0985723
14.960000,0.0983056
14.968000,0.0980923
14.976000,0.0977189
14.984000,0.0973722
14.992000,0.0970521
15.000000,0.0967321
15.008000,0.0964120
15.016000,0.0961454
15.024000,0.0957720
15.032000,0.0955053
15.040000,0.0952386
15.048000,0.0949185
15.056000,0.0946518
15.064000,0.0943851
15.072000,0.0940918
15.080000,0.0937717
15.088000,0.0934517
15.096000,0.0932383
15.104000,0.0929716
15.112000,0.0927049
15.120000,0.0924382
15.128000,0.0921182
15.136000,0.0918515
15.144000,0.0916381
15.152000,0.0914248
15.160000,0.0911847
15.168000,0.0910247
15.176000,0.0908113
15.184000,0.0904913
15.192000,0.0902246
15.200000,0.0900113
15.208000,0.0897446
15.216000,0.0895312
15.224000,0.0893712
15.232000,0.0892112
15.240000,0.0888911
15.248000,0.0887311
15.256000,0.0886244
15.264000,0.0883577
15.272000,0.0881177
15.280000,0.0878510
15.288000,0.0876910
15.296000,0.0874776
15.304000,0.0873709
15.312000,0.0871042
15.320000,0.0868909
15.328000,0.0867308
15.336000,0.0865708
15.344000,0.0864641
15.352000,0.0863041
15.360000,0.0861441
15.368000,0.0858774
15.376000,0.0857174
15.384000,0.0855574
15.392000,0.0853440
15.400000,0.0851040
15.408000,0.0850506
15.416000,0.0848373
15.424000,0.0845706
15.432000,0.0844106
15.440000,0.0841972
15.448000,0.0840372
15.456000,0.0838771
15.464000,0.0836638
15.472000,0.0835038
15.480000,0.0833971
15.488000,0.0831837
15.496000,0.0821169
15.504000,0.0795833
15.512000,0.0803300
15.520000,0.0834504
15.528000,0.0840905
15.536000,0.0833971
15.544000,0.0826503
15.552000,0.0823836
15.560000,0.0822770
15.568000,0.0821703
15.576000,0.0818236
15.584000,0.0815569
15.592000,0.0813968
15.600000,0.0811835
15.608000,0.0810768
15.616000,0.0808634
15.624000,0.0807568
15.632000,0.0807034
15.640000,0.0805434
15.648000,0.0803834
15.656000,0.0802767
15.664000,0.0801167
15.672000,0.0801167
15.680000,0.0799567
15.688000,0.0798500
15.696000,0.0797966
15.704000,0.0795833
15.712000,0.0794766
15.720000,0.0794233
15.728000,0.0792632
15.736000,0.0792632
15.744000,0.0791032
15.752000,0.0789699
15.760000,0.0788099
15.768000,0.0787032
15.776000,0.0786498
15.784000,0.0785432
15.792000,0.0783831
15.800000,0.0783831
15.808000,0.0782764
15.816000,0.0781698
15.824000,0.0780631
15.832000,0.0779564
15.840000,0.0780098
15.848000,0.0779031
15.856000,0.0777964
15.864000,0.0776897
15.872000,0.0775297
15.880000,0.0775297
15.888000,0.0774230
15.896000,0.0774230
15.904000,0.0774230
15.912000,0.0773163
15.920000,0.0771563
15.928000,0.0770496
15.936000,0.0770496
15.944000,0.0770496
15.952000,0.0769429
15.960000,0.0768363
15.968000,0.0767829
15.976000,0.0767829
15.984000,0.0766763
15.992000,0.0765696
16.000000,0.0765696
16.008000,0.0766763
16.016000,0.0765696
16.024000,0.0764096
16.032000,0.0765162
16.040000,0.0764629
16.048000,0.0763562
16.056000,0.0763029
16.064000,0.0761962
16.072000,0.0761962
16.080000,0.0761428
16.088000,0.0760362
16.096000,0.0756895
16.104000,0.0749960
16.112000,0.0751561
16.120000,0.0761428
16.128000,0.0759828
16.136000,0.0757961
16.144000,0.0763029
16.152000,0.0764096
16.160000,0.0762495
16.168000,0.0760895
16.176000,0.0759028
16.184000,0.0757428
16.192000,0.0757428
16.200000,0.0756895
16.208000,0.0756895
16.216000,0.0756895
16.224000,0.0757428
16.232000,0.0756895
16.240000,0.0756895
16.248000,0.0757428
16.256000,0.0756361
16.264000,0.0755294
16.272000,0.0754228
16.280000,0.0754228
16.288000,0.0754761
16.296000,0.0754228
16.304000,0.0754761
16.312000,0.0753694
16.320000,0.0753161
16.328000,0.0753694
16.336000,0.0753161
16.344000,0.0752627
16.352000,0.0752627
16.360000,0.0752627
16.368000,0.0752094
16.376000,0.0751027
16.384000,0.0751027
16.392000,0.0751027
16.400000,0.0752094
16.408000,0.0752094
16.416000,0.0751561
16.424000,0.0751561
16.432000,0.0752094
16.440000,0.0752627
16.448000,0.0751561
16.456000,0.0751561
16.464000,0.0752094
16.472000,0.0752627
16.480000,0.0752627
16.488000,0.0752094
16.496000,0.0752627
16.504000,0.0752094
16.512000,0.0752094
16.520000,0.0752627
16.528000,0.0753161
16.536000,0.0753161
16.544000,0.0753161
16.552000,0.0753161
16.560000,0.0753161
16.568000,0.0753161
16.576000,0.0753694
16.584000,0.0753694
16.592000,0.0753694
16.600000,0.0754228
16.608000,0.0754228
16.616000,0.0753694
16.624000,0.0753694
16.632000,0.0753694
16.640000,0.0754228
16.648000,0.0754228
16.656000,0.0754761
16.664000,0.0754228
16.672000,0.0754761
16.680000,0.0754761
16.688000,0.0754228
16.696000,0.0754228
16.704000,0.0754761
16.712000,0.0755828
16.720000,0.0756361
16.728000,0.0756361
16.736000,0.0755828
16.744000,0.0756895
16.752000,0.0757428
16.760000,0.0756895
16.768000,0.0757428
16.776000,0.0757961
16.784000,0.0758495
16.792000,0.0758495
16.800000,0.0757428
16.808000,0.0757961
16.816000,0.0758495
16.824000,0.0759028
16.832000,0.0760362
16.840000,0.0760895
16.848000,0.0760362
16.856000,0.0760362
16.864000,0.0760895
16.872000,0.0761962
16.880000,0.0761428
16.888000,0.0761962
16.896000,0.0762495
16.904000,0.0762495
16.912000,0.0762495
16.920000,0.0763029
16.928000,0.0764096
16.936000,0.0764096
16.944000,0.0763562
16.952000,0.0764096
16.960000,0.0765162
16.968000,0.0765162
16.976000,0.0765696
16.984000,0.0766229
16.992000,0.0766229
17.000000,0.0766763
17.008000,0.0767296
17.016000,0.0767296
17.024000,0.0767829
17.032000,0.0768896
17.040000,0.0768896
17.048000,0.0768363
17.056000,0.0768363
17.064000,0.0769429
17.072000,0.0769963
17.080000,0.0769963
17.088000,0.0769963
17.096000,0.0770496
17.104000,0.0771030
17.112000,0.0771563
17.120000,0.0772630
17.128000,0.0772097
17.136000,0.0772630
17.144000,0.0773163
17.152000,0.0772630
17.160000,0.0773697
17.168000,0.0774230
17.176000,0.0774763
17.184000,0.0775297
17.192000,0.0776897
17.200000,0.0776897
17.208000,0.0776897
17.216000,0.0776364
17.224000,0.0776364
17.232000,0.0777964
17.240000,0.0779031
17.248000,0.0779564
17.256000,0.0779564
17.264000,0.0780098
17.272000,0.0780098
17.280000,0.0780098
17.288000,0.0781164
17.296000,0.0781698
17.304000,0.0782231
17.312000,0.0782231
17.320000,0.0782764
17.328000,0.0783831
17.336000,0.0783831
17.344000,0.0784365
17.352000,0.0785432
17.360000,0.0785965
17.368000,0.0785965
17.376000,0.0786498
17.384000,0.0787032
17.392000,0.0788099
17.400000,0.0788632
17.408000,0.0788099
17.416000,0.0789165
17.424000,0.0791032
17.432000,0.0791032
17.440000,0.0791566
17.448000,0.0791566
17.456000,0.0792632
17.464000,0.0793699
17.472000,0.0794233
17.480000,0.0793699
17.488000,0.0794233
17.496000,0.0795299
17.504000,0.0794766
17.512000,0.0795833
17.520000,0.0796366
17.528000,0.0797433
17.536000,0.0797966
17.544000,0.0797966
17.552000,0.0798500
17.560000,0.0799033
17.568000,0.0800100
17.576000,0.0800633
17.584000,0.0800633
17.592000,0.0801167
17.600000,0.0802234
17.608000,0.0802767
17.616000,0.0802767
17.624000,0.0802767
17.632000,0.0803300
17.640000,0.0804901
17.648000,0.0805967
17.656000,0.0805967
17.664000,0.0806501
17.672000,0.0807034
17.680000,0.0807568
17.688000,0.0807568
17.696000,0.0807568
17.704000,0.0808634
17.712000,0.0809701
17.720000,0.0810768
17.728000,0.0810768
17.736000,0.0810768
17.744000,0.0811301
17.752000,0.0812902
17.760000,0.0813968
17.768000,0.0813435
17.776000,0.0813968
17.784000,0.0815035
17.792000,0.0815035
17.800000,0.0815569
17.808000,0.0816635
17.816000,0.0818236
17.824000,0.0818236
17.832000,0.0818236
17.840000,0.0818769
17.848000,0.0819836
17.856000,0.0819836
17.864000,0.0820369
17.872000,0.0821169
17.880000,0.0820369
17.888000,0.0821169
17.896000,0.0822236
17.904000,0.0823836
17.912000,0.0825436
17.920000,0.0824903
17.928000,0.0825970
17.936000,0.0826503
17.944000,0.0827570
17.952000,0.0828104
17.960000,0.0829170
17.968000,0.0830237
17.976000,0.0830237
17.984000,0.0829704
17.992000,0.0831304
18.000000,0.0831837
18.008000,0.0831304
18.016000,0.0832904
18.024000,0.0833438
18.032000,0.0832904
18.040000,0.0833438
18.048000,0.0835038
18.056000,0.0837171
18.064000,0.0837705
18.072000,0.0837171
18.080000,0.0838238
18.088000,0.0838771
18.096000,0.0838771
18.104000,0.0839305
18.112000,0.0840372
18.120000,0.0841439
18.128000,0.0841439
18.136000,0.0841972
18.144000,0.0841972
18.152000,0.0842505
18.160000,0.0843039
18.168000,0.0843572
18.176000,0.0844639
18.184000,0.0845706
18.192000,0.0846772
18.200000,0.0847306
18.208000,0.0847839
18.216000,0.0847306
18.224000,0.0848373
18.232000,0.0849973
18.240000,0.0850506
18.248000,0.0851040
18.256000,0.0851040
18.264000,0.0852373
18.272000,0.0852907
18.280000,0.0853440
18.288000,0.0853440
18.296000,0.0853973
18.304000,0.0855040
18.312000,0.0856107
18.320000,0.0857174
18.328000,0.0857174
18.336000,0.0857174
18.344000,0.0857707
18.352000,0.0857707
18.360000,0.0858241
18.368000,0.0859307
18.376000,0.0859841
18.384000,0.0860374
18.392000,0.0860908
18.400000,0.0862508
18.408000,0.0862508
18.416000,0.0863041
18.424000,0.0863575
18.432000,0.0863575
18.440000,0.0863575
18.448000,0.0865175
18.456000,0.0866242
18.464000,0.0866242
18.472000,0.0866775
18.480000,0.0867842
18.488000,0.0867842
18.496000,0.0867842
18.504000,0.0869442
18.512000,0.0869442
18.520000,0.0869442
18.528000,0.0869442
18.536000,0.0869975
18.544000,0.0870509
18.552000,0.0871042
18.560000,0.0872109
18.568000,0.0873176
18.576000,0.0874243
18.584000,0.0874776
18.592000,0.0874243
18.600000,0.0874243
18.608000,0.0875309
18.616000,0.0876376
18.624000,0.0876376
18.632000,0.0877443
18.640000,0.0877976
18.648000,0.0878510
18.656000,0.0879577
18.664000,0.0880110
18.672000,0.0881177
18.680000,0.0881710
18.688000,0.0882510
18.696000,0.0883044
18.704000,0.0882510
18.712000,0.0883044
18.720000,0.0883577
18.728000,0.0884111
18.736000,0.0884111
18.744000,0.0885177
18.752000,0.0885177
18.760000,0.0885711
18.768000,0.0886777
18.776000,0.0886777
18.784000,0.0887311
18.792000,0.0887844
18.800000,0.0888378
18.808000,0.0888911
18.816000,0.0889445
18.824000,0.0890511
18.832000,0.0891045
18.840000,0.0891578
18.848000,0.0891578
18.856000,0.0892645
18.864000,0.0892112
18.872000,0.0892645
18.880000,0.0892645
18.888000,0.0893712
18.896000,0.0894778
18.904000,0.0895845
18.912000,0.0895845
18.920000,0.0896379
18.928000,0.0896912
18.936000,0.0897979
18.944000,0.0897446
18.952000,0.0897446
18.960000,0.0898512
18.968000,0.0899046
18.976000,0.0899579
18.984000,0.0900113
18.992000,0.0900646
19.000000,0.0900646
19.008000,0.0900646
19.016000,0.0901179
19.024000,0.0901713
19.032000,0.0903313
19.040000,0.0903846
19.048000,0.0903313
19.056000,0.0904913
19.064000,0.0905980
19.072000,0.0905980
19.080000,0.0905980
19.088000,0.0905447
19.096000,0.0906513
19.104000,0.0908113
19.112000,0.0908647
19.120000,0.0908647
19.128000,0.0908647
19.136000,0.0908647
19.144000,0.0909180
19.152000,0.0910247
19.160000,0.0910781
19.168000,0.0910781
19.176000,0.0911314
19.184000,0.0913181
19.192000,0.0913714
19.200000,0.0913714
19.208000,0.0913714
19.216000,0.0913714
19.224000,0.0914781
19.232000,0.0915848
19.240000,0.0916381
19.248000,0.0916381
19.256000,0.0916915
19.264000,0.0917448
19.272000,0.0917981
19.280000,0.0917448
19.288000,0.0917981
19.296000,0.0919048
19.304000,0.0920115
19.312000,0.0921182
19.320000,0.0921182
19.328000,0.0921715
19.336000,0.0921715
19.344000,0.0922782
19.352000,0.0923849
19.360000,0.0923849
19.368000,0.0923315
19.376000,0.0923315
19.384000,0.0924382
19.392000,0.0925449
19.400000,0.0925982
19.408000,0.0927049
19.416000,0.0927049
19.424000,0.0926516
19.432000,0.0926516
19.440000,0.0927583
19.448000,0.0928649
19.456000,0.0928649
19.464000,0.0929183
19.472000,0.0929716
19.480000,0.0930783
19.488000,0.0931316
19.496000,0.0931850
19.504000,0.0932383
19.512000,0.0932383
19.520000,0.0932917
19.528000,0.0932917
19.536000,0.0933450
19.544000,0.0932917
19.552000,0.0933450
19.560000,0.0933983
19.568000,0.0935050
19.576000,0.0935584
19.584000,0.0935584
19.592000,0.0936117
19.600000,0.0936117
19.608000,0.0936650
19.616000,0.0937184
19.624000,0.0937717
19.632000,0.0938251
19.640000,0.0938251
19.648000,0.0938784
19.656000,0.0939851
19.664000,0.0940918
19.672000,0.0940918
19.680000,0.0941451
19.688000,0.0941451
19.696000,0.0941451
19.704000,0.0942518
19.712000,0.0942518
19.720000,0.0942518
19.728000,0.0943851
19.736000,0.0944385
19.744000,0.0944385
19.752000,0.0944918
19.760000,0.0945985
19.768000,0.0946518
19.776000,0.0947052
19.784000,0.0947052
19.792000,0.0946518
19.800000,0.0947052
19.808000,0.0947585
19.816000,0.0948119
19.824000,0.0948652
19.832000,0.0949185
19.840000,0.0949719
19.848000,0.0949719
19.856000,0.0950252
19.864000,0.0951852
19.872000,0.0951852
19.880000,0.0952386
19.888000,0.0952919
19.896000,0.0952386
19.904000,0.0953453
19.912000,0.0953453
19.920000,0.0953453
19.928000,0.0954519
19.936000,0.0953453
19.944000,0.0953453
19.952000,0.0955586
19.960000,0.0956120
19.968000,0.0956653
19.976000,0.0957186
19.984000,0.0957186
19.992000,0.0958253
20.000000,0.0958253
20.008000,0.0957720
20.016000,0.0957720
20.024000,0.0958253
20.032000,0.0958786
20.040000,0.0959853
20.048000,0.0960387
20.056000,0.0960387
20.064000,0.0959853
20.072000,0.0961454
20.080000,0.0961987
20.088000,0.0961987
20.096000,0.0962520
20.104000,0.0963587
20.112000,0.0963587
20.120000,0.0964120
20.128000,0.0963587
20.136000,0.0964120
20.144000,0.0964120
20.152000,0.0964654
20.160000,0.0964654
20.168000,0.0965187
20.176000,0.0967321
20.184000,0.0966788
20.192000,0.0967321
20.200000,0.0967321
20.208000,0.0967854
20.216000,0.0968388
20.224000,0.0967854
20.232000,0.0968388
20.240000,0.0968921
20.248000,0.0969455
20.256000,0.0969988
20.264000,0.0970521
20.272000,0.0970521
20.280000,0.0971588
20.288000,0.0971055
20.296000,0.0971588
20.304000,0.0971588
20.312000,0.0972121
20.320000,0.0972121
20.328000,0.0972655
20.336000,0.0973188
20.344000,0.0973722
20.352000,0.0973722
20.360000,0.0973722
20.368000,0.0974522
20.376000,0.0974522
20.384000,0.0975055
20.392000,0.0976122
20.400000,0.0976655
20.408000,0.0976655
20.416000,0.0976655
20.424000,0.0975589
20.432000,0.0976655
20.440000,0.0978256
20.448000,0.0978256
20.456000,0.0978789
20.464000,0.0979322
20.472000,0.0979856
20.480000,0.0979856
20.488000,0.0979856
20.496000,0.0979856
20.504000,0.0980389
20.512000,0.0980923
20.520000,0.0981456
20.528000,0.0981456
20.536000,0.0980389
20.544000,0.0981456
20.552000,0.0981989
20.560000,0.0982523
20.568000,0.0983590
20.576000,0.0983590
20.584000,0.0984123
20.592000,0.0984123
20.600000,0.0983590
20.608000,0.0984656
20.616000,0.0984656
20.624000,0.0985190
20.632000,0.0985190
20.640000,0.0985723
20.648000,0.0985723
20.656000,0.0985190
20.664000,0.0985723
20.672000,0.0986790
20.680000,0.0986257
20.688000,0.0986257
20.696000,0.0987323
20.704000,0.0988390
20.712000,0.0988390
20.720000,0.0988390
20.728000,0.0988924
20.736000,0.0989457
20.744000,0.0988924
20.752000,0.0988924
20.760000,0.0988924
20.768000,0.0990524
20.776000,0.0989457
20.784000,0.0989990
20.792000,0.0991057
20.800000,0.0990524
20.808000,0.0991057
20.816000,0.0991591
20.824000,0.0991591
20.832000,0.0991591
20.840000,0.0992657
20.848000,0.0993191
20.856000,0.0992124
20.864000,0.0992124
20.872000,0.0992657
20.880000,0.0993724
20.888000,0.0994258
20.896000,0.0993191
20.904000,0.0992657
20.912000,0.0993191
20.920000,0.0993724
20.928000,0.0994258
20.936000,0.0995324
20.944000,0.0995324
20.952000,0.0995858
20.960000,0.0996391
20.968000,0.0996391
20.976000,0.0995858
20.984000,0.0995858
20.992000,0.0996391
21.000000,0.0997458
21.008000,0.0997991
21.016000,0.0997458
21.024000,0.0997458
21.032000,0.0997991
21.040000,0.0998525
21.048000,0.0999058
21.056000,0.0999058
21.064000,0.0999058
21.072000,0.0999058
21.080000,0.0999592
21.088000,0.0999592
21.096000,0.0999058
21.104000,0.0999592
21.112000,0.1000125
21.120000,0.1000658
21.128000,0.1002259
21.136000,0.1001725
21.144000,0.1001192
21.152000,0.1001725
21.160000,0.1002259
21.168000,0.1001725
21.176000,0.1002259
21.184000,0.1002792
21.192000,0.1003325
21.200000,0.1003325
21.208000,0.1002792
21.216000,0.1003859
21.224000,0.1004392
21.232000,0.1004392
21.240000,0.1004392
21.248000,0.1005726
21.256000,0.1005726
21.264000,0.1005726
21.272000,0.1006259
21.280000,0.1005726
21.288000,0.1005726
21.296000,0.1005192
21.304000,0.1006259
21.312000,0.1007326
21.320000,0.1007326
21.328000,0.1006792
21.336000,0.1006792
21.344000,0.1007859
21.352000,0.1008393
21.360000,0.1007326
21.368000,0.1006792
21.376000,0.1007859
21.384000,0.1008926
21.392000,0.1008926
21.400000,0.1008926
21.408000,0.1009460
21.416000,0.1009993
21.424000,0.1010526
21.432000,0.1010526
21.440000,0.1010526
21.448000,0.1010526
21.456000,0.1010526
21.464000,0.1009993
21.472000,0.1009460
21.480000,0.1010526
21.488000,0.1011593
21.496000,0.1010526
21.504000,0.1010526
21.512000,0.1011593
21.520000,0.1012127
21.528000,0.1013193
21.536000,0.1013193
21.544000,0.1012127
21.552000,0.1012660
21.560000,0.1012660
21.568000,0.1012127
21.576000,0.1012127
21.584000,0.1013193
21.592000,0.1013727
21.600000,0.1014260
21.608000,0.1013727
21.616000,0.1014260
21.624000,0.1013727
21.632000,0.1014260
21.640000,0.1015327
21.648000,0.1014793
21.656000,0.1014793
21.664000,0.1015327
21.672000,0.1014793
21.680000,0.1014793
21.688000,0.1014793
21.696000,0.1015860
21.704000,0.1016394
21.712000,0.1015860
21.720000,0.1016394
21.728000,0.1015860
21.736000,0.1016927
21.744000,0.1017461
21.752000,0.1016927
21.760000,0.1016927
21.768000,0.1018527
21.776000,0.1019061
21.784000,0.1018527
21.792000,0.1017994
21.800000,0.1017994
21.808000,0.1019061
21.816000,0.1019061
21.824000,0.1019061
21.832000,0.1019594
21.840000,0.1019061
21.848000,0.1019061
21.856000,0.1020127
21.864000,0.1020127
21.872000,0.1020127
21.880000,0.1020661
21.888000,0.1020127
21.896000,0.1019594
21.904000,0.1020127
21.912000,0.1020127
21.920000,0.1020661
21.928000,0.1021194
21.936000,0.1020661
21.944000,0.1021194
21.952000,0.1021194
21.960000,0.1021194
21.968000,0.1021194
21.976000,0.1021194
21.984000,0.1022261
21.992000,0.1022795
22.000000,0.1022795
22.008000,0.1022795
22.016000,0.1022261
22.024000,0.1022261
22.032000,0.1021728
22.040000,0.1022261
22.048000,0.1022795
22.056000,0.1022795
22.064000,0.1023328
22.072000,0.1023328
22.080000,0.1023328
22.088000,0.1023861
22.096000,0.1023861
22.104000,0.1023861
22.112000,0.1023328
22.120000,0.1023328
22.128000,0.1023861
22.136000,0.1024395
22.144000,0.1024395
22.152000,0.1024395
22.160000,0.1024395
22.168000,0.1024395
22.176000,0.1024395
22.184000,0.1024395
22.192000,0.1024928
22.200000,0.1025995
22.208000,0.1027062
22.216000,0.1026528
22.224000,0.1026528
22.232000,0.1026528
22.240000,0.1026528
22.248000,0.1027062
22.256000,0.1027062
22.264000,0.1026528
22.272000,0.1027595
22.280000,0.1027595
22.288000,0.1027595
22.296000,0.1027062
22.304000,0.1025995
22.312000,0.1025995
22.320000,0.1027595
22.328000,0.1027595
22.336000,0.1027062
22.344000,0.1028128
22.352000,0.1029195
22.360000,0.1029195
22.368000,0.1028662
22.376000,0.1028662
22.384000,0.1028662
22.392000,0.1028662
22.400000,0.1028128
22.408000,0.1028662
22.416000,0.1028662
22.424000,0.1028128
22.432000,0.1028662
22.440000,0.1028662
22.448000,0.1029195
22.456000,0.1029195
22.464000,0.1029195
22.472000,0.1028662
22.480000,0.1029195
22.488000,0.1029729
22.496000,0.1029729
22.504000,0.1030262
22.512000,0.1030796
22.520000,0.1030262
22.528000,0.1030262
22.536000,0.1030796
22.544000,0.1030796
22.552000,0.1031329
22.560000,0.1031329
22.568000,0.1031329
22.576000,0.1031329
22.584000,0.1030796
22.592000,0.1031862
22.600000,0.1031862
22.608000,0.1030796
22.616000,0.1031329
22.624000,0.1032396
22.632000,0.1031862
22.640000,0.1030796
22.648000,0.1031862
22.656000,0.1032929
22.664000,0.1032929
22.672000,0.1032929
22.680000,0.1032396
22.688000,0.1032929
22.696000,0.1032396
22.704000,0.1032929
22.712000,0.1032929
22.720000,0.1032929
22.728000,0.1033996
22.736000,0.1032929
22.744000,0.1032929
22.752000,0.1033463
22.760000,0.1033996
22.768000,0.1033996
22.776000,0.1033996
22.784000,0.1033463
22.792000,0.1033996
22.800000,0.1034529
22.808000,0.1034529
22.816000,0.1033996
22.824000,0.1033996
22.832000,0.1034529
22.840000,0.1033996
22.848000,0.1034529
22.856000,0.1035329
22.864000,0.1035329
22.872000,0.1034529
22.880000,0.1034529
22.888000,0.1034529
22.896000,0.1035329
22.904000,0.1035863
22.912000,0.1035863
22.920000,0.1035863
22.928000,0.1035863
22.936000,0.1035863
22.944000,0.1035863
22.952000,0.1036396
22.960000,0.1037463
22.968000,0.1037463
22.976000,0.1036930
22.984000,0.1036396
22.992000,0.1036930
23.000000,0.1037463
23.008000,0.1036396
23.016000,0.1037463
23.024000,0.1037463
23.032000,0.1037463
23.040000,0.1036930
23.048000,0.1036930
23.056000,0.1037463
23.064000,0.1037463
23.072000,0.1036930
23.080000,0.1037996
23.088000,0.1037996
23.096000,0.1037463
23.104000,0.1037463
23.112000,0.1038530
23.120000,0.1038530
23.128000,0.1038530
23.136000,0.1039063
23.144000,0.1039063
23.152000,0.1037996
23.160000,0.1037996
23.168000,0.1039063
23.176000,0.1039063
23.184000,0.1037996
23.192000,0.1037996
23.200000,0.1038530
23.208000,0.1039063
23.216000,0.1039063
23.224000,0.1038530
23.232000,0.1038530
23.240000,0.1039597
23.248000,0.1040130
23.256000,0.1040663
23.264000,0.1040130
23.272000,0.1040130
23.280000,0.1039063
23.288000,0.1039063
23.296000,0.1040130
23.304000,0.1040663
23.312000,0.1040663
23.320000,0.1040663
23.328000,0.1040663
23.336000,0.1040663
23.344000,0.1040130
23.352000,0.1040663
23.360000,0.1041197
23.368000,0.1041197
23.376000,0.1041197
23.384000,0.1041730
23.392000,0.1042264
23.400000,0.1041730
23.408000,0.1041197
23.416000,0.1041197
23.424000,0.1041730
23.432000,0.1041730
23.440000,0.1040663
23.448000,0.1041197
23.456000,0.1042264
23.464000,0.1041730
23.472000,0.1041730
23.480000,0.1042264
23.488000,0.1042797
23.496000,0.1042797
23.504000,0.1042797
23.512000,0.1042797
23.520000,0.1042797
23.528000,0.1042797
23.536000,0.1042797
23.544000,0.1043330
23.552000,0.1043330
23.560000,0.1043864
23.568000,0.1044397
23.576000,0.1043864
23.584000,0.1043864
23.592000,0.1043330
23.600000,0.1043330
23.608000,0.1043864
23.616000,0.1044397
23.624000,0.1044397
23.632000,0.1043864
23.640000,0.1044397
23.648000,0.1044397
23.656000,0.1044397
23.664000,0.1044931
23.672000,0.1044397
23.680000,0.1043864
23.688000,0.1044397
23.696000,0.1045464
23.704000,0.1045464
23.712000,0.1044931
23.720000,0.1044931
23.728000,0.1044931
23.736000,0.1045997
23.744000,0.1046531
23.752000,0.1045997
23.760000,0.1044931
23.768000,0.1045464
23.776000,0.1045464
23.784000,0.1045464
23.792000,0.1045997
23.800000,0.1045997
23.808000,0.1045997
23.816000,0.1045464
23.824000,0.1044931
23.832000,0.1045997
23.840000,0.1046531
23.848000,0.1045997
23.856000,0.1046531
23.864000,0.1047064
23.872000,0.1047064
23.880000,0.1047598
23.888000,0.1046531
23.896000,0.1046531
23.904000,0.1045997
23.912000,0.1046531
23.920000,0.1046531
23.928000,0.1045997
23.936000,0.1047598
23.944000,0.1047598
23.952000,0.1047598
23.960000,0.1047598
23.968000,0.1047064
23.976000,0.1047064
23.984000,0.1047064
23.992000,0.1047598
24.000000,0.1047598
24.008000,0.1047064
24.016000,0.1048131
24.024000,0.1048131
24.032000,0.1048131
24.040000,0.1048131
24.048000,0.1048664
24.056000,0.1048131
24.064000,0.1048131
24.072000,0.1048664
24.080000,0.1048131
24.088000,0.1047598
24.096000,0.1048664
24.104000,0.1049198
24.112000,0.1048664
24.120000,0.1049198
24.128000,0.1049731
24.136000,0.1048664
24.144000,0.1049198
24.152000,0.1049198
24.160000,0.1048131
24.168000,0.1048664
24.176000,0.1049198
24.184000,0.1048664
24.192000,0.1048664
24.200000,0.1049731
24.208000,0.1049731
24.216000,0.1049731
24.224000,0.1050265
24.232000,0.1050265
24.240000,0.1050265
24.248000,0.1050798
24.256000,0.1050265
24.264000,0.1050265
24.272000,0.1050265
24.280000,0.1050265
24.288000,0.1049198
24.296000,0.1049731
24.304000,0.1050265
24.312000,0.1050798
24.320000,0.1050798
24.328000,0.1051865
24.336000,0.1051865
24.344000,0.1050798
24.352000,0.1050265
24.360000,0.1049731
24.368000,0.1050798
24.376000,0.1050798
24.384000,0.1050798
24.392000,0.1050265
24.400000,0.1050798
24.408000,0.1051331
24.416000,0.1051331
24.424000,0.1052398
24.432000,0.1052398
24.440000,0.1051331
24.448000,0.1051331
24.456000,0.1051865
24.464000,0.1052398
24.472000,0.1052398
24.480000,0.1051865
24.488000,0.1052398
24.496000,0.1053465
24.504000,0.1052398
24.512000,0.1052398
24.520000,0.1052398
24.528000,0.1052398
24.536000,0.1051865
24.544000,0.1051331
24.552000,0.1052398
24.560000,0.1052932
24.568000,0.1052932
24.576000,0.1052932
24.584000,0.1052932
24.592000,0.1052932
24.600000,0.1052398
24.608000,0.1052932
24.616000,0.1053998
24.624000,0.1052932
24.632000,0.1052398
24.640000,0.1053465
24.648000,0.1053465
24.656000,0.1053465
24.664000,0.1053465
24.672000,0.1053465
24.680000,0.1053998
24.688000,0.1053998
24.696000,0.1053998
24.704000,0.1053465
24.712000,0.1053465
24.720000,0.1054532
24.728000,0.1053998
24.736000,0.1053465
24.744000,0.1053465
24.752000,0.1052932
24.760000,0.1053465
24.768000,0.1053998
24.776000,0.1054532
24.784000,0.1053998
24.792000,0.1053465
24.800000,0.1054532
24.808000,0.1055599
24.816000,0.1055065
24.824000,0.1053998
24.832000,0.1055065
24.840000,0.1055065
24.848000,0.1053998
24.856000,0.1054532
24.864000,0.1055065
24.872000,0.1055065
24.880000,0.1055065
24.888000,0.1054532
24.896000,0.1055065
24.904000,0.1054532
24.912000,0.1055065
24.920000,0.1056132
24.928000,0.1055065
24.936000,0.1055599
24.944000,0.1055599
24.952000,0.1055065
24.960000,0.1055065
24.968000,0.1055065
24.976000,0.1056132
24.984000,0.1057199
24.992000,0.1056665
25.000000,0.1056132
25.008000,0.1056665
25.016000,0.1056665
25.024000,0.1056665
25.032000,0.1056132
25.040000,0.1056665
25.048000,0.1056665
25.056000,0.1056665
25.064000,0.1057199
25.072000,0.1057199
25.080000,0.1057732
25.088000,0.1056665
25.096000,0.1056132
25.104000,0.1056665
25.112000,0.1056132
25.120000,0.1056132
25.128000,0.1056132
25.136000,0.1055599
25.144000,0.1056665
25.152000,0.1057199
25.160000,0.1057199
25.168000,0.1057199
25.176000,0.1056665
25.184000,0.1056665
25.192000,0.1057199
25.200000,0.1057732
25.208000,0.1058266
25.216000,0.1057732
25.224000,0.1057199
25.232000,0.1058266
25.240000,0.1058266
25.248000,0.1057732
25.256000,0.1057199
25.264000,0.1057732
25.272000,0.1058266
25.280000,0.1058799
25.288000,0.1058799
25.296000,0.1058266
25.304000,0.1057732
25.312000,0.1058266
25.320000,0.1058799
25.328000,0.1058799
25.336000,0.1058266
25.344000,0.1058266
25.352000,0.1058266
25.360000,0.1058266
25.368000,0.1058799
25.376000,0.1058266
25.384000,0.1058799
25.392000,0.1058799
25.400000,0.1058266
25.408000,0.1057732
25.416000,0.1058266
25.424000,0.1058799
25.432000,0.1058799
25.440000,0.1059866
25.448000,0.1060399
25.456000,0.1060399
25.464000,0.1059332
25.472000,0.1059332
25.480000,0.1059332
25.488000,0.1059332
25.496000,0.1059866
25.504000,0.1060399
25.512000,0.1059866
25.520000,0.1059866
25.528000,0.1060399
25.536000,0.1060399
25.544000,0.1060399
25.552000,0.1060399
25.560000,0.1059332
25.568000,0.1059332
25.576000,0.1060399
25.584000,0.1060933
25.592000,0.1060933
25.600000,0.1061466
25.608000,0.1061999
25.616000,0.1060933
25.624000,0.1061466
25.632000,0.1061466
25.640000,0.1061466
25.648000,0.1061466
25.656000,0.1060933
25.664000,0.1060399
25.672000,0.1061466
25.680000,0.1061999
25.688000,0.1061999
25.696000,0.1061466
25.704000,0.1061466
25.712000,0.1061999
25.720000,0.1061999
25.728000,0.1061999
25.736000,0.1061999
25.744000,0.1062533
25.752000,0.1061999
25.760000,0.1061999
25.768000,0.1061999
25.776000,0.1061999
25.784000,0.1061999
25.792000,0.1061466
25.800000,0.1061466
25.808000,0.1061999
25.816000,0.1062533
25.824000,0.1062533
25.832000,0.1061466
25.840000,0.1060933
25.848000,0.1060933
25.856000,0.1061466
25.864000,0.1061466
25.872000,0.1061999
25.880000,0.1062533
25.888000,0.1063066
25.896000,0.1063066
25.904000,0.1061999
25.912000,0.1061466
25.920000,0.1061999
25.928000,0.1062533
25.936000,0.1062533
25.944000,0.1061999
25.952000,0.1061466
25.960000,0.1062533
25.968000,0.1062533
25.976000,0.1062533
25.984000,0.1063066
25.992000,0.1063600
26.000000,0.1062533
26.008000,0.1061999
26.016000,0.1062533
26.024000,0.1063066
26.032000,0.1063600
26.040000,0.1063600
26.048000,0.1063066
26.056000,0.1063066
26.064000,0.1063600
26.072000,0.1063600
26.080000,0.1063600
26.088000,0.1063600
26.096000,0.1063066
26.104000,0.1063066
26.112000,0.1062533
26.120000,0.1062533
26.128000,0.1064133
26.136000,0.1064133
26.144000,0.1063600
26.152000,0.1064666
26.160000,0.1064666
26.168000,0.1064133
26.176000,0.1063600
26.184000,0.1063600
26.192000,0.1064666
26.200000,0.1064666
26.208000,0.1064666
26.216000,0.1066000
26.224000,0.1064666
26.232000,0.1064666
26.240000,0.1065200
26.248000,0.1064666
26.256000,0.1064133
26.264000,0.1064666
26.272000,0.1065200
26.280000,0.1064666
26.288000,0.1066000
26.296000,0.1066000
26.304000,0.1065200
26.312000,0.1064666
26.320000,0.1064666
26.328000,0.1065200
26.336000,0.1066000
26.344000,0.1066000
26.352000,0.1066000
26.360000,0.1066000
26.368000,0.1066000
26.376000,0.1066000
26.384000,0.1065200
26.392000,0.1065200
26.400000,0.1065200
26.408000,0.1066000
26.416000,0.1066000
26.424000,0.1066533
26.432000,0.1066533
26.440000,0.1066533
26.448000,0.1067600
26.456000,0.1067067
26.464000,0.1066000
26.472000,0.1066000
26.480000,0.1066000
26.488000,0.1066000
26.496000,0.1066000
26.504000,0.1066533
26.512000,0.1066533
26.520000,0.1066533
26.528000,0.1066533
26.536000,0.1066533
26.544000,0.1066533
26.552000,0.1066533
26.560000,0.1067067
26.568000,0.1066533
26.576000,0.1065200
26.584000,0.1066000
26.592000,0.1066533
26.600000,0.1067600
26.608000,0.1068134
26.616000,0.1067067
26.624000,0.1066000
26.632000,0.1066000
26.640000,0.1067067
26.648000,0.1067600
26.656000,0.1067067
26.664000,0.1066533
26.672000,0.1067067
26.680000,0.1066533
26.688000,0.1066533
26.696000,0.1067067
26.704000,0.1068134
26.712000,0.1068134
26.720000,0.1067067
26.728000,0.1067067
26.736000,0.1067600
26.744000,0.1068134
26.752000,0.1068667
26.760000,0.1068134
26.768000,0.1067600
26.776000,0.1067600
26.784000,0.1067600
26.792000,0.1067067
26.800000,0.1067600
26.808000,0.1067600
26.816000,0.1067067
26.824000,0.1067600
26.832000,0.1068667
26.840000,0.1068134
26.848000,0.1067600
26.856000,0.1067067
26.864000,0.1067600
26.872000,0.1068667
26.880000,0.1068667
26.888000,0.1068134
26.896000,0.1068134
26.904000,0.1067600
26.912000,0.1068134
26.920000,0.1068667
26.928000,0.1069200
26.936000,0.1069200
26.944000,0.1068667
26.952000,0.1068667
26.960000,0.1069200
26.968000,0.1069200
26.976000,0.1068134
26.984000,0.1068134
26.992000,0.1068667
27.000000,0.1069200
27.008000,0.1069200
27.016000,0.1069200
27.024000,0.1069734
27.032000,0.1069734
27.040000,0.1069734
27.048000,0.1069734
27.056000,0.1069200
27.064000,0.1069200
27.072000,0.1069734
27.080000,0.1069734
27.088000,0.1068667
27.096000,0.1068667
27.104000,0.1068667
27.112000,0.1068667
27.120000,0.1068667
27.128000,0.1069200
27.136000,0.1069200
27.144000,0.1069200
27.152000,0.1069734
27.160000,0.1070267
27.168000,0.1070267
27.176000,0.1069734
27.184000,0.1069200
27.192000,0.1069734
27.200000,0.1070267
27.208000,0.1070800
27.216000,0.1070800
27.224000,0.1070267
27.232000,0.1069734
27.240000,0.1069734
27.248000,0.1069200
27.256000,0.1069734
27.264000,0.1070267
27.272000,0.1069734
27.280000,0.1070267
27.288000,0.1070267
27.296000,0.1070800
27.304000,0.1070800
27.312000,0.1070800
27.320000,0.1071334
27.328000,0.1071334
27.336000,0.1071334
27.344000,0.1071334
27.352000,0.1070800
27.360000,0.1070800
27.368000,0.1070800
27.376000,0.1071334
27.384000,0.1070800
27.392000,0.1070800
27.400000,0.1070800
27.408000,0.1070800
27.416000,0.1071334
27.424000,0.1071867
27.432000,0.1071334
27.440000,0.1070267
27.448000,0.1071334
27.456000,0.1071867
27.464000,0.1071867
27.472000,0.1071867
27.480000,0.1072401
27.488000,0.1072934
27.496000,0.1071867
27.504000,0.1071867
27.512000,0.1072401
27.520000,0.1072934
27.528000,0.1072401
27.536000,0.1072934
27.544000,0.1071334
27.552000,0.1070267
27.560000,0.1071334
27.568000,0.1071334
27.576000,0.1071334
27.584000,0.1071334
27.592000,0.1071867
27.600000,0.1072401
27.608000,0.1072934
27.616000,0.1071334
27.624000,0.1071334
27.632000,0.1071867
27.640000,0.1071867
27.648000,0.1071334
27.656000,0.1070800
27.664000,0.1072401
27.672000,0.1072401
27.680000,0.1072934
27.688000,0.1072934
27.696000,0.1072401
27.704000,0.1072934
27.712000,0.1072401
27.720000,0.1071867
27.728000,0.1072401
27.736000,0.1072934
27.744000,0.1072401
27.752000,0.1072934
27.760000,0.1073468
27.768000,0.1072934
27.776000,0.1072401
27.784000,0.1072934
27.792000,0.1073468
27.800000,0.1073468
27.808000,0.1072401
27.816000,0.1071867
27.824000,0.1072401
27.832000,0.1072401
27.840000,0.1072934
27.848000,0.1072934
27.856000,0.1073468
27.864000,0.1073468
27.872000,0.1073468
27.880000,0.1074001
27.888000,0.1073468
27.896000,0.1073468
27.904000,0.1073468
27.912000,0.1073468
27.920000,0.1074001
27.928000,0.1074001
27.936000,0.1074001
27.944000,0.1074001
27.952000,0.1073468
27.960000,0.1073468
27.968000,0.1074001
27.976000,0.1074001
27.984000,0.1074001
27.992000,0.1073468
28.000000,0.1072934
28.008000,0.1074001
28.016000,0.1075068
28.024000,0.1074534
28.032000,0.1074534
28.040000,0.1074001
28.048000,0.1074534
28.056000,0.1075601
28.064000,0.1075068
28.072000,0.1074001
28.080000,0.1075068
28.088000,0.1074534
28.096000,0.1074001
28.104000,0.1073468
28.112000,0.1074001
28.120000,0.1074534
28.128000,0.1074534
28.136000,0.1075068
28.144000,0.1074001
28.152000,0.1074534
28.160000,0.1074534
28.168000,0.1074001
28.176000,0.1074534
28.184000,0.1075068
28.192000,0.1074534
28.200000,0.1074001
28.208000,0.1074001
28.216000,0.1074534
28.224000,0.1074534
28.232000,0.1074001
28.240000,0.1075068
28.248000,0.1075068
28.256000,0.1074534
28.264000,0.1074534
28.272000,0.1074534
28.280000,0.1075068
28.288000,0.1075068
28.296000,0.1075601
28.304000,0.1075601
28.312000,0.1075068
28.320000,0.1074534
28.328000,0.1075068
28.336000,0.1075601
28.344000,0.1075068
28.352000,0.1075601
28.360000,0.1075068
28.368000,0.1075068
28.376000,0.1074534
28.384000,0.1075068
28.392000,0.1076668
28.400000,0.1076134
28.408000,0.1075068
28.416000,0.1074534
28.424000,0.1075068
28.432000,0.1076134
28.440000,0.1075601
28.448000,0.1075601
28.456000,0.1075601
28.464000,0.1075068
28.472000,0.1075601
28.480000,0.1075068
28.488000,0.1074534
28.496000,0.1075601
28.504000,0.1076134
28.512000,0.1076134
28.520000,0.1076134
28.528000,0.1075068
28.536000,0.1075601
28.544000,0.1076668
28.552000,0.1077201
28.560000,0.1076134
28.568000,0.1076134
28.576000,0.1076134
28.584000,0.1075601
28.592000,0.1075601
28.600000,0.1075068
28.608000,0.1075068
28.616000,0.1075601
28.624000,0.1076668
28.632000,0.1076134
28.640000,0.1075601
28.648000,0.1075601
28.656000,0.1076668
28.664000,0.1077735
28.672000,0.1077201
28.680000,0.1076668
28.688000,0.1076134
28.696000,0.1076134
28.704000,0.1075601
28.712000,0.1076134
28.720000,0.1076134
28.728000,0.1076668
28.736000,0.1077201
28.744000,0.1076668
28.752000,0.1076134
28.760000,0.1076134
28.768000,0.1076134
28.776000,0.1076134
28.784000,0.1077201
28.792000,0.1077201
28.800000,0.1076668
28.808000,0.1076134
28.816000,0.1077735
28.824000,0.1078268
28.832000,0.1077735
28.840000,0.1077735
28.848000,0.1078268
28.856000,0.1077735
28.864000,0.1078802
28.872000,0.1077735
28.880000,0.1077735
28.888000,0.1078268
28.896000,0.1077201
28.904000,0.1077201
28.912000,0.1077735
28.920000,0.1078268
28.928000,0.1077735
28.936000,0.1077735
28.944000,0.1077735
28.952000,0.1078268
28.960000,0.1078268
28.968000,0.1078268
28.976000,0.1078802
28.984000,0.1078268
28.992000,0.1078268
29.000000,0.1077735
29.008000,0.1077735
29.016000,0.1078268
29.024000,0.1078268
29.032000,0.1078268
29.040000,0.1077735
29.048000,0.1078268
29.056000,0.1077735
29.064000,0.1077735
29.072000,0.1078802
29.080000,0.1078802
29.088000,0.1078268
29.096000,0.1078802
29.104000,0.1078802
29.112000,0.1078802
29.120000,0.1078802
29.128000,0.1078802
29.136000,0.1079335
29.144000,0.1078802
29.152000,0.1078802
29.160000,0.1078268
29.168000,0.1078802
29.176000,0.1078802
29.184000,0.1078268
29.192000,0.1078802
29.200000,0.1078268
29.208000,0.1077735
29.216000,0.1078268
29.224000,0.1078802
29.232000,0.1078802
29.240000,0.1078268
29.248000,0.1078802
29.256000,0.1078802
29.264000,0.1078802
29.272000,0.1078802
29.280000,0.1078268
29.288000,0.1078802
29.296000,0.1079335
29.304000,0.1079335
29.312000,0.1078268
29.320000,0.1078802
29.328000,0.1079335
29.336000,0.1079335
29.344000,0.1079335
29.352000,0.1079335
29.360000,0.1078802
29.368000,0.1078802
29.376000,0.1078802
29.384000,0.1078802
29.392000,0.1078802
29.400000,0.1079335
29.408000,0.1079868
29.416000,0.1079335
29.424000,0.1079868
29.432000,0.1079868
29.440000,0.1078802
29.448000,0.1078268
29.456000,0.1078802
29.464000,0.1079868
29.472000,0.1079335
29.480000,0.1080402
29.488000,0.1080402
29.496000,0.1080402
29.504000,0.1080402
29.512000,0.1080402
29.520000,0.1079868
29.528000,0.1078802
29.536000,0.1079335
29.544000,0.1080402
29.552000,0.1080935
29.560000,0.1080402
29.568000,0.1079335
29.576000,0.1079335
29.584000,0.1079335
29.592000,0.1079868
29.600000,0.1079868
29.608000,0.1080402
29.616000,0.1079868
29.624000,0.1079868
29.632000,0.1079868
29.640000,0.1079335
29.648000,0.1079335
29.656000,0.1079335
29.664000,0.1079868
29.672000,0.1079868
29.680000,0.1079868
29.688000,0.1080402
29.696000,0.1080935
29.704000,0.1080402
29.712000,0.1079335
29.720000,0.1079868
29.728000,0.1080935
29.736000,0.1081469
29.744000,0.1081469
29.752000,0.1080935
29.760000,0.1080402
29.768000,0.1080935
29.776000,0.1081469
29.784000,0.1080935
29.792000,0.1080402
29.800000,0.1080402
29.808000,0.1080935
29.816000,0.1080935
29.824000,0.1080935
29.832000,0.1080935
29.840000,0.1080935
29.848000,0.1080935
29.856000,0.1080935
29.864000,0.1080935
29.872000,0.1080935
29.880000,0.1080935
29.888000,0.1081469
29.896000,0.1080935
29.904000,0.1080935
29.912000,0.1080935
29.920000,0.1080935
29.928000,0.1080935
29.936000,0.1080935
29.944000,0.1080935
29.952000,0.1081469
29.960000,0.1082002
29.968000,0.1081469
29.976000,0.1080935
29.984000,0.1081469
29.992000,0.1081469
30.000000,0.1080935
30.008000,0.1080402
30.016000,0.1080935
30.024000,0.1080402
30.032000,0.1080402
30.040000,0.1081469
30.048000,0.1081469
30.056000,0.1080935
30.064000,0.1080402
30.072000,0.1080935
30.080000,0.1082002
30.088000,0.1082535
30.096000,0.1080935
30.104000,0.1080935
30.112000,0.1081469
30.120000,0.1081469
30.128000,0.1081469
30.136000,0.1081469
30.144000,0.1082002
30.152000,0.1082002
30.160000,0.1080935
30.168000,0.1080935
30.176000,0.1081469
30.184000,0.1081469
30.192000,0.1082535
30.200000,0.1082002
30.208000,0.1082002
30.216000,0.1082535
30.224000,0.1083069
30.232000,0.1082535
30.240000,0.1082002
30.248000,0.1081469
30.256000,0.1081469
30.264000,0.1082535
30.272000,0.1082535
30.280000,0.1082002
30.288000,0.1083069
30.296000,0.1083069
30.304000,0.1082002
30.312000,0.1082535
30.320000,0.1083602
30.328000,0.1083069
30.336000,0.1081469
30.344000,0.1080935
30.352000,0.1080935
30.360000,0.1081469
30.368000,0.1081469
30.376000,0.1082002
30.384000,0.1083069
30.392000,0.1083069
30.400000,0.1082002
30.408000,0.1082002
30.416000,0.1083069
30.424000,0.1084135
30.432000,0.1082535
30.440000,0.1081469
30.448000,0.1082535
30.456000,0.1083602
30.464000,0.1083602
30.472000,0.1082535
30.480000,0.1082002
30.488000,0.1082002
30.496000,0.1082002
30.504000,0.1082535
30.512000,0.1082002
30.520000,0.1082535
30.528000,0.1082002
30.536000,0.1082535
30.544000,0.1083069
30.552000,0.1083069
30.560000,0.1082002
30.568000,0.1082002
30.576000,0.1082535
30.584000,0.1082535
30.592000,0.1082535
30.600000,0.1084135
30.608000,0.1083602
30.616000,0.1083069
30.624000,0.1082535
30.632000,0.1083602
30.640000,0.1083602
30.648000,0.1083069
30.656000,0.1083602
30.664000,0.1083069
30.672000,0.1083069
30.680000,0.1082535
30.688000,0.1083069
30.696000,0.1083069
30.704000,0.1083069
30.712000,0.1083069
30.720000,0.1083069
30.728000,0.1083069
30.736000,0.1082002
30.744000,0.1083069
30.752000,0.1083602
30.760000,0.1083602
30.768000,0.1083602
30.776000,0.1084135
30.784000,0.1083602
30.792000,0.1084135
30.800000,0.1084135
30.808000,0.1083069
30.816000,0.1083069
30.824000,0.1084135
30.832000,0.1084135
30.840000,0.1082535
30.848000,0.1083069
30.856000,0.1083602
30.864000,0.1083602
30.872000,0.1083602
30.880000,0.1083602
30.888000,0.1082535
30.896000,0.1083069
30.904000,0.1083602
30.912000,0.1084135
30.920000,0.1084669
30.928000,0.1085202
30.936000,0.1084669
30.944000,0.1084135
30.952000,0.1083602
30.960000,0.1084135
30.968000,0.1084669
30.976000,0.1084669
30.984000,0.1084135
30.992000,0.1084135
31.000000,0.1083602
31.008000,0.1083069
31.016000,0.1083069
31.024000,0.1082535
31.032000,0.1082535
31.040000,0.1084135
31.048000,0.1084135
31.056000,0.1084135
31.064000,0.1084135
31.072000,0.1084135
31.080000,0.1084669
31.088000,0.1085202
31.096000,0.1084669
31.104000,0.1084669
31.112000,0.1084669
31.120000,0.1085202
31.128000,0.1085736
31.136000,0.1085736
31.144000,0.1084669
31.152000,0.1084669
31.160000,0.1084669
31.168000,0.1084135
31.176000,0.1084135
31.184000,0.1084135
31.192000,0.1084669
31.200000,0.1085736
31.208000,0.1085202
31.216000,0.1085736
31.224000,0.1085736
31.232000,0.1085202
31.240000,0.1084135
31.248000,0.1084669
31.256000,0.1085202
31.264000,0.1084135
31.272000,0.1084135
31.280000,0.1084135
31.288000,0.1085202
31.296000,0.1085202
31.304000,0.1084669
31.312000,0.1084669
31.320000,0.1084669
31.328000,0.1084669
31.336000,0.1084669
31.344000,0.1084135
31.352000,0.1084669
31.360000,0.1084669
31.368000,0.1084669
31.376000,0.1085202
31.384000,0.1085202
31.392000,0.1084135
31.400000,0.1084669
31.408000,0.1085202
31.416000,0.1083602
31.424000,0.1083602
31.432000,0.1084669
31.440000,0.1084669
31.448000,0.1085736
31.456000,0.1085736
31.464000,0.1084135
31.472000,0.1085202
31.480000,0.1085736
31.488000,0.1084669
31.496000,0.1084669
31.504000,0.1085736
31.512000,0.1085736
31.520000,0.1085736
31.528000,0.1084135
31.536000,0.1084669
31.544000,0.1085202
31.552000,0.1084669
31.560000,0.1085736
31.568000,0.1085736
31.576000,0.1085202
31.584000,0.1085202
31.592000,0.1085202
31.600000,0.1084669
31.608000,0.1085202
31.616000,0.1085202
31.624000,0.1085202
31.632000,0.1086269
31.640000,0.1086269
31.648000,0.1086269
31.656000,0.1086269
31.664000,0.1085202
31.672000,0.1085202
31.680000,0.1086269
31.688000,0.1086269
31.696000,0.1086269
31.704000,0.1085736
31.712000,0.1086269
31.720000,0.1086803
31.728000,0.1086269
31.736000,0.1084669
31.744000,0.1084669
31.752000,0.1086269
31.760000,0.1085736
31.768000,0.1085736
31.776000,0.1086269
31.784000,0.1085736
31.792000,0.1086269
31.800000,0.1085736
31.808000,0.1085202
31.816000,0.1085202
31.824000,0.1086269
31.832000,0.1086269
31.840000,0.1086269
31.848000,0.1086269
31.856000,0.1086269
31.864000,0.1085736
31.872000,0.1086269
31.880000,0.1085736
31.888000,0.1085736
31.896000,0.1086803
31.904000,0.1086269
31.912000,0.1085736
31.920000,0.1086803
31.928000,0.1086269
31.936000,0.1085202
31.944000,0.1085202
31.952000,0.1085736
31.960000,0.1086269
31.968000,0.1086269
31.976000,0.1085736
31.984000,0.1085736
31.992000,0.1086803
32.000000,0.1086803
32.008000,0.1086269
32.016000,0.1086269
32.024000,0.1086269
32.032000,0.1087336
32.040000,0.1087869
32.048000,0.1086269
32.056000,0.1085736
32.064000,0.1086269
32.072000,0.1087336
32.080000,0.1086803
32.088000,0.1085736
32.096000,0.1085202
32.104000,0.1086269
32.112000,0.1086803
32.120000,0.1087336
32.128000,0.1086269
32.136000,0.1086803
32.144000,0.1086269
32.152000,0.1084669
32.160000,0.1085202
32.168000,0.1085736
32.176000,0.1085202
32.184000,0.1085736
32.192000,0.1086803
32.200000,0.1086803
32.208000,0.1086269
32.216000,0.1086803
32.224000,0.1087336
32.232000,0.1086269
32.240000,0.1086269
32.248000,0.1086803
32.256000,0.1086803
32.264000,0.1087336
32.272000,0.1086803
32.280000,0.1085202
32.288000,0.1085202
32.296000,0.1085736
32.304000,0.1086269
32.312000,0.1086269
32.320000,0.1086269
32.328000,0.1087336
32.336000,0.1087336
32.344000,0.1086803
32.352000,0.1086803
32.360000,0.1086269
32.368000,0.1085736
32.376000,0.1086269
32.384000,0.1086803
32.392000,0.1086803
32.400000,0.1086269
32.408000,0.1086269
32.416000,0.1086803
32.424000,0.1086803
32.432000,0.1086269
32.440000,0.1086269
32.448000,0.1086803
32.456000,0.1087336
32.464000,0.1087336
32.472000,0.1086803
32.480000,0.1086803
32.488000,0.1086803
32.496000,0.1086269
32.504000,0.1085736
32.512000,0.1086269
32.520000,0.1086269
32.528000,0.1087336
32.536000,0.1087869
32.544000,0.1086803
32.552000,0.1087336
32.560000,0.1087336
32.568000,0.1086803
32.576000,0.1087869
32.584000,0.1088403
32.592000,0.1087336
32.600000,0.1086803
32.608000,0.1087336
32.616000,0.1087336
32.624000,0.1087336
32.632000,0.1087336
32.640000,0.1087336
32.648000,0.1087336
32.656000,0.1086269
32.664000,0.1087336
32.672000,0.1087869
32.680000,0.1087336
32.688000,0.1087336
32.696000,0.1087336
32.704000,0.1087336
32.712000,0.1087869
32.720000,0.1087869
32.728000,0.1087869
32.736000,0.1087336
32.744000,0.1086803
32.752000,0.1087869
32.760000,0.1088403
32.768000,0.1087869
32.776000,0.1087336
32.784000,0.1087336
32.792000,0.1087869
32.800000,0.1087869
32.808000,0.1087869
32.816000,0.1087336
32.824000,0.1087336
32.832000,0.1087869
32.840000,0.1087869
32.848000,0.1086803
32.856000,0.1087336
32.864000,0.1088403
32.872000,0.1088403
32.880000,0.1087869
32.888000,0.1087869
32.896000,0.1087869
32.904000,0.1087336
32.912000,0.1087336
32.920000,0.1086803
32.928000,0.1087336
32.936000,0.1087869
32.944000,0.1087869
32.952000,0.1087869
32.960000,0.1088403
32.968000,0.1087869
32.976000,0.1087336
32.984000,0.1087869
32.992000,0.1088403
33.000000,0.1088403
33.008000,0.1087869
33.016000,0.1088403
33.024000,0.1088936
33.032000,0.1088936
33.040000,0.1088403
33.048000,0.1087869
33.056000,0.1087869
33.064000,0.1088403
33.072000,0.1087869
33.080000,0.1087336
33.088000,0.1088403
33.096000,0.1087869
33.104000,0.1087336
33.112000,0.1087869
33.120000,0.1088403
33.128000,0.1089470
33.136000,0.1087869
33.144000,0.1087869
33.152000,0.1087869
33.160000,0.1087869
33.168000,0.1088403
33.176000,0.1087869
33.184000,0.1088403
33.192000,0.1088936
33.200000,0.1088936
33.208000,0.1087336
33.216000,0.1087336
33.224000,0.1087869
33.232000,0.1088403
33.240000,0.1088403
33.248000,0.1088403
33.256000,0.1088936
33.264000,0.1088936
33.272000,0.1088403
33.280000,0.1088936
33.288000,0.1088403
33.296000,0.1087869
33.304000,0.1088403
33.312000,0.1089470
33.320000,0.1088403
33.328000,0.1087336
33.336000,0.1087336
33.344000,0.1087869
33.352000,0.1087869
33.360000,0.1087869
33.368000,0.1088403
33.376000,0.1088936
33.384000,0.1087869
33.392000,0.1088403
33.400000,0.1088936
33.408000,0.1088403
33.416000,0.1088403
33.424000,0.1088403
33.432000,0.1086803
33.440000,0.1087869
33.448000,0.1089470
33.456000,0.1088403
33.464000,0.1087336
33.472000,0.1087869
33.480000,0.1088403
33.488000,0.1088403
33.496000,0.1087869
33.504000,0.1087869
33.512000,0.1088403
33.520000,0.1088936
33.528000,0.1088936
33.536000,0.1088403
33.544000,0.1089470
33.552000,0.1089470
33.560000,0.1087869
33.568000,0.1087336
33.576000,0.1087869
33.584000,0.1088403
33.592000,0.1088936
33.600000,0.1088936
33.608000,0.1088403
33.616000,0.1088403
33.624000,0.1089470
33.632000,0.1090003
33.640000,0.1088936
33.648000,0.1088403
33.656000,0.1088403
33.664000,0.1088403
33.672000,0.1088403
33.680000,0.1088403
33.688000,0.1088936
33.696000,0.1088403
33.704000,0.1087869
33.712000,0.1088403
33.720000,0.1088403
33.728000,0.1088936
33.736000,0.1089470
33.744000,0.1088936
33.752000,0.1089470
33.760000,0.1089470
33.768000,0.1088936
33.776000,0.1088403
33.784000,0.1088403
33.792000,0.1088403
33.800000,0.1088403
33.808000,0.1088936
33.816000,0.1088403
33.824000,0.1088403
33.832000,0.1088936
33.840000,0.1088936
33.848000,0.1088936
33.856000,0.1088936
33.864000,0.1090003
33.872000,0.1090003
33.880000,0.1090003
33.888000,0.1089470
33.896000,0.1089470
33.904000,0.1089470
33.912000,0.1088936
33.920000,0.1088936
33.928000,0.1088936
33.936000,0.1089470
33.944000,0.1088936
33.952000,0.1088403
33.960000,0.1089470
33.968000,0.1088936
33.976000,0.1088403
33.984000,0.1088936
33.992000,0.1089470
34.000000,0.1089470
34.008000,0.1090003
34.016000,0.1088936
34.024000,0.1088936
34.032000,0.1089470
34.040000,0.1089470
34.048000,0.1089470
34.056000,0.1088936
34.064000,0.1088403
34.072000,0.1087869
34.080000,0.1087869
34.088000,0.1088403
34.096000,0.1090003
34.104000,0.1091070
34.112000,0.1088936
34.120000,0.1087336
34.128000,0.1088403
34.136000,0.1088936
34.144000,0.1088936
34.152000,0.1089470
34.160000,0.1088936
34.168000,0.1088936
34.176000,0.1088936
34.184000,0.1087869
34.192000,0.1088403
34.200000,0.1088936
34.208000,0.1090003
34.216000,0.1090003
34.224000,0.1089470
34.232000,0.1088936
34.240000,0.1088403
34.248000,0.1088936
34.256000,0.1090003
34.264000,0.1089470
34.272000,0.1089470
34.280000,0.1088936
34.288000,0.1088936
34.296000,0.1090003
34.304000,0.1089470
34.312000,0.1088403
34.320000,0.1088403
34.328000,0.1089470
34.336000,0.1090536
34.344000,0.1090536
34.352000,0.1090003
34.360000,0.1090003
34.368000,0.1090003
34.376000,0.1090003
34.384000,0.1090003
34.392000,0.1089470
34.400000,0.1089470
34.408000,0.1089470
34.416000,0.1088936
34.424000,0.1089470
34.432000,0.1091070
34.440000,0.1090536
34.448000,0.1090003
34.456000,0.1090003
34.464000,0.1089470
34.472000,0.1088936
34.480000,0.1089470
34.488000,0.1088936
34.496000,0.1089470
34.504000,0.1088936
34.512000,0.1088936
34.520000,0.1088936
34.528000,0.1088936
34.536000,0.1088936
34.544000,0.1088936
34.552000,0.1089470
34.560000,0.1089470
34.568000,0.1090003
34.576000,0.1090003
34.584000,0.1090003
34.592000,0.1090003
34.600000,0.1090536
34.608000,0.1090003
34.616000,0.1089470
34.624000,0.1089470
34.632000,0.1089470
34.640000,0.1088936
34.648000,0.1088936
34.656000,0.1089470
34.664000,0.1089470
34.672000,0.1090003
34.680000,0.1089470
34.688000,0.1090003
34.696000,0.1090003
34.704000,0.1089470
34.712000,0.1090003
34.720000,0.1090003
34.728000,0.1090536
34.736000,0.1090003
34.744000,0.1090536
34.752000,0.1090536
34.760000,0.1090003
34.768000,0.1088936
34.776000,0.1089470
34.784000,0.1090003
34.792000,0.1089470
34.800000,0.1089470
34.808000,0.1089470
34.816000,0.1090003
34.824000,0.1088936
34.832000,0.1087869
34.840000,0.1088403
34.848000,0.1089470
34.856000,0.1089470
34.864000,0.1091070
34.872000,0.1090003
34.880000,0.1090003
34.888000,0.1090536
34.896000,0.1090003
34.904000,0.1090003
34.912000,0.1089470
34.920000,0.1089470
34.928000,0.1090003
34.936000,0.1090536
34.944000,0.1090003
34.952000,0.1090003
34.960000,0.1090003
34.968000,0.1090003
34.976000,0.1090003
34.984000,0.1090003
34.992000,0.1089470
35.000000,0.1090536
35.008000,0.1091070
35.016000,0.1091603
35.024000,0.1091070
35.032000,0.1090536
35.040000,0.1089470
35.048000,0.1089470
35.056000,0.1090536
35.064000,0.1090003
35.072000,0.1089470
35.080000,0.1090536
35.088000,0.1090536
35.096000,0.1089470
35.104000,0.1088403
35.112000,0.1088403
35.120000,0.1088403
35.128000,0.1089470
35.136000,0.1090003
35.144000,0.1088936
35.152000,0.1089470
35.160000,0.1090003
35.168000,0.1090003
35.176000,0.1090003
35.184000,0.1090003
35.192000,0.1088936
35.200000,0.1089470
35.208000,0.1089470
35.216000,0.1090003
35.224000,0.1090003
35.232000,0.1091070
35.240000,0.1090536
35.248000,0.1090003
35.256000,0.1089470
35.264000,0.1090003
35.272000,0.1089470
35.280000,0.1089470
35.288000,0.1089470
35.296000,0.1090003
35.304000,0.1090003
35.312000,0.1090003
35.320000,0.1091070
35.328000,0.1090536
35.336000,0.1089470
35.344000,0.1088936
35.352000,0.1089470
35.360000,0.1089470
35.368000,0.1090536
35.376000,0.1090536
35.384000,0.1090003
35.392000,0.1090003
35.400000,0.1090003
35.408000,0.1090003
35.416000,0.1091070
35.424000,0.1090536
35.432000,0.1091070
35.440000,0.1091070
35.448000,0.1090536
35.456000,0.1090536
35.464000,0.1091070
35.472000,0.1090536
35.480000,0.1090536
35.488000,0.1090536
35.496000,0.1090536
35.504000,0.1090536
35.512000,0.1090536
35.520000,0.1091603
35.528000,0.1091603
35.536000,0.1090536
35.544000,0.1089470
35.552000,0.1089470
35.560000,0.1090003
35.568000,0.1090003
35.576000,0.1090536
35.584000,0.1091070
35.592000,0.1090536
35.600000,0.1090536
35.608000,0.1089470
35.616000,0.1090003
35.624000,0.1091070
35.632000,0.1091070
35.640000,0.1091070
35.648000,0.1091070
35.656000,0.1090536
35.664000,0.1091070
35.672000,0.1090003
35.680000,0.1089470
35.688000,0.1090536
35.696000,0.1090536
35.704000,0.1090003
35.712000,0.1090003
35.720000,0.1090003
35.728000,0.1091070
35.736000,0.1090536
35.744000,0.1090003
35.752000,0.1090003
35.760000,0.1090003
35.768000,0.1090536
35.776000,0.1090003
35.784000,0.1090003
35.792000,0.1090003
35.800000,0.1088936
35.808000,0.1089470
35.816000,0.1090536
35.824000,0.1090003
35.832000,0.1089470
35.840000,0.1090536
35.848000,0.1090003
35.856000,0.1090003
35.864000,0.1090003
35.872000,0.1090536
35.880000,0.1090536
35.888000,0.1090003
35.896000,0.1090003
35.904000,0.1090003
35.912000,0.1090536
35.920000,0.1090003
35.928000,0.1089470
35.936000,0.1089470
35.944000,0.1090003
35.952000,0.1089470
35.960000,0.1090003
35.968000,0.1090003
35.976000,0.1090536
35.984000,0.1090536
35.992000,0.1090536
36.000000,0.1090536
36.008000,0.1090536
36.016000,0.1090003
36.024000,0.1089470
36.032000,0.1090003
36.040000,0.1090536
36.048000,0.1090536
36.056000,0.1091070
36.064000,0.1090536
36.072000,0.1091070
36.080000,0.1090536
36.088000,0.1090536
36.096000,0.1090003
36.104000,0.1089470
36.112000,0.1089470
36.120000,0.1090536
36.128000,0.1091603
36.136000,0.1091070
36.144000,0.1090536
36.152000,0.1090003
36.160000,0.1089470
36.168000,0.1089470
36.176000,0.1089470
36.184000,0.1089470
36.192000,0.1090536
36.200000,0.1091070
36.208000,0.1090536
36.216000,0.1090536
36.224000,0.1091603
36.232000,0.1090536
36.240000,0.1090003
36.248000,0.1090536
36.256000,0.1090536
36.264000,0.1090536
36.272000,0.1091070
36.280000,0.1090536
36.288000,0.1090003
36.296000,0.1091070
36.304000,0.1091070
36.312000,0.1091070
36.320000,0.1090536
36.328000,0.1090003
36.336000,0.1090536
36.344000,0.1090536
36.352000,0.1090536
36.360000,0.1090536
36.368000,0.1090003
36.376000,0.1090536
36.384000,0.1090003
36.392000,0.1090003
36.400000,0.1090003
36.408000,0.1090003
36.416000,0.1090003
36.424000,0.1090003
36.432000,0.1090536
36.440000,0.1090536
36.448000,0.1090003
36.456000,0.1090536
36.464000,0.1090003
36.472000,0.1088403
36.480000,0.1088936
36.488000,0.1089470
36.496000,0.1091070
36.504000,0.1090536
36.512000,0.1090536
36.520000,0.1091070
36.528000,0.1090536
36.536000,0.1090536
36.544000,0.1090003
36.552000,0.1090003
36.560000,0.1089470
36.568000,0.1088936
36.576000,0.1088936
36.584000,0.1089470
36.592000,0.1090003
36.600000,0.1091070
36.608000,0.1090536
36.616000,0.1090536
36.624000,0.1091070
36.632000,0.1090536
36.640000,0.1090003
36.648000,0.1090536
36.656000,0.1090536
36.664000,0.1090536
36.672000,0.1090003
36.680000,0.1089470
36.688000,0.1089470
36.696000,0.1090003
36.704000,0.1089470
36.712000,0.1090536
36.720000,0.1090536
36.728000,0.1090536
36.736000,0.1090003
36.744000,0.1089470
36.752000,0.1088936
36.760000,0.1089470
36.768000,0.1088936
36.776000,0.1090003
36.784000,0.1090003
36.792000,0.1090003
36.800000,0.1089470
36.808000,0.1089470
36.816000,0.1089470
36.824000,0.1090003
36.832000,0.1090003
36.840000,0.1090536
36.848000,0.1091603
36.856000,0.1091603
36.864000,0.1090536
36.872000,0.1090003
36.880000,0.1090536
36.888000,0.1090536
36.896000,0.1090003
36.904000,0.1090536
36.912000,0.1090536
36.920000,0.1090536
36.928000,0.1090003
36.936000,0.1090003
36.944000,0.1090003
36.952000,0.1090003
36.960000,0.1089470
36.968000,0.1090536
36.976000,0.1090536
36.984000,0.1089470
36.992000,0.1090003
37.000000,0.1091070
37.008000,0.1090536
37.016000,0.1088936
37.024000,0.1089470
37.032000,0.1090003
37.040000,0.1090003
37.048000,0.1090003
37.056000,0.1090536
37.064000,0.1090536
37.072000,0.1090536
37.080000,0.1090536
37.088000,0.1090536
37.096000,0.1090536
37.104000,0.1090536
37.112000,0.1091603
37.120000,0.1091603
37.128000,0.1090536
37.136000,0.1090003
37.144000,0.1090536
37.152000,0.1090003
37.160000,0.1089470
37.168000,0.1090003
37.176000,0.1090536
37.184000,0.1090536
37.192000,0.1090536
37.200000,0.1090003
37.208000,0.1090536
37.216000,0.1090536
37.224000,0.1091070
37.232000,0.1091070
37.240000,0.1091070
37.248000,0.1090536
37.256000,0.1090003
37.264000,0.1090536
37.272000,0.1091070
37.280000,0.1090536
37.288000,0.1090003
37.296000,0.1090003
37.304000,0.1090003
37.312000,0.1090536
37.320000,0.1090003
37.328000,0.1090536
37.336000,0.1090536
37.344000,0.1090536
37.352000,0.1090003
37.360000,0.1089470
37.368000,0.1089470
37.376000,0.1090536
37.384000,0.1091070
37.392000,0.1090003
37.400000,0.1089470
37.408000,0.1090536
37.416000,0.1091070
37.424000,0.1090536
37.432000,0.1090536
37.440000,0.1090536
37.448000,0.1090003
37.456000,0.1090536
37.464000,0.1090003
37.472000,0.1090003
37.480000,0.1090003
37.488000,0.1090003
37.496000,0.1088936
37.504000,0.1088936
37.512000,0.1088936
37.520000,0.1088403
37.528000,0.1088936
37.536000,0.1089470
37.544000,0.1089470
37.552000,0.1090003
37.560000,0.1090536
37.568000,0.1091070
37.576000,0.1091603
37.584000,0.1091070
37.592000,0.1090003
37.600000,0.1090536
37.608000,0.1090536
37.616000,0.1090536
37.624000,0.1090536
37.632000,0.1090003
37.640000,0.1090003
37.648000,0.1090536
37.656000,0.1091070
37.664000,0.1091070
37.672000,0.1091603
37.680000,0.1090536
37.688000,0.1090003
37.696000,0.1090003
37.704000,0.1090003
37.712000,0.1090536
37.720000,0.1090003
37.728000,0.1089470
37.736000,0.1090003
37.744000,0.1091070
37.752000,0.1090536
37.760000,0.1090536
37.768000,0.1091070
37.776000,0.1090536
37.784000,0.1091070
37.792000,0.1091603
37.800000,0.1090536
37.808000,0.1090536
37.816000,0.1090003
37.824000,0.1090536
37.832000,0.1090536
37.840000,0.1090536
37.848000,0.1090003
37.856000,0.1090003
37.864000,0.1090003
37.872000,0.1090003
37.880000,0.1089470
37.888000,0.1090003
37.896000,0.1090536
37.904000,0.1090536
37.912000,0.1090003
37.920000,0.1090003
37.928000,0.1090003
37.936000,0.1090003
37.944000,0.1089470
37.952000,0.1090003
37.960000,0.1090536
37.968000,0.1090536
37.976000,0.1090003
37.984000,0.1089470
37.992000,0.1089470
38.000000,0.1089470
38.008000,0.1090536
38.016000,0.1090536
38.024000,0.1091070
38.032000,0.1090536
38.040000,0.1088936
38.048000,0.1088936
38.056000,0.1089470
38.064000,0.1090003
38.072000,0.1090003
38.080000,0.1090536
38.088000,0.1090536
38.096000,0.1090003
38.104000,0.1090003
38.112000,0.1090003
38.120000,0.1090536
38.128000,0.1090536
38.136000,0.1090003
38.144000,0.1090536
38.152000,0.1091070
38.160000,0.1091070
38.168000,0.1090003
38.176000,0.1089470
38.184000,0.1090003
38.192000,0.1090003
38.200000,0.1090536
38.208000,0.1090003
38.216000,0.1090536
38.224000,0.1088936
38.232000,0.1089470
38.240000,0.1090536
38.248000,0.1090536
38.256000,0.1090003
38.264000,0.1090536
38.272000,0.1090003
38.280000,0.1090003
38.288000,0.1089470
38.296000,0.1089470
38.304000,0.1090003
38.312000,0.1090003
38.320000,0.1089470
38.328000,0.1090003
38.336000,0.1090003
38.344000,0.1090536
38.352000,0.1090003
38.360000,0.1090536
38.368000,0.1091070
38.376000,0.1091070
38.384000,0.1091070
38.392000,0.1090536
38.400000,0.1091070
38.408000,0.1091070
38.416000,0.1090536
38.424000,0.1090536
38.432000,0.1090003
38.440000,0.1090003
38.448000,0.1090536
38.456000,0.1091070
38.464000,0.1090536
38.472000,0.1090003
38.480000,0.1090003
38.488000,0.1090003
38.496000,0.1089470
38.504000,0.1089470
38.512000,0.1090003
38.520000,0.1090003
38.528000,0.1091070
38.536000,0.1091070
38.544000,0.1090003
38.552000,0.1090536
38.560000,0.1090536
38.568000,0.1090003
38.576000,0.1090003
38.584000,0.1090536
38.592000,0.1090536
38.600000,0.1090003
38.608000,0.1090003
38.616000,0.1090003
38.624000,0.1089470
38.632000,0.1088936
38.640000,0.1090003
38.648000,0.1091070
38.656000,0.1090003
38.664000,0.1088936
38.672000,0.1090003
38.680000,0.1090003
38.688000,0.1090003
38.696000,0.1090536
38.704000,0.1091603
38.712000,0.1090536
38.720000,0.1090003
38.728000,0.1090536
38.736000,0.1091070
38.744000,0.1089470
38.752000,0.1090003
38.760000,0.1090003
38.768000,0.1090003
38.776000,0.1090003
38.784000,0.1089470
38.792000,0.1089470
38.800000,0.1090536
38.808000,0.1090003
38.816000,0.1089470
38.824000,0.1090003
38.832000,0.1090003
38.840000,0.1090003
38.848000,0.1089470
38.856000,0.1089470
38.864000,0.1089470
38.872000,0.1088936
38.880000,0.1088936
38.888000,0.1089470
38.896000,0.1088936
38.904000,0.1088936
38.912000,0.1090003
38.920000,0.1089470
38.928000,0.1088936
38.936000,0.1089470
38.944000,0.1090536
38.952000,0.1090536
38.960000,0.1090536
38.968000,0.1090003
38.976000,0.1090003
38.984000,0.1090003
38.992000,0.1090003
39.000000,0.1090536
39.008000,0.1090536
39.016000,0.1090003
39.024000,0.1089470
39.032000,0.1090003
39.040000,0.1090003
39.048000,0.1088936
39.056000,0.1090003
39.064000,0.1089470
39.072000,0.1090003
39.080000,0.1089470
39.088000,0.1089470
39.096000,0.1089470
39.104000,0.1090003
39.112000,0.1090536
39.120000,0.1091070
39.128000,0.1090536
39.136000,0.1089470
39.144000,0.1090003
39.152000,0.1089470
39.160000,0.1090003
39.168000,0.1090536
39.176000,0.1090003
39.184000,0.1090536
39.192000,0.1090536
39.200000,0.1089470
39.208000,0.1089470
39.216000,0.1090003
39.224000,0.1091070
39.232000,0.1090536
39.240000,0.1090003
39.248000,0.1090003
39.256000,0.1090003
39.264000,0.1090536
39.272000,0.1089470
39.280000,0.1090003
39.288000,0.1091070
39.296000,0.1090536
39.304000,0.1090536
39.312000,0.1091070
39.320000,0.1090536
39.328000,0.1089470
39.336000,0.1090536
39.344000,0.1091070
39.352000,0.1090536
39.360000,0.1089470
39.368000,0.1090003
39.376000,0.1090003
39.384000,0.1090003
39.392000,0.1090003
39.400000,0.1090003
39.408000,0.1089470
39.416000,0.1089470
39.424000,0.1090003
39.432000,0.1089470
39.440000,0.1090003
39.448000,0.1090003
39.456000,0.1089470
39.464000,0.1090536
39.472000,0.1090536
39.480000,0.1091070
39.488000,0.1090536
39.496000,0.1090003
39.504000,0.1090003
39.512000,0.1090536
39.520000,0.1090003
39.528000,0.1088936
39.536000,0.1090003
39.544000,0.1090003
39.552000,0.1090003
39.560000,0.1090003
39.568000,0.1090003
39.576000,0.1090536
39.584000,0.1090536
39.592000,0.1091070
39.600000,0.1091070
39.608000,0.1090536
39.616000,0.1089470
39.624000,0.1090003
39.632000,0.1090003
39.640000,0.1090003
39.648000,0.1090003
39.656000,0.1089470
39.664000,0.1089470
39.672000,0.1089470
39.680000,0.1089470
39.688000,0.1090536
39.696000,0.1090536
39.704000,0.1090003
39.712000,0.1088936
39.720000,0.1090003
39.728000,0.1090003
39.736000,0.1089470
39.744000,0.1089470
39.752000,0.1090536
39.760000,0.1091070
39.768000,0.1090003
39.776000,0.1090003
39.784000,0.1090536
39.792000,0.1090536
39.800000,0.1090536
39.808000,0.1090536
39.816000,0.1090003
39.824000,0.1089470
39.832000,0.1090003
39.840000,0.1090536
39.848000,0.1089470
39.856000,0.1089470
39.864000,0.1089470
39.872000,0.1090003
39.880000,0.1089470
39.888000,0.1089470
39.896000,0.1090003
39.904000,0.1090536
39.912000,0.1090536
39.920000,0.1090536
39.928000,0.1090003
39.936000,0.1090536
39.944000,0.1090536
39.952000,0.1090536
39.960000,0.1090003
39.968000,0.1089470
39.976000,0.1089470
39.984000,0.1089470
39.992000,0.1089470
40.000000,0.1089470
40.008000,0.1089470
40.016000,0.1090003
40.024000,0.1089470
40.032000,0.1090536
40.040000,0.1090003
40.048000,0.1088936
40.056000,0.1089470
40.064000,0.1089470
40.072000,0.1090003
40.080000,0.1090003
40.088000,0.1090003
40.096000,0.1090003
40.104000,0.1090003
40.112000,0.1090536
40.120000,0.1089470
40.128000,0.1090003
40.136000,0.1090536
40.144000,0.1090003
40.152000,0.1090003
40.160000,0.1090536
40.168000,0.1090003
40.176000,0.1088936
40.184000,0.1089470
40.192000,0.1090003
40.200000,0.1090003
40.208000,0.1089470
40.216000,0.1088936
40.224000,0.1089470
40.232000,0.1089470
40.240000,0.1089470
40.248000,0.1090003
40.256000,0.1090003
40.264000,0.1089470
40.272000,0.1090536
40.280000,0.1091070
40.288000,0.1090536
40.296000,0.1089470
40.304000,0.1090003
40.312000,0.1089470
40.320000,0.1089470
40.328000,0.1089470
40.336000,0.1089470
40.344000,0.1088936
40.352000,0.1089470
40.360000,0.1090003
40.368000,0.1090003
40.376000,0.1090536
40.384000,0.1090003
40.392000,0.1090536
40.400000,0.1090003
40.408000,0.1090003
40.416000,0.1090003
40.424000,0.1090536
40.432000,0.1091070
40.440000,0.1090536
40.448000,0.1090536
40.456000,0.1090003
40.464000,0.1090003
40.472000,0.1090536
40.480000,0.1090003
40.488000,0.1088936
40.496000,0.1089470
40.504000,0.1090003
40.512000,0.1090003
40.520000,0.1089470
40.528000,0.1089470
40.536000,0.1089470
40.544000,0.1089470
40.552000,0.1089470
40.560000,0.1088936
40.568000,0.1088936
40.576000,0.1088936
40.584000,0.1089470
40.592000,0.1089470
40.600000,0.1089470
40.608000,0.1091070
40.616000,0.1091070
40.624000,0.1089470
40.632000,0.1088403
40.640000,0.1089470
40.648000,0.1088936
40.656000,0.1089470
40.664000,0.1090003
40.672000,0.1089470
40.680000,0.1089470
40.688000,0.1089470
40.696000,0.1090003
40.704000,0.1090003
40.712000,0.1090003
40.720000,0.1089470
40.728000,0.1090003
40.736000,0.1089470
40.744000,0.1089470
40.752000,0.1089470
40.760000,0.1089470
40.768000,0.1089470
40.776000,0.1089470
40.784000,0.1090003
40.792000,0.1090003
40.800000,0.1090003
40.808000,0.1090003
40.816000,0.1090003
40.824000,0.1089470
40.832000,0.1089470
40.840000,0.1088403
40.848000,0.1089470
40.856000,0.1090003
40.864000,0.1089470
40.872000,0.1089470
40.880000,0.1089470
40.888000,0.1089470
40.896000,0.1089470
40.904000,0.1089470
40.912000,0.1090003
40.920000,0.1090536
40.928000,0.1090003
40.936000,0.1090003
40.944000,0.1090003
40.952000,0.1090003
40.960000,0.1089470
40.968000,0.1088403
40.976000,0.1088936
40.984000,0.1090003
40.992000,0.1090003
41.000000,0.1089470
41.008000,0.1089470
41.016000,0.1090003
41.024000,0.1089470
41.032000,0.1089470
41.040000,0.1088936
41.048000,0.1088403
41.056000,0.1088936
41.064000,0.1089470
41.072000,0.1089470
41.080000,0.1090003
41.088000,0.1089470
41.096000,0.1088936
41.104000,0.1090003
41.112000,0.1090536
41.120000,0.1089470
41.128000,0.1088936
41.136000,0.1089470
41.144000,0.1090003
41.152000,0.1089470
41.160000,0.1089470
41.168000,0.1088936
41.176000,0.1088936
41.184000,0.1089470
41.192000,0.1090003
41.200000,0.1089470
41.208000,0.1090003
41.216000,0.1090536
41.224000,0.1090536
41.232000,0.1090003
41.240000,0.1089470
41.248000,0.1090003
41.256000,0.1090003
41.264000,0.1090003
41.272000,0.1089470
41.280000,0.1089470
41.288000,0.1089470
41.296000,0.1089470
41.304000,0.1088936
41.312000,0.1088403
41.320000,0.1089470
41.328000,0.1089470
41.336000,0.1089470
41.344000,0.1089470
41.352000,0.1090003
41.360000,0.1090003
41.368000,0.1090003
41.376000,0.1090536
41.384000,0.1090536
41.392000,0.1088936
41.400000,0.1088936
41.408000,0.1088936
41.416000,0.1088403
41.424000,0.1089470
41.432000,0.1090003
41.440000,0.1089470
41.448000,0.1090003
41.456000,0.1089470
41.464000,0.1088936
41.472000,0.1088403
41.480000,0.1088403
41.488000,0.1088403
41.496000,0.1088936
41.504000,0.1089470
41.512000,0.1089470
41.520000,0.1089470
41.528000,0.1089470
41.536000,0.1088936
41.544000,0.1088936
41.552000,0.1089470
41.560000,0.1089470
41.568000,0.1088936
41.576000,0.1088936
41.584000,0.1089470
41.592000,0.1090536
41.600000,0.1090003
41.608000,0.1088936
41.616000,0.1089470
41.624000,0.1090003
41.632000,0.1089470
41.640000,0.1088936
41.648000,0.1089470
41.656000,0.1089470
41.664000,0.1088936
41.672000,0.1088936
41.680000,0.1090003
41.688000,0.1090003
41.696000,0.1089470
41.704000,0.1090003
41.712000,0.1090003
41.720000,0.1088936
41.728000,0.1088403
41.736000,0.1090536
41.744000,0.1091070
41.752000,0.1090536
41.760000,0.1090003
41.768000,0.1089470
41.776000,0.1089470
41.784000,0.1090003
41.792000,0.1089470
41.800000,0.1089470
41.808000,0.1088936
41.816000,0.1089470
41.824000,0.1090003
41.832000,0.1090003
41.840000,0.1089470
41.848000,0.1088936
41.856000,0.1088403
41.864000,0.1088403
41.872000,0.1089470
41.880000,0.1088936
41.888000,0.1089470
41.896000,0.1090003
41.904000,0.1090536
41.912000,0.1090003
41.920000,0.1088936
41.928000,0.1089470
41.936000,0.1088936
41.944000,0.1088936
41.952000,0.1089470
41.960000,0.1090003
41.968000,0.1089470
41.976000,0.1088936
41.984000,0.1090003
41.992000,0.1088936
42.000000,0.1089470
42.008000,0.1089470
42.016000,0.1089470
42.024000,0.1089470
42.032000,0.1090003
42.040000,0.1090003
42.048000,0.1090003
42.056000,0.1089470
42.064000,0.1089470
42.072000,0.1089470
42.080000,0.1089470
42.088000,0.1089470
42.096000,0.1088403
42.104000,0.1087869
42.112000,0.1088403
42.120000,0.1089470
42.128000,0.1090536
42.136000,0.1090536
42.144000,0.1089470
42.152000,0.1088403
42.160000,0.1088403
42.168000,0.1088403
42.176000,0.1088936
42.184000,0.1088936
42.192000,0.1090003
42.200000,0.1090003
42.208000,0.1088403
42.216000,0.1088403
42.224000,0.1088936
42.232000,0.1089470
42.240000,0.1089470
42.248000,0.1088936
42.256000,0.1090003
42.264000,0.1090003
42.272000,0.1088403
42.280000,0.1087869
42.288000,0.1089470
42.296000,0.1090003
42.304000,0.1090536
42.312000,0.1090003
42.320000,0.1088936
42.328000,0.1088936
42.336000,0.1088936
42.344000,0.1089470
42.352000,0.1089470
42.360000,0.1090003
42.368000,0.1089470
42.376000,0.1088936
42.384000,0.1087336
42.392000,0.1088403
42.400000,0.1089470
42.408000,0.1089470
42.416000,0.1089470
42.424000,0.1089470
42.432000,0.1089470
42.440000,0.1089470
42.448000,0.1088403
42.456000,0.1088936
42.464000,0.1090003
42.472000,0.1088936
42.480000,0.1087869
42.488000,0.1088403
42.496000,0.1090003
42.504000,0.1091070
42.512000,0.1090536
42.520000,0.1090003
42.528000,0.1088936
42.536000,0.1088936
42.544000,0.1090003
42.552000,0.1089470
42.560000,0.1088403
42.568000,0.1088936
42.576000,0.1088936
42.584000,0.1088936
42.592000,0.1088936
42.600000,0.1089470
42.608000,0.1090003
42.616000,0.1090003
42.624000,0.1088936
42.632000,0.1088936
42.640000,0.1089470
42.648000,0.1090003
42.656000,0.1090003
42.664000,0.1089470
42.672000,0.1090003
42.680000,0.1090003
42.688000,0.1089470
42.696000,0.1089470
42.704000,0.1088936
42.712000,0.1089470
42.720000,0.1089470
42.728000,0.1089470
42.736000,0.1088936
42.744000,0.1088403
42.752000,0.1087869
42.760000,0.1088936
42.768000,0.1089470
42.776000,0.1088403
42.784000,0.1088403
42.792000,0.1088936
42.800000,0.1088936
42.808000,0.1088403
42.816000,0.1087869
42.824000,0.1088403
42.832000,0.1090536
42.840000,0.1091070
42.848000,0.1090536
42.856000,0.1089470
42.864000,0.1089470
42.872000,0.1088936
42.880000,0.1089470
42.888000,0.1088936
42.896000,0.1088936
42.904000,0.1088936
42.912000,0.1088936
42.920000,0.1088403
42.928000,0.1087869
42.936000,0.1088403
42.944000,0.1088403
42.952000,0.1088936
42.960000,0.1088936
42.968000,0.1088936
42.976000,0.1088936
42.984000,0.1088403
42.992000,0.1088403
43.000000,0.1090003
43.008000,0.1089470
43.016000,0.1089470
43.024000,0.1090003
43.032000,0.1088936
43.040000,0.1088403
43.048000,0.1088403
43.056000,0.1088936
43.064000,0.1088936
43.072000,0.1088936
43.080000,0.1089470
43.088000,0.1090003
43.096000,0.1089470
43.104000,0.1088936
43.112000,0.1090003
43.120000,0.1090003
43.128000,0.1089470
43.136000,0.1089470
43.144000,0.1089470
43.152000,0.1088936
43.160000,0.1090003
43.168000,0.1089470
43.176000,0.1088936
43.184000,0.1089470
43.192000,0.1090536
43.200000,0.1091070
43.208000,0.1089470
43.216000,0.1089470
43.224000,0.1088936
43.232000,0.1088936
43.240000,0.1088936
43.248000,0.1088936
43.256000,0.1088403
43.264000,0.1089470
43.272000,0.1089470
43.280000,0.1088936
43.288000,0.1088403
43.296000,0.1088936
43.304000,0.1089470
43.312000,0.1088936
43.320000,0.1089470
43.328000,0.1089470
43.336000,0.1088403
43.344000,0.1088936
43.352000,0.1089470
43.360000,0.1089470
43.368000,0.1088403
43.376000,0.1088403
43.384000,0.1088936
43.392000,0.1088936
43.400000,0.1089470
43.408000,0.1090003
43.416000,0.1089470
43.424000,0.1088936
43.432000,0.1088936
43.440000,0.1088936
43.448000,0.1088936
43.456000,0.1089470
43.464000,0.1090003
43.472000,0.1090003
43.480000,0.1089470
43.488000,0.1089470
43.496000,0.1089470
43.504000,0.1089470
43.512000,0.1088936
43.520000,0.1089470
43.528000,0.1089470
43.536000,0.1089470
43.544000,0.1089470
43.552000,0.1088936
43.560000,0.1087869
43.568000,0.1088936
43.576000,0.1089470
43.584000,0.1088936
43.592000,0.1087869
43.600000,0.1087336
43.608000,0.1087336
43.616000,0.1088936
43.624000,0.1090003
43.632000,0.1089470
43.640000,0.1089470
43.648000,0.1089470
43.656000,0.1090003
43.664000,0.1089470
43.672000,0.1088403
43.680000,0.1088403
43.688000,0.1088936
43.696000,0.1089470
43.704000,0.1089470
43.712000,0.1088403
43.720000,0.1088403
43.728000,0.1088936
43.736000,0.1088936
43.744000,0.1088936
43.752000,0.1088936
43.760000,0.1089470
43.768000,0.1088936
43.776000,0.1088936
43.784000,0.1088403
43.792000,0.1088936
43.800000,0.1089470
43.808000,0.1088403
43.816000,0.1088403
43.824000,0.1088403
43.832000,0.1088936
43.840000,0.1088403
43.848000,0.1088403
43.856000,0.1089470
43.864000,0.1088936
43.872000,0.1088936
43.880000,0.1088936
43.888000,0.1088403
43.896000,0.1087869
43.904000,0.1088403
43.912000,0.1088403
43.920000,0.1088936
43.928000,0.1088936
43.936000,0.1088936
43.944000,0.1088403
43.952000,0.1087869
43.960000,0.1089470
43.968000,0.1089470
43.976000,0.1088936
43.984000,0.1089470
43.992000,0.1089470
44.000000,0.1089470
44.008000,0.1089470
44.016000,0.1088936
44.024000,0.1087869
44.032000,0.1088403
44.040000,0.1088936
44.048000,0.1088936
44.056000,0.1088936
44.064000,0.1088403
44.072000,0.1088403
44.080000,0.1088936
44.088000,0.1088936
44.096000,0.1088403
44.104000,0.1088403
44.112000,0.1088936
44.120000,0.1088936
44.128000,0.1088936
44.136000,0.1088936
44.144000,0.1087869
44.152000,0.1087869
44.160000,0.1088403
44.168000,0.1088403
44.176000,0.1088936
44.184000,0.1088403
44.192000,0.1087869
44.200000,0.1088936
44.208000,0.1089470
44.216000,0.1088936
44.224000,0.1088936
44.232000,0.1088403
44.240000,0.1088403
44.248000,0.1088403
44.256000,0.1088936
44.264000,0.1089470
44.272000,0.1088936
44.280000,0.1088936
44.288000,0.1088936
44.296000,0.1088403
44.304000,0.1088936
44.312000,0.1088936
44.320000,0.1088403
44.328000,0.1087869
44.336000,0.1088403
44.344000,0.1087869
44.352000,0.1087336
44.360000,0.1087336
44.368000,0.1087336
44.376000,0.1087869
44.384000,0.1087869
44.392000,0.1087336
44.400000,0.1088403
44.408000,0.1088936
44.416000,0.1088403
44.424000,0.1088403
44.432000,0.1088403
44.440000,0.1088936
44.448000,0.1088403
44.456000,0.1088403
44.464000,0.1088403
44.472000,0.1088403
44.480000,0.1088403
44.488000,0.1088936
44.496000,0.1088403
44.504000,0.1087869
44.512000,0.1088403
44.520000,0.1088403
44.528000,0.1088936
44.536000,0.1087869
44.544000,0.1087869
44.552000,0.1087336
44.560000,0.1087869
44.568000,0.1087869
44.576000,0.1087869
44.584000,0.1087869
44.592000,0.1088936
44.600000,0.1088936
44.608000,0.1088403
44.616000,0.1088403
44.624000,0.1088403
44.632000,0.1087869
44.640000,0.1087869
44.648000,0.1088403
44.656000,0.1088936
44.664000,0.1088936
44.672000,0.1088936
44.680000,0.1088403
44.688000,0.1088403
44.696000,0.1088403
44.704000,0.1087869
44.712000,0.1087869
44.720000,0.1087336
44.728000,0.1087869
44.736000,0.1088403
44.744000,0.1087869
44.752000,0.1088403
44.760000,0.1088403
44.768000,0.1087869
44.776000,0.1088936
44.784000,0.1089470
44.792000,0.1088403
44.800000,0.1088403
44.808000,0.1087869
44.816000,0.1088936
44.824000,0.1088936
44.832000,0.1088403
44.840000,0.1088403
44.848000,0.1087336
44.856000,0.1087869
44.864000,0.1088403
44.872000,0.1087869
44.880000,0.1087869
44.888000,0.1086803
44.896000,0.1087336
44.904000,0.1087336
44.912000,0.1087336
44.920000,0.1088403
44.928000,0.1088936
44.936000,0.1088403
44.944000,0.1087869
44.952000,0.1088936
44.960000,0.1088403
44.968000,0.1088403
44.976000,0.1088403
44.984000,0.1087869
44.992000,0.1088403
45.000000,0.1089470
45.008000,0.1089470
45.016000,0.1089470
45.024000,0.1088936
45.032000,0.1087869
45.040000,0.1088403
45.048000,0.1088403
45.056000,0.1089470
45.064000,0.1088403
45.072000,0.1088403
45.080000,0.1088403
45.088000,0.1088403
45.096000,0.1087869
45.104000,0.1087336
45.112000,0.1088403
45.120000,0.1088403
45.128000,0.1088403
45.136000,0.1088936
45.144000,0.1088936
45.152000,0.1088403
45.160000,0.1087869
45.168000,0.1088403
45.176000,0.1088936
45.184000,0.1088403
45.192000,0.1088403
45.200000,0.1088936
45.208000,0.1088936
45.216000,0.1087869
45.224000,0.1088403
45.232000,0.1088403
45.240000,0.1088403
45.248000,0.1088403
45.256000,0.1088403
45.264000,0.1088403
45.272000,0.1088403
45.280000,0.1088936
45.288000,0.1089470
45.296000,0.1088936
45.304000,0.1088936
45.312000,0.1088936
45.320000,0.1087869
45.328000,0.1087869
45.336000,0.1088403
45.344000,0.1087869
45.352000,0.1087336
45.360000,0.1088403
45.368000,0.1088403
45.376000,0.1088403
45.384000,0.1087869
45.392000,0.1087869
45.400000,0.1088403
45.408000,0.1088403
45.416000,0.1087869
45.424000,0.1088936
45.432000,0.1089470
45.440000,0.1088936
45.448000,0.1088403
45.456000,0.1087336
45.464000,0.1087869
45.472000,0.1088403
45.480000,0.1088403
45.488000,0.1088403
45.496000,0.1087869
45.504000,0.1087869
45.512000,0.1088403
45.520000,0.1089470
45.528000,0.1089470
45.536000,0.1088936
45.544000,0.1088936
45.552000,0.1088403
45.560000,0.1088403
45.568000,0.1088936
45.576000,0.1087869
45.584000,0.1087869
45.592000,0.1087336
45.600000,0.1087869
45.608000,0.1088403
45.616000,0.1087869
45.624000,0.1087869
45.632000,0.1087869
45.640000,0.1088936
45.648000,0.1088403
45.656000,0.1087869
45.664000,0.1087869
45.672000,0.1088936
45.680000,0.1089470
45.688000,0.1088936
45.696000,0.1088403
45.704000,0.1088403
45.712000,0.1087869
45.720000,0.1087869
45.728000,0.1087869
45.736000,0.1087869
45.744000,0.1087336
45.752000,0.1086803
45.760000,0.1086803
45.768000,0.1087336
45.776000,0.1088403
45.784000,0.1088403
45.792000,0.1088936
45.800000,0.1088403
45.808000,0.1087869
45.816000,0.1087869
45.824000,0.1087869
45.832000,0.1088403
45.840000,0.1088403
45.848000,0.1088403
45.856000,0.1088403
45.864000,0.1088403
45.872000,0.1087869
45.880000,0.1087869
45.888000,0.1088403
45.896000,0.1087336
45.904000,0.1087336
45.912000,0.1087869
45.920000,0.1087869
45.928000,0.1087869
45.936000,0.1088403
45.944000,0.1087869
45.952000,0.1087336
45.960000,0.1087336
45.968000,0.1087869
45.976000,0.1088403
45.984000,0.1088403
45.992000,0.1088936
46.000000,0.1088936
46.008000,0.1087869
46.016000,0.1087869
46.024000,0.1087869
46.032000,0.1087336
46.040000,0.1087869
46.048000,0.1087869
46.056000,0.1087869
46.064000,0.1088403
46.072000,0.1087869
46.080000,0.1086803
46.088000,0.1087336
46.096000,0.1088936
46.104000,0.1088403
46.112000,0.1087869
46.120000,0.1087336
46.128000,0.1087869
46.136000,0.1088403
46.144000,0.1088403
46.152000,0.1088403
46.160000,0.1087869
46.168000,0.1087869
46.176000,0.1087869
46.184000,0.1087869
46.192000,0.1086803
46.200000,0.1086803
46.208000,0.1087869
46.216000,0.1087336
46.224000,0.1086269
46.232000,0.1086803
46.240000,0.1087336
46.248000,0.1087869
46.256000,0.1087336
46.264000,0.1086803
46.272000,0.1087336
46.280000,0.1086803
46.288000,0.1086803
46.296000,0.1087336
46.304000,0.1088403
46.312000,0.1087869
46.320000,0.1087869
46.328000,0.1087336
46.336000,0.1086269
46.344000,0.1086269
46.352000,0.1086269
46.360000,0.1086803
46.368000,0.1087336
46.376000,0.1086803
46.384000,0.1087336
46.392000,0.1088403
46.400000,0.1087869
46.408000,0.1087869
46.416000,0.1088403
46.424000,0.1088403
46.432000,0.1088403
46.440000,0.1087869
46.448000,0.1087869
46.456000,0.1087336
46.464000,0.1087869
46.472000,0.1088403
46.480000,0.1087869
46.488000,0.1087336
46.496000,0.1086803
46.504000,0.1087336
46.512000,0.1087336
46.520000,0.1087336
46.528000,0.1087869
46.536000,0.1087869
46.544000,0.1087336
46.552000,0.1087336
46.560000,0.1088403
46.568000,0.1087869
46.576000,0.1087336
46.584000,0.1087869
46.592000,0.1087336
46.600000,0.1087336
46.608000,0.1088403
46.616000,0.1088403
46.624000,0.1088403
46.632000,0.1088403
46.640000,0.1087869
46.648000,0.1087869
46.656000,0.1087336
46.664000,0.1087336
46.672000,0.1086803
46.680000,0.1086803
46.688000,0.1087336
46.696000,0.1088403
46.704000,0.1088403
46.712000,0.1087336
46.720000,0.1086803
46.728000,0.1087336
46.736000,0.1086803
46.744000,0.1086803
46.752000,0.1087336
46.760000,0.1087869
46.768000,0.1087336
46.776000,0.1087336
46.784000,0.1087336
46.792000,0.1086803
46.800000,0.1086803
46.808000,0.1087336
46.816000,0.1086803
46.824000,0.1086803
46.832000,0.1086803
46.840000,0.1086803
46.848000,0.1086803
46.856000,0.1086803
46.864000,0.1086803
46.872000,0.1086269
46.880000,0.1087336
46.888000,0.1086803
46.896000,0.1087336
46.904000,0.1087336
46.912000,0.1087869
46.920000,0.1088403
46.928000,0.1087869
46.936000,0.1087869
46.944000,0.1087336
46.952000,0.1087336
46.960000,0.1087336
46.968000,0.1086269
46.976000,0.1086269
46.984000,0.1086269
46.992000,0.1087336
47.000000,0.1087336
47.008000,0.1086803
47.016000,0.1086803
47.024000,0.1087336
47.032000,0.1087336
47.040000,0.1087869
47.048000,0.1087336
47.056000,0.1086803
47.064000,0.1086269
47.072000,0.1086269
47.080000,0.1087336
47.088000,0.1087336
47.096000,0.1086269
47.104000,0.1086269
47.112000,0.1086803
47.120000,0.1087869
47.128000,0.1087869
47.136000,0.1087336
47.144000,0.1086803
47.152000,0.1086269
47.160000,0.1086269
47.168000,0.1086803
47.176000,0.1087869
47.184000,0.1086803
47.192000,0.1085736
47.200000,0.1086803
47.208000,0.1086803
47.216000,0.1087336
47.224000,0.1087869
47.232000,0.1086803
47.240000,0.1086803
47.248000,0.1087869
47.256000,0.1087869
47.264000,0.1086803
47.272000,0.1086269
47.280000,0.1086269
47.288000,0.1086269
47.296000,0.1085736
47.304000,0.1084669
47.312000,0.1085202
47.320000,0.1086269
47.328000,0.1086803
47.336000,0.1086803
47.344000,0.1086803
47.352000,0.1086803
47.360000,0.1086803
47.368000,0.1086269
47.376000,0.1086803
47.384000,0.1086803
47.392000,0.1087336
47.400000,0.1086803
47.408000,0.1085736
47.416000,0.1086269
47.424000,0.1086269
47.432000,0.1086269
47.440000,0.1086269
47.448000,0.1085736
47.456000,0.1085736
47.464000,0.1086269
47.472000,0.1086269
47.480000,0.1086803
47.488000,0.1086803
47.496000,0.1086269
47.504000,0.1086269
47.512000,0.1086269
47.520000,0.1086269
47.528000,0.1085736
47.536000,0.1086269
47.544000,0.1086803
47.552000,0.1086269
47.560000,0.1085736
47.568000,0.1085736
47.576000,0.1085736
47.584000,0.1085736
47.592000,0.1086269
47.600000,0.1087336
47.608000,0.1087336
47.616000,0.1086269
47.624000,0.1086269
47.632000,0.1086269
47.640000,0.1086269
47.648000,0.1086269
47.656000,0.1085736
47.664000,0.1086269
47.672000,0.1086803
47.680000,0.1086803
47.688000,0.1085736
47.696000,0.1085736
47.704000,0.1086269
47.712000,0.1086269
47.720000,0.1085736
47.728000,0.1086269
47.736000,0.1087336
47.744000,0.1086803
47.752000,0.1086803
47.760000,0.1087336
47.768000,0.1086803
47.776000,0.1086803
47.784000,0.1085736
47.792000,0.1086269
47.800000,0.1086269
47.808000,0.1087336
47.816000,0.1087336
47.824000,0.1086803
47.832000,0.1086803
47.840000,0.1086803
47.848000,0.1086269
47.856000,0.1086803
47.864000,0.1087336
47.872000,0.1087336
47.880000,0.1086803
47.888000,0.1085736
47.896000,0.1085736
47.904000,0.1086269
47.912000,0.1086269
47.920000,0.1086269
47.928000,0.1086269
47.936000,0.1087336
47.944000,0.1086803
47.952000,0.1086269
47.960000,0.1085736
47.968000,0.1086803
47.976000,0.1086803
47.984000,0.1086803
47.992000,0.1086803
48.000000,0.1086803
48.008000,0.1086803
48.016000,0.1085736
48.024000,0.1085736
48.032000,0.1086269
48.040000,0.1085736
48.048000,0.1086269
48.056000,0.1086803
48.064000,0.1086803
48.072000,0.1086803
48.080000,0.1086269
48.088000,0.1085736
48.096000,0.1085202
48.104000,0.1084135
48.112000,0.1085736
48.120000,0.1087336
48.128000,0.1087336
48.136000,0.1086803
48.144000,0.1086269
48.152000,0.1086269
48.160000,0.1085736
48.168000,0.1085202
48.176000,0.1085202
48.184000,0.1085736
48.192000,0.1086269
48.200000,0.1086269
48.208000,0.1085736
48.216000,0.1086269
48.224000,0.1086803
48.232000,0.1085736
48.240000,0.1085736
48.248000,0.1085736
48.256000,0.1085202
48.264000,0.1085202
48.272000,0.1085736
48.280000,0.1085736
48.288000,0.1086269
48.296000,0.1085202
48.304000,0.1085736
48.312000,0.1085736
48.320000,0.1086269
48.328000,0.1085736
48.336000,0.1085736
48.344000,0.1085736
48.352000,0.1085736
48.360000,0.1085736
48.368000,0.1085736
48.376000,0.1085736
48.384000,0.1085202
48.392000,0.1086269
48.400000,0.1087336
48.408000,0.1086803
48.416000,0.1086803
48.424000,0.1086269
48.432000,0.1085736
48.440000,0.1085202
48.448000,0.1085202
48.456000,0.1086269
48.464000,0.1086269
48.472000,0.1085736
48.480000,0.1085736
48.488000,0.1085736
48.496000,0.1085736
48.504000,0.1085736
48.512000,0.1086269
48.520000,0.1086269
48.528000,0.1085202
48.536000,0.1085736
48.544000,0.1085736
48.552000,0.1086269
48.560000,0.1084669
48.568000,0.1085202
48.576000,0.1086269
48.584000,0.1086269
48.592000,0.1086269
48.600000,0.1086269
48.608000,0.1086269
48.616000,0.1085736
48.624000,0.1085736
48.632000,0.1085736
48.640000,0.1086269
48.648000,0.1086269
48.656000,0.1086269
48.664000,0.1085736
48.672000,0.1085202
48.680000,0.1085202
48.688000,0.1085202
48.696000,0.1084669
48.704000,0.1085202
48.712000,0.1084135
48.720000,0.1084669
48.728000,0.1085736
48.736000,0.1085736
48.744000,0.1085736
48.752000,0.1085202
48.760000,0.1085202
48.768000,0.1085202
48.776000,0.1085736
48.784000,0.1085202
48.792000,0.1084669
48.800000,0.1085202
48.808000,0.1086269
48.816000,0.1085736
48.824000,0.1086269
48.832000,0.1086269
48.840000,0.1086269
48.848000,0.1085736
48.856000,0.1085736
48.864000,0.1085736
48.872000,0.1085736
48.880000,0.1086269
48.888000,0.1086269
48.896000,0.1085736
48.904000,0.1085736
48.912000,0.1085736
48.920000,0.1085736
48.928000,0.1084669
48.936000,0.1084669
48.944000,0.1085202
48.952000,0.1085736
48.960000,0.1086269
48.968000,0.1085736
48.976000,0.1085736
48.984000,0.1085736
48.992000,0.1085202
49.000000,0.1085202
49.008000,0.1085202
49.016000,0.1085202
49.024000,0.1085202
49.032000,0.1085736
49.040000,0.1085736
49.048000,0.1085736
49.056000,0.1085202
49.064000,0.1085202
49.072000,0.1085736
49.080000,0.1085202
49.088000,0.1085202
49.096000,0.1085202
49.104000,0.1085736
49.112000,0.1085202
49.120000,0.1084135
49.128000,0.1084669
49.136000,0.1084669
49.144000,0.1085202
49.152000,0.1086269
49.160000,0.1086269
49.168000,0.1085736
49.176000,0.1085736
49.184000,0.1085202
49.192000,0.1085736
49.200000,0.1086269
49.208000,0.1086269
49.216000,0.1085736
49.224000,0.1084669
49.232000,0.1084669
49.240000,0.1084669
49.248000,0.1085736
49.256000,0.1085736
49.264000,0.1085736
49.272000,0.1085736
49.280000,0.1086269
49.288000,0.1085736
49.296000,0.1085202
49.304000,0.1085736
49.312000,0.1085736
49.320000,0.1085202
49.328000,0.1085736
49.336000,0.1085736
49.344000,0.1085736
49.352000,0.1085202
49.360000,0.1085202
49.368000,0.1085202
49.376000,0.1085202
49.384000,0.1084135
49.392000,0.1084135
49.400000,0.1084135
49.408000,0.1084669
49.416000,0.1085736
49.424000,0.1085736
49.432000,0.1085736
49.440000,0.1085202
49.448000,0.1085202
49.456000,0.1086803
49.464000,0.1086269
49.472000,0.1086269
49.480000,0.1085736
49.488000,0.1085202
49.496000,0.1085202
49.504000,0.1085736
49.512000,0.1085736
49.520000,0.1086269
49.528000,0.1086269
49.536000,0.1085736
49.544000,0.1085202
49.552000,0.1084669
49.560000,0.1084669
49.568000,0.1084135
49.576000,0.1085202
49.584000,0.1085202
49.592000,0.1084669
49.600000,0.1084135
49.608000,0.1085736
49.616000,0.1085736
49.624000,0.1085736
49.632000,0.1084669
49.640000,0.1084669
49.648000,0.1084669
49.656000,0.1084135
49.664000,0.1084135
49.672000,0.1084135
49.680000,0.1083602
49.688000,0.1084135
49.696000,0.1084669
49.704000,0.1084669
49.712000,0.1085202
49.720000,0.1084669
49.728000,0.1084669
49.736000,0.1084669
49.744000,0.1084669
49.752000,0.1085736
49.760000,0.1086269
49.768000,0.1086269
49.776000,0.1086269
49.784000,0.1085202
49.792000,0.1085202
49.800000,0.1085736
49.808000,0.1085736
49.816000,0.1085736
49.824000,0.1086269
49.832000,0.1086269
49.840000,0.1085202
49.848000,0.1085202
49.856000,0.1084135
49.864000,0.1084669
49.872000,0.1085202
49.880000,0.1085736
49.888000,0.1085736
49.896000,0.1085202
49.904000,0.1085202
49.912000,0.1085202
49.920000,0.1085202
49.928000,0.1085202
49.936000,0.1085736
49.944000,0.1085736
49.952000,0.1085736
49.960000,0.1085202
49.968000,0.1084669
49.976000,0.1084669
49.984000,0.1084669
49.992000,0.1085202
50.000000,0.1085736
50.008000,0.1086269
50.016000,0.1085736
50.024000,0.1085736
50.032000,0.1085736
50.040000,0.1085736
50.048000,0.1085202
50.056000,0.1084135
50.064000,0.1085202
50.072000,0.1085736
50.080000,0.1085202
50.088000,0.1086269
50.096000,0.1085736
50.104000,0.1085736
50.112000,0.1085202
50.120000,0.1084669
50.128000,0.1084669
50.136000,0.1084669
50.144000,0.1084669
50.152000,0.1085736
50.160000,0.1085736
50.168000,0.1084669
50.176000,0.1085202
50.184000,0.1085202
50.192000,0.1085202
50.200000,0.1084669
50.208000,0.1085202
50.216000,0.1085202
50.224000,0.1085202
50.232000,0.1084669
50.240000,0.1084135
50.248000,0.1083602
50.256000,0.1084669
50.264000,0.1085202
50.272000,0.1084669
50.280000,0.1084669
50.288000,0.1084669
50.296000,0.1084669
50.304000,0.1085202
50.312000,0.1085202
50.320000,0.1084669
50.328000,0.1084669
50.336000,0.1084669
50.344000,0.1085202
50.352000,0.1085202
50.360000,0.1085202
50.368000,0.1084669
50.376000,0.1084135
50.384000,0.1084135
50.392000,0.1084135
50.400000,0.1084669
50.408000,0.1084135
50.416000,0.1084135
50.424000,0.1084135
50.432000,0.1084135
50.440000,0.1084669
50.448000,0.1084135
50.456000,0.1084135
50.464000,0.1084135
50.472000,0.1084669
50.480000,0.1084669
50.488000,0.1084669
50.496000,0.1084135
50.504000,0.1084669
50.512000,0.1085202
50.520000,0.1085202
50.528000,0.1084135
50.536000,0.1084135
50.544000,0.1083602
50.552000,0.1083602
50.560000,0.1083602
50.568000,0.1084135
50.576000,0.1084669
50.584000,0.1084669
50.592000,0.1084135
50.600000,0.1084135
50.608000,0.1084669
50.616000,0.1085202
50.624000,0.1085202
50.632000,0.1084669
50.640000,0.1084135
50.648000,0.1084669
50.656000,0.1084669
50.664000,0.1084669
50.672000,0.1084669
50.680000,0.1084135
50.688000,0.1083602
50.696000,0.1083602
50.704000,0.1083602
50.712000,0.1083602
50.720000,0.1084135
50.728000,0.1084669
50.736000,0.1084135
50.744000,0.1084135
50.752000,0.1083602
50.760000,0.1083602
50.768000,0.1083602
50.776000,0.1083602
50.784000,0.1084135
50.792000,0.1083069
50.800000,0.1083069
50.808000,0.1083069
50.816000,0.1082535
50.824000,0.1082535
50.832000,0.1084135
50.840000,0.1084669
50.848000,0.1083602
50.856000,0.1083602
50.864000,0.1084135
50.872000,0.1084669
50.880000,0.1085736
50.888000,0.1084669
50.896000,0.1084135
50.904000,0.1084135
50.912000,0.1084135
50.920000,0.1084669
50.928000,0.1084669
50.936000,0.1084135
50.944000,0.1084135
50.952000,0.1083602
50.960000,0.1083602
50.968000,0.1084135
50.976000,0.1083602
50.984000,0.1083602
50.992000,0.1084135
51.000000,0.1084135
51.008000,0.1085202
51.016000,0.1085736
51.024000,0.1084669
51.032000,0.1084669
51.040000,0.1085736
51.048000,0.1084669
51.056000,0.1084669
51.064000,0.1085202
51.072000,0.1084669
51.080000,0.1084669
51.088000,0.1084135
51.096000,0.1084135
51.104000,0.1084135
51.112000,0.1084135
51.120000,0.1084669
51.128000,0.1084135
51.136000,0.1084135
51.144000,0.1084135
51.152000,0.1084135
51.160000,0.1084669
51.168000,0.1083602
51.176000,0.1083069
51.184000,0.1084135
51.192000,0.1084669
51.200000,0.1084135
51.208000,0.1083602
51.216000,0.1083069
51.224000,0.1082535
51.232000,0.1082535
51.240000,0.1083602
51.248000,0.1084135
51.256000,0.1084669
51.264000,0.1085736
51.272000,0.1085736
51.280000,0.1085202
51.288000,0.1084135
51.296000,0.1084135
51.304000,0.1083602
51.312000,0.1084135
51.320000,0.1084669
51.328000,0.1084135
51.336000,0.1083602
51.344000,0.1084135
51.352000,0.1084669
51.360000,0.1084669
51.368000,0.1084135
51.376000,0.1083602
51.384000,0.1083069
51.392000,0.1083069
51.400000,0.1083602
51.408000,0.1084669
51.416000,0.1084669
51.424000,0.1084135
51.432000,0.1084135
51.440000,0.1084135
51.448000,0.1084135
51.456000,0.1084669
51.464000,0.1084135
51.472000,0.1083602
51.480000,0.1083602
51.488000,0.1084135
51.496000,0.1084135
51.504000,0.1083602
51.512000,0.1083602
51.520000,0.1083602
51.528000,0.1083602
51.536000,0.1083602
51.544000,0.1083602
51.552000,0.1084135
51.560000,0.1084669
51.568000,0.1084669
51.576000,0.1083602
51.584000,0.1083602
51.592000,0.1083069
51.600000,0.1083069
51.608000,0.1083602
51.616000,0.1083602
51.624000,0.1084135
51.632000,0.1083602
51.640000,0.1083602
51.648000,0.1084669
51.656000,0.1084669
51.664000,0.1083602
51.672000,0.1083069
51.680000,0.1083069
51.688000,0.1084135
51.696000,0.1084135
51.704000,0.1084135
51.712000,0.1083602
51.720000,0.1083069
51.728000,0.1083602
51.736000,0.1083069
51.744000,0.1083602
51.752000,0.1084135
51.760000,0.1083602
51.768000,0.1083069
51.776000,0.1083069
51.784000,0.1084669
51.792000,0.1084669
51.800000,0.1084135
51.808000,0.1083602
51.816000,0.1084135
51.824000,0.1084135
51.832000,0.1084135
51.840000,0.1083602
51.848000,0.1083602
51.856000,0.1083602
51.864000,0.1084135
51.872000,0.1083602
51.880000,0.1083602
51.888000,0.1084135
51.896000,0.1083602
51.904000,0.1082535
51.912000,0.1083602
51.920000,0.1084135
51.928000,0.1083602
51.936000,0.1082535
51.944000,0.1082535
51.952000,0.1083069
51.960000,0.1084135
51.968000,0.1084669
51.976000,0.1083602
51.984000,0.1083069
51.992000,0.1083602
52.000000,0.1084135
52.008000,0.1083069
52.016000,0.1083069
52.024000,0.1084135
52.032000,0.1084135
52.040000,0.1083602
52.048000,0.1084135
52.056000,0.1083602
52.064000,0.1083602
52.072000,0.1083069
52.080000,0.1082535
52.088000,0.1083069
52.096000,0.1083602
52.104000,0.1083069
52.112000,0.1083069
52.120000,0.1083069
52.128000,0.1083602
52.136000,0.1083069
52.144000,0.1083602
52.152000,0.1084135
52.160000,0.1083602
52.168000,0.1083069
52.176000,0.1083602
52.184000,0.1083602
52.192000,0.1083602
52.200000,0.1083602
52.208000,0.1083602
52.216000,0.1083602
52.224000,0.1084135
52.232000,0.1084135
52.240000,0.1084669
52.248000,0.1085202
52.256000,0.1084669
52.264000,0.1084669
52.272000,0.1084135
52.280000,0.1084669
52.288000,0.1084669
52.296000,0.1084669
52.304000,0.1085202
52.312000,0.1084669
52.320000,0.1083602
52.328000,0.1083602
52.336000,0.1083602
52.344000,0.1083602
52.352000,0.1083602
52.360000,0.1083602
52.368000,0.1083069
52.376000,0.1083069
52.384000,0.1083602
52.392000,0.1084135
52.400000,0.1083069
52.408000,0.1083069
52.416000,0.1084669
52.424000,0.1084669
52.432000,0.1084135
52.440000,0.1083602
52.448000,0.1082002
52.456000,0.1082002
52.464000,0.1083069
52.472000,0.1083069
52.480000,0.1083069
52.488000,0.1083069
52.496000,0.1083069
52.504000,0.1082535
52.512000,0.1082535
52.520000,0.1083602
52.528000,0.1083602
52.536000,0.1083069
52.544000,0.1083602
52.552000,0.1084135
52.560000,0.1084135
52.568000,0.1083602
52.576000,0.1083069
52.584000,0.1083602
52.592000,0.1084135
52.600000,0.1084135
52.608000,0.1083602
52.616000,0.1083602
52.624000,0.1083069
52.632000,0.1082002
52.640000,0.1083069
52.648000,0.1083069
52.656000,0.1082535
52.664000,0.1083602
52.672000,0.1083602
52.680000,0.1083069
52.688000,0.1083069
52.696000,0.1083069
52.704000,0.1083069
52.712000,0.1082535
52.720000,0.1082002
52.728000,0.1082002
52.736000,0.1082535
52.744000,0.1082535
52.752000,0.1083069
52.760000,0.1083069
52.768000,0.1083069
52.776000,0.1083602
52.784000,0.1084135
52.792000,0.1083069
52.800000,0.1082535
52.808000,0.1082535
52.816000,0.1082535
52.824000,0.1083069
52.832000,0.1083069
52.840000,0.1084135
52.848000,0.1084135
52.856000,0.1083069
52.864000,0.1083069
52.872000,0.1083602
52.880000,0.1083069
52.888000,0.1083069
52.896000,0.1083069
52.904000,0.1084135
52.912000,0.1084669
52.920000,0.1083069
52.928000,0.1082002
52.936000,0.1082535
52.944000,0.1083069
52.952000,0.1083069
52.960000,0.1082535
52.968000,0.1082002
52.976000,0.1082535
52.984000,0.1083602
52.992000,0.1083069
53.000000,0.1083069
53.008000,0.1084135
53.016000,0.1083602
53.024000,0.1084135
53.032000,0.1084135
53.040000,0.1084135
53.048000,0.1083602
53.056000,0.1083602
53.064000,0.1083069
53.072000,0.1083069
53.080000,0.1083069
53.088000,0.1083069
53.096000,0.1083069
53.104000,0.1083069
53.112000,0.1083069
53.120000,0.1083602
53.128000,0.1084135
53.136000,0.1083602
53.144000,0.1084135
53.152000,0.1083069
53.160000,0.1082535
53.168000,0.1083069
53.176000,0.1083602
53.184000,0.1083602
53.192000,0.1083069
53.200000,0.1082535
53.208000,0.1082535
53.216000,0.1082535
53.224000,0.1084135
53.232000,0.1084135
53.240000,0.1083069
53.248000,0.1082535
53.256000,0.1083069
53.264000,0.1083602
53.272000,0.1083069
53.280000,0.1083602
53.288000,0.1083069
53.296000,0.1082535
53.304000,0.1083069
53.312000,0.1082535
53.320000,0.1082535
53.328000,0.1083069
53.336000,0.1083069
53.344000,0.1082535
53.352000,0.1082002
53.360000,0.1082535
53.368000,0.1083602
53.376000,0.1083602
53.384000,0.1083069
53.392000,0.1083069
53.400000,0.1083069
53.408000,0.1083602
53.416000,0.1083602
53.424000,0.1083602
53.432000,0.1083069
53.440000,0.1083069
53.448000,0.1082535
53.456000,0.1083602
53.464000,0.1083602
53.472000,0.1083602
53.480000,0.1082002
53.488000,0.1082002
53.496000,0.1083069
53.504000,0.1083602
53.512000,0.1083069
53.520000,0.1082535
53.528000,0.1083069
53.536000,0.1083069
53.544000,0.1082535
53.552000,0.1082535
53.560000,0.1082535
53.568000,0.1083069
53.576000,0.1082535
53.584000,0.1082535
53.592000,0.1083602
53.600000,0.1083069
53.608000,0.1083069
53.616000,0.1083069
53.624000,0.1082535
53.632000,0.1082535
53.640000,0.1083069
53.648000,0.1082535
53.656000,0.1082535
53.664000,0.1081469
53.672000,0.1082535
53.680000,0.1083069
53.688000,0.1083069
53.696000,0.1082535
53.704000,0.1082002
53.712000,0.1082002
53.720000,0.1082002
53.728000,0.1082535
53.736000,0.1083069
53.744000,0.1083602
53.752000,0.1083069
53.760000,0.1082535
53.768000,0.1082002
53.776000,0.1081469
53.784000,0.1081469
53.792000,0.1083069
53.800000,0.1083069
53.808000,0.1082535
53.816000,0.1083069
53.824000,0.1083069
53.832000,0.1083069
53.840000,0.1083069
53.848000,0.1083069
53.856000,0.1083602
53.864000,0.1083602
53.872000,0.1083069
53.880000,0.1083069
53.888000,0.1082535
53.896000,0.1082535
53.904000,0.1082535
53.912000,0.1082535
53.920000,0.1083069
53.928000,0.1083069
53.936000,0.1083069
53.944000,0.1082535
53.952000,0.1082535
53.960000,0.1083069
53.968000,0.1083069
53.976000,0.1082535
53.984000,0.1082002
53.992000,0.1082002
54.000000,0.1082002
54.008000,0.1082002
54.016000,0.1082002
54.024000,0.1082535
54.032000,0.1083069
54.040000,0.1083069
54.048000,0.1082535
54.056000,0.1082535
54.064000,0.1082535
54.072000,0.1083069
54.080000,0.1083602
54.088000,0.1083069
54.096000,0.1082002
54.104000,0.1082002
54.112000,0.1082535
54.120000,0.1083069
54.128000,0.1082535
54.136000,0.1082535
54.144000,0.1082535
54.152000,0.1082535
54.160000,0.1082535
54.168000,0.1082002
54.176000,0.1082002
54.184000,0.1082002
54.192000,0.1082002
54.200000,0.1082535
54.208000,0.1082002
54.216000,0.1082002
54.224000,0.1082002
54.232000,0.1082002
54.240000,0.1082535
54.248000,0.1082535
54.256000,0.1082535
54.264000,0.1082002
54.272000,0.1082002
54.280000,0.1082002
54.288000,0.1083602
54.296000,0.1083069
54.304000,0.1082002
54.312000,0.1082002
54.320000,0.1082002
54.328000,0.1082535
54.336000,0.1082535
54.344000,0.1082535
54.352000,0.1082535
54.360000,0.1082535
54.368000,0.1082535
54.376000,0.1082002
54.384000,0.1083069
54.392000,0.1083069
54.400000,0.1082535
54.408000,0.1082002
54.416000,0.1081469
54.424000,0.1082535
54.432000,0.1082535
54.440000,0.1082002
54.448000,0.1082002
54.456000,0.1082002
54.464000,0.1082002
54.472000,0.1082002
54.480000,0.1082535
54.488000,0.1082535
54.496000,0.1082002
54.504000,0.1082002
54.512000,0.1082002
54.520000,0.1082002
54.528000,0.1082002
54.536000,0.1082002
54.544000,0.1082535
54.552000,0.1082535
54.560000,0.1082535
54.568000,0.1083069
54.576000,0.1082535
54.584000,0.1082535
54.592000,0.1081469
54.600000,0.1080935
54.608000,0.1082002
54.616000,0.1082535
54.624000,0.1082535
54.632000,0.1082002
54.640000,0.1082002
54.648000,0.1082535
54.656000,0.1082002
54.664000,0.1082535
54.672000,0.1081469
54.680000,0.1081469
54.688000,0.1082002
54.696000,0.1082535
54.704000,0.1082002
54.712000,0.1081469
54.720000,0.1082002
54.728000,0.1082535
54.736000,0.1082002
54.744000,0.1082002
54.752000,0.1082535
54.760000,0.1083069
54.768000,0.1083069
54.776000,0.1082002
54.784000,0.1082002
54.792000,0.1082535
54.800000,0.1082535
54.808000,0.1082535
54.816000,0.1083069
54.824000,0.1083069
54.832000,0.1082535
54.840000,0.1082535
54.848000,0.1082002
54.856000,0.1081469
54.864000,0.1081469
54.872000,0.1082002
54.880000,0.1082002
54.888000,0.1082535
54.896000,0.1081469
54.904000,0.1081469
54.912000,0.1081469
54.920000,0.1081469
54.928000,0.1081469
54.936000,0.1082535
54.944000,0.1083069
54.952000,0.1082002
54.960000,0.1082002
54.968000,0.1082002
54.976000,0.1082535
54.984000,0.1082002
54.992000,0.1082535
55.000000,0.1083069
55.008000,0.1083069
55.016000,0.1082535
55.024000,0.1082535
55.032000,0.1082535
55.040000,0.1082535
55.048000,0.1083069
55.056000,0.1082002
55.064000,0.1080935
55.072000,0.1082002
55.080000,0.1082002
55.088000,0.1082002
55.096000,0.1082535
55.104000,0.1082002
55.112000,0.1082002
55.120000,0.1082535
55.128000,0.1083069
55.136000,0.1082535
55.144000,0.1082535
55.152000,0.1082002
55.160000,0.1082002
55.168000,0.1082535
55.176000,0.1082535
55.184000,0.1082002
55.192000,0.1082535
55.200000,0.1082535
55.208000,0.1081469
55.216000,0.1082002
55.224000,0.1083069
55.232000,0.1082535
55.240000,0.1081469
55.248000,0.1082535
55.256000,0.1082535
55.264000,0.1082002
55.272000,0.1082535
55.280000,0.1082002
55.288000,0.1082002
55.296000,0.1082535
55.304000,0.1082535
55.312000,0.1082535
55.320000,0.1082002
55.328000,0.1081469
55.336000,0.1081469
55.344000,0.1082002
55.352000,0.1081469
55.360000,0.1081469
55.368000,0.1080935
55.376000,0.1081469
55.384000,0.1081469
55.392000,0.1081469
55.400000,0.1081469
55.408000,0.1081469
55.416000,0.1082002
55.424000,0.1082535
55.432000,0.1082002
55.440000,0.1082002
55.448000,0.1082002
55.456000,0.1081469
55.464000,0.1081469
55.472000,0.1082535
55.480000,0.1082535
55.488000,0.1082535
55.496000,0.1082535
