sample_delay_us,ch1_V
-24.496000,-0.1977047
-24.488000,-0.1975980
-24.480000,-0.1975447
-24.472000,-0.1975980
-24.464000,-0.1977047
-24.456000,-0.1976514
-24.448000,-0.1975447
-24.440000,-0.1975447
-24.432000,-0.1975980
-24.424000,-0.1976514
-24.416000,-0.1975980
-24.408000,-0.1975447
-24.400000,-0.1975447
-24.392000,-0.1975447
-24.384000,-0.1974380
-24.376000,-0.1975447
-24.368000,-0.1975980
-24.360000,-0.1974914
-24.352000,-0.1975447
-24.344000,-0.1976514
-24.336000,-0.1976514
-24.328000,-0.1975447
-24.320000,-0.1974914
-24.312000,-0.1975447
-24.304000,-0.1975447
-24.296000,-0.1974914
-24.288000,-0.1975447
-24.280000,-0.1975447
-24.272000,-0.1975980
-24.264000,-0.1975980
-24.256000,-0.1975447
-24.248000,-0.1975447
-24.240000,-0.1975980
-24.232000,-0.1975447
-24.224000,-0.1975447
-24.216000,-0.1977047
-24.208000,-0.1976514
-24.200000,-0.1975447
-24.192000,-0.1975447
-24.184000,-0.1974914
-24.176000,-0.1974380
-24.168000,-0.1974914
-24.160000,-0.1974914
-24.152000,-0.1974380
-24.144000,-0.1974914
-24.136000,-0.1975447
-24.128000,-0.1975447
-24.120000,-0.1973847
-24.112000,-0.1973313
-24.104000,-0.1974380
-24.096000,-0.1974380
-24.088000,-0.1973847
-24.080000,-0.1974380
-24.072000,-0.1974380
-24.064000,-0.1974914
-24.056000,-0.1974914
-24.048000,-0.1974914
-24.040000,-0.1974914
-24.032000,-0.1974380
-24.024000,-0.1974380
-24.016000,-0.1974380
-24.008000,-0.1974380
-24.000000,-0.1974380
-23.992000,-0.1974380
-23.984000,-0.1973847
-23.976000,-0.1974914
-23.968000,-0.1975447
-23.960000,-0.1974380
-23.952000,-0.1974380
-23.944000,-0.1973313
-23.936000,-0.1973847
-23.928000,-0.1974380
-23.920000,-0.1973847
-23.912000,-0.1973847
-23.904000,-0.1973847
-23.896000,-0.1973847
-23.888000,-0.1974380
-23.880000,-0.1974380
-23.872000,-0.1974914
-23.864000,-0.1974914
-23.856000,-0.1974914
-23.848000,-0.1974914
-23.840000,-0.1974380
-23.832000,-0.1973313
-23.824000,-0.1973313
-23.816000,-0.1973847
-23.808000,-0.1973847
-23.800000,-0.1974380
-23.792000,-0.1973847
-23.784000,-0.1973313
-23.776000,-0.1972780
-23.768000,-0.1972780
-23.760000,-0.1973313
-23.752000,-0.1973313
-23.744000,-0.1973313
-23.736000,-0.1973847
-23.728000,-0.1973313
-23.720000,-0.1973847
-23.712000,-0.1973847
-23.704000,-0.1972780
-23.696000,-0.1972780
-23.688000,-0.1973847
-23.680000,-0.1974380
-23.672000,-0.1973313
-23.664000,-0.1972247
-23.656000,-0.1972247
-23.648000,-0.1972780
-23.640000,-0.1973847
-23.632000,-0.1973847
-23.624000,-0.1973847
-23.616000,-0.1973847
-23.608000,-0.1973313
-23.600000,-0.1972780
-23.592000,-0.1972780
-23.584000,-0.1973313
-23.576000,-0.1973313
-23.568000,-0.1972780
-23.560000,-0.1972780
-23.552000,-0.1972247
-23.544000,-0.1972780
-23.536000,-0.1973313
-23.528000,-0.1973847
-23.520000,-0.1973313
-23.512000,-0.1973313
-23.504000,-0.1972247
-23.496000,-0.1972247
-23.488000,-0.1972780
-23.480000,-0.1972780
-23.472000,-0.1972780
-23.464000,-0.1972247
-23.456000,-0.1972780
-23.448000,-0.1973313
-23.440000,-0.1972780
-23.432000,-0.1972247
-23.424000,-0.1971713
-23.416000,-0.1971180
-23.408000,-0.1971713
-23.400000,-0.1971713
-23.392000,-0.1972247
-23.384000,-0.1973313
-23.376000,-0.1972780
-23.368000,-0.1972780
-23.360000,-0.1972780
-23.352000,-0.1972247
-23.344000,-0.1972780
-23.336000,-0.1971713
-23.328000,-0.1971180
-23.320000,-0.1971713
-23.312000,-0.1972247
-23.304000,-0.1972247
-23.296000,-0.1972780
-23.288000,-0.1972780
-23.280000,-0.1972780
-23.272000,-0.1972247
-23.264000,-0.1971713
-23.256000,-0.1971180
-23.248000,-0.1972247
-23.240000,-0.1972780
-23.232000,-0.1972780
-23.224000,-0.1972780
-23.216000,-0.1972780
-23.208000,-0.1972247
-23.200000,-0.1972247
-23.192000,-0.1971180
-23.184000,-0.1971180
-23.176000,-0.1971713
-23.168000,-0.1972247
-23.160000,-0.1971713
-23.152000,-0.1972247
-23.144000,-0.1971180
-23.136000,-0.1970113
-23.128000,-0.1970646
-23.120000,-0.1970646
-23.112000,-0.1971180
-23.104000,-0.1971180
-23.096000,-0.1971713
-23.088000,-0.1972247
-23.080000,-0.1971713
-23.072000,-0.1971713
-23.064000,-0.1971713
-23.056000,-0.1971713
-23.048000,-0.1971713
-23.040000,-0.1971180
-23.032000,-0.1971713
-23.024000,-0.1971713
-23.016000,-0.1971180
-23.008000,-0.1971180
-23.000000,-0.1970646
-22.992000,-0.1970646
-22.984000,-0.1970646
-22.976000,-0.1971713
-22.968000,-0.1971713
-22.960000,-0.1971713
-22.952000,-0.1972247
-22.944000,-0.1972247
-22.936000,-0.1971180
-22.928000,-0.1971713
-22.920000,-0.1970646
-22.912000,-0.1970646
-22.904000,-0.1971180
-22.896000,-0.1970646
-22.888000,-0.1970646
-22.880000,-0.1971180
-22.872000,-0.1970646
-22.864000,-0.1970646
-22.856000,-0.1970646
-22.848000,-0.1970113
-22.840000,-0.1969579
-22.832000,-0.1970113
-22.824000,-0.1970646
-22.816000,-0.1969579
-22.808000,-0.1970646
-22.800000,-0.1971180
-22.792000,-0.1970646
-22.784000,-0.1970113
-22.776000,-0.1971180
-22.768000,-0.1970646
-22.760000,-0.1970646
-22.752000,-0.1971180
-22.744000,-0.1971180
-22.736000,-0.1970646
-22.728000,-0.1970113
-22.720000,-0.1970113
-22.712000,-0.1970113
-22.704000,-0.1971180
-22.696000,-0.1971180
-22.688000,-0.1970113
-22.680000,-0.1969046
-22.672000,-0.1969046
-22.664000,-0.1969579
-22.656000,-0.1969579
-22.648000,-0.1969046
-22.640000,-0.1970113
-22.632000,-0.1971180
-22.624000,-0.1970646
-22.616000,-0.1970113
-22.608000,-0.1970113
-22.600000,-0.1970113
-22.592000,-0.1970113
-22.584000,-0.1970113
-22.576000,-0.1970113
-22.568000,-0.1969046
-22.560000,-0.1969579
-22.552000,-0.1970113
-22.544000,-0.1969579
-22.536000,-0.1969579
-22.528000,-0.1969579
-22.520000,-0.1969046
-22.512000,-0.1969046
-22.504000,-0.1969579
-22.496000,-0.1969579
-22.488000,-0.1969046
-22.480000,-0.1969579
-22.472000,-0.1969579
-22.464000,-0.1969579
-22.456000,-0.1969579
-22.448000,-0.1969046
-22.440000,-0.1970113
-22.432000,-0.1969579
-22.424000,-0.1969046
-22.416000,-0.1968513
-22.408000,-0.1967446
-22.400000,-0.1967979
-22.392000,-0.1969046
-22.384000,-0.1969046
-22.376000,-0.1968513
-22.368000,-0.1968513
-22.360000,-0.1967979
-22.352000,-0.1968513
-22.344000,-0.1968513
-22.336000,-0.1969046
-22.328000,-0.1969046
-22.320000,-0.1969046
-22.312000,-0.1968513
-22.304000,-0.1969046
-22.296000,-0.1969046
-22.288000,-0.1968513
-22.280000,-0.1969046
-22.272000,-0.1968513
-22.264000,-0.1967446
-22.256000,-0.1966913
-22.248000,-0.1967979
-22.240000,-0.1968513
-22.232000,-0.1969046
-22.224000,-0.1969046
-22.216000,-0.1968513
-22.208000,-0.1967446
-22.200000,-0.1967979
-22.192000,-0.1967979
-22.184000,-0.1968513
-22.176000,-0.1968513
-22.168000,-0.1967979
-22.160000,-0.1967979
-22.152000,-0.1967979
-22.144000,-0.1967979
-22.136000,-0.1967979
-22.128000,-0.1967979
-22.120000,-0.1967446
-22.112000,-0.1967446
-22.104000,-0.1967979
-22.096000,-0.1967446
-22.088000,-0.1967446
-22.080000,-0.1967446
-22.072000,-0.1967979
-22.064000,-0.1968513
-22.056000,-0.1968513
-22.048000,-0.1969046
-22.040000,-0.1968513
-22.032000,-0.1967446
-22.024000,-0.1967979
-22.016000,-0.1967446
-22.008000,-0.1967446
-22.000000,-0.1967979
-21.992000,-0.1967446
-21.984000,-0.1967979
-21.976000,-0.1968513
-21.968000,-0.1967979
-21.960000,-0.1967446
-21.952000,-0.1966379
-21.944000,-0.1967446
-21.936000,-0.1967979
-21.928000,-0.1967446
-21.920000,-0.1966913
-21.912000,-0.1967446
-21.904000,-0.1967979
-21.896000,-0.1967979
-21.888000,-0.1966379
-21.880000,-0.1966379
-21.872000,-0.1966913
-21.864000,-0.1966913
-21.856000,-0.1966913
-21.848000,-0.1966913
-21.840000,-0.1967446
-21.832000,-0.1967979
-21.824000,-0.1967979
-21.816000,-0.1967446
-21.808000,-0.1966913
-21.800000,-0.1966379
-21.792000,-0.1965846
-21.784000,-0.1965846
-21.776000,-0.1966379
-21.768000,-0.1967446
-21.760000,-0.1966913
-21.752000,-0.1965846
-21.744000,-0.1965846
-21.736000,-0.1966379
-21.728000,-0.1966379
-21.720000,-0.1966379
-21.712000,-0.1966913
-21.704000,-0.1966913
-21.696000,-0.1966913
-21.688000,-0.1966379
-21.680000,-0.1966379
-21.672000,-0.1966379
-21.664000,-0.1966379
-21.656000,-0.1966913
-21.648000,-0.1966913
-21.640000,-0.1966379
-21.632000,-0.1966379
-21.624000,-0.1966379
-21.616000,-0.1966379
-21.608000,-0.1966379
-21.600000,-0.1965846
-21.592000,-0.1966913
-21.584000,-0.1966913
-21.576000,-0.1966379
-21.568000,-0.1966913
-21.560000,-0.1966913
-21.552000,-0.1966379
-21.544000,-0.1966379
-21.536000,-0.1965846
-21.528000,-0.1966379
-21.520000,-0.1966379
-21.512000,-0.1966379
-21.504000,-0.1966379
-21.496000,-0.1966913
-21.488000,-0.1966379
-21.480000,-0.1965846
-21.472000,-0.1966379
-21.464000,-0.1966913
-21.456000,-0.1966913
-21.448000,-0.1966379
-21.440000,-0.1965846
-21.432000,-0.1965846
-21.424000,-0.1965846
-21.416000,-0.1965846
-21.408000,-0.1965312
-21.400000,-0.1964512
-21.392000,-0.1965846
-21.384000,-0.1965846
-21.376000,-0.1965312
-21.368000,-0.1965312
-21.360000,-0.1965846
-21.352000,-0.1965312
-21.344000,-0.1964512
-21.336000,-0.1965312
-21.328000,-0.1964512
-21.320000,-0.1964512
-21.312000,-0.1965312
-21.304000,-0.1965846
-21.296000,-0.1965846
-21.288000,-0.1965312
-21.280000,-0.1965312
-21.272000,-0.1965846
-21.264000,-0.1965312
-21.256000,-0.1964512
-21.248000,-0.1963979
-21.240000,-0.1964512
-21.232000,-0.1964512
-21.224000,-0.1963979
-21.216000,-0.1964512
-21.208000,-0.1965312
-21.200000,-0.1965312
-21.192000,-0.1965312
-21.184000,-0.1964512
-21.176000,-0.1964512
-21.168000,-0.1965312
-21.160000,-0.1965312
-21.152000,-0.1964512
-21.144000,-0.1963979
-21.136000,-0.1965312
-21.128000,-0.1965312
-21.120000,-0.1965312
-21.112000,-0.1965312
-21.104000,-0.1964512
-21.096000,-0.1964512
-21.088000,-0.1963979
-21.080000,-0.1964512
-21.072000,-0.1963979
-21.064000,-0.1963979
-21.056000,-0.1965312
-21.048000,-0.1964512
-21.040000,-0.1963979
-21.032000,-0.1964512
-21.024000,-0.1963979
-21.016000,-0.1963979
-21.008000,-0.1963979
-21.000000,-0.1964512
-20.992000,-0.1964512
-20.984000,-0.1965312
-20.976000,-0.1963979
-20.968000,-0.1964512
-20.960000,-0.1964512
-20.952000,-0.1963979
-20.944000,-0.1963979
-20.936000,-0.1963445
-20.928000,-0.1963445
-20.920000,-0.1964512
-20.912000,-0.1964512
-20.904000,-0.1963979
-20.896000,-0.1963445
-20.888000,-0.1962912
-20.880000,-0.1963445
-20.872000,-0.1962912
-20.864000,-0.1962912
-20.856000,-0.1964512
-20.848000,-0.1965312
-20.840000,-0.1964512
-20.832000,-0.1964512
-20.824000,-0.1964512
-20.816000,-0.1963979
-20.808000,-0.1963979
-20.800000,-0.1963445
-20.792000,-0.1963445
-20.784000,-0.1963979
-20.776000,-0.1963979
-20.768000,-0.1963979
-20.760000,-0.1963445
-20.752000,-0.1963445
-20.744000,-0.1963445
-20.736000,-0.1962912
-20.728000,-0.1963979
-20.720000,-0.1963445
-20.712000,-0.1963445
-20.704000,-0.1963445
-20.696000,-0.1963445
-20.688000,-0.1963445
-20.680000,-0.1963979
-20.672000,-0.1963979
-20.664000,-0.1964512
-20.656000,-0.1963979
-20.648000,-0.1962379
-20.640000,-0.1962379
-20.632000,-0.1963445
-20.624000,-0.1963979
-20.616000,-0.1963445
-20.608000,-0.1963445
-20.600000,-0.1962912
-20.592000,-0.1962912
-20.584000,-0.1963445
-20.576000,-0.1963979
-20.568000,-0.1963445
-20.560000,-0.1962912
-20.552000,-0.1962912
-20.544000,-0.1962379
-20.536000,-0.1962912
-20.528000,-0.1962912
-20.520000,-0.1962912
-20.512000,-0.1962379
-20.504000,-0.1962379
-20.496000,-0.1962912
-20.488000,-0.1962912
-20.480000,-0.1961845
-20.472000,-0.1962379
-20.464000,-0.1962379
-20.456000,-0.1962379
-20.448000,-0.1962379
-20.440000,-0.1962379
-20.432000,-0.1962379
-20.424000,-0.1962379
-20.416000,-0.1961845
-20.408000,-0.1961845
-20.400000,-0.1962912
-20.392000,-0.1962379
-20.384000,-0.1961845
-20.376000,-0.1961845
-20.368000,-0.1962379
-20.360000,-0.1961845
-20.352000,-0.1962379
-20.344000,-0.1962379
-20.336000,-0.1961312
-20.328000,-0.1961845
-20.320000,-0.1961845
-20.312000,-0.1962379
-20.304000,-0.1962379
-20.296000,-0.1961845
-20.288000,-0.1962379
-20.280000,-0.1962379
-20.272000,-0.1961845
-20.264000,-0.1960778
-20.256000,-0.1960778
-20.248000,-0.1962379
-20.240000,-0.1961845
-20.232000,-0.1961312
-20.224000,-0.1962379
-20.216000,-0.1962379
-20.208000,-0.1961845
-20.200000,-0.1960778
-20.192000,-0.1961312
-20.184000,-0.1961845
-20.176000,-0.1961845
-20.168000,-0.1961312
-20.160000,-0.1961845
-20.152000,-0.1961312
-20.144000,-0.1961312
-20.136000,-0.1960245
-20.128000,-0.1960778
-20.120000,-0.1961312
-20.112000,-0.1961845
-20.104000,-0.1961312
-20.096000,-0.1961312
-20.088000,-0.1961312
-20.080000,-0.1961312
-20.072000,-0.1961312
-20.064000,-0.1961312
-20.056000,-0.1961312
-20.048000,-0.1961845
-20.040000,-0.1961845
-20.032000,-0.1961312
-20.024000,-0.1961312
-20.016000,-0.1961312
-20.008000,-0.1961845
-20.000000,-0.1961845
-19.992000,-0.1961312
-19.984000,-0.1960778
-19.976000,-0.1961312
-19.968000,-0.1961312
-19.960000,-0.1961312
-19.952000,-0.1961312
-19.944000,-0.1960778
-19.936000,-0.1960778
-19.928000,-0.1961845
-19.920000,-0.1961312
-19.912000,-0.1961312
-19.904000,-0.1960778
-19.896000,-0.1960778
-19.888000,-0.1960778
-19.880000,-0.1960778
-19.872000,-0.1960245
-19.864000,-0.1960778
-19.856000,-0.1960778
-19.848000,-0.1960778
-19.840000,-0.1959712
-19.832000,-0.1959178
-19.824000,-0.1960245
-19.816000,-0.1960245
-19.808000,-0.1959712
-19.800000,-0.1959712
-19.792000,-0.1960245
-19.784000,-0.1960245
-19.776000,-0.1959712
-19.768000,-0.1960245
-19.760000,-0.1961312
-19.752000,-0.1961312
-19.744000,-0.1960245
-19.736000,-0.1960778
-19.728000,-0.1960245
-19.720000,-0.1959712
-19.712000,-0.1959712
-19.704000,-0.1959712
-19.696000,-0.1959712
-19.688000,-0.1960245
-19.680000,-0.1960245
-19.672000,-0.1959712
-19.664000,-0.1959712
-19.656000,-0.1959712
-19.648000,-0.1960245
-19.640000,-0.1961312
-19.632000,-0.1961312
-19.624000,-0.1961312
-19.616000,-0.1960245
-19.608000,-0.1959712
-19.600000,-0.1959712
-19.592000,-0.1960245
-19.584000,-0.1959712
-19.576000,-0.1959178
-19.568000,-0.1959712
-19.560000,-0.1959178
-19.552000,-0.1959712
-19.544000,-0.1959712
-19.536000,-0.1959712
-19.528000,-0.1959712
-19.520000,-0.1959178
-19.512000,-0.1959178
-19.504000,-0.1958645
-19.496000,-0.1959178
-19.488000,-0.1959178
-19.480000,-0.1959178
-19.472000,-0.1959178
-19.464000,-0.1958645
-19.456000,-0.1958645
-19.448000,-0.1959178
-19.440000,-0.1959712
-19.432000,-0.1958645
-19.424000,-0.1958645
-19.416000,-0.1958645
-19.408000,-0.1958111
-19.400000,-0.1958111
-19.392000,-0.1959178
-19.384000,-0.1958645
-19.376000,-0.1959712
-19.368000,-0.1959712
-19.360000,-0.1959178
-19.352000,-0.1958111
-19.344000,-0.1958111
-19.336000,-0.1958645
-19.328000,-0.1958645
-19.320000,-0.1958111
-19.312000,-0.1958111
-19.304000,-0.1957578
-19.296000,-0.1958111
-19.288000,-0.1958111
-19.280000,-0.1957578
-19.272000,-0.1957578
-19.264000,-0.1957578
-19.256000,-0.1957578
-19.248000,-0.1957578
-19.240000,-0.1958111
-19.232000,-0.1958111
-19.224000,-0.1959178
-19.216000,-0.1958645
-19.208000,-0.1959178
-19.200000,-0.1959178
-19.192000,-0.1958645
-19.184000,-0.1958645
-19.176000,-0.1957578
-19.168000,-0.1957045
-19.160000,-0.1957578
-19.152000,-0.1958111
-19.144000,-0.1958111
-19.136000,-0.1958111
-19.128000,-0.1957578
-19.120000,-0.1956511
-19.112000,-0.1957045
-19.104000,-0.1958645
-19.096000,-0.1958111
-19.088000,-0.1957578
-19.080000,-0.1958111
-19.072000,-0.1958111
-19.064000,-0.1957578
-19.056000,-0.1957045
-19.048000,-0.1957578
-19.040000,-0.1957045
-19.032000,-0.1957045
-19.024000,-0.1957578
-19.016000,-0.1957578
-19.008000,-0.1958111
-19.000000,-0.1958111
-18.992000,-0.1958111
-18.984000,-0.1957578
-18.976000,-0.1957578
-18.968000,-0.1957578
-18.960000,-0.1957045
-18.952000,-0.1957045
-18.944000,-0.1956511
-18.936000,-0.1956511
-18.928000,-0.1957045
-18.920000,-0.1957578
-18.912000,-0.1957578
-18.904000,-0.1957578
-18.896000,-0.1957578
-18.888000,-0.1957045
-18.880000,-0.1957045
-18.872000,-0.1957578
-18.864000,-0.1956511
-18.856000,-0.1955978
-18.848000,-0.1956511
-18.840000,-0.1957045
-18.832000,-0.1956511
-18.824000,-0.1957045
-18.816000,-0.1957045
-18.808000,-0.1957045
-18.800000,-0.1956511
-18.792000,-0.1955444
-18.784000,-0.1955978
-18.776000,-0.1956511
-18.768000,-0.1957045
-18.760000,-0.1955978
-18.752000,-0.1955978
-18.744000,-0.1957045
-18.736000,-0.1956511
-18.728000,-0.1955444
-18.720000,-0.1956511
-18.712000,-0.1955978
-18.704000,-0.1955444
-18.696000,-0.1955444
-18.688000,-0.1955978
-18.680000,-0.1956511
-18.672000,-0.1957045
-18.664000,-0.1957045
-18.656000,-0.1955978
-18.648000,-0.1955978
-18.640000,-0.1955978
-18.632000,-0.1955444
-18.624000,-0.1955444
-18.616000,-0.1954911
-18.608000,-0.1954911
-18.600000,-0.1954911
-18.592000,-0.1955444
-18.584000,-0.1955444
-18.576000,-0.1955444
-18.568000,-0.1955444
-18.560000,-0.1955444
-18.552000,-0.1955978
-18.544000,-0.1955978
-18.536000,-0.1955444
-18.528000,-0.1955978
-18.520000,-0.1955444
-18.512000,-0.1955978
-18.504000,-0.1955444
-18.496000,-0.1954911
-18.488000,-0.1954911
-18.480000,-0.1954911
-18.472000,-0.1954911
-18.464000,-0.1955444
-18.456000,-0.1954911
-18.448000,-0.1954911
-18.440000,-0.1955444
-18.432000,-0.1955978
-18.424000,-0.1955444
-18.416000,-0.1954911
-18.408000,-0.1955444
-18.400000,-0.1955444
-18.392000,-0.1954378
-18.384000,-0.1954911
-18.376000,-0.1955978
-18.368000,-0.1956511
-18.360000,-0.1955444
-18.352000,-0.1954911
-18.344000,-0.1954378
-18.336000,-0.1954378
-18.328000,-0.1954911
-18.320000,-0.1954378
-18.312000,-0.1954378
-18.304000,-0.1954378
-18.296000,-0.1954378
-18.288000,-0.1954378
-18.280000,-0.1953311
-18.272000,-0.1953844
-18.264000,-0.1954378
-18.256000,-0.1953844
-18.248000,-0.1954378
-18.240000,-0.1955444
-18.232000,-0.1954911
-18.224000,-0.1955444
-18.216000,-0.1955444
-18.208000,-0.1954911
-18.200000,-0.1954911
-18.192000,-0.1954911
-18.184000,-0.1954378
-18.176000,-0.1954911
-18.168000,-0.1954378
-18.160000,-0.1953311
-18.152000,-0.1953311
-18.144000,-0.1953844
-18.136000,-0.1954378
-18.128000,-0.1954911
-18.120000,-0.1954378
-18.112000,-0.1953844
-18.104000,-0.1953844
-18.096000,-0.1954378
-18.088000,-0.1954378
-18.080000,-0.1954911
-18.072000,-0.1954911
-18.064000,-0.1954911
-18.056000,-0.1954378
-18.048000,-0.1953844
-18.040000,-0.1953844
-18.032000,-0.1954378
-18.024000,-0.1954911
-18.016000,-0.1955444
-18.008000,-0.1954911
-18.000000,-0.1954378
-17.992000,-0.1953844
-17.984000,-0.1953844
-17.976000,-0.1953844
-17.968000,-0.1954378
-17.960000,-0.1953844
-17.952000,-0.1953311
-17.944000,-0.1953311
-17.936000,-0.1953844
-17.928000,-0.1953311
-17.920000,-0.1954378
-17.912000,-0.1954378
-17.904000,-0.1953844
-17.896000,-0.1953311
-17.888000,-0.1953844
-17.880000,-0.1953844
-17.872000,-0.1952777
-17.864000,-0.1952777
-17.856000,-0.1953311
-17.848000,-0.1953311
-17.840000,-0.1953311
-17.832000,-0.1953844
-17.824000,-0.1953311
-17.816000,-0.1953311
-17.808000,-0.1952777
-17.800000,-0.1952777
-17.792000,-0.1952777
-17.784000,-0.1952777
-17.776000,-0.1952244
-17.768000,-0.1952777
-17.760000,-0.1953311
-17.752000,-0.1953311
-17.744000,-0.1952777
-17.736000,-0.1952777
-17.728000,-0.1952777
-17.720000,-0.1952777
-17.712000,-0.1952244
-17.704000,-0.1952777
-17.696000,-0.1953311
-17.688000,-0.1952777
-17.680000,-0.1952777
-17.672000,-0.1952777
-17.664000,-0.1952244
-17.656000,-0.1951711
-17.648000,-0.1951711
-17.640000,-0.1952777
-17.632000,-0.1952777
-17.624000,-0.1952244
-17.616000,-0.1952777
-17.608000,-0.1952777
-17.600000,-0.1953311
-17.592000,-0.1953311
-17.584000,-0.1952244
-17.576000,-0.1952244
-17.568000,-0.1953311
-17.560000,-0.1953311
-17.552000,-0.1952244
-17.544000,-0.1952244
-17.536000,-0.1953311
-17.528000,-0.1952777
-17.520000,-0.1951711
-17.512000,-0.1952244
-17.504000,-0.1952777
-17.496000,-0.1952777
-17.488000,-0.1952777
-17.480000,-0.1952777
-17.472000,-0.1951711
-17.464000,-0.1951711
-17.456000,-0.1951711
-17.448000,-0.1951177
-17.440000,-0.1951177
-17.432000,-0.1951711
-17.424000,-0.1951711
-17.416000,-0.1951711
-17.408000,-0.1951177
-17.400000,-0.1951177
-17.392000,-0.1952244
-17.384000,-0.1952244
-17.376000,-0.1952777
-17.368000,-0.1951711
-17.360000,-0.1951177
-17.352000,-0.1951711
-17.344000,-0.1951177
-17.336000,-0.1950644
-17.328000,-0.1950644
-17.320000,-0.1951711
-17.312000,-0.1951177
-17.304000,-0.1950110
-17.296000,-0.1950110
-17.288000,-0.1950110
-17.280000,-0.1951711
-17.272000,-0.1951177
-17.264000,-0.1951177
-17.256000,-0.1950644
-17.248000,-0.1951177
-17.240000,-0.1951177
-17.232000,-0.1950110
-17.224000,-0.1950110
-17.216000,-0.1951177
-17.208000,-0.1951177
-17.200000,-0.1950644
-17.192000,-0.1949577
-17.184000,-0.1950110
-17.176000,-0.1951177
-17.168000,-0.1951177
-17.160000,-0.1950110
-17.152000,-0.1949577
-17.144000,-0.1949577
-17.136000,-0.1950644
-17.128000,-0.1951177
-17.120000,-0.1950644
-17.112000,-0.1950644
-17.104000,-0.1951711
-17.096000,-0.1951177
-17.088000,-0.1950644
-17.080000,-0.1950644
-17.072000,-0.1950644
-17.064000,-0.1951177
-17.056000,-0.1950644
-17.048000,-0.1949577
-17.040000,-0.1949577
-17.032000,-0.1949577
-17.024000,-0.1950110
-17.016000,-0.1950644
-17.008000,-0.1950644
-17.000000,-0.1950110
-16.992000,-0.1949577
-16.984000,-0.1949577
-16.976000,-0.1950644
-16.968000,-0.1950110
-16.960000,-0.1949577
-16.952000,-0.1949044
-16.944000,-0.1950110
-16.936000,-0.1950110
-16.928000,-0.1949577
-16.920000,-0.1950110
-16.912000,-0.1951177
-16.904000,-0.1950644
-16.896000,-0.1949577
-16.888000,-0.1949044
-16.880000,-0.1949044
-16.872000,-0.1949577
-16.864000,-0.1949577
-16.856000,-0.1949044
-16.848000,-0.1949577
-16.840000,-0.1949044
-16.832000,-0.1949577
-16.824000,-0.1949577
-16.816000,-0.1949577
-16.808000,-0.1950644
-16.800000,-0.1950110
-16.792000,-0.1949577
-16.784000,-0.1950110
-16.776000,-0.1949577
-16.768000,-0.1949044
-16.760000,-0.1949577
-16.752000,-0.1949577
-16.744000,-0.1949044
-16.736000,-0.1949044
-16.728000,-0.1949577
-16.720000,-0.1950110
-16.712000,-0.1949577
-16.704000,-0.1949044
-16.696000,-0.1949577
-16.688000,-0.1949577
-16.680000,-0.1949044
-16.672000,-0.1949044
-16.664000,-0.1949577
-16.656000,-0.1949577
-16.648000,-0.1949577
-16.640000,-0.1950110
-16.632000,-0.1949577
-16.624000,-0.1948510
-16.616000,-0.1948510
-16.608000,-0.1949044
-16.600000,-0.1948510
-16.592000,-0.1948510
-16.584000,-0.1947977
-16.576000,-0.1947977
-16.568000,-0.1948510
-16.560000,-0.1947977
-16.552000,-0.1947977
-16.544000,-0.1947977
-16.536000,-0.1947443
-16.528000,-0.1947443
-16.520000,-0.1948510
-16.512000,-0.1947443
-16.504000,-0.1947443
-16.496000,-0.1947977
-16.488000,-0.1949044
-16.480000,-0.1947977
-16.472000,-0.1946377
-16.464000,-0.1947443
-16.456000,-0.1947977
-16.448000,-0.1947977
-16.440000,-0.1947977
-16.432000,-0.1947977
-16.424000,-0.1947977
-16.416000,-0.1948510
-16.408000,-0.1947977
-16.400000,-0.1947977
-16.392000,-0.1947977
-16.384000,-0.1947443
-16.376000,-0.1948510
-16.368000,-0.1947977
-16.360000,-0.1947977
-16.352000,-0.1948510
-16.344000,-0.1947443
-16.336000,-0.1946910
-16.328000,-0.1946910
-16.320000,-0.1947977
-16.312000,-0.1946910
-16.304000,-0.1946910
-16.296000,-0.1947977
-16.288000,-0.1947443
-16.280000,-0.1946910
-16.272000,-0.1946910
-16.264000,-0.1947443
-16.256000,-0.1946910
-16.248000,-0.1946377
-16.240000,-0.1946910
-16.232000,-0.1947443
-16.224000,-0.1946910
-16.216000,-0.1946910
-16.208000,-0.1947443
-16.200000,-0.1946910
-16.192000,-0.1947443
-16.184000,-0.1947443
-16.176000,-0.1946910
-16.168000,-0.1947443
-16.160000,-0.1947443
-16.152000,-0.1946377
-16.144000,-0.1946377
-16.136000,-0.1946910
-16.128000,-0.1946910
-16.120000,-0.1945310
-16.112000,-0.1945310
-16.104000,-0.1947443
-16.096000,-0.1947977
-16.088000,-0.1947443
-16.080000,-0.1947443
-16.072000,-0.1946910
-16.064000,-0.1946377
-16.056000,-0.1945310
-16.048000,-0.1945843
-16.040000,-0.1946377
-16.032000,-0.1946910
-16.024000,-0.1946377
-16.016000,-0.1945843
-16.008000,-0.1946377
-16.000000,-0.1946910
-15.992000,-0.1945843
-15.984000,-0.1945310
-15.976000,-0.1946377
-15.968000,-0.1946910
-15.960000,-0.1946910
-15.952000,-0.1946910
-15.944000,-0.1946910
-15.936000,-0.1945843
-15.928000,-0.1945843
-15.920000,-0.1945310
-15.912000,-0.1945843
-15.904000,-0.1945843
-15.896000,-0.1945843
-15.888000,-0.1945310
-15.880000,-0.1945843
-15.872000,-0.1945310
-15.864000,-0.1945843
-15.856000,-0.1946377
-15.848000,-0.1945843
-15.840000,-0.1945310
-15.832000,-0.1945310
-15.824000,-0.1944776
-15.816000,-0.1944243
-15.808000,-0.1944776
-15.800000,-0.1945843
-15.792000,-0.1945843
-15.784000,-0.1945310
-15.776000,-0.1945310
-15.768000,-0.1944776
-15.760000,-0.1944243
-15.752000,-0.1944243
-15.744000,-0.1944243
-15.736000,-0.1944776
-15.728000,-0.1945310
-15.720000,-0.1944243
-15.712000,-0.1944776
-15.704000,-0.1944776
-15.696000,-0.1944776
-15.688000,-0.1945310
-15.680000,-0.1945310
-15.672000,-0.1945310
-15.664000,-0.1944776
-15.656000,-0.1944776
-15.648000,-0.1945310
-15.640000,-0.1945310
-15.632000,-0.1945843
-15.624000,-0.1945310
-15.616000,-0.1944776
-15.608000,-0.1944243
-15.600000,-0.1944776
-15.592000,-0.1944243
-15.584000,-0.1944776
-15.576000,-0.1944776
-15.568000,-0.1945310
-15.560000,-0.1945310
-15.552000,-0.1944243
-15.544000,-0.1944776
-15.536000,-0.1944776
-15.528000,-0.1944776
-15.520000,-0.1944243
-15.512000,-0.1943176
-15.504000,-0.1943710
-15.496000,-0.1943710
-15.488000,-0.1944243
-15.480000,-0.1944243
-15.472000,-0.1944243
-15.464000,-0.1944243
-15.456000,-0.1944243
-15.448000,-0.1943710
-15.440000,-0.1944776
-15.432000,-0.1945843
-15.424000,-0.1944776
-15.416000,-0.1943710
-15.408000,-0.1944243
-15.400000,-0.1944776
-15.392000,-0.1944243
-15.384000,-0.1943710
-15.376000,-0.1944776
-15.368000,-0.1944243
-15.360000,-0.1943710
-15.352000,-0.1943710
-15.344000,-0.1944243
-15.336000,-0.1944776
-15.328000,-0.1944776
-15.320000,-0.1944243
-15.312000,-0.1944243
-15.304000,-0.1943710
-15.296000,-0.1942643
-15.288000,-0.1942643
-15.280000,-0.1943176
-15.272000,-0.1943176
-15.264000,-0.1943176
-15.256000,-0.1943176
-15.248000,-0.1943176
-15.240000,-0.1942109
-15.232000,-0.1942109
-15.224000,-0.1943710
-15.216000,-0.1943710
-15.208000,-0.1942643
-15.200000,-0.1943710
-15.192000,-0.1943176
-15.184000,-0.1942109
-15.176000,-0.1942643
-15.168000,-0.1943176
-15.160000,-0.1943710
-15.152000,-0.1942643
-15.144000,-0.1943176
-15.136000,-0.1943710
-15.128000,-0.1944243
-15.120000,-0.1944243
-15.112000,-0.1944243
-15.104000,-0.1943710
-15.096000,-0.1943710
-15.088000,-0.1943176
-15.080000,-0.1943176
-15.072000,-0.1943710
-15.064000,-0.1943176
-15.056000,-0.1943176
-15.048000,-0.1943176
-15.040000,-0.1942109
-15.032000,-0.1942109
-15.024000,-0.1942643
-15.016000,-0.1942643
-15.008000,-0.1942109
-15.000000,-0.1941576
-14.992000,-0.1942643
-14.984000,-0.1943176
-14.976000,-0.1942109
-14.968000,-0.1942109
-14.960000,-0.1941043
-14.952000,-0.1941576
-14.944000,-0.1942109
-14.936000,-0.1942109
-14.928000,-0.1942109
-14.920000,-0.1942643
-14.912000,-0.1942109
-14.904000,-0.1942643
-14.896000,-0.1942643
-14.888000,-0.1942643
-14.880000,-0.1942109
-14.872000,-0.1941576
-14.864000,-0.1942109
-14.856000,-0.1942643
-14.848000,-0.1942643
-14.840000,-0.1941576
-14.832000,-0.1941576
-14.824000,-0.1942109
-14.816000,-0.1941576
-14.808000,-0.1941576
-14.800000,-0.1941576
-14.792000,-0.1941576
-14.784000,-0.1942643
-14.776000,-0.1942109
-14.768000,-0.1941576
-14.760000,-0.1941043
-14.752000,-0.1941576
-14.744000,-0.1941043
-14.736000,-0.1940509
-14.728000,-0.1940509
-14.720000,-0.1940509
-14.712000,-0.1941043
-14.704000,-0.1941576
-14.696000,-0.1941043
-14.688000,-0.1940509
-14.680000,-0.1941043
-14.672000,-0.1940509
-14.664000,-0.1940509
-14.656000,-0.1941043
-14.648000,-0.1940509
-14.640000,-0.1940509
-14.632000,-0.1940509
-14.624000,-0.1941043
-14.616000,-0.1941043
-14.608000,-0.1941043
-14.600000,-0.1940509
-14.592000,-0.1940509
-14.584000,-0.1941043
-14.576000,-0.1941043
-14.568000,-0.1939442
-14.560000,-0.1939976
-14.552000,-0.1940509
-14.544000,-0.1940509
-14.536000,-0.1940509
-14.528000,-0.1940509
-14.520000,-0.1941043
-14.512000,-0.1941043
-14.504000,-0.1941043
-14.496000,-0.1941043
-14.488000,-0.1939976
-14.480000,-0.1939442
-14.472000,-0.1939442
-14.464000,-0.1939976
-14.456000,-0.1941043
-14.448000,-0.1941043
-14.440000,-0.1941043
-14.432000,-0.1941043
-14.424000,-0.1941576
-14.416000,-0.1941043
-14.408000,-0.1941043
-14.400000,-0.1939976
-14.392000,-0.1939442
-14.384000,-0.1939976
-14.376000,-0.1939976
-14.368000,-0.1939976
-14.360000,-0.1939976
-14.352000,-0.1938909
-14.344000,-0.1939442
-14.336000,-0.1939442
-14.328000,-0.1938909
-14.320000,-0.1939976
-14.312000,-0.1939442
-14.304000,-0.1939442
-14.296000,-0.1939442
-14.288000,-0.1939976
-14.280000,-0.1940509
-14.272000,-0.1939976
-14.264000,-0.1939976
-14.256000,-0.1939442
-14.248000,-0.1938909
-14.240000,-0.1939442
-14.232000,-0.1940509
-14.224000,-0.1939976
-14.216000,-0.1939976
-14.208000,-0.1938909
-14.200000,-0.1938909
-14.192000,-0.1939442
-14.184000,-0.1939976
-14.176000,-0.1939976
-14.168000,-0.1939976
-14.160000,-0.1939442
-14.152000,-0.1939442
-14.144000,-0.1939442
-14.136000,-0.1939442
-14.128000,-0.1939976
-14.120000,-0.1938909
-14.112000,-0.1938909
-14.104000,-0.1938909
-14.096000,-0.1938376
-14.088000,-0.1938909
-14.080000,-0.1938909
-14.072000,-0.1939442
-14.064000,-0.1939442
-14.056000,-0.1939976
-14.048000,-0.1938909
-14.040000,-0.1938909
-14.032000,-0.1938376
-14.024000,-0.1938376
-14.016000,-0.1939442
-14.008000,-0.1938909
-14.000000,-0.1938909
-13.992000,-0.1938376
-13.984000,-0.1937842
-13.976000,-0.1938376
-13.968000,-0.1938909
-13.960000,-0.1937842
-13.952000,-0.1938909
-13.944000,-0.1939442
-13.936000,-0.1938909
-13.928000,-0.1938376
-13.920000,-0.1937842
-13.912000,-0.1938376
-13.904000,-0.1938909
-13.896000,-0.1938909
-13.888000,-0.1938376
-13.880000,-0.1937842
-13.872000,-0.1938376
-13.864000,-0.1938909
-13.856000,-0.1939442
-13.848000,-0.1938376
-13.840000,-0.1937842
-13.832000,-0.1937842
-13.824000,-0.1937842
-13.816000,-0.1937309
-13.808000,-0.1937842
-13.800000,-0.1937842
-13.792000,-0.1937309
-13.784000,-0.1937309
-13.776000,-0.1937309
-13.768000,-0.1937842
-13.760000,-0.1938376
-13.752000,-0.1937309
-13.744000,-0.1937309
-13.736000,-0.1936242
-13.728000,-0.1936775
-13.720000,-0.1936242
-13.712000,-0.1936775
-13.704000,-0.1937842
-13.696000,-0.1937842
-13.688000,-0.1937309
-13.680000,-0.1937309
-13.672000,-0.1937842
-13.664000,-0.1937842
-13.656000,-0.1937309
-13.648000,-0.1937842
-13.640000,-0.1937842
-13.632000,-0.1937842
-13.624000,-0.1936775
-13.616000,-0.1937842
-13.608000,-0.1938376
-13.600000,-0.1937309
-13.592000,-0.1936242
-13.584000,-0.1936242
-13.576000,-0.1938376
-13.568000,-0.1938909
-13.560000,-0.1938376
-13.552000,-0.1937309
-13.544000,-0.1936775
-13.536000,-0.1936242
-13.528000,-0.1936242
-13.520000,-0.1936775
-13.512000,-0.1937842
-13.504000,-0.1937309
-13.496000,-0.1937842
-13.488000,-0.1937842
-13.480000,-0.1937309
-13.472000,-0.1936775
-13.464000,-0.1936242
-13.456000,-0.1936775
-13.448000,-0.1937309
-13.440000,-0.1936242
-13.432000,-0.1935709
-13.424000,-0.1935709
-13.416000,-0.1937309
-13.408000,-0.1938376
-13.400000,-0.1936775
-13.392000,-0.1935709
-13.384000,-0.1935709
-13.376000,-0.1935709
-13.368000,-0.1936242
-13.360000,-0.1936775
-13.352000,-0.1937309
-13.344000,-0.1936775
-13.336000,-0.1936775
-13.328000,-0.1936242
-13.320000,-0.1935709
-13.312000,-0.1935175
-13.304000,-0.1935175
-13.296000,-0.1935709
-13.288000,-0.1935175
-13.280000,-0.1935709
-13.272000,-0.1936775
-13.264000,-0.1936775
-13.256000,-0.1936775
-13.248000,-0.1935709
-13.240000,-0.1935175
-13.232000,-0.1935709
-13.224000,-0.1936775
-13.216000,-0.1936775
-13.208000,-0.1936775
-13.200000,-0.1935709
-13.192000,-0.1936242
-13.184000,-0.1936242
-13.176000,-0.1935175
-13.168000,-0.1935175
-13.160000,-0.1935709
-13.152000,-0.1936242
-13.144000,-0.1935709
-13.136000,-0.1935709
-13.128000,-0.1935175
-13.120000,-0.1934642
-13.112000,-0.1935709
-13.104000,-0.1934642
-13.096000,-0.1933842
-13.088000,-0.1933842
-13.080000,-0.1934642
-13.072000,-0.1935175
-13.064000,-0.1935175
-13.056000,-0.1935175
-13.048000,-0.1935175
-13.040000,-0.1935709
-13.032000,-0.1935709
-13.024000,-0.1935175
-13.016000,-0.1935175
-13.008000,-0.1935175
-13.000000,-0.1934642
-12.992000,-0.1933842
-12.984000,-0.1934642
-12.976000,-0.1935709
-12.968000,-0.1935709
-12.960000,-0.1935175
-12.952000,-0.1933842
-12.944000,-0.1933842
-12.936000,-0.1935175
-12.928000,-0.1935175
-12.920000,-0.1934642
-12.912000,-0.1933308
-12.904000,-0.1933842
-12.896000,-0.1934642
-12.888000,-0.1933842
-12.880000,-0.1933842
-12.872000,-0.1934642
-12.864000,-0.1935709
-12.856000,-0.1935709
-12.848000,-0.1934642
-12.840000,-0.1934642
-12.832000,-0.1935709
-12.824000,-0.1935709
-12.816000,-0.1934642
-12.808000,-0.1933842
-12.800000,-0.1933842
-12.792000,-0.1933842
-12.784000,-0.1933842
-12.776000,-0.1935175
-12.768000,-0.1935175
-12.760000,-0.1936242
-12.752000,-0.1934642
-12.744000,-0.1934642
-12.736000,-0.1933842
-12.728000,-0.1933842
-12.720000,-0.1933842
-12.712000,-0.1933842
-12.704000,-0.1933842
-12.696000,-0.1933842
-12.688000,-0.1933308
-12.680000,-0.1933842
-12.672000,-0.1934642
-12.664000,-0.1933308
-12.656000,-0.1932775
-12.648000,-0.1931708
-12.640000,-0.1932775
-12.632000,-0.1933308
-12.624000,-0.1932775
-12.616000,-0.1933308
-12.608000,-0.1933842
-12.600000,-0.1932775
-12.592000,-0.1933308
-12.584000,-0.1934642
-12.576000,-0.1933308
-12.568000,-0.1932242
-12.560000,-0.1932775
-12.552000,-0.1933308
-12.544000,-0.1933308
-12.536000,-0.1933308
-12.528000,-0.1932775
-12.520000,-0.1932242
-12.512000,-0.1932242
-12.504000,-0.1932775
-12.496000,-0.1932775
-12.488000,-0.1931708
-12.480000,-0.1931708
-12.472000,-0.1932775
-12.464000,-0.1933308
-12.456000,-0.1932775
-12.448000,-0.1932242
-12.440000,-0.1932775
-12.432000,-0.1932775
-12.424000,-0.1933308
-12.416000,-0.1933308
-12.408000,-0.1932775
-12.400000,-0.1932242
-12.392000,-0.1931708
-12.384000,-0.1932242
-12.376000,-0.1932775
-12.368000,-0.1932775
-12.360000,-0.1932242
-12.352000,-0.1931708
-12.344000,-0.1930641
-12.336000,-0.1931708
-12.328000,-0.1932775
-12.320000,-0.1931708
-12.312000,-0.1931175
-12.304000,-0.1931175
-12.296000,-0.1931708
-12.288000,-0.1932775
-12.280000,-0.1932242
-12.272000,-0.1931708
-12.264000,-0.1931708
-12.256000,-0.1932242
-12.248000,-0.1931708
-12.240000,-0.1930641
-12.232000,-0.1930641
-12.224000,-0.1931175
-12.216000,-0.1931175
-12.208000,-0.1931708
-12.200000,-0.1931175
-12.192000,-0.1932242
-12.184000,-0.1931708
-12.176000,-0.1931708
-12.168000,-0.1931708
-12.160000,-0.1931175
-12.152000,-0.1931175
-12.144000,-0.1931175
-12.136000,-0.1931175
-12.128000,-0.1931175
-12.120000,-0.1931708
-12.112000,-0.1932242
-12.104000,-0.1931708
-12.096000,-0.1930641
-12.088000,-0.1930641
-12.080000,-0.1931175
-12.072000,-0.1932242
-12.064000,-0.1932242
-12.056000,-0.1931175
-12.048000,-0.1931175
-12.040000,-0.1931708
-12.032000,-0.1931175
-12.024000,-0.1931175
-12.016000,-0.1931175
-12.008000,-0.1930108
-12.000000,-0.1930641
-11.992000,-0.1931708
-11.984000,-0.1931708
-11.976000,-0.1931175
-11.968000,-0.1930641
-11.960000,-0.1930108
-11.952000,-0.1930641
-11.944000,-0.1931175
-11.936000,-0.1930641
-11.928000,-0.1930641
-11.920000,-0.1931175
-11.912000,-0.1930641
-11.904000,-0.1930108
-11.896000,-0.1930108
-11.888000,-0.1930641
-11.880000,-0.1931175
-11.872000,-0.1930641
-11.864000,-0.1931175
-11.856000,-0.1931175
-11.848000,-0.1930641
-11.840000,-0.1930641
-11.832000,-0.1930641
-11.824000,-0.1930108
-11.816000,-0.1930108
-11.808000,-0.1930108
-11.800000,-0.1930108
-11.792000,-0.1929575
-11.784000,-0.1929575
-11.776000,-0.1930108
-11.768000,-0.1930108
-11.760000,-0.1929575
-11.752000,-0.1929041
-11.744000,-0.1929575
-11.736000,-0.1930641
-11.728000,-0.1931175
-11.720000,-0.1930641
-11.712000,-0.1930108
-11.704000,-0.1930108
-11.696000,-0.1930108
-11.688000,-0.1929575
-11.680000,-0.1930641
-11.672000,-0.1930108
-11.664000,-0.1928508
-11.656000,-0.1929575
-11.648000,-0.1930641
-11.640000,-0.1930108
-11.632000,-0.1929041
-11.624000,-0.1929575
-11.616000,-0.1930108
-11.608000,-0.1930108
-11.600000,-0.1928508
-11.592000,-0.1928508
-11.584000,-0.1930108
-11.576000,-0.1930108
-11.568000,-0.1929041
-11.560000,-0.1928508
-11.552000,-0.1927974
-11.544000,-0.1929041
-11.536000,-0.1929041
-11.528000,-0.1928508
-11.520000,-0.1928508
-11.512000,-0.1928508
-11.504000,-0.1928508
-11.496000,-0.1928508
-11.488000,-0.1929041
-11.480000,-0.1928508
-11.472000,-0.1927441
-11.464000,-0.1927974
-11.456000,-0.1928508
-11.448000,-0.1928508
-11.440000,-0.1929041
-11.432000,-0.1929041
-11.424000,-0.1927974
-11.416000,-0.1928508
-11.408000,-0.1928508
-11.400000,-0.1929575
-11.392000,-0.1929575
-11.384000,-0.1929041
-11.376000,-0.1928508
-11.368000,-0.1929575
-11.360000,-0.1929575
-11.352000,-0.1929041
-11.344000,-0.1928508
-11.336000,-0.1928508
-11.328000,-0.1928508
-11.320000,-0.1927974
-11.312000,-0.1928508
-11.304000,-0.1928508
-11.296000,-0.1927974
-11.288000,-0.1927974
-11.280000,-0.1926907
-11.272000,-0.1927974
-11.264000,-0.1928508
-11.256000,-0.1927974
-11.248000,-0.1927974
-11.240000,-0.1927974
-11.232000,-0.1927441
-11.224000,-0.1927974
-11.216000,-0.1927974
-11.208000,-0.1928508
-11.200000,-0.1929041
-11.192000,-0.1929575
-11.184000,-0.1929041
-11.176000,-0.1928508
-11.168000,-0.1927441
-11.160000,-0.1927974
-11.152000,-0.1927974
-11.144000,-0.1928508
-11.136000,-0.1927974
-11.128000,-0.1927441
-11.120000,-0.1927974
-11.112000,-0.1927974
-11.104000,-0.1928508
-11.096000,-0.1928508
-11.088000,-0.1927974
-11.080000,-0.1926907
-11.072000,-0.1927441
-11.064000,-0.1926907
-11.056000,-0.1926907
-11.048000,-0.1926907
-11.040000,-0.1926374
-11.032000,-0.1927441
-11.024000,-0.1928508
-11.016000,-0.1926907
-11.008000,-0.1925841
-11.000000,-0.1926907
-10.992000,-0.1927974
-10.984000,-0.1927441
-10.976000,-0.1927441
-10.968000,-0.1926907
-10.960000,-0.1926907
-10.952000,-0.1926907
-10.944000,-0.1927974
-10.936000,-0.1927441
-10.928000,-0.1926374
-10.920000,-0.1926907
-10.912000,-0.1927441
-10.904000,-0.1927441
-10.896000,-0.1925841
-10.888000,-0.1925841
-10.880000,-0.1926907
-10.872000,-0.1927974
-10.864000,-0.1927974
-10.856000,-0.1926907
-10.848000,-0.1926374
-10.840000,-0.1926374
-10.832000,-0.1926374
-10.824000,-0.1925841
-10.816000,-0.1926907
-10.808000,-0.1926374
-10.800000,-0.1925841
-10.792000,-0.1926374
-10.784000,-0.1926907
-10.776000,-0.1926907
-10.768000,-0.1927441
-10.760000,-0.1927441
-10.752000,-0.1925841
-10.744000,-0.1925841
-10.736000,-0.1925841
-10.728000,-0.1925841
-10.720000,-0.1925841
-10.712000,-0.1926907
-10.704000,-0.1926374
-10.696000,-0.1926907
-10.688000,-0.1927441
-10.680000,-0.1926374
-10.672000,-0.1925841
-10.664000,-0.1925841
-10.656000,-0.1926374
-10.648000,-0.1926374
-10.640000,-0.1926907
-10.632000,-0.1926907
-10.624000,-0.1925841
-10.616000,-0.1925841
-10.608000,-0.1925841
-10.600000,-0.1925307
-10.592000,-0.1925307
-10.584000,-0.1925841
-10.576000,-0.1925841
-10.568000,-0.1925307
-10.560000,-0.1925841
-10.552000,-0.1925841
-10.544000,-0.1926907
-10.536000,-0.1927441
-10.528000,-0.1925841
-10.520000,-0.1925307
-10.512000,-0.1925307
-10.504000,-0.1925307
-10.496000,-0.1925307
-10.488000,-0.1925841
-10.480000,-0.1925307
-10.472000,-0.1924774
-10.464000,-0.1924241
-10.456000,-0.1924774
-10.448000,-0.1925307
-10.440000,-0.1925307
-10.432000,-0.1925841
-10.424000,-0.1925841
-10.416000,-0.1924774
-10.408000,-0.1924774
-10.400000,-0.1925307
-10.392000,-0.1924774
-10.384000,-0.1924241
-10.376000,-0.1924241
-10.368000,-0.1924774
-10.360000,-0.1925307
-10.352000,-0.1925307
-10.344000,-0.1925841
-10.336000,-0.1924774
-10.328000,-0.1924241
-10.320000,-0.1924241
-10.312000,-0.1924241
-10.304000,-0.1924241
-10.296000,-0.1924774
-10.288000,-0.1924774
-10.280000,-0.1925307
-10.272000,-0.1924774
-10.264000,-0.1924241
-10.256000,-0.1923707
-10.248000,-0.1923707
-10.240000,-0.1924774
-10.232000,-0.1924241
-10.224000,-0.1924241
-10.216000,-0.1924774
-10.208000,-0.1924774
-10.200000,-0.1924241
-10.192000,-0.1924241
-10.184000,-0.1923707
-10.176000,-0.1924241
-10.168000,-0.1924241
-10.160000,-0.1923707
-10.152000,-0.1924241
-10.144000,-0.1924774
-10.136000,-0.1925307
-10.128000,-0.1923707
-10.120000,-0.1923174
-10.112000,-0.1923707
-10.104000,-0.1924241
-10.096000,-0.1924774
-10.088000,-0.1924774
-10.080000,-0.1923174
-10.072000,-0.1922107
-10.064000,-0.1922640
-10.056000,-0.1923707
-10.048000,-0.1923707
-10.040000,-0.1923174
-10.032000,-0.1923174
-10.024000,-0.1924241
-10.016000,-0.1923174
-10.008000,-0.1923174
-10.000000,-0.1923707
-9.992000,-0.1923707
-9.984000,-0.1923707
-9.976000,-0.1923174
-9.968000,-0.1923174
-9.960000,-0.1923174
-9.952000,-0.1923707
-9.944000,-0.1922640
-9.936000,-0.1922640
-9.928000,-0.1924241
-9.920000,-0.1923707
-9.912000,-0.1923707
-9.904000,-0.1923707
-9.896000,-0.1923174
-9.888000,-0.1923174
-9.880000,-0.1923707
-9.872000,-0.1923174
-9.864000,-0.1922640
-9.856000,-0.1923174
-9.848000,-0.1923707
-9.840000,-0.1923707
-9.832000,-0.1923174
-9.824000,-0.1923707
-9.816000,-0.1923707
-9.808000,-0.1923174
-9.800000,-0.1923174
-9.792000,-0.1923707
-9.784000,-0.1923707
-9.776000,-0.1923707
-9.768000,-0.1922640
-9.760000,-0.1923174
-9.752000,-0.1923707
-9.744000,-0.1922107
-9.736000,-0.1922640
-9.728000,-0.1923707
-9.720000,-0.1923174
-9.712000,-0.1922640
-9.704000,-0.1921574
-9.696000,-0.1922107
-9.688000,-0.1922107
-9.680000,-0.1922107
-9.672000,-0.1922107
-9.664000,-0.1922640
-9.656000,-0.1922640
-9.648000,-0.1923707
-9.640000,-0.1923174
-9.632000,-0.1922107
-9.624000,-0.1922640
-9.616000,-0.1922640
-9.608000,-0.1922640
-9.600000,-0.1922640
-9.592000,-0.1923174
-9.584000,-0.1922640
-9.576000,-0.1922640
-9.568000,-0.1922107
-9.560000,-0.1922107
-9.552000,-0.1922107
-9.544000,-0.1922107
-9.536000,-0.1922107
-9.528000,-0.1921574
-9.520000,-0.1922107
-9.512000,-0.1923174
-9.504000,-0.1922640
-9.496000,-0.1921574
-9.488000,-0.1922107
-9.480000,-0.1922107
-9.472000,-0.1921040
-9.464000,-0.1920507
-9.456000,-0.1921574
-9.448000,-0.1921574
-9.440000,-0.1921040
-9.432000,-0.1921040
-9.424000,-0.1921040
-9.416000,-0.1921040
-9.408000,-0.1921040
-9.400000,-0.1921040
-9.392000,-0.1920507
-9.384000,-0.1921040
-9.376000,-0.1921040
-9.368000,-0.1921574
-9.360000,-0.1921574
-9.352000,-0.1921040
-9.344000,-0.1920507
-9.336000,-0.1921040
-9.328000,-0.1921040
-9.320000,-0.1921040
-9.312000,-0.1921040
-9.304000,-0.1921574
-9.296000,-0.1921574
-9.288000,-0.1921040
-9.280000,-0.1921040
-9.272000,-0.1922107
-9.264000,-0.1921574
-9.256000,-0.1921040
-9.248000,-0.1921040
-9.240000,-0.1921040
-9.232000,-0.1921574
-9.224000,-0.1921574
-9.216000,-0.1921574
-9.208000,-0.1920507
-9.200000,-0.1920507
-9.192000,-0.1920507
-9.184000,-0.1919973
-9.176000,-0.1919973
-9.168000,-0.1920507
-9.160000,-0.1920507
-9.152000,-0.1919973
-9.144000,-0.1919973
-9.136000,-0.1920507
-9.128000,-0.1921040
-9.120000,-0.1921040
-9.112000,-0.1919973
-9.104000,-0.1920507
-9.096000,-0.1921040
-9.088000,-0.1919973
-9.080000,-0.1919440
-9.072000,-0.1919440
-9.064000,-0.1919973
-9.056000,-0.1920507
-9.048000,-0.1920507
-9.040000,-0.1920507
-9.032000,-0.1919973
-9.024000,-0.1918906
-9.016000,-0.1918906
-9.008000,-0.1919440
-9.000000,-0.1919440
-8.992000,-0.1919973
-8.984000,-0.1919440
-8.976000,-0.1919973
-8.968000,-0.1920507
-8.960000,-0.1920507
-8.952000,-0.1919440
-8.944000,-0.1919973
-8.936000,-0.1919973
-8.928000,-0.1919973
-8.920000,-0.1919440
-8.912000,-0.1918906
-8.904000,-0.1919440
-8.896000,-0.1919973
-8.888000,-0.1919440
-8.880000,-0.1919440
-8.872000,-0.1920507
-8.864000,-0.1921040
-8.856000,-0.1919973
-8.848000,-0.1919440
-8.840000,-0.1919973
-8.832000,-0.1919440
-8.824000,-0.1918906
-8.816000,-0.1918906
-8.808000,-0.1918906
-8.800000,-0.1918906
-8.792000,-0.1919973
-8.784000,-0.1919440
-8.776000,-0.1919973
-8.768000,-0.1919973
-8.760000,-0.1919440
-8.752000,-0.1919973
-8.744000,-0.1919973
-8.736000,-0.1919973
-8.728000,-0.1918906
-8.720000,-0.1918373
-8.712000,-0.1918906
-8.704000,-0.1918373
-8.696000,-0.1918906
-8.688000,-0.1918906
-8.680000,-0.1918906
-8.672000,-0.1918906
-8.664000,-0.1919973
-8.656000,-0.1919440
-8.648000,-0.1918906
-8.640000,-0.1918373
-8.632000,-0.1918906
-8.624000,-0.1919440
-8.616000,-0.1919440
-8.608000,-0.1918906
-8.600000,-0.1918373
-8.592000,-0.1917840
-8.584000,-0.1917840
-8.576000,-0.1918373
-8.568000,-0.1918373
-8.560000,-0.1918373
-8.552000,-0.1919440
-8.544000,-0.1919973
-8.536000,-0.1918906
-8.528000,-0.1918373
-8.520000,-0.1917840
-8.512000,-0.1918906
-8.504000,-0.1918906
-8.496000,-0.1917840
-8.488000,-0.1918373
-8.480000,-0.1919973
-8.472000,-0.1919440
-8.464000,-0.1917306
-8.456000,-0.1917840
-8.448000,-0.1918373
-8.440000,-0.1918906
-8.432000,-0.1918906
-8.424000,-0.1918373
-8.416000,-0.1917840
-8.408000,-0.1918373
-8.400000,-0.1917840
-8.392000,-0.1917840
-8.384000,-0.1917840
-8.376000,-0.1918373
-8.368000,-0.1917306
-8.360000,-0.1916773
-8.352000,-0.1916240
-8.344000,-0.1916773
-8.336000,-0.1917306
-8.328000,-0.1917840
-8.320000,-0.1917840
-8.312000,-0.1918373
-8.304000,-0.1917840
-8.296000,-0.1917840
-8.288000,-0.1917306
-8.280000,-0.1917306
-8.272000,-0.1917306
-8.264000,-0.1916240
-8.256000,-0.1916773
-8.248000,-0.1917306
-8.240000,-0.1916773
-8.232000,-0.1916773
-8.224000,-0.1917306
-8.216000,-0.1917306
-8.208000,-0.1917306
-8.200000,-0.1917840
-8.192000,-0.1917840
-8.184000,-0.1917306
-8.176000,-0.1917306
-8.168000,-0.1916773
-8.160000,-0.1916773
-8.152000,-0.1917306
-8.144000,-0.1917306
-8.136000,-0.1917306
-8.128000,-0.1917306
-8.120000,-0.1917840
-8.112000,-0.1917840
-8.104000,-0.1916773
-8.096000,-0.1917306
-8.088000,-0.1917306
-8.080000,-0.1916240
-8.072000,-0.1916240
-8.064000,-0.1916773
-8.056000,-0.1916240
-8.048000,-0.1915706
-8.040000,-0.1916773
-8.032000,-0.1916773
-8.024000,-0.1916240
-8.016000,-0.1916773
-8.008000,-0.1917840
-8.000000,-0.1917840
-7.992000,-0.1916773
-7.984000,-0.1915706
-7.976000,-0.1916240
-7.968000,-0.1916773
-7.960000,-0.1916240
-7.952000,-0.1916240
-7.944000,-0.1916240
-7.936000,-0.1915706
-7.928000,-0.1915706
-7.920000,-0.1915706
-7.912000,-0.1915706
-7.904000,-0.1915706
-7.896000,-0.1916240
-7.888000,-0.1915706
-7.880000,-0.1915706
-7.872000,-0.1915706
-7.864000,-0.1915706
-7.856000,-0.1916240
-7.848000,-0.1915706
-7.840000,-0.1915706
-7.832000,-0.1916240
-7.824000,-0.1916240
-7.816000,-0.1915706
-7.808000,-0.1916240
-7.800000,-0.1916240
-7.792000,-0.1916240
-7.784000,-0.1916240
-7.776000,-0.1915706
-7.768000,-0.1916240
-7.760000,-0.1916773
-7.752000,-0.1915706
-7.744000,-0.1915173
-7.736000,-0.1916240
-7.728000,-0.1916773
-7.720000,-0.1916773
-7.712000,-0.1916240
-7.704000,-0.1915173
-7.696000,-0.1915173
-7.688000,-0.1915173
-7.680000,-0.1915706
-7.672000,-0.1915173
-7.664000,-0.1915173
-7.656000,-0.1915706
-7.648000,-0.1915706
-7.640000,-0.1915173
-7.632000,-0.1915173
-7.624000,-0.1915173
-7.616000,-0.1915173
-7.608000,-0.1916240
-7.600000,-0.1915173
-7.592000,-0.1915173
-7.584000,-0.1915173
-7.576000,-0.1915173
-7.568000,-0.1915173
-7.560000,-0.1915706
-7.552000,-0.1916240
-7.544000,-0.1915706
-7.536000,-0.1914639
-7.528000,-0.1914639
-7.520000,-0.1914639
-7.512000,-0.1915706
-7.504000,-0.1915173
-7.496000,-0.1914639
-7.488000,-0.1915706
-7.480000,-0.1914639
-7.472000,-0.1914106
-7.464000,-0.1914106
-7.456000,-0.1915173
-7.448000,-0.1915706
-7.440000,-0.1915173
-7.432000,-0.1915706
-7.424000,-0.1915706
-7.416000,-0.1915173
-7.408000,-0.1915173
-7.400000,-0.1915173
-7.392000,-0.1915173
-7.384000,-0.1915173
-7.376000,-0.1914639
-7.368000,-0.1914106
-7.360000,-0.1914639
-7.352000,-0.1914639
-7.344000,-0.1914639
-7.336000,-0.1914639
-7.328000,-0.1914639
-7.320000,-0.1913573
-7.312000,-0.1913039
-7.304000,-0.1914106
-7.296000,-0.1915173
-7.288000,-0.1914639
-7.280000,-0.1914639
-7.272000,-0.1915173
-7.264000,-0.1915173
-7.256000,-0.1914639
-7.248000,-0.1914106
-7.240000,-0.1913573
-7.232000,-0.1914639
-7.224000,-0.1914639
-7.216000,-0.1914106
-7.208000,-0.1913573
-7.200000,-0.1914106
-7.192000,-0.1914106
-7.184000,-0.1914106
-7.176000,-0.1913573
-7.168000,-0.1913573
-7.160000,-0.1913039
-7.152000,-0.1913039
-7.144000,-0.1914106
-7.136000,-0.1914106
-7.128000,-0.1913573
-7.120000,-0.1913573
-7.112000,-0.1913039
-7.104000,-0.1912506
-7.096000,-0.1913039
-7.088000,-0.1914106
-7.080000,-0.1913573
-7.072000,-0.1913039
-7.064000,-0.1913573
-7.056000,-0.1914639
-7.048000,-0.1913039
-7.040000,-0.1913039
-7.032000,-0.1913039
-7.024000,-0.1912506
-7.016000,-0.1912506
-7.008000,-0.1911972
-7.000000,-0.1913039
-6.992000,-0.1913573
-6.984000,-0.1913039
-6.976000,-0.1912506
-6.968000,-0.1913039
-6.960000,-0.1912506
-6.952000,-0.1911972
-6.944000,-0.1913039
-6.936000,-0.1913039
-6.928000,-0.1912506
-6.920000,-0.1911972
-6.912000,-0.1911972
-6.904000,-0.1911972
-6.896000,-0.1912506
-6.888000,-0.1911972
-6.880000,-0.1913039
-6.872000,-0.1913039
-6.864000,-0.1913039
-6.856000,-0.1913039
-6.848000,-0.1913573
-6.840000,-0.1913039
-6.832000,-0.1912506
-6.824000,-0.1913039
-6.816000,-0.1913039
-6.808000,-0.1911972
-6.800000,-0.1910905
-6.792000,-0.1911439
-6.784000,-0.1911972
-6.776000,-0.1911972
-6.768000,-0.1911972
-6.760000,-0.1911439
-6.752000,-0.1911439
-6.744000,-0.1911972
-6.736000,-0.1913039
-6.728000,-0.1912506
-6.720000,-0.1912506
-6.712000,-0.1911972
-6.704000,-0.1911972
-6.696000,-0.1911972
-6.688000,-0.1911439
-6.680000,-0.1910905
-6.672000,-0.1912506
-6.664000,-0.1913039
-6.656000,-0.1912506
-6.648000,-0.1912506
-6.640000,-0.1911439
-6.632000,-0.1911972
-6.624000,-0.1911972
-6.616000,-0.1911439
-6.608000,-0.1911439
-6.600000,-0.1911972
-6.592000,-0.1911972
-6.584000,-0.1911972
-6.576000,-0.1911972
-6.568000,-0.1910905
-6.560000,-0.1911439
-6.552000,-0.1911972
-6.544000,-0.1910905
-6.536000,-0.1909839
-6.528000,-0.1910372
-6.520000,-0.1910905
-6.512000,-0.1910905
-6.504000,-0.1911439
-6.496000,-0.1911972
-6.488000,-0.1911439
-6.480000,-0.1911439
-6.472000,-0.1911972
-6.464000,-0.1911972
-6.456000,-0.1911439
-6.448000,-0.1911439
-6.440000,-0.1911972
-6.432000,-0.1910905
-6.424000,-0.1910372
-6.416000,-0.1910905
-6.408000,-0.1910905
-6.400000,-0.1909839
-6.392000,-0.1910372
-6.384000,-0.1910905
-6.376000,-0.1912506
-6.368000,-0.1913039
-6.360000,-0.1911972
-6.352000,-0.1910372
-6.344000,-0.1909839
-6.336000,-0.1910905
-6.328000,-0.1911439
-6.320000,-0.1910372
-6.312000,-0.1909839
-6.304000,-0.1910905
-6.296000,-0.1911439
-6.288000,-0.1910905
-6.280000,-0.1909839
-6.272000,-0.1910372
-6.264000,-0.1910372
-6.256000,-0.1909839
-6.248000,-0.1909839
-6.240000,-0.1910372
-6.232000,-0.1910372
-6.224000,-0.1910905
-6.216000,-0.1910372
-6.208000,-0.1909839
-6.200000,-0.1909839
-6.192000,-0.1909839
-6.184000,-0.1909305
-6.176000,-0.1908772
-6.168000,-0.1909305
-6.160000,-0.1910372
-6.152000,-0.1910905
-6.144000,-0.1910905
-6.136000,-0.1910372
-6.128000,-0.1909305
-6.120000,-0.1909839
-6.112000,-0.1909839
-6.104000,-0.1910372
-6.096000,-0.1909305
-6.088000,-0.1909839
-6.080000,-0.1910372
-6.072000,-0.1909839
-6.064000,-0.1908772
-6.056000,-0.1909839
-6.048000,-0.1909839
-6.040000,-0.1909305
-6.032000,-0.1908772
-6.024000,-0.1908772
-6.016000,-0.1909305
-6.008000,-0.1909839
-6.000000,-0.1909839
-5.992000,-0.1909305
-5.984000,-0.1909839
-5.976000,-0.1909305
-5.968000,-0.1909305
-5.960000,-0.1910372
-5.952000,-0.1909839
-5.944000,-0.1909305
-5.936000,-0.1909305
-5.928000,-0.1909839
-5.920000,-0.1909305
-5.912000,-0.1909305
-5.904000,-0.1909839
-5.896000,-0.1909305
-5.888000,-0.1909305
-5.880000,-0.1909305
-5.872000,-0.1909305
-5.864000,-0.1909305
-5.856000,-0.1908772
-5.848000,-0.1908239
-5.840000,-0.1909305
-5.832000,-0.1908772
-5.824000,-0.1908772
-5.816000,-0.1909305
-5.808000,-0.1908772
-5.800000,-0.1907705
-5.792000,-0.1907172
-5.784000,-0.1907705
-5.776000,-0.1908239
-5.768000,-0.1908772
-5.760000,-0.1908239
-5.752000,-0.1908772
-5.744000,-0.1908772
-5.736000,-0.1908239
-5.728000,-0.1908239
-5.720000,-0.1908772
-5.712000,-0.1908239
-5.704000,-0.1908772
-5.696000,-0.1908239
-5.688000,-0.1908239
-5.680000,-0.1908239
-5.672000,-0.1909305
-5.664000,-0.1909305
-5.656000,-0.1909305
-5.648000,-0.1909839
-5.640000,-0.1908239
-5.632000,-0.1908239
-5.624000,-0.1908772
-5.616000,-0.1908772
-5.608000,-0.1908772
-5.600000,-0.1908772
-5.592000,-0.1908239
-5.584000,-0.1907705
-5.576000,-0.1908239
-5.568000,-0.1908772
-5.560000,-0.1907705
-5.552000,-0.1907172
-5.544000,-0.1908239
-5.536000,-0.1908239
-5.528000,-0.1907705
-5.520000,-0.1908239
-5.512000,-0.1908239
-5.504000,-0.1908239
-5.496000,-0.1908239
-5.488000,-0.1907705
-5.480000,-0.1907172
-5.472000,-0.1907705
-5.464000,-0.1908239
-5.456000,-0.1908239
-5.448000,-0.1907705
-5.440000,-0.1907172
-5.432000,-0.1907172
-5.424000,-0.1907172
-5.416000,-0.1906105
-5.408000,-0.1906638
-5.400000,-0.1906638
-5.392000,-0.1906638
-5.384000,-0.1907172
-5.376000,-0.1906638
-5.368000,-0.1907705
-5.360000,-0.1908772
-5.352000,-0.1907172
-5.344000,-0.1906105
-5.336000,-0.1906638
-5.328000,-0.1907172
-5.320000,-0.1907172
-5.312000,-0.1906105
-5.304000,-0.1906638
-5.296000,-0.1907172
-5.288000,-0.1907172
-5.280000,-0.1907705
-5.272000,-0.1907172
-5.264000,-0.1907705
-5.256000,-0.1908239
-5.248000,-0.1907172
-5.240000,-0.1906105
-5.232000,-0.1906105
-5.224000,-0.1906105
-5.216000,-0.1906638
-5.208000,-0.1907172
-5.200000,-0.1907172
-5.192000,-0.1906638
-5.184000,-0.1906105
-5.176000,-0.1907172
-5.168000,-0.1907172
-5.160000,-0.1907172
-5.152000,-0.1906105
-5.144000,-0.1906638
-5.136000,-0.1907172
-5.128000,-0.1906638
-5.120000,-0.1906638
-5.112000,-0.1906105
-5.104000,-0.1906105
-5.096000,-0.1905572
-5.088000,-0.1906638
-5.080000,-0.1906105
-5.072000,-0.1905572
-5.064000,-0.1905572
-5.056000,-0.1905572
-5.048000,-0.1906105
-5.040000,-0.1905572
-5.032000,-0.1905038
-5.024000,-0.1905572
-5.016000,-0.1905572
-5.008000,-0.1906105
-5.000000,-0.1906105
-4.992000,-0.1906638
-4.984000,-0.1906105
-4.976000,-0.1905572
-4.968000,-0.1905572
-4.960000,-0.1906638
-4.952000,-0.1905572
-4.944000,-0.1905038
-4.936000,-0.1905572
-4.928000,-0.1905572
-4.920000,-0.1906105
-4.912000,-0.1905572
-4.904000,-0.1905038
-4.896000,-0.1905572
-4.888000,-0.1905572
-4.880000,-0.1905038
-4.872000,-0.1905572
-4.864000,-0.1906105
-4.856000,-0.1905572
-4.848000,-0.1904505
-4.840000,-0.1905038
-4.832000,-0.1906105
-4.824000,-0.1905572
-4.816000,-0.1905038
-4.808000,-0.1904505
-4.800000,-0.1904505
-4.792000,-0.1904505
-4.784000,-0.1905038
-4.776000,-0.1904505
-4.768000,-0.1904505
-4.760000,-0.1904505
-4.752000,-0.1904505
-4.744000,-0.1905038
-4.736000,-0.1904505
-4.728000,-0.1904505
-4.720000,-0.1905572
-4.712000,-0.1906105
-4.704000,-0.1905572
-4.696000,-0.1905572
-4.688000,-0.1905038
-4.680000,-0.1905572
-4.672000,-0.1905038
-4.664000,-0.1905038
-4.656000,-0.1905038
-4.648000,-0.1904505
-4.640000,-0.1903971
-4.632000,-0.1905038
-4.624000,-0.1905038
-4.616000,-0.1905038
-4.608000,-0.1905038
-4.600000,-0.1904505
-4.592000,-0.1904505
-4.584000,-0.1903971
-4.576000,-0.1903971
-4.568000,-0.1903171
-4.560000,-0.1903971
-4.552000,-0.1904505
-4.544000,-0.1903971
-4.536000,-0.1903171
-4.528000,-0.1903171
-4.520000,-0.1903171
-4.512000,-0.1903971
-4.504000,-0.1904505
-4.496000,-0.1905038
-4.488000,-0.1905038
-4.480000,-0.1904505
-4.472000,-0.1903971
-4.464000,-0.1903171
-4.456000,-0.1903171
-4.448000,-0.1903171
-4.440000,-0.1903171
-4.432000,-0.1903171
-4.424000,-0.1903171
-4.416000,-0.1903171
-4.408000,-0.1903171
-4.400000,-0.1903971
-4.392000,-0.1903971
-4.384000,-0.1903171
-4.376000,-0.1903171
-4.368000,-0.1903971
-4.360000,-0.1902104
-4.352000,-0.1902104
-4.344000,-0.1902638
-4.336000,-0.1902638
-4.328000,-0.1902104
-4.320000,-0.1903171
-4.312000,-0.1903971
-4.304000,-0.1902638
-4.296000,-0.1902638
-4.288000,-0.1902638
-4.280000,-0.1902638
-4.272000,-0.1902638
-4.264000,-0.1902638
-4.256000,-0.1902638
-4.248000,-0.1903171
-4.240000,-0.1902638
-4.232000,-0.1901571
-4.224000,-0.1901038
-4.216000,-0.1902104
-4.208000,-0.1902104
-4.200000,-0.1902104
-4.192000,-0.1902638
-4.184000,-0.1902638
-4.176000,-0.1902104
-4.168000,-0.1902104
-4.160000,-0.1902104
-4.152000,-0.1902104
-4.144000,-0.1902638
-4.136000,-0.1902638
-4.128000,-0.1901571
-4.120000,-0.1902104
-4.112000,-0.1902638
-4.104000,-0.1902104
-4.096000,-0.1902638
-4.088000,-0.1902104
-4.080000,-0.1901571
-4.072000,-0.1901571
-4.064000,-0.1902104
-4.056000,-0.1901571
-4.048000,-0.1901571
-4.040000,-0.1901571
-4.032000,-0.1902104
-4.024000,-0.1902104
-4.016000,-0.1902104
-4.008000,-0.1902104
-4.000000,-0.1902104
-3.992000,-0.1902104
-3.984000,-0.1901571
-3.976000,-0.1901571
-3.968000,-0.1901571
-3.960000,-0.1902104
-3.952000,-0.1901571
-3.944000,-0.1901571
-3.936000,-0.1901038
-3.928000,-0.1901038
-3.920000,-0.1901038
-3.912000,-0.1901038
-3.904000,-0.1901038
-3.896000,-0.1900504
-3.888000,-0.1901571
-3.880000,-0.1901571
-3.872000,-0.1901571
-3.864000,-0.1902104
-3.856000,-0.1901038
-3.848000,-0.1901038
-3.840000,-0.1901571
-3.832000,-0.1901571
-3.824000,-0.1900504
-3.816000,-0.1901038
-3.808000,-0.1901038
-3.800000,-0.1901571
-3.792000,-0.1900504
-3.784000,-0.1900504
-3.776000,-0.1901038
-3.768000,-0.1902638
-3.760000,-0.1902104
-3.752000,-0.1901571
-3.744000,-0.1901038
-3.736000,-0.1901038
-3.728000,-0.1900504
-3.720000,-0.1900504
-3.712000,-0.1901038
-3.704000,-0.1901571
-3.696000,-0.1900504
-3.688000,-0.1899437
-3.680000,-0.1901038
-3.672000,-0.1901038
-3.664000,-0.1900504
-3.656000,-0.1900504
-3.648000,-0.1901038
-3.640000,-0.1900504
-3.632000,-0.1900504
-3.624000,-0.1900504
-3.616000,-0.1901038
-3.608000,-0.1901571
-3.600000,-0.1900504
-3.592000,-0.1900504
-3.584000,-0.1899971
-3.576000,-0.1899971
-3.568000,-0.1899971
-3.560000,-0.1899971
-3.552000,-0.1899971
-3.544000,-0.1899971
-3.536000,-0.1901038
-3.528000,-0.1899971
-3.520000,-0.1898904
-3.512000,-0.1899437
-3.504000,-0.1899437
-3.496000,-0.1898904
-3.488000,-0.1899437
-3.480000,-0.1899437
-3.472000,-0.1899437
-3.464000,-0.1899437
-3.456000,-0.1898904
-3.448000,-0.1899437
-3.440000,-0.1899971
-3.432000,-0.1899971
-3.424000,-0.1899437
-3.416000,-0.1898904
-3.408000,-0.1899971
-3.400000,-0.1901038
-3.392000,-0.1900504
-3.384000,-0.1899971
-3.376000,-0.1899437
-3.368000,-0.1899437
-3.360000,-0.1898371
-3.352000,-0.1898371
-3.344000,-0.1898904
-3.336000,-0.1899971
-3.328000,-0.1900504
-3.320000,-0.1900504
-3.312000,-0.1899971
-3.304000,-0.1899971
-3.296000,-0.1898904
-3.288000,-0.1898371
-3.280000,-0.1899437
-3.272000,-0.1898904
-3.264000,-0.1899437
-3.256000,-0.1900504
-3.248000,-0.1899971
-3.240000,-0.1899437
-3.232000,-0.1898904
-3.224000,-0.1898371
-3.216000,-0.1897837
-3.208000,-0.1897304
-3.200000,-0.1898371
-3.192000,-0.1898904
-3.184000,-0.1899437
-3.176000,-0.1898371
-3.168000,-0.1898904
-3.160000,-0.1898371
-3.152000,-0.1897837
-3.144000,-0.1897304
-3.136000,-0.1897837
-3.128000,-0.1898371
-3.120000,-0.1897837
-3.112000,-0.1898371
-3.104000,-0.1898904
-3.096000,-0.1898904
-3.088000,-0.1898371
-3.080000,-0.1898371
-3.072000,-0.1897837
-3.064000,-0.1898371
-3.056000,-0.1898371
-3.048000,-0.1897837
-3.040000,-0.1898371
-3.032000,-0.1899437
-3.024000,-0.1899437
-3.016000,-0.1898904
-3.008000,-0.1898371
-3.000000,-0.1898904
-2.992000,-0.1898904
-2.984000,-0.1898371
-2.976000,-0.1897837
-2.968000,-0.1897304
-2.960000,-0.1897304
-2.952000,-0.1897304
-2.944000,-0.1897837
-2.936000,-0.1897304
-2.928000,-0.1897304
-2.920000,-0.1897304
-2.912000,-0.1897304
-2.904000,-0.1897304
-2.896000,-0.1897837
-2.888000,-0.1897837
-2.880000,-0.1897837
-2.872000,-0.1897837
-2.864000,-0.1897837
-2.856000,-0.1897304
-2.848000,-0.1897304
-2.840000,-0.1897304
-2.832000,-0.1897837
-2.824000,-0.1897837
-2.816000,-0.1898371
-2.808000,-0.1897837
-2.800000,-0.1896770
-2.792000,-0.1896770
-2.784000,-0.1896770
-2.776000,-0.1896770
-2.768000,-0.1897304
-2.760000,-0.1897837
-2.752000,-0.1897304
-2.744000,-0.1897304
-2.736000,-0.1897304
-2.728000,-0.1897304
-2.720000,-0.1897837
-2.712000,-0.1897304
-2.704000,-0.1896237
-2.696000,-0.1896770
-2.688000,-0.1897304
-2.680000,-0.1897304
-2.672000,-0.1897304
-2.664000,-0.1896237
-2.656000,-0.1896237
-2.648000,-0.1896770
-2.640000,-0.1896770
-2.632000,-0.1896770
-2.624000,-0.1896770
-2.616000,-0.1897304
-2.608000,-0.1896770
-2.600000,-0.1896770
-2.592000,-0.1897837
-2.584000,-0.1897837
-2.576000,-0.1896770
-2.568000,-0.1896237
-2.560000,-0.1896237
-2.552000,-0.1896237
-2.544000,-0.1895704
-2.536000,-0.1896237
-2.528000,-0.1895704
-2.520000,-0.1896237
-2.512000,-0.1896237
-2.504000,-0.1896237
-2.496000,-0.1896770
-2.488000,-0.1896770
-2.480000,-0.1896770
-2.472000,-0.1896770
-2.464000,-0.1896237
-2.456000,-0.1896770
-2.448000,-0.1897304
-2.440000,-0.1896770
-2.432000,-0.1896237
-2.424000,-0.1896237
-2.416000,-0.1896237
-2.408000,-0.1895704
-2.400000,-0.1895704
-2.392000,-0.1894637
-2.384000,-0.1894637
-2.376000,-0.1894637
-2.368000,-0.1895170
-2.360000,-0.1895170
-2.352000,-0.1895170
-2.344000,-0.1895170
-2.336000,-0.1895170
-2.328000,-0.1895704
-2.320000,-0.1895170
-2.312000,-0.1894637
-2.304000,-0.1895170
-2.296000,-0.1895170
-2.288000,-0.1895704
-2.280000,-0.1895170
-2.272000,-0.1894637
-2.264000,-0.1895170
-2.256000,-0.1896237
-2.248000,-0.1896237
-2.240000,-0.1895704
-2.232000,-0.1895704
-2.224000,-0.1894637
-2.216000,-0.1895170
-2.208000,-0.1894637
-2.200000,-0.1895170
-2.192000,-0.1895704
-2.184000,-0.1894637
-2.176000,-0.1894103
-2.168000,-0.1894637
-2.160000,-0.1895704
-2.152000,-0.1895170
-2.144000,-0.1894103
-2.136000,-0.1894637
-2.128000,-0.1895170
-2.120000,-0.1894637
-2.112000,-0.1894103
-2.104000,-0.1894103
-2.096000,-0.1894637
-2.088000,-0.1895170
-2.080000,-0.1895170
-2.072000,-0.1895170
-2.064000,-0.1894637
-2.056000,-0.1894637
-2.048000,-0.1894637
-2.040000,-0.1894637
-2.032000,-0.1895170
-2.024000,-0.1895170
-2.016000,-0.1894103
-2.008000,-0.1894637
-2.000000,-0.1895170
-1.992000,-0.1894637
-1.984000,-0.1894103
-1.976000,-0.1894637
-1.968000,-0.1894103
-1.960000,-0.1893570
-1.952000,-0.1893570
-1.944000,-0.1893570
-1.936000,-0.1893570
-1.928000,-0.1893037
-1.920000,-0.1893570
-1.912000,-0.1894103
-1.904000,-0.1894103
-1.896000,-0.1893570
-1.888000,-0.1894103
-1.880000,-0.1894103
-1.872000,-0.1894103
-1.864000,-0.1893570
-1.856000,-0.1893570
-1.848000,-0.1893037
-1.840000,-0.1893037
-1.832000,-0.1894103
-1.824000,-0.1894637
-1.816000,-0.1894103
-1.808000,-0.1892503
-1.800000,-0.1891970
-1.792000,-0.1891970
-1.784000,-0.1892503
-1.776000,-0.1892503
-1.768000,-0.1891436
-1.760000,-0.1891970
-1.752000,-0.1893570
-1.744000,-0.1893570
-1.736000,-0.1893037
-1.728000,-0.1893037
-1.720000,-0.1893037
-1.712000,-0.1892503
-1.704000,-0.1892503
-1.696000,-0.1891970
-1.688000,-0.1891970
-1.680000,-0.1891436
-1.672000,-0.1891970
-1.664000,-0.1892503
-1.656000,-0.1891970
-1.648000,-0.1891436
-1.640000,-0.1892503
-1.632000,-0.1892503
-1.624000,-0.1892503
-1.616000,-0.1893037
-1.608000,-0.1892503
-1.600000,-0.1892503
-1.592000,-0.1892503
-1.584000,-0.1892503
-1.576000,-0.1893037
-1.568000,-0.1893037
-1.560000,-0.1893037
-1.552000,-0.1893570
-1.544000,-0.1892503
-1.536000,-0.1892503
-1.528000,-0.1892503
-1.520000,-0.1891970
-1.512000,-0.1891436
-1.504000,-0.1891970
-1.496000,-0.1891970
-1.488000,-0.1891970
-1.480000,-0.1891970
-1.472000,-0.1892503
-1.464000,-0.1891970
-1.456000,-0.1891436
-1.448000,-0.1892503
-1.440000,-0.1891436
-1.432000,-0.1890903
-1.424000,-0.1890903
-1.416000,-0.1890370
-1.408000,-0.1890903
-1.400000,-0.1890903
-1.392000,-0.1890903
-1.384000,-0.1890370
-1.376000,-0.1890903
-1.368000,-0.1890903
-1.360000,-0.1891436
-1.352000,-0.1891436
-1.344000,-0.1890903
-1.336000,-0.1891436
-1.328000,-0.1891436
-1.320000,-0.1891436
-1.312000,-0.1891970
-1.304000,-0.1891970
-1.296000,-0.1891970
-1.288000,-0.1891970
-1.280000,-0.1891970
-1.272000,-0.1891436
-1.264000,-0.1891436
-1.256000,-0.1890903
-1.248000,-0.1890370
-1.240000,-0.1890903
-1.232000,-0.1890903
-1.224000,-0.1890903
-1.216000,-0.1890903
-1.208000,-0.1890370
-1.200000,-0.1890370
-1.192000,-0.1890370
-1.184000,-0.1890903
-1.176000,-0.1890903
-1.168000,-0.1890903
-1.160000,-0.1891970
-1.152000,-0.1891436
-1.144000,-0.1890370
-1.136000,-0.1889836
-1.128000,-0.1889836
-1.120000,-0.1889836
-1.112000,-0.1889836
-1.104000,-0.1889303
-1.096000,-0.1889836
-1.088000,-0.1891436
-1.080000,-0.1890903
-1.072000,-0.1890370
-1.064000,-0.1890903
-1.056000,-0.1890903
-1.048000,-0.1890370
-1.040000,-0.1890370
-1.032000,-0.1890903
-1.024000,-0.1890903
-1.016000,-0.1891970
-1.008000,-0.1890903
-1.000000,-0.1889303
-0.992000,-0.1889303
-0.984000,-0.1890903
-0.976000,-0.1890370
-0.968000,-0.1889836
-0.960000,-0.1890370
-0.952000,-0.1890370
-0.944000,-0.1889836
-0.936000,-0.1889836
-0.928000,-0.1889836
-0.920000,-0.1890370
-0.912000,-0.1890903
-0.904000,-0.1889836
-0.896000,-0.1889303
-0.888000,-0.1889303
-0.880000,-0.1889836
-0.872000,-0.1888769
-0.864000,-0.1888769
-0.856000,-0.1888769
-0.848000,-0.1889303
-0.840000,-0.1889303
-0.832000,-0.1888769
-0.824000,-0.1888769
-0.816000,-0.1888236
-0.808000,-0.1889303
-0.800000,-0.1889303
-0.792000,-0.1888236
-0.784000,-0.1889303
-0.776000,-0.1889836
-0.768000,-0.1889303
-0.760000,-0.1889303
-0.752000,-0.1889303
-0.744000,-0.1888236
-0.736000,-0.1888236
-0.728000,-0.1888236
-0.720000,-0.1889303
-0.712000,-0.1889836
-0.704000,-0.1889836
-0.696000,-0.1888769
-0.688000,-0.1888236
-0.680000,-0.1888236
-0.672000,-0.1888769
-0.664000,-0.1888236
-0.656000,-0.1888236
-0.648000,-0.1888236
-0.640000,-0.1888236
-0.632000,-0.1888769
-0.624000,-0.1888236
-0.616000,-0.1888236
-0.608000,-0.1888236
-0.600000,-0.1888236
-0.592000,-0.1888769
-0.584000,-0.1888236
-0.576000,-0.1887169
-0.568000,-0.1887703
-0.560000,-0.1887703
-0.552000,-0.1887169
-0.544000,-0.1886636
-0.536000,-0.1887169
-0.528000,-0.1888769
-0.520000,-0.1887703
-0.512000,-0.1887703
-0.504000,-0.1888769
-0.496000,-0.1888236
-0.488000,-0.1887169
-0.480000,-0.1886636
-0.472000,-0.1887703
-0.464000,-0.1887703
-0.456000,-0.1887169
-0.448000,-0.1886636
-0.440000,-0.1887703
-0.432000,-0.1887169
-0.424000,-0.1886102
-0.416000,-0.1886102
-0.408000,-0.1885036
-0.400000,-0.1885569
-0.392000,-0.1886102
-0.384000,-0.1885036
-0.376000,-0.1884502
-0.368000,-0.1884502
-0.360000,-0.1883435
-0.352000,-0.1882902
-0.344000,-0.1882369
-0.336000,-0.1882369
-0.328000,-0.1882369
-0.320000,-0.1881835
-0.312000,-0.1880768
-0.304000,-0.1881302
-0.296000,-0.1882369
-0.288000,-0.1885036
-0.280000,-0.1891970
-0.272000,-0.1902104
-0.264000,-0.1910372
-0.256000,-0.1913039
-0.248000,-0.1910905
-0.240000,-0.1902104
-0.232000,-0.1889303
-0.224000,-0.1871967
-0.216000,-0.1852765
-0.208000,-0.1833829
-0.200000,-0.1817827
-0.192000,-0.1805292
-0.184000,-0.1795158
-0.176000,-0.1785557
-0.168000,-0.1774622
-0.160000,-0.1760753
-0.152000,-0.1743951
-0.144000,-0.1726883
-0.136000,-0.1711147
-0.128000,-0.1695679
-0.120000,-0.1678343
-0.112000,-0.1659674
-0.104000,-0.1641805
-0.096000,-0.1624470
-0.088000,-0.1605267
-0.080000,-0.1580464
-0.072000,-0.1548193
-0.064000,-0.1491653
-0.056000,-0.1388440
-0.048000,-0.1305496
-0.040000,-0.1300696
-0.032000,-0.1326032
-0.024000,-0.1339367
-0.016000,-0.1311897
-0.008000,-0.1253757
-0.000000,-0.1213485
0.008000,-0.1163345
0.016000,-0.1056932
0.024000,-0.0916381
0.032000,-0.0760895
0.040000,-0.0593141
0.048000,-0.0420319
0.056000,-0.0243230
0.064000,-0.0042672
0.072000,0.0219494
0.080000,0.0560070
0.088000,0.0932917
0.096000,0.1305230
0.104000,0.1721282
0.112000,0.2221611
0.120000,0.2771013
0.128000,0.3333483
0.136000,0.3921557
0.144000,0.4548835
0.152000,0.5227320
0.160000,0.5967946
0.168000,0.6768046
0.176000,0.7624153
0.184000,0.8532800
0.192000,0.9499854
0.200000,1.0548518
0.208000,1.1685994
0.216000,1.2886677
0.224000,1.4024686
0.232000,1.4676234
0.240000,1.4739709
0.248000,1.4739709
0.256000,1.4739709
0.264000,1.4739709
0.272000,1.4739709
0.280000,1.4739709
0.288000,1.4739709
0.296000,1.4739709
0.304000,1.4739709
0.312000,1.4739709
0.320000,1.4739709
0.328000,1.4739709
0.336000,1.4739709
0.344000,1.4739709
0.352000,1.4739709
0.360000,1.4739709
0.368000,1.4739709
0.376000,1.4739709
0.384000,1.4739709
0.392000,1.4739709
0.400000,1.4739709
0.408000,1.4739709
0.416000,1.4739709
0.424000,1.4739709
0.432000,1.4739709
0.440000,1.4739709
0.448000,1.4739709
0.456000,1.4739709
0.464000,1.4739709
0.472000,1.4739709
0.480000,1.4739709
0.488000,1.4739709
0.496000,1.4739709
0.504000,1.4739709
0.512000,1.4739709
0.520000,1.4739709
0.528000,1.4739709
0.536000,1.4739709
0.544000,1.4739709
0.552000,1.4739709
0.560000,1.4739709
0.568000,1.4739709
0.576000,1.4739709
0.584000,1.4739709
0.592000,1.4739709
0.600000,1.4739709
0.608000,1.4739709
0.616000,1.4739709
0.624000,1.4739709
0.632000,1.4739709
0.640000,1.4739709
0.648000,1.4739709
0.656000,1.4739709
0.664000,1.4739709
0.672000,1.4739709
0.680000,1.4739709
0.688000,1.4739709
0.696000,1.4739709
0.704000,1.4739709
0.712000,1.4739709
0.720000,1.4739709
0.728000,1.4739709
0.736000,1.4739709
0.744000,1.4739709
0.752000,1.4739709
0.760000,1.4739709
0.768000,1.4739709
0.776000,1.4739709
0.784000,1.4739709
0.792000,1.4739709
0.800000,1.4739709
0.808000,1.4739709
0.816000,1.4739709
0.824000,1.4739709
0.832000,1.4739709
0.840000,1.4739709
0.848000,1.4739709
0.856000,1.4739709
0.864000,1.4739709
0.872000,1.4739709
0.880000,1.4739709
0.888000,1.4739709
0.896000,1.4739709
0.904000,1.4739709
0.912000,1.4739709
0.920000,1.4739709
0.928000,1.4739709
0.936000,1.4739709
0.944000,1.4739709
0.952000,1.4739709
0.960000,1.4739709
0.968000,1.4739709
0.976000,1.4739709
0.984000,1.4739709
0.992000,1.4739709
1.000000,1.4739709
1.008000,1.4739709
1.016000,1.4739709
1.024000,1.4739709
1.032000,1.4739709
1.040000,1.4739709
1.048000,1.4739709
1.056000,1.4739709
1.064000,1.4739709
1.072000,1.4739709
1.080000,1.4739709
1.088000,1.4739709
1.096000,1.4739709
1.104000,1.4739709
1.112000,1.4739709
1.120000,1.4739709
1.128000,1.4739709
1.136000,1.4739709
1.144000,1.4739709
1.152000,1.4739709
1.160000,1.4739709
1.168000,1.4739709
1.176000,1.4739709
1.184000,1.4739709
1.192000,1.4739709
1.200000,1.4739709
1.208000,1.4739709
1.216000,1.4739709
1.224000,1.4739709
1.232000,1.4739709
1.240000,1.4739709
1.248000,1.4739709
1.256000,1.4739709
1.264000,1.4739709
1.272000,1.4739709
1.280000,1.4739709
1.288000,1.4739709
1.296000,1.4739709
1.304000,1.4739709
1.312000,1.4739709
1.320000,1.4739709
1.328000,1.4739709
1.336000,1.4739709
1.344000,1.4739709
1.352000,1.4739709
1.360000,1.4739709
1.368000,1.4739709
1.376000,1.4739709
1.384000,1.4739709
1.392000,1.4739709
1.400000,1.4739709
1.408000,1.4739709
1.416000,1.4739709
1.424000,1.4739709
1.432000,1.4739709
1.440000,1.4739709
1.448000,1.4739709
1.456000,1.4739709
1.464000,1.4739709
1.472000,1.4739709
1.480000,1.4739709
1.488000,1.4739709
1.496000,1.4739709
1.504000,1.4739709
1.512000,1.4739709
1.520000,1.4739709
1.528000,1.4739709
1.536000,1.4739709
1.544000,1.4739709
1.552000,1.4739709
1.560000,1.4739709
1.568000,1.4739709
1.576000,1.4739709
1.584000,1.4739709
1.592000,1.4739709
1.600000,1.4739709
1.608000,1.4739709
1.616000,1.4739709
1.624000,1.4739709
1.632000,1.4739709
1.640000,1.4739709
1.648000,1.4739709
1.656000,1.4739709
1.664000,1.4739709
1.672000,1.4739709
1.680000,1.4739709
1.688000,1.4739709
1.696000,1.4739709
1.704000,1.4739709
1.712000,1.4739709
1.720000,1.4739709
1.728000,1.4739709
1.736000,1.4739709
1.744000,1.4739709
1.752000,1.4739709
1.760000,1.4739709
1.768000,1.4739709
1.776000,1.4739709
1.784000,1.4739709
1.792000,1.4739709
1.800000,1.4739709
1.808000,1.4739709
1.816000,1.4739709
1.824000,1.4739709
1.832000,1.4739709
1.840000,1.4739709
1.848000,1.4739709
1.856000,1.4739709
1.864000,1.4739709
1.872000,1.4739709
1.880000,1.4739709
1.888000,1.4739709
1.896000,1.4739709
1.904000,1.4739709
1.912000,1.4739709
1.920000,1.4739709
1.928000,1.4739709
1.936000,1.4739709
1.944000,1.4739709
1.952000,1.4739709
1.960000,1.4739709
1.968000,1.4739709
1.976000,1.4739709
1.984000,1.4739709
1.992000,1.4739709
2.000000,1.4739709
2.008000,1.4739709
2.016000,1.4739709
2.024000,1.4739709
2.032000,1.4739709
2.040000,1.4739709
2.048000,1.4739709
2.056000,1.4739709
2.064000,1.4739709
2.072000,1.4739709
2.080000,1.4739709
2.088000,1.4739709
2.096000,1.4739709
2.104000,1.4739709
2.112000,1.4739709
2.120000,1.4739709
2.128000,1.4739709
2.136000,1.4739709
2.144000,1.4739709
2.152000,1.4739709
2.160000,1.4739709
2.168000,1.4739709
2.176000,1.4739709
2.184000,1.4739709
2.192000,1.4739709
2.200000,1.4739709
2.208000,1.4739709
2.216000,1.4739709
2.224000,1.4739709
2.232000,1.4739709
2.240000,1.4739709
2.248000,1.4739709
2.256000,1.4739709
2.264000,1.4739709
2.272000,1.4739709
2.280000,1.4739709
2.288000,1.4739709
2.296000,1.4739709
2.304000,1.4739709
2.312000,1.4739709
2.320000,1.4739709
2.328000,1.4739709
2.336000,1.4739709
2.344000,1.4739709
2.352000,1.4739709
2.360000,1.4739709
2.368000,1.4739709
2.376000,1.4739709
2.384000,1.4739709
2.392000,1.4739709
2.400000,1.4739709
2.408000,1.4739709
2.416000,1.4739709
2.424000,1.4739709
2.432000,1.4739709
2.440000,1.4739709
2.448000,1.4739709
2.456000,1.4739709
2.464000,1.4739709
2.472000,1.4739709
2.480000,1.4739709
2.488000,1.4739709
2.496000,1.4739709
2.504000,1.4739709
2.512000,1.4739709
2.520000,1.4739709
2.528000,1.4739709
2.536000,1.4739709
2.544000,1.4739709
2.552000,1.4739709
2.560000,1.4739709
2.568000,1.4739709
2.576000,1.4739709
2.584000,1.4739709
2.592000,1.4739709
2.600000,1.4739709
2.608000,1.4739709
2.616000,1.4739709
2.624000,1.4739709
2.632000,1.4739709
2.640000,1.4739709
2.648000,1.4739709
2.656000,1.4739709
2.664000,1.4739709
2.672000,1.4739709
2.680000,1.4739709
2.688000,1.4739709
2.696000,1.4739709
2.704000,1.4739709
2.712000,1.4739709
2.720000,1.4739709
2.728000,1.4739709
2.736000,1.4739709
2.744000,1.4739709
2.752000,1.4739709
2.760000,1.4739709
2.768000,1.4739709
2.776000,1.4739709
2.784000,1.4739709
2.792000,1.4739709
2.800000,1.4739709
2.808000,1.4739709
2.816000,1.4739709
2.824000,1.4739709
2.832000,1.4739709
2.840000,1.4739709
2.848000,1.4739709
2.856000,1.4739709
2.864000,1.4739709
2.872000,1.4739709
2.880000,1.4739709
2.888000,1.4739709
2.896000,1.4739709
2.904000,1.4739709
2.912000,1.4739709
2.920000,1.4739709
2.928000,1.4739709
2.936000,1.4739709
2.944000,1.4739709
2.952000,1.4739709
2.960000,1.4739709
2.968000,1.4739709
2.976000,1.4739709
2.984000,1.4739709
2.992000,1.4739709
3.000000,1.4739709
3.008000,1.4739709
3.016000,1.4739709
3.024000,1.4739709
3.032000,1.4739709
3.040000,1.4739709
3.048000,1.4739709
3.056000,1.4739709
3.064000,1.4739709
3.072000,1.4739709
3.080000,1.4739709
3.088000,1.4739709
3.096000,1.4739709
3.104000,1.4739709
3.112000,1.4739709
3.120000,1.4739709
3.128000,1.4739709
3.136000,1.4739709
3.144000,1.4739709
3.152000,1.4739709
3.160000,1.4739709
3.168000,1.4739709
3.176000,1.4739709
3.184000,1.4739709
3.192000,1.4739709
3.200000,1.4739709
3.208000,1.4739709
3.216000,1.4739709
3.224000,1.4739709
3.232000,1.4739709
3.240000,1.4739709
3.248000,1.4739709
3.256000,1.4739709
3.264000,1.4739709
3.272000,1.4739709
3.280000,1.4739709
3.288000,1.4739709
3.296000,1.4739709
3.304000,1.4739709
3.312000,1.4739709
3.320000,1.4739709
3.328000,1.4739709
3.336000,1.4739709
3.344000,1.4739709
3.352000,1.4739709
3.360000,1.4739709
3.368000,1.4739709
3.376000,1.4739709
3.384000,1.4739709
3.392000,1.4739709
3.400000,1.4739709
3.408000,1.4739709
3.416000,1.4739709
3.424000,1.4739709
3.432000,1.4739709
3.440000,1.4739709
3.448000,1.4739709
3.456000,1.4739709
3.464000,1.4739709
3.472000,1.4739709
3.480000,1.4739709
3.488000,1.4739709
3.496000,1.4739709
3.504000,1.4739709
3.512000,1.4739709
3.520000,1.4739709
3.528000,1.4739709
3.536000,1.4739709
3.544000,1.4739709
3.552000,1.4739709
3.560000,1.4739709
3.568000,1.4739709
3.576000,1.4739709
3.584000,1.4739709
3.592000,1.4739709
3.600000,1.4739709
3.608000,1.4739709
3.616000,1.4739709
3.624000,1.4739709
3.632000,1.4739709
3.640000,1.4739709
3.648000,1.4739709
3.656000,1.4739709
3.664000,1.4739709
3.672000,1.4739709
3.680000,1.4739709
3.688000,1.4739709
3.696000,1.4739709
3.704000,1.4739709
3.712000,1.4739709
3.720000,1.4739709
3.728000,1.4739709
3.736000,1.4739709
3.744000,1.4739709
3.752000,1.4739709
3.760000,1.4739709
3.768000,1.4739709
3.776000,1.4739709
3.784000,1.4739709
3.792000,1.4739709
3.800000,1.4739709
3.808000,1.4739709
3.816000,1.4739709
3.824000,1.4739709
3.832000,1.4739709
3.840000,1.4739709
3.848000,1.4739709
3.856000,1.4739709
3.864000,1.4739709
3.872000,1.4739709
3.880000,1.4739709
3.888000,1.4739709
3.896000,1.4739709
3.904000,1.4739709
3.912000,1.4739709
3.920000,1.4739709
3.928000,1.4739709
3.936000,1.4739709
3.944000,1.4739709
3.952000,1.4739709
3.960000,1.4739709
3.968000,1.4739709
3.976000,1.4739709
3.984000,1.4739709
3.992000,1.4739709
4.000000,1.4739709
4.008000,1.4739709
4.016000,1.4739709
4.024000,1.4739709
4.032000,1.4739709
4.040000,1.4739709
4.048000,1.4739709
4.056000,1.4739709
4.064000,1.4739709
4.072000,1.4739709
4.080000,1.4739709
4.088000,1.4739709
4.096000,1.4739709
4.104000,1.4739709
4.112000,1.4739709
4.120000,1.4739709
4.128000,1.4739709
4.136000,1.4739709
4.144000,1.4739709
4.152000,1.4739709
4.160000,1.4739709
4.168000,1.4739709
4.176000,1.4739709
4.184000,1.4739709
4.192000,1.4739709
4.200000,1.4739709
4.208000,1.4739709
4.216000,1.4739709
4.224000,1.4739709
4.232000,1.4739709
4.240000,1.4739709
4.248000,1.4739709
4.256000,1.4739709
4.264000,1.4739709
4.272000,1.4739709
4.280000,1.4739709
4.288000,1.4739709
4.296000,1.4739709
4.304000,1.4739709
4.312000,1.4739709
4.320000,1.4739709
4.328000,1.4739709
4.336000,1.4739709
4.344000,1.4739709
4.352000,1.4739709
4.360000,1.4739709
4.368000,1.4739709
4.376000,1.4739709
4.384000,1.4739709
4.392000,1.4739709
4.400000,1.4739709
4.408000,1.4739709
4.416000,1.4739709
4.424000,1.4739709
4.432000,1.4739709
4.440000,1.4739709
4.448000,1.4739709
4.456000,1.4739709
4.464000,1.4739709
4.472000,1.4739709
4.480000,1.4739709
4.488000,1.4739709
4.496000,1.4739709
4.504000,1.4739709
4.512000,1.4739709
4.520000,1.4739709
4.528000,1.4739709
4.536000,1.4739709
4.544000,1.4739709
4.552000,1.4739709
4.560000,1.4739709
4.568000,1.4739709
4.576000,1.4739709
4.584000,1.4739709
4.592000,1.4739709
4.600000,1.4739709
4.608000,1.4739709
4.616000,1.4739709
4.624000,1.4739709
4.632000,1.4739709
4.640000,1.4739709
4.648000,1.4739709
4.656000,1.4739709
4.664000,1.4739709
4.672000,1.4739709
4.680000,1.4739709
4.688000,1.4739709
4.696000,1.4739709
4.704000,1.4739709
4.712000,1.4739709
4.720000,1.4739709
4.728000,1.4739709
4.736000,1.4739709
4.744000,1.4739709
4.752000,1.4739709
4.760000,1.4739709
4.768000,1.4739709
4.776000,1.4739709
4.784000,1.4739709
4.792000,1.4739709
4.800000,1.4739709
4.808000,1.4739709
4.816000,1.4739709
4.824000,1.4739709
4.832000,1.4739709
4.840000,1.4739709
4.848000,1.4739709
4.856000,1.4739709
4.864000,1.4739709
4.872000,1.4739709
4.880000,1.4739709
4.888000,1.4739709
4.896000,1.4739709
4.904000,1.4739709
4.912000,1.4739709
4.920000,1.4739709
4.928000,1.4739709
4.936000,1.4739709
4.944000,1.4739709
4.952000,1.4739709
4.960000,1.4739709
4.968000,1.4739709
4.976000,1.4739709
4.984000,1.4739709
4.992000,1.4739709
5.000000,1.4739709
5.008000,1.4739709
5.016000,1.4739709
5.024000,1.4739709
5.032000,1.4739709
5.040000,1.4739709
5.048000,1.4739709
5.056000,1.4739709
5.064000,1.4739709
5.072000,1.4739709
5.080000,1.4739709
5.088000,1.4739709
5.096000,1.4739709
5.104000,1.4739709
5.112000,1.4739709
5.120000,1.4739709
5.128000,1.4739709
5.136000,1.4739709
5.144000,1.4739709
5.152000,1.4739709
5.160000,1.4739709
5.168000,1.4739709
5.176000,1.4739709
5.184000,1.4739709
5.192000,1.4739709
5.200000,1.4739709
5.208000,1.4739709
5.216000,1.4739709
5.224000,1.4739709
5.232000,1.4739709
5.240000,1.4739709
5.248000,1.4739709
5.256000,1.4739709
5.264000,1.4739709
5.272000,1.4739709
5.280000,1.4739709
5.288000,1.4739709
5.296000,1.4739709
5.304000,1.4739709
5.312000,1.4739709
5.320000,1.4739709
5.328000,1.4739709
5.336000,1.4739709
5.344000,1.4739709
5.352000,1.4739709
5.360000,1.4739709
5.368000,1.4739709
5.376000,1.4739709
5.384000,1.4739709
5.392000,1.4739709
5.400000,1.4739709
5.408000,1.4739709
5.416000,1.4739709
5.424000,1.4739709
5.432000,1.4739709
5.440000,1.4739709
5.448000,1.4739709
5.456000,1.4739709
5.464000,1.4739709
5.472000,1.4739709
5.480000,1.4739709
5.488000,1.4739709
5.496000,1.4739709
5.504000,1.4739709
5.512000,1.4739709
5.520000,1.4739709
5.528000,1.4739709
5.536000,1.4739709
5.544000,1.4739709
5.552000,1.4739709
5.560000,1.4739709
5.568000,1.4739709
5.576000,1.4739709
5.584000,1.4739709
5.592000,1.4739709
5.600000,1.4739709
5.608000,1.4739709
5.616000,1.4739709
5.624000,1.4739709
5.632000,1.4739709
5.640000,1.4739709
5.648000,1.4739709
5.656000,1.4739709
5.664000,1.4739709
5.672000,1.4739709
5.680000,1.4739709
5.688000,1.4739709
5.696000,1.4739709
5.704000,1.4739709
5.712000,1.4739709
5.720000,1.4739709
5.728000,1.4739709
5.736000,1.4739709
5.744000,1.4739709
5.752000,1.4739709
5.760000,1.4739709
5.768000,1.4739709
5.776000,1.4739709
5.784000,1.4739709
5.792000,1.4739709
5.800000,1.4739709
5.808000,1.4739709
5.816000,1.4739709
5.824000,1.4739709
5.832000,1.4739709
5.840000,1.4739709
5.848000,1.4739709
5.856000,1.4739709
5.864000,1.4739709
5.872000,1.4739709
5.880000,1.4739709
5.888000,1.4739709
5.896000,1.4739709
5.904000,1.4739709
5.912000,1.4739709
5.920000,1.4739709
5.928000,1.4739709
5.936000,1.4739709
5.944000,1.4739709
5.952000,1.4739709
5.960000,1.4739709
5.968000,1.4739709
5.976000,1.4739709
5.984000,1.4739709
5.992000,1.4739709
6.000000,1.4739709
6.008000,1.4739709
6.016000,1.4739709
6.024000,1.4739709
6.032000,1.4739709
6.040000,1.4739709
6.048000,1.4739709
6.056000,1.4739709
6.064000,1.4739709
6.072000,1.4739709
6.080000,1.4739709
6.088000,1.4739709
6.096000,1.4739709
6.104000,1.4739709
6.112000,1.4739709
6.120000,1.4739709
6.128000,1.4739709
6.136000,1.4739709
6.144000,1.4739709
6.152000,1.4739709
6.160000,1.4739709
6.168000,1.4739709
6.176000,1.4739709
6.184000,1.4739709
6.192000,1.4739709
6.200000,1.4739709
6.208000,1.4739709
6.216000,1.4739709
6.224000,1.4739709
6.232000,1.4739709
6.240000,1.4739709
6.248000,1.4739709
6.256000,1.4739709
6.264000,1.4739709
6.272000,1.4739709
6.280000,1.4739709
6.288000,1.4739709
6.296000,1.4739709
6.304000,1.4739709
6.312000,1.4739709
6.320000,1.4739709
6.328000,1.4739709
6.336000,1.4739709
6.344000,1.4739709
6.352000,1.4739709
6.360000,1.4739709
6.368000,1.4739709
6.376000,1.4739709
6.384000,1.4739709
6.392000,1.4739709
6.400000,1.4739709
6.408000,1.4739709
6.416000,1.4739709
6.424000,1.4739709
6.432000,1.4739709
6.440000,1.4739709
6.448000,1.4739709
6.456000,1.4739709
6.464000,1.4739709
6.472000,1.4739709
6.480000,1.4739709
6.488000,1.4739709
6.496000,1.4739709
6.504000,1.4739709
6.512000,1.4739709
6.520000,1.4739709
6.528000,1.4739709
6.536000,1.4739709
6.544000,1.4739709
6.552000,1.4739709
6.560000,1.4739709
6.568000,1.4739709
6.576000,1.4739709
6.584000,1.4739709
6.592000,1.4739709
6.600000,1.4739709
6.608000,1.4739709
6.616000,1.4739709
6.624000,1.4739709
6.632000,1.4739709
6.640000,1.4739709
6.648000,1.4739709
6.656000,1.4739709
6.664000,1.4739709
6.672000,1.4739709
6.680000,1.4739709
6.688000,1.4739709
6.696000,1.4739709
6.704000,1.4739709
6.712000,1.4739709
6.720000,1.4739709
6.728000,1.4739709
6.736000,1.4739709
6.744000,1.4739709
6.752000,1.4739709
6.760000,1.4739709
6.768000,1.4739709
6.776000,1.4739709
6.784000,1.4739709
6.792000,1.4739709
6.800000,1.4739709
6.808000,1.4739709
6.816000,1.4739709
6.824000,1.4739709
6.832000,1.4739709
6.840000,1.4739709
6.848000,1.4739709
6.856000,1.4739709
6.864000,1.4739709
6.872000,1.4739709
6.880000,1.4739709
6.888000,1.4739709
6.896000,1.4739709
6.904000,1.4739709
6.912000,1.4739709
6.920000,1.4739709
6.928000,1.4739709
6.936000,1.4739709
6.944000,1.4739709
6.952000,1.4739709
6.960000,1.4739709
6.968000,1.4739709
6.976000,1.4739709
6.984000,1.4739709
6.992000,1.4739709
7.000000,1.4739709
7.008000,1.4739709
7.016000,1.4739709
7.024000,1.4739709
7.032000,1.4739709
7.040000,1.4739709
7.048000,1.4739709
7.056000,1.4739709
7.064000,1.4739709
7.072000,1.4739709
7.080000,1.4739709
7.088000,1.4739709
7.096000,1.4739709
7.104000,1.4739709
7.112000,1.4739709
7.120000,1.4739709
7.128000,1.4739709
7.136000,1.4739709
7.144000,1.4739709
7.152000,1.4739709
7.160000,1.4739709
7.168000,1.4739709
7.176000,1.4739709
7.184000,1.4739709
7.192000,1.4739709
7.200000,1.4739709
7.208000,1.4739709
7.216000,1.4739709
7.224000,1.4739709
7.232000,1.4739709
7.240000,1.4739709
7.248000,1.4739709
7.256000,1.4739709
7.264000,1.4739709
7.272000,1.4739709
7.280000,1.4739709
7.288000,1.4739709
7.296000,1.4739709
7.304000,1.4739709
7.312000,1.4739709
7.320000,1.4739709
7.328000,1.4739709
7.336000,1.4739709
7.344000,1.4739709
7.352000,1.4739709
7.360000,1.4739709
7.368000,1.4739709
7.376000,1.4739709
7.384000,1.4739709
7.392000,1.4739709
7.400000,1.4739709
7.408000,1.4739709
7.416000,1.4739709
7.424000,1.4739709
7.432000,1.4739709
7.440000,1.4739709
7.448000,1.4739709
7.456000,1.4739709
7.464000,1.4739709
7.472000,1.4739709
7.480000,1.4739709
7.488000,1.4739709
7.496000,1.4739709
7.504000,1.4739709
7.512000,1.4739709
7.520000,1.4739709
7.528000,1.4739709
7.536000,1.4739709
7.544000,1.4739709
7.552000,1.4739709
7.560000,1.4739709
7.568000,1.4739709
7.576000,1.4739709
7.584000,1.4739709
7.592000,1.4739709
7.600000,1.4739709
7.608000,1.4739709
7.616000,1.4739709
7.624000,1.4739709
7.632000,1.4739709
7.640000,1.4739709
7.648000,1.4739709
7.656000,1.4739709
7.664000,1.4739709
7.672000,1.4739709
7.680000,1.4739709
7.688000,1.4739709
7.696000,1.4739709
7.704000,1.4739709
7.712000,1.4739709
7.720000,1.4739709
7.728000,1.4739709
7.736000,1.4739709
7.744000,1.4739709
7.752000,1.4739709
7.760000,1.4739709
7.768000,1.4739709
7.776000,1.4739709
7.784000,1.4739709
7.792000,1.4739709
7.800000,1.4739709
7.808000,1.4739709
7.816000,1.4739709
7.824000,1.4739709
7.832000,1.4739709
7.840000,1.4739709
7.848000,1.4739709
7.856000,1.4739709
7.864000,1.4739709
7.872000,1.4739709
7.880000,1.4739709
7.888000,1.4739709
7.896000,1.4739709
7.904000,1.4739709
7.912000,1.4739709
7.920000,1.4739709
7.928000,1.4739709
7.936000,1.4739709
7.944000,1.4739709
7.952000,1.4739709
7.960000,1.4739709
7.968000,1.4739709
7.976000,1.4739709
7.984000,1.4739709
7.992000,1.4739709
8.000000,1.4739709
8.008000,1.4739709
8.016000,1.4739709
8.024000,1.4739709
8.032000,1.4739709
8.040000,1.4739709
8.048000,1.4739709
8.056000,1.4739709
8.064000,1.4739709
8.072000,1.4739709
8.080000,1.4739709
8.088000,1.4739709
8.096000,1.4739709
8.104000,1.4739709
8.112000,1.4739709
8.120000,1.4739709
8.128000,1.4739709
8.136000,1.4739709
8.144000,1.4739709
8.152000,1.4739709
8.160000,1.4739709
8.168000,1.4739709
8.176000,1.4739709
8.184000,1.4739709
8.192000,1.4739709
8.200000,1.4739709
8.208000,1.4739709
8.216000,1.4739709
8.224000,1.4739709
8.232000,1.4739709
8.240000,1.4739709
8.248000,1.4739709
8.256000,1.4739709
8.264000,1.4739709
8.272000,1.4739709
8.280000,1.4739709
8.288000,1.4739709
8.296000,1.4739709
8.304000,1.4739709
8.312000,1.4739709
8.320000,1.4739709
8.328000,1.4739709
8.336000,1.4739709
8.344000,1.4739709
8.352000,1.4739709
8.360000,1.4739709
8.368000,1.4739709
8.376000,1.4739709
8.384000,1.4739709
8.392000,1.4739709
8.400000,1.4739709
8.408000,1.4739709
8.416000,1.4739709
8.424000,1.4739709
8.432000,1.4739709
8.440000,1.4739709
8.448000,1.4739709
8.456000,1.4739709
8.464000,1.4739709
8.472000,1.4739709
8.480000,1.4739709
8.488000,1.4739709
8.496000,1.4739709
8.504000,1.4739709
8.512000,1.4739709
8.520000,1.4739709
8.528000,1.4739709
8.536000,1.4739709
8.544000,1.4739709
8.552000,1.4739709
8.560000,1.4739709
8.568000,1.4739709
8.576000,1.4739709
8.584000,1.4739709
8.592000,1.4739709
8.600000,1.4739709
8.608000,1.4739709
8.616000,1.4739709
8.624000,1.4739709
8.632000,1.4739709
8.640000,1.4739709
8.648000,1.4739709
8.656000,1.4739709
8.664000,1.4739709
8.672000,1.4739709
8.680000,1.4739709
8.688000,1.4739709
8.696000,1.4739709
8.704000,1.4739709
8.712000,1.4739709
8.720000,1.4739709
8.728000,1.4739709
8.736000,1.4739709
8.744000,1.4739709
8.752000,1.4739709
8.760000,1.4739709
8.768000,1.4739709
8.776000,1.4739709
8.784000,1.4739709
8.792000,1.4739709
8.800000,1.4739709
8.808000,1.4739709
8.816000,1.4739709
8.824000,1.4739709
8.832000,1.4739709
8.840000,1.4739709
8.848000,1.4739709
8.856000,1.4739709
8.864000,1.4739709
8.872000,1.4739709
8.880000,1.4739709
8.888000,1.4739709
8.896000,1.4739709
8.904000,1.4739709
8.912000,1.4739709
8.920000,1.4739709
8.928000,1.4739709
8.936000,1.4739709
8.944000,1.4739709
8.952000,1.4739709
8.960000,1.4739709
8.968000,1.4739709
8.976000,1.4739709
8.984000,1.4739709
8.992000,1.4739709
9.000000,1.4739709
9.008000,1.4739709
9.016000,1.4739709
9.024000,1.4739709
9.032000,1.4739709
9.040000,1.4739709
9.048000,1.4739709
9.056000,1.4739709
9.064000,1.4739709
9.072000,1.4739709
9.080000,1.4739709
9.088000,1.4739709
9.096000,1.4739709
9.104000,1.4739709
9.112000,1.4739709
9.120000,1.4739709
9.128000,1.4739709
9.136000,1.4739709
9.144000,1.4739709
9.152000,1.4739709
9.160000,1.4739709
9.168000,1.4739709
9.176000,1.4739709
9.184000,1.4739709
9.192000,1.4739709
9.200000,1.4739709
9.208000,1.4739709
9.216000,1.4739709
9.224000,1.4739709
9.232000,1.4739709
9.240000,1.4739709
9.248000,1.4739709
9.256000,1.4739709
9.264000,1.4739709
9.272000,1.4739709
9.280000,1.4739709
9.288000,1.4739709
9.296000,1.4739709
9.304000,1.4739709
9.312000,1.4739709
9.320000,1.4739709
9.328000,1.4739709
9.336000,1.4739709
9.344000,1.4739709
9.352000,1.4739709
9.360000,1.4739709
9.368000,1.4739709
9.376000,1.4739709
9.384000,1.4739709
9.392000,1.4739709
9.400000,1.4739709
9.408000,1.4739709
9.416000,1.4739709
9.424000,1.4739709
9.432000,1.4739709
9.440000,1.4739709
9.448000,1.4739709
9.456000,1.4739709
9.464000,1.4739709
9.472000,1.4739709
9.480000,1.4739709
9.488000,1.4739709
9.496000,1.4739709
9.504000,1.4739709
9.512000,1.4739709
9.520000,1.4739709
9.528000,1.4739709
9.536000,1.4739709
9.544000,1.4739709
9.552000,1.4739709
9.560000,1.4739709
9.568000,1.4739709
9.576000,1.4739709
9.584000,1.4739709
9.592000,1.4739709
9.600000,1.4739709
9.608000,1.4739709
9.616000,1.4739709
9.624000,1.4739709
9.632000,1.4739709
9.640000,1.4739709
9.648000,1.4739709
9.656000,1.4739709
9.664000,1.4739709
9.672000,1.4739709
9.680000,1.4739709
9.688000,1.4739709
9.696000,1.4739709
9.704000,1.4739709
9.712000,1.4739709
9.720000,1.4739709
9.728000,1.4739709
9.736000,1.4739709
9.744000,1.4739709
9.752000,1.4739709
9.760000,1.4739709
9.768000,1.4739709
9.776000,1.4739709
9.784000,1.4739709
9.792000,1.4739709
9.800000,1.4739709
9.808000,1.4739709
9.816000,1.4739709
9.824000,1.4739709
9.832000,1.4739709
9.840000,1.4739709
9.848000,1.4739709
9.856000,1.4739709
9.864000,1.4739709
9.872000,1.4739709
9.880000,1.4739709
9.888000,1.4739709
9.896000,1.4739709
9.904000,1.4739709
9.912000,1.4739709
9.920000,1.4739709
9.928000,1.4739709
9.936000,1.4739709
9.944000,1.4739709
9.952000,1.4739709
9.960000,1.4739709
9.968000,1.4739709
9.976000,1.4739709
9.984000,1.4739709
9.992000,1.4739709
10.000000,1.4739709
10.008000,1.4739709
10.016000,1.4739709
10.024000,1.4739709
10.032000,1.4739709
10.040000,1.4739709
10.048000,1.4739709
10.056000,1.4739709
10.064000,1.4739709
10.072000,1.4739709
10.080000,1.4739709
10.088000,1.4739709
10.096000,1.4739709
10.104000,1.4739709
10.112000,1.4739709
10.120000,1.4739709
10.128000,1.4739709
10.136000,1.4739709
10.144000,1.4739709
10.152000,1.4739709
10.160000,1.4739709
10.168000,1.4739709
10.176000,1.4739709
10.184000,1.4739709
10.192000,1.4739709
10.200000,1.4739709
10.208000,1.4739709
10.216000,1.4739709
10.224000,1.4739709
10.232000,1.4739709
10.240000,1.4739709
10.248000,1.4739709
10.256000,1.4739709
10.264000,1.4739709
10.272000,1.4739709
10.280000,1.4739709
10.288000,1.4739709
10.296000,1.4739709
10.304000,1.4739709
10.312000,1.4739709
10.320000,1.4739709
10.328000,1.4739709
10.336000,1.4739709
10.344000,1.4739709
10.352000,1.4739709
10.360000,1.4739709
10.368000,1.4739709
10.376000,1.4739709
10.384000,1.4739709
10.392000,1.4739709
10.400000,1.4739709
10.408000,1.4739709
10.416000,1.4739709
10.424000,1.4739709
10.432000,1.4739709
10.440000,1.4739709
10.448000,1.4739709
10.456000,1.4739709
10.464000,1.4739709
10.472000,1.4739709
10.480000,1.4739709
10.488000,1.4739709
10.496000,1.4739709
10.504000,1.4739709
10.512000,1.4739709
10.520000,1.4739709
10.528000,1.4739709
10.536000,1.4739709
10.544000,1.4739709
10.552000,1.4739709
10.560000,1.4739709
10.568000,1.4739709
10.576000,1.4739709
10.584000,1.4739709
10.592000,1.4739709
10.600000,1.4739709
10.608000,1.4739709
10.616000,1.4739709
10.624000,1.4739709
10.632000,1.4739709
10.640000,1.4739709
10.648000,1.4739709
10.656000,1.4739709
10.664000,1.4739709
10.672000,1.4739709
10.680000,1.4739709
10.688000,1.4739709
10.696000,1.4739709
10.704000,1.4739709
10.712000,1.4739709
10.720000,1.4739709
10.728000,1.4739709
10.736000,1.4739709
10.744000,1.4739709
10.752000,1.4739709
10.760000,1.4739709
10.768000,1.4682102
10.776000,1.4609026
10.784000,1.4535950
10.792000,1.4462608
10.800000,1.4389532
10.808000,1.4316723
10.816000,1.4244180
10.824000,1.4171105
10.832000,1.4099362
10.840000,1.4027887
10.848000,1.3956944
10.856000,1.3886269
10.864000,1.3817994
10.872000,1.3749719
10.880000,1.3678776
10.888000,1.3607567
10.896000,1.3537159
10.904000,1.3468350
10.912000,1.3399275
10.920000,1.3329933
10.928000,1.3261657
10.936000,1.3194449
10.944000,1.3127774
10.952000,1.3060832
10.960000,1.2993624
10.968000,1.2928016
10.976000,1.2860807
10.984000,1.2793066
10.992000,1.2727724
11.000000,1.2662649
11.008000,1.2597041
11.016000,1.2531966
11.024000,1.2467958
11.032000,1.2403950
11.040000,1.2339409
11.048000,1.2274867
11.056000,1.2211393
11.064000,1.2147385
11.072000,1.2083644
11.080000,1.2021236
11.088000,1.1957761
11.096000,1.1895353
11.104000,1.1833479
11.112000,1.1772138
11.120000,1.1710797
11.128000,1.1649456
11.136000,1.1590249
11.144000,1.1530508
11.152000,1.1470234
11.160000,1.1409426
11.168000,1.1348618
11.176000,1.1288344
11.184000,1.1230470
11.192000,1.1173397
11.200000,1.1115789
11.208000,1.1058182
11.216000,1.0999508
11.224000,1.0941901
11.232000,1.0884294
11.240000,1.0825086
11.248000,1.0766946
11.256000,1.0710139
11.264000,1.0654665
11.272000,1.0598658
11.280000,1.0542651
11.288000,1.0487177
11.296000,1.0433037
11.304000,1.0378631
11.312000,1.0323157
11.320000,1.0269283
11.328000,1.0215943
11.336000,1.0162337
11.344000,1.0108463
11.352000,1.0053523
11.360000,1.0000717
11.368000,0.9947643
11.376000,0.9893770
11.384000,0.9841497
11.392000,0.9790557
11.400000,0.9739351
11.408000,0.9687077
11.416000,0.9635338
11.424000,0.9584931
11.432000,0.9534258
11.440000,0.9481985
11.448000,0.9432112
11.456000,0.9381973
11.464000,0.9332100
11.472000,0.9283027
11.480000,0.9233421
11.488000,0.9183548
11.496000,0.9135542
11.504000,0.9087269
11.512000,0.9038196
11.520000,0.8990190
11.528000,0.8942451
11.536000,0.8894445
11.544000,0.8847773
11.552000,0.8800300
11.560000,0.8753094
11.568000,0.8706155
11.576000,0.8659482
11.584000,0.8613610
11.592000,0.8568004
11.600000,0.8520532
11.608000,0.8477593
11.616000,0.8434388
11.624000,0.8388782
11.632000,0.8343443
11.640000,0.8298904
11.648000,0.8253565
11.656000,0.8209026
11.664000,0.8166354
11.672000,0.8121815
11.680000,0.8076209
11.688000,0.8031404
11.696000,0.7988465
11.704000,0.7944726
11.712000,0.7902854
11.720000,0.7860182
11.728000,0.7817777
11.736000,0.7776972
11.744000,0.7735367
11.752000,0.7691895
11.760000,0.7650556
11.768000,0.7609484
11.776000,0.7567613
11.784000,0.7527341
11.792000,0.7487869
11.800000,0.7448664
11.808000,0.7406259
11.816000,0.7365187
11.824000,0.7325982
11.832000,0.7284110
11.840000,0.7245172
11.848000,0.7207034
11.856000,0.7168896
11.864000,0.7128624
11.872000,0.7090753
11.880000,0.7052615
11.888000,0.7013410
11.896000,0.6975805
11.904000,0.6939001
11.912000,0.6901929
11.920000,0.6861658
11.928000,0.6825653
11.936000,0.6789382
11.944000,0.6751777
11.952000,0.6713106
11.960000,0.6676034
11.968000,0.6640030
11.976000,0.6603225
11.984000,0.6566687
11.992000,0.6532283
12.000000,0.6497345
12.008000,0.6461341
12.016000,0.6426403
12.024000,0.6391199
12.032000,0.6356795
12.040000,0.6320790
12.048000,0.6285852
12.056000,0.6251981
12.064000,0.6219177
12.072000,0.6185306
12.080000,0.6152502
12.088000,0.6118098
12.096000,0.6083960
12.104000,0.6050089
12.112000,0.6015685
12.120000,0.5982348
12.128000,0.5951144
12.136000,0.5919406
12.144000,0.5886069
12.152000,0.5854332
12.160000,0.5823661
12.168000,0.5794058
12.176000,0.5762320
12.184000,0.5729516
12.192000,0.5697245
12.200000,0.5667642
12.208000,0.5635904
12.216000,0.5606301
12.224000,0.5576164
12.232000,0.5545493
12.240000,0.5514289
12.248000,0.5483085
12.256000,0.5454015
12.264000,0.5424945
12.272000,0.5394808
12.280000,0.5364137
12.288000,0.5333467
12.296000,0.5304930
12.304000,0.5276393
12.312000,0.5246256
12.320000,0.5215052
12.328000,0.5187582
12.336000,0.5159045
12.344000,0.5131575
12.352000,0.5103571
12.360000,0.5075034
12.368000,0.5047297
12.376000,0.5019827
12.384000,0.4991824
12.392000,0.4964354
12.400000,0.4936884
12.408000,0.4910480
12.416000,0.4884611
12.424000,0.4857140
12.432000,0.4829670
12.440000,0.4803000
12.448000,0.4777664
12.456000,0.4751794
12.464000,0.4726991
12.472000,0.4702721
12.480000,0.4675784
12.488000,0.4648048
12.496000,0.4621644
12.504000,0.4597375
12.512000,0.4572572
12.520000,0.4546702
12.528000,0.4520298
12.536000,0.4497362
12.544000,0.4473092
12.552000,0.4448823
12.560000,0.4425086
12.568000,0.4399750
12.576000,0.4374147
12.584000,0.4350410
12.592000,0.4326674
12.600000,0.4305605
12.608000,0.4281602
12.616000,0.4256265
12.624000,0.4232529
12.632000,0.4209859
12.640000,0.4187723
12.648000,0.4166387
12.656000,0.4142651
12.664000,0.4118915
12.672000,0.4096512
12.680000,0.4074909
12.688000,0.4053307
12.696000,0.4032237
12.704000,0.4009301
12.712000,0.3985565
12.720000,0.3962362
12.728000,0.3940759
12.736000,0.3921023
12.744000,0.3901021
12.752000,0.3880485
12.760000,0.3858082
12.768000,0.3835946
12.776000,0.3815944
12.784000,0.3796741
12.792000,0.3776739
12.800000,0.3756203
12.808000,0.3735400
12.816000,0.3714864
12.824000,0.3694862
12.832000,0.3674593
12.840000,0.3656190
12.848000,0.3637521
12.856000,0.3618052
12.864000,0.3597516
12.872000,0.3577781
12.880000,0.3557778
12.888000,0.3538842
12.896000,0.3519640
12.904000,0.3502304
12.912000,0.3483369
12.920000,0.3464166
12.928000,0.3444697
12.936000,0.3425495
12.944000,0.3407093
12.952000,0.3389224
12.960000,0.3371621
12.968000,0.3354286
12.976000,0.3337217
12.984000,0.3317748
12.992000,0.3297745
13.000000,0.3281210
13.008000,0.3263875
13.016000,0.3246272
13.024000,0.3228403
13.032000,0.3211335
13.040000,0.3195066
13.048000,0.3177731
13.056000,0.3159595
13.064000,0.3142793
13.072000,0.3126257
13.080000,0.3109455
13.088000,0.3093987
13.096000,0.3078785
13.104000,0.3062783
13.112000,0.3044914
13.120000,0.3028379
13.128000,0.3011576
13.136000,0.2995574
13.144000,0.2980373
13.152000,0.2966504
13.160000,0.2950769
13.168000,0.2936367
13.176000,0.2922232
13.184000,0.2907297
13.192000,0.2889961
13.200000,0.2872892
13.208000,0.2857691
13.216000,0.2843289
13.224000,0.2829154
13.232000,0.2815819
13.240000,0.2801150
13.248000,0.2786748
13.256000,0.2771546
13.264000,0.2756611
13.272000,0.2742476
13.280000,0.2727541
13.288000,0.2712339
13.296000,0.2698471
13.304000,0.2685402
13.312000,0.2672601
13.320000,0.2658732
13.328000,0.2646197
13.336000,0.2632862
13.344000,0.2616594
13.352000,0.2600592
13.360000,0.2586990
13.368000,0.2573655
13.376000,0.2560587
13.384000,0.2548852
13.392000,0.2536050
13.400000,0.2522982
13.408000,0.2510714
13.416000,0.2498712
13.424000,0.2486444
13.432000,0.2473376
13.440000,0.2459507
13.448000,0.2446172
13.456000,0.2434171
13.464000,0.2421369
13.472000,0.2410435
13.480000,0.2400300
13.488000,0.2387498
13.496000,0.2374430
13.504000,0.2362695
13.512000,0.2350694
13.520000,0.2337892
13.528000,0.2325624
13.536000,0.2314156
13.544000,0.2302955
13.552000,0.2291220
13.560000,0.2279752
13.568000,0.2268550
13.576000,0.2257082
13.584000,0.2247481
13.592000,0.2236279
13.600000,0.2224811
13.608000,0.2213077
13.616000,0.2201875
13.624000,0.2190941
13.632000,0.2179739
13.640000,0.2169604
13.648000,0.2158670
13.656000,0.2148002
13.664000,0.2138934
13.672000,0.2129066
13.680000,0.2119465
13.688000,0.2108797
13.696000,0.2098396
13.704000,0.2088261
13.712000,0.2077593
13.720000,0.2066658
13.728000,0.2056524
13.736000,0.2046922
13.744000,0.2037588
13.752000,0.2026920
13.760000,0.2016252
13.768000,0.2007984
13.776000,0.1999983
13.784000,0.1990382
13.792000,0.1981581
13.800000,0.1974113
13.808000,0.1963979
13.816000,0.1953844
13.824000,0.1944510
13.832000,0.1935442
13.840000,0.1926374
13.848000,0.1917040
13.856000,0.1907438
13.864000,0.1898371
13.872000,0.1889036
13.880000,0.1879435
13.888000,0.1870901
13.896000,0.1862366
13.904000,0.1854098
13.912000,0.1845031
13.920000,0.1835963
13.928000,0.1827695
13.936000,0.1821294
13.944000,0.1814360
13.952000,0.1806359
13.960000,0.1797558
13.968000,0.1788490
13.976000,0.1779422
13.984000,0.1770888
13.992000,0.1762087
14.000000,0.1754619
14.008000,0.1745551
14.016000,0.1737284
14.024000,0.1730883
14.032000,0.1723949
14.040000,0.1716481
14.048000,0.1709547
14.056000,0.1702879
14.064000,0.1696479
14.072000,0.1689545
14.080000,0.1681010
14.088000,0.1673276
14.096000,0.1664741
14.104000,0.1658341
14.112000,0.1652473
14.120000,0.1643672
14.128000,0.1636205
14.136000,0.1630337
14.144000,0.1622336
14.152000,0.1615135
14.160000,0.1609268
14.168000,0.1602334
14.176000,0.1595399
14.184000,0.1587932
14.192000,0.1581264
14.200000,0.1575930
14.208000,0.1570063
14.216000,0.1564195
14.224000,0.1556728
14.232000,0.1550594
14.240000,0.1545260
14.248000,0.1537792
14.256000,0.1531391
14.264000,0.1524724
14.272000,0.1519923
14.280000,0.1512456
14.288000,0.1505521
14.296000,0.1499654
14.304000,0.1492453
14.312000,0.1487119
14.320000,0.1481252
14.328000,0.1474851
14.336000,0.1468984
14.344000,0.1463383
14.352000,0.1458049
14.360000,0.1453782
14.368000,0.1448448
14.376000,0.1443647
14.384000,0.1437780
14.392000,0.1431112
14.400000,0.1425245
14.408000,0.1420978
14.416000,0.1415644
14.424000,0.1410310
14.432000,0.1404976
14.440000,0.1398842
14.448000,0.1394574
14.456000,0.1388707
14.464000,0.1382839
14.472000,0.1376439
14.480000,0.1370838
14.488000,0.1366037
14.496000,0.1361237
14.504000,0.1356970
14.512000,0.1351636
14.520000,0.1346835
14.528000,0.1340701
14.536000,0.1335367
14.544000,0.1330566
14.552000,0.1325766
14.560000,0.1322032
14.568000,0.1317765
14.576000,0.1314031
14.584000,0.1309497
14.592000,0.1306297
14.600000,0.1301496
14.608000,0.1297229
14.616000,0.1291895
14.624000,0.1287094
14.632000,0.1282294
14.640000,0.1278293
14.648000,0.1274559
14.656000,0.1270292
14.664000,0.1267092
14.672000,0.1262824
14.680000,0.1258024
14.688000,0.1254823
14.696000,0.1249223
14.704000,0.1244422
14.712000,0.1240688
14.720000,0.1236421
14.728000,0.1233221
14.736000,0.1227887
14.744000,0.1223620
14.752000,0.1219352
14.760000,0.1215352
14.768000,0.1211618
14.776000,0.1206284
14.784000,0.1202017
14.792000,0.1199350
14.800000,0.1195616
14.808000,0.1192416
14.816000,0.1188682
14.824000,0.1184681
14.832000,0.1182014
14.840000,0.1179881
14.848000,0.1176680
14.856000,0.1173480
14.864000,0.1169213
14.872000,0.1166012
14.880000,0.1163345
14.888000,0.1160145
14.896000,0.1156678
14.904000,0.1153477
14.912000,0.1150811
14.920000,0.1147077
14.928000,0.1144943
14.936000,0.1142810
14.944000,0.1139609
14.952000,0.1136409
14.960000,0.1133742
14.968000,0.1131075
14.976000,0.1127874
14.984000,0.1124407
14.992000,0.1121740
15.000000,0.1119073
15.008000,0.1115873
15.016000,0.1112672
15.024000,0.1110539
15.032000,0.1107872
15.040000,0.1104671
15.048000,0.1101471
15.056000,0.1099337
15.064000,0.1095870
15.072000,0.1093203
15.080000,0.1090536
15.088000,0.1087869
15.096000,0.1084669
15.104000,0.1082535
15.112000,0.1080402
15.120000,0.1078802
15.128000,0.1076134
15.136000,0.1073468
15.144000,0.1071334
15.152000,0.1068667
15.160000,0.1066533
15.168000,0.1063600
15.176000,0.1060933
15.184000,0.1058799
15.192000,0.1057199
15.200000,0.1053998
15.208000,0.1052398
15.216000,0.1051331
15.224000,0.1049198
15.232000,0.1046531
15.240000,0.1044931
15.248000,0.1043330
15.256000,0.1040663
15.264000,0.1039063
15.272000,0.1036930
15.280000,0.1035329
15.288000,0.1033996
15.296000,0.1031862
15.304000,0.1029195
15.312000,0.1027595
15.320000,0.1025995
15.328000,0.1024395
15.336000,0.1022261
15.344000,0.1020661
15.352000,0.1019061
15.360000,0.1017461
15.368000,0.1016394
15.376000,0.1014793
15.384000,0.1013193
15.392000,0.1012127
15.400000,0.1010526
15.408000,0.1007859
15.416000,0.1006259
15.424000,0.1003859
15.432000,0.1002792
15.440000,0.1001192
15.448000,0.1000125
15.456000,0.0999058
15.464000,0.0996925
15.472000,0.0995858
15.480000,0.0994258
15.488000,0.0992657
15.496000,0.0981989
15.504000,0.0955053
15.512000,0.0961454
15.520000,0.0992124
15.528000,0.0999592
15.536000,0.0993191
15.544000,0.0987857
15.552000,0.0985723
15.560000,0.0983590
15.568000,0.0984123
15.576000,0.0979856
15.584000,0.0977722
15.592000,0.0976122
15.600000,0.0973722
15.608000,0.0972655
15.616000,0.0970521
15.624000,0.0969455
15.632000,0.0968388
15.640000,0.0966788
15.648000,0.0965721
15.656000,0.0965187
15.664000,0.0964120
15.672000,0.0962520
15.680000,0.0960920
15.688000,0.0960387
15.696000,0.0959320
15.704000,0.0958253
15.712000,0.0957720
15.720000,0.0956120
15.728000,0.0955586
15.736000,0.0954519
15.744000,0.0953453
15.752000,0.0952919
15.760000,0.0950785
15.768000,0.0949719
15.776000,0.0949185
15.784000,0.0949185
15.792000,0.0947585
15.800000,0.0947052
15.808000,0.0945985
15.816000,0.0943851
15.824000,0.0943051
15.832000,0.0941984
15.840000,0.0941984
15.848000,0.0940918
15.856000,0.0939851
15.864000,0.0938784
15.872000,0.0937184
15.880000,0.0937184
15.888000,0.0937184
15.896000,0.0935584
15.904000,0.0935050
15.912000,0.0936117
15.920000,0.0935584
15.928000,0.0933450
15.936000,0.0932917
15.944000,0.0931850
15.952000,0.0931316
15.960000,0.0931316
15.968000,0.0930250
15.976000,0.0929183
15.984000,0.0929183
15.992000,0.0929716
16.000000,0.0929183
16.008000,0.0927583
16.016000,0.0927049
16.024000,0.0926516
16.032000,0.0925982
16.040000,0.0924382
16.048000,0.0923315
16.056000,0.0923849
16.064000,0.0923849
16.072000,0.0923315
16.080000,0.0921715
16.088000,0.0921182
16.096000,0.0919048
16.104000,0.0911314
16.112000,0.0914248
16.120000,0.0924382
16.128000,0.0920115
16.136000,0.0917981
16.144000,0.0923315
16.152000,0.0924916
16.160000,0.0922249
16.168000,0.0920648
16.176000,0.0919582
16.184000,0.0919582
16.192000,0.0919048
16.200000,0.0918515
16.208000,0.0918515
16.216000,0.0918515
16.224000,0.0916915
16.232000,0.0917448
16.240000,0.0917448
16.248000,0.0917981
16.256000,0.0917981
16.264000,0.0916915
16.272000,0.0916381
16.280000,0.0915848
16.288000,0.0915314
16.296000,0.0915848
16.304000,0.0915314
16.312000,0.0914781
16.320000,0.0914781
16.328000,0.0914781
16.336000,0.0914248
16.344000,0.0913714
16.352000,0.0912381
16.360000,0.0912381
16.368000,0.0912381
16.376000,0.0913181
16.384000,0.0913181
16.392000,0.0912381
16.400000,0.0911847
16.408000,0.0910247
16.416000,0.0910781
16.424000,0.0911847
16.432000,0.0911847
16.440000,0.0911847
16.448000,0.0911847
16.456000,0.0911314
16.464000,0.0911847
16.472000,0.0911847
16.480000,0.0911847
16.488000,0.0912381
16.496000,0.0912381
16.504000,0.0913181
16.512000,0.0913181
16.520000,0.0913181
16.528000,0.0913181
16.536000,0.0913181
16.544000,0.0912381
16.552000,0.0913181
16.560000,0.0913181
16.568000,0.0913181
16.576000,0.0913181
16.584000,0.0913714
16.592000,0.0913714
16.600000,0.0913181
16.608000,0.0913181
16.616000,0.0913181
16.624000,0.0911847
16.632000,0.0911847
16.640000,0.0911847
16.648000,0.0913181
16.656000,0.0913714
16.664000,0.0914248
16.672000,0.0913714
16.680000,0.0913181
16.688000,0.0914248
16.696000,0.0914248
16.704000,0.0914248
16.712000,0.0914781
16.720000,0.0914248
16.728000,0.0915314
16.736000,0.0915314
16.744000,0.0915848
16.752000,0.0915848
16.760000,0.0916381
16.768000,0.0916381
16.776000,0.0916915
16.784000,0.0916915
16.792000,0.0915848
16.800000,0.0916381
16.808000,0.0917981
16.816000,0.0918515
16.824000,0.0919582
16.832000,0.0919582
16.840000,0.0919048
16.848000,0.0918515
16.856000,0.0918515
16.864000,0.0919048
16.872000,0.0919048
16.880000,0.0920115
16.888000,0.0920115
16.896000,0.0920115
16.904000,0.0920115
16.912000,0.0920648
16.920000,0.0920648
16.928000,0.0920115
16.936000,0.0920648
16.944000,0.0922249
16.952000,0.0922782
16.960000,0.0922782
16.968000,0.0923315
16.976000,0.0923849
16.984000,0.0923315
16.992000,0.0923315
17.000000,0.0923849
17.008000,0.0924382
17.016000,0.0924382
17.024000,0.0924916
17.032000,0.0925982
17.040000,0.0925449
17.048000,0.0925982
17.056000,0.0926516
17.064000,0.0925982
17.072000,0.0926516
17.080000,0.0927583
17.088000,0.0928116
17.096000,0.0927583
17.104000,0.0927583
17.112000,0.0927583
17.120000,0.0928116
17.128000,0.0929716
17.136000,0.0930250
17.144000,0.0930250
17.152000,0.0929716
17.160000,0.0930250
17.168000,0.0930783
17.176000,0.0931850
17.184000,0.0932917
17.192000,0.0933983
17.200000,0.0934517
17.208000,0.0934517
17.216000,0.0933983
17.224000,0.0933450
17.232000,0.0933450
17.240000,0.0934517
17.248000,0.0935584
17.256000,0.0935050
17.264000,0.0935050
17.272000,0.0936650
17.280000,0.0937184
17.288000,0.0937717
17.296000,0.0937717
17.304000,0.0937717
17.312000,0.0938784
17.320000,0.0939317
17.328000,0.0938784
17.336000,0.0939317
17.344000,0.0939317
17.352000,0.0939851
17.360000,0.0941451
17.368000,0.0943051
17.376000,0.0942518
17.384000,0.0941451
17.392000,0.0942518
17.400000,0.0943851
17.408000,0.0943851
17.416000,0.0943051
17.424000,0.0944385
17.432000,0.0944918
17.440000,0.0945452
17.448000,0.0945452
17.456000,0.0945985
17.464000,0.0946518
17.472000,0.0948119
17.480000,0.0948652
17.488000,0.0948119
17.496000,0.0948119
17.504000,0.0948119
17.512000,0.0949185
17.520000,0.0950252
17.528000,0.0950785
17.536000,0.0950785
17.544000,0.0951319
17.552000,0.0951852
17.560000,0.0952386
17.568000,0.0952386
17.576000,0.0952919
17.584000,0.0953986
17.592000,0.0953986
17.600000,0.0955586
17.608000,0.0956120
17.616000,0.0956653
17.624000,0.0956653
17.632000,0.0957186
17.640000,0.0957720
17.648000,0.0958253
17.656000,0.0958253
17.664000,0.0957720
17.672000,0.0959320
17.680000,0.0959320
17.688000,0.0959853
17.696000,0.0960387
17.704000,0.0961454
17.712000,0.0961454
17.720000,0.0961454
17.728000,0.0962520
17.736000,0.0964120
17.744000,0.0964654
17.752000,0.0964120
17.760000,0.0964120
17.768000,0.0963587
17.776000,0.0964654
17.784000,0.0965721
17.792000,0.0966788
17.800000,0.0967321
17.808000,0.0967854
17.816000,0.0968388
17.824000,0.0968921
17.832000,0.0969455
17.840000,0.0969988
17.848000,0.0971055
17.856000,0.0971055
17.864000,0.0971055
17.872000,0.0971588
17.880000,0.0971588
17.888000,0.0972121
17.896000,0.0972655
17.904000,0.0972655
17.912000,0.0973188
17.920000,0.0974522
17.928000,0.0976122
17.936000,0.0976122
17.944000,0.0976122
17.952000,0.0976122
17.960000,0.0976655
17.968000,0.0977189
17.976000,0.0977722
17.984000,0.0978789
17.992000,0.0979856
18.000000,0.0979856
18.008000,0.0979856
18.016000,0.0980389
18.024000,0.0980923
18.032000,0.0982523
18.040000,0.0982523
18.048000,0.0981989
18.056000,0.0981989
18.064000,0.0983056
18.072000,0.0984123
18.080000,0.0983590
18.088000,0.0984656
18.096000,0.0985723
18.104000,0.0986790
18.112000,0.0986790
18.120000,0.0987323
18.128000,0.0987323
18.136000,0.0987323
18.144000,0.0988390
18.152000,0.0989457
18.160000,0.0989457
18.168000,0.0989990
18.176000,0.0989990
18.184000,0.0990524
18.192000,0.0991057
18.200000,0.0991057
18.208000,0.0991591
18.216000,0.0992657
18.224000,0.0993724
18.232000,0.0993191
18.240000,0.0993724
18.248000,0.0995324
18.256000,0.0995858
18.264000,0.0995858
18.272000,0.0995324
18.280000,0.0995324
18.288000,0.0996391
18.296000,0.0996925
18.304000,0.0996925
18.312000,0.0997991
18.320000,0.0999058
18.328000,0.1000658
18.336000,0.1000658
18.344000,0.1001192
18.352000,0.1001725
18.360000,0.1002259
18.368000,0.1002792
18.376000,0.1002792
18.384000,0.1002792
18.392000,0.1002792
18.400000,0.1003325
18.408000,0.1003859
18.416000,0.1004392
18.424000,0.1005726
18.432000,0.1005726
18.440000,0.1006792
18.448000,0.1007326
18.456000,0.1007326
18.464000,0.1007859
18.472000,0.1008926
18.480000,0.1008393
18.488000,0.1009460
18.496000,0.1010526
18.504000,0.1010526
18.512000,0.1010526
18.520000,0.1011060
18.528000,0.1011593
18.536000,0.1012127
18.544000,0.1012660
18.552000,0.1013193
18.560000,0.1013727
18.568000,0.1014793
18.576000,0.1014793
18.584000,0.1014260
18.592000,0.1014793
18.600000,0.1015327
18.608000,0.1015327
18.616000,0.1016394
18.624000,0.1016394
18.632000,0.1016927
18.640000,0.1017461
18.648000,0.1018527
18.656000,0.1019061
18.664000,0.1019594
18.672000,0.1020127
18.680000,0.1019594
18.688000,0.1020127
18.696000,0.1020661
18.704000,0.1020661
18.712000,0.1021194
18.720000,0.1021728
18.728000,0.1021728
18.736000,0.1022795
18.744000,0.1022795
18.752000,0.1023861
18.760000,0.1024395
18.768000,0.1024395
18.776000,0.1025462
18.784000,0.1025462
18.792000,0.1025995
18.800000,0.1027062
18.808000,0.1028128
18.816000,0.1027595
18.824000,0.1027595
18.832000,0.1027595
18.840000,0.1028128
18.848000,0.1028128
18.856000,0.1028662
18.864000,0.1028662
18.872000,0.1029195
18.880000,0.1029729
18.888000,0.1031329
18.896000,0.1031329
18.904000,0.1030796
18.912000,0.1031329
18.920000,0.1031862
18.928000,0.1031862
18.936000,0.1031862
18.944000,0.1032929
18.952000,0.1033996
18.960000,0.1035329
18.968000,0.1034529
18.976000,0.1034529
18.984000,0.1034529
18.992000,0.1035329
19.000000,0.1035863
19.008000,0.1035863
19.016000,0.1035863
19.024000,0.1035863
19.032000,0.1036930
19.040000,0.1037996
19.048000,0.1038530
19.056000,0.1038530
19.064000,0.1038530
19.072000,0.1039063
19.080000,0.1039597
19.088000,0.1040130
19.096000,0.1039597
19.104000,0.1040663
19.112000,0.1041197
19.120000,0.1040663
19.128000,0.1041197
19.136000,0.1042797
19.144000,0.1042797
19.152000,0.1042797
19.160000,0.1042264
19.168000,0.1043330
19.176000,0.1044397
19.184000,0.1044397
19.192000,0.1044931
19.200000,0.1044931
19.208000,0.1045997
19.216000,0.1046531
19.224000,0.1045997
19.232000,0.1044931
19.240000,0.1045997
19.248000,0.1047598
19.256000,0.1047598
19.264000,0.1047598
19.272000,0.1048664
19.280000,0.1049198
19.288000,0.1049731
19.296000,0.1049731
19.304000,0.1049731
19.312000,0.1050798
19.320000,0.1051331
19.328000,0.1051865
19.336000,0.1051331
19.344000,0.1051865
19.352000,0.1052398
19.360000,0.1052932
19.368000,0.1052398
19.376000,0.1052932
19.384000,0.1053998
19.392000,0.1052932
19.400000,0.1053998
19.408000,0.1055065
19.416000,0.1055599
19.424000,0.1055599
19.432000,0.1056132
19.440000,0.1056132
19.448000,0.1055599
19.456000,0.1055599
19.464000,0.1056665
19.472000,0.1057199
19.480000,0.1058266
19.488000,0.1058799
19.496000,0.1058799
19.504000,0.1058266
19.512000,0.1058799
19.520000,0.1058799
19.528000,0.1058799
19.536000,0.1059866
19.544000,0.1060933
19.552000,0.1060399
19.560000,0.1060399
19.568000,0.1061466
19.576000,0.1060933
19.584000,0.1061466
19.592000,0.1063066
19.600000,0.1062533
19.608000,0.1062533
19.616000,0.1063066
19.624000,0.1063066
19.632000,0.1063600
19.640000,0.1064133
19.648000,0.1064133
19.656000,0.1065200
19.664000,0.1066533
19.672000,0.1066000
19.680000,0.1065200
19.688000,0.1066000
19.696000,0.1066533
19.704000,0.1066533
19.712000,0.1067067
19.720000,0.1067600
19.728000,0.1067600
19.736000,0.1068134
19.744000,0.1068134
19.752000,0.1069200
19.760000,0.1070267
19.768000,0.1069734
19.776000,0.1069734
19.784000,0.1070267
19.792000,0.1070800
19.800000,0.1070800
19.808000,0.1070267
19.816000,0.1071334
19.824000,0.1071867
19.832000,0.1072401
19.840000,0.1072401
19.848000,0.1071867
19.856000,0.1072401
19.864000,0.1072934
19.872000,0.1072934
19.880000,0.1073468
19.888000,0.1073468
19.896000,0.1074001
19.904000,0.1074534
19.912000,0.1074001
19.920000,0.1074534
19.928000,0.1075068
19.936000,0.1075601
19.944000,0.1076134
19.952000,0.1077201
19.960000,0.1078268
19.968000,0.1077735
19.976000,0.1077735
19.984000,0.1077735
19.992000,0.1078802
20.000000,0.1079335
20.008000,0.1079335
20.016000,0.1078802
20.024000,0.1078802
20.032000,0.1079335
20.040000,0.1079868
20.048000,0.1079868
20.056000,0.1079335
20.064000,0.1079868
20.072000,0.1080402
20.080000,0.1080935
20.088000,0.1081469
20.096000,0.1080935
20.104000,0.1080935
20.112000,0.1081469
20.120000,0.1082535
20.128000,0.1082535
20.136000,0.1082535
20.144000,0.1082535
20.152000,0.1083069
20.160000,0.1084135
20.168000,0.1084135
20.176000,0.1083602
20.184000,0.1084135
20.192000,0.1084135
20.200000,0.1084669
20.208000,0.1085736
20.216000,0.1085202
20.224000,0.1086269
20.232000,0.1086269
20.240000,0.1085736
20.248000,0.1086803
20.256000,0.1087336
20.264000,0.1086803
20.272000,0.1087336
20.280000,0.1088403
20.288000,0.1088936
20.296000,0.1088403
20.304000,0.1087336
20.312000,0.1086803
20.320000,0.1088403
20.328000,0.1090003
20.336000,0.1090003
20.344000,0.1090536
20.352000,0.1091070
20.360000,0.1090536
20.368000,0.1091070
20.376000,0.1090536
20.384000,0.1090536
20.392000,0.1091603
20.400000,0.1091603
20.408000,0.1091070
20.416000,0.1092136
20.424000,0.1092136
20.432000,0.1091603
20.440000,0.1091603
20.448000,0.1092136
20.456000,0.1093203
20.464000,0.1093737
20.472000,0.1093737
20.480000,0.1094804
20.488000,0.1094270
20.496000,0.1094804
20.504000,0.1094804
20.512000,0.1094270
20.520000,0.1094270
20.528000,0.1094270
20.536000,0.1095337
20.544000,0.1096670
20.552000,0.1095870
20.560000,0.1095870
20.568000,0.1096670
20.576000,0.1098271
20.584000,0.1097737
20.592000,0.1097204
20.600000,0.1097204
20.608000,0.1097737
20.616000,0.1098804
20.624000,0.1099337
20.632000,0.1099871
20.640000,0.1100938
20.648000,0.1100938
20.656000,0.1099871
20.664000,0.1099337
20.672000,0.1098804
20.680000,0.1098804
20.688000,0.1099337
20.696000,0.1099871
20.704000,0.1099871
20.712000,0.1100938
20.720000,0.1102004
20.728000,0.1101471
20.736000,0.1102004
20.744000,0.1101471
20.752000,0.1102004
20.760000,0.1103071
20.768000,0.1102538
20.776000,0.1102538
20.784000,0.1103071
20.792000,0.1103071
20.800000,0.1103605
20.808000,0.1103605
20.816000,0.1103071
20.824000,0.1102538
20.832000,0.1102538
20.840000,0.1103605
20.848000,0.1104671
20.856000,0.1104671
20.864000,0.1105205
20.872000,0.1105205
20.880000,0.1104671
20.888000,0.1105738
20.896000,0.1105205
20.904000,0.1105205
20.912000,0.1106272
20.920000,0.1106272
20.928000,0.1106805
20.936000,0.1107338
20.944000,0.1107338
20.952000,0.1106272
20.960000,0.1106272
20.968000,0.1106272
20.976000,0.1105738
20.984000,0.1106272
20.992000,0.1107338
21.000000,0.1107872
21.008000,0.1107872
21.016000,0.1108939
21.024000,0.1108939
21.032000,0.1108939
21.040000,0.1109472
21.048000,0.1109472
21.056000,0.1109472
21.064000,0.1110005
21.072000,0.1110005
21.080000,0.1110005
21.088000,0.1110005
21.096000,0.1110005
21.104000,0.1111072
21.112000,0.1111072
21.120000,0.1111072
21.128000,0.1110539
21.136000,0.1110539
21.144000,0.1111072
21.152000,0.1110539
21.160000,0.1111072
21.168000,0.1112139
21.176000,0.1112139
21.184000,0.1112139
21.192000,0.1112139
21.200000,0.1112139
21.208000,0.1112139
21.216000,0.1112672
21.224000,0.1113206
21.232000,0.1113739
21.240000,0.1114273
21.248000,0.1113206
21.256000,0.1112672
21.264000,0.1112672
21.272000,0.1113739
21.280000,0.1113206
21.288000,0.1113206
21.296000,0.1114273
21.304000,0.1114273
21.312000,0.1113739
21.320000,0.1114273
21.328000,0.1116406
21.336000,0.1115873
21.344000,0.1115873
21.352000,0.1115339
21.360000,0.1115339
21.368000,0.1116406
21.376000,0.1115339
21.384000,0.1114806
21.392000,0.1115339
21.400000,0.1116406
21.408000,0.1116940
21.416000,0.1116406
21.424000,0.1116406
21.432000,0.1116406
21.440000,0.1116940
21.448000,0.1115873
21.456000,0.1115873
21.464000,0.1116406
21.472000,0.1117473
21.480000,0.1117473
21.488000,0.1116940
21.496000,0.1116940
21.504000,0.1117473
21.512000,0.1118006
21.520000,0.1118006
21.528000,0.1117473
21.536000,0.1117473
21.544000,0.1117473
21.552000,0.1118540
21.560000,0.1119073
21.568000,0.1118540
21.576000,0.1119073
21.584000,0.1119073
21.592000,0.1118540
21.600000,0.1119073
21.608000,0.1119073
21.616000,0.1118540
21.624000,0.1119073
21.632000,0.1119607
21.640000,0.1120140
21.648000,0.1119607
21.656000,0.1120140
21.664000,0.1119607
21.672000,0.1120140
21.680000,0.1120140
21.688000,0.1120673
21.696000,0.1120140
21.704000,0.1120140
21.712000,0.1120140
21.720000,0.1120140
21.728000,0.1120140
21.736000,0.1121207
21.744000,0.1121740
21.752000,0.1121207
21.760000,0.1121207
21.768000,0.1121207
21.776000,0.1121207
21.784000,0.1121207
21.792000,0.1121207
21.800000,0.1121207
21.808000,0.1121207
21.816000,0.1121207
21.824000,0.1121207
21.832000,0.1120673
21.840000,0.1121207
21.848000,0.1121740
21.856000,0.1121740
21.864000,0.1122274
21.872000,0.1122807
21.880000,0.1122274
21.888000,0.1122274
21.896000,0.1122274
21.904000,0.1122274
21.912000,0.1123340
21.920000,0.1123874
21.928000,0.1123874
21.936000,0.1123874
21.944000,0.1124407
21.952000,0.1124407
21.960000,0.1124407
21.968000,0.1124941
21.976000,0.1124407
21.984000,0.1124407
21.992000,0.1124407
22.000000,0.1124941
22.008000,0.1124407
22.016000,0.1124407
22.024000,0.1124407
22.032000,0.1124941
22.040000,0.1124941
22.048000,0.1125474
22.056000,0.1125474
22.064000,0.1125474
22.072000,0.1125474
22.080000,0.1124941
22.088000,0.1125474
22.096000,0.1126007
22.104000,0.1125474
22.112000,0.1126007
22.120000,0.1126541
22.128000,0.1126007
22.136000,0.1125474
22.144000,0.1124941
22.152000,0.1125474
22.160000,0.1125474
22.168000,0.1126541
22.176000,0.1126541
22.184000,0.1126007
22.192000,0.1126007
22.200000,0.1126007
22.208000,0.1126007
22.216000,0.1126541
22.224000,0.1127341
22.232000,0.1127341
22.240000,0.1127874
22.248000,0.1127874
22.256000,0.1127341
22.264000,0.1127874
22.272000,0.1127874
22.280000,0.1127874
22.288000,0.1127874
22.296000,0.1128408
22.304000,0.1127874
22.312000,0.1127874
22.320000,0.1127341
22.328000,0.1127874
22.336000,0.1128941
22.344000,0.1128941
22.352000,0.1128408
22.360000,0.1128408
22.368000,0.1127874
22.376000,0.1127874
22.384000,0.1128408
22.392000,0.1127874
22.400000,0.1128408
22.408000,0.1128941
22.416000,0.1130008
22.424000,0.1129475
22.432000,0.1128408
22.440000,0.1128408
22.448000,0.1128408
22.456000,0.1128941
22.464000,0.1129475
22.472000,0.1129475
22.480000,0.1129475
22.488000,0.1128941
22.496000,0.1128408
22.504000,0.1129475
22.512000,0.1130008
22.520000,0.1130008
22.528000,0.1129475
22.536000,0.1129475
22.544000,0.1129475
22.552000,0.1129475
22.560000,0.1130008
22.568000,0.1130541
22.576000,0.1131075
22.584000,0.1131075
22.592000,0.1130541
22.600000,0.1130541
22.608000,0.1130541
22.616000,0.1131075
22.624000,0.1130008
22.632000,0.1130008
22.640000,0.1131075
22.648000,0.1131075
22.656000,0.1130541
22.664000,0.1130541
22.672000,0.1130541
22.680000,0.1130541
22.688000,0.1131075
22.696000,0.1131608
22.704000,0.1132141
22.712000,0.1131608
22.720000,0.1131608
22.728000,0.1132141
22.736000,0.1132141
22.744000,0.1132141
22.752000,0.1131608
22.760000,0.1131608
22.768000,0.1132141
22.776000,0.1131608
22.784000,0.1131075
22.792000,0.1131608
22.800000,0.1132675
22.808000,0.1133208
22.816000,0.1133208
22.824000,0.1132675
22.832000,0.1131608
22.840000,0.1131608
22.848000,0.1132675
22.856000,0.1132675
22.864000,0.1133208
22.872000,0.1133208
22.880000,0.1132675
22.888000,0.1132675
22.896000,0.1133208
22.904000,0.1133208
22.912000,0.1132141
22.920000,0.1132675
22.928000,0.1133208
22.936000,0.1133742
22.944000,0.1133208
22.952000,0.1132141
22.960000,0.1132675
22.968000,0.1133742
22.976000,0.1134275
22.984000,0.1133742
22.992000,0.1133742
23.000000,0.1134275
23.008000,0.1134809
23.016000,0.1134275
23.024000,0.1133742
23.032000,0.1133208
23.040000,0.1134275
23.048000,0.1134809
23.056000,0.1134809
23.064000,0.1134275
23.072000,0.1134275
23.080000,0.1134275
23.088000,0.1135342
23.096000,0.1135342
23.104000,0.1134809
23.112000,0.1134809
23.120000,0.1134275
23.128000,0.1134275
23.136000,0.1134275
23.144000,0.1133742
23.152000,0.1134275
23.160000,0.1134809
23.168000,0.1134275
23.176000,0.1134809
23.184000,0.1135342
23.192000,0.1134275
23.200000,0.1134275
23.208000,0.1134275
23.216000,0.1134809
23.224000,0.1135875
23.232000,0.1135342
23.240000,0.1134809
23.248000,0.1135342
23.256000,0.1135342
23.264000,0.1134809
23.272000,0.1135342
23.280000,0.1135342
23.288000,0.1135342
23.296000,0.1135342
23.304000,0.1135875
23.312000,0.1136942
23.320000,0.1135875
23.328000,0.1135342
23.336000,0.1135342
23.344000,0.1135342
23.352000,0.1135875
23.360000,0.1135875
23.368000,0.1135875
23.376000,0.1136409
23.384000,0.1136942
23.392000,0.1136409
23.400000,0.1135875
23.408000,0.1135875
23.416000,0.1136409
23.424000,0.1135875
23.432000,0.1135875
23.440000,0.1135342
23.448000,0.1135875
23.456000,0.1136942
23.464000,0.1136942
23.472000,0.1136409
23.480000,0.1136942
23.488000,0.1137476
23.496000,0.1136942
23.504000,0.1137476
23.512000,0.1137476
23.520000,0.1137476
23.528000,0.1136942
23.536000,0.1137476
23.544000,0.1136942
23.552000,0.1136942
23.560000,0.1137476
23.568000,0.1138009
23.576000,0.1137476
23.584000,0.1137476
23.592000,0.1138009
23.600000,0.1136942
23.608000,0.1136942
23.616000,0.1138542
23.624000,0.1138542
23.632000,0.1138009
23.640000,0.1137476
23.648000,0.1137476
23.656000,0.1137476
23.664000,0.1136942
23.672000,0.1136942
23.680000,0.1137476
23.688000,0.1138009
23.696000,0.1138009
23.704000,0.1138009
23.712000,0.1138009
23.720000,0.1138009
23.728000,0.1138542
23.736000,0.1138009
23.744000,0.1138542
23.752000,0.1138542
23.760000,0.1138009
23.768000,0.1138009
23.776000,0.1138542
23.784000,0.1138009
23.792000,0.1138009
23.800000,0.1137476
23.808000,0.1137476
23.816000,0.1138009
23.824000,0.1138542
23.832000,0.1138542
23.840000,0.1138009
23.848000,0.1138009
23.856000,0.1138009
23.864000,0.1138009
23.872000,0.1138009
23.880000,0.1138542
23.888000,0.1138009
23.896000,0.1138009
23.904000,0.1139076
23.912000,0.1138542
23.920000,0.1138009
23.928000,0.1138542
23.936000,0.1138542
23.944000,0.1139076
23.952000,0.1139076
23.960000,0.1138009
23.968000,0.1138542
23.976000,0.1139609
23.984000,0.1139609
23.992000,0.1139609
24.000000,0.1138542
24.008000,0.1138542
24.016000,0.1139076
24.024000,0.1138542
24.032000,0.1138542
24.040000,0.1139076
24.048000,0.1139609
24.056000,0.1140142
24.064000,0.1139609
24.072000,0.1139609
24.080000,0.1139609
24.088000,0.1140142
24.096000,0.1139609
24.104000,0.1139076
24.112000,0.1139076
24.120000,0.1139076
24.128000,0.1139609
24.136000,0.1139609
24.144000,0.1140142
24.152000,0.1140142
24.160000,0.1140142
24.168000,0.1141209
24.176000,0.1140676
24.184000,0.1140142
24.192000,0.1139076
24.200000,0.1140142
24.208000,0.1140676
24.216000,0.1140142
24.224000,0.1140142
24.232000,0.1140142
24.240000,0.1141209
24.248000,0.1141209
24.256000,0.1140142
24.264000,0.1140676
24.272000,0.1141209
24.280000,0.1141209
24.288000,0.1140676
24.296000,0.1141209
24.304000,0.1140676
24.312000,0.1140142
24.320000,0.1140142
24.328000,0.1139609
24.336000,0.1140676
24.344000,0.1140676
24.352000,0.1140142
24.360000,0.1141209
24.368000,0.1141743
24.376000,0.1141209
24.384000,0.1140142
24.392000,0.1140142
24.400000,0.1141209
24.408000,0.1140676
24.416000,0.1140676
24.424000,0.1141209
24.432000,0.1141209
24.440000,0.1140142
24.448000,0.1140676
24.456000,0.1141209
24.464000,0.1141743
24.472000,0.1141743
24.480000,0.1141209
24.488000,0.1141209
24.496000,0.1141209
24.504000,0.1141209
24.512000,0.1141209
24.520000,0.1140676
24.528000,0.1141209
24.536000,0.1141743
24.544000,0.1142276
24.552000,0.1141743
24.560000,0.1141209
24.568000,0.1141209
24.576000,0.1141743
24.584000,0.1141743
24.592000,0.1141209
24.600000,0.1141743
24.608000,0.1142276
24.616000,0.1141743
24.624000,0.1141743
24.632000,0.1141743
24.640000,0.1141743
24.648000,0.1142276
24.656000,0.1142276
24.664000,0.1141743
24.672000,0.1141743
24.680000,0.1141209
24.688000,0.1141743
24.696000,0.1142276
24.704000,0.1141209
24.712000,0.1141209
24.720000,0.1141743
24.728000,0.1142276
24.736000,0.1142276
24.744000,0.1141743
24.752000,0.1141743
24.760000,0.1141743
24.768000,0.1142276
24.776000,0.1142276
24.784000,0.1141743
24.792000,0.1141209
24.800000,0.1141209
24.808000,0.1141743
24.816000,0.1142810
24.824000,0.1142276
24.832000,0.1141209
24.840000,0.1141743
24.848000,0.1142810
24.856000,0.1142810
24.864000,0.1142810
24.872000,0.1142276
24.880000,0.1142810
24.888000,0.1142810
24.896000,0.1142810
24.904000,0.1142276
24.912000,0.1142810
24.920000,0.1142276
24.928000,0.1142810
24.936000,0.1142810
24.944000,0.1143876
24.952000,0.1143876
24.960000,0.1143343
24.968000,0.1142276
24.976000,0.1141743
24.984000,0.1142276
24.992000,0.1142276
25.000000,0.1142810
25.008000,0.1143343
25.016000,0.1143876
25.024000,0.1142810
25.032000,0.1142810
25.040000,0.1142810
25.048000,0.1142810
25.056000,0.1142810
25.064000,0.1143343
25.072000,0.1142810
25.080000,0.1142276
25.088000,0.1142276
25.096000,0.1142810
25.104000,0.1143343
25.112000,0.1143876
25.120000,0.1143343
25.128000,0.1144410
25.136000,0.1144410
25.144000,0.1144410
25.152000,0.1143343
25.160000,0.1142810
25.168000,0.1142276
25.176000,0.1143343
25.184000,0.1143343
25.192000,0.1144410
25.200000,0.1142810
25.208000,0.1142810
25.216000,0.1143876
25.224000,0.1143876
25.232000,0.1143876
25.240000,0.1144410
25.248000,0.1144410
25.256000,0.1144410
25.264000,0.1143343
25.272000,0.1143343
25.280000,0.1143876
25.288000,0.1144410
25.296000,0.1144410
25.304000,0.1144410
25.312000,0.1144943
25.320000,0.1144943
25.328000,0.1143876
25.336000,0.1142810
25.344000,0.1143343
25.352000,0.1144410
25.360000,0.1144410
25.368000,0.1143876
25.376000,0.1143343
25.384000,0.1144410
25.392000,0.1144943
25.400000,0.1143876
25.408000,0.1143343
25.416000,0.1144410
25.424000,0.1144943
25.432000,0.1144943
25.440000,0.1144410
25.448000,0.1144410
25.456000,0.1144943
25.464000,0.1144410
25.472000,0.1143343
25.480000,0.1143876
25.488000,0.1143876
25.496000,0.1143876
25.504000,0.1144410
25.512000,0.1144410
25.520000,0.1144410
25.528000,0.1144410
25.536000,0.1144410
25.544000,0.1144410
25.552000,0.1144410
25.560000,0.1144410
25.568000,0.1144410
25.576000,0.1145477
25.584000,0.1146010
25.592000,0.1144410
25.600000,0.1143876
25.608000,0.1144410
25.616000,0.1144943
25.624000,0.1144410
25.632000,0.1144410
25.640000,0.1144410
25.648000,0.1144410
25.656000,0.1145477
25.664000,0.1144943
25.672000,0.1144410
25.680000,0.1143876
25.688000,0.1143876
25.696000,0.1144943
25.704000,0.1144943
25.712000,0.1144410
25.720000,0.1144410
25.728000,0.1144943
25.736000,0.1144943
25.744000,0.1144410
25.752000,0.1144410
25.760000,0.1144943
25.768000,0.1144943
25.776000,0.1145477
25.784000,0.1144943
25.792000,0.1145477
25.800000,0.1145477
25.808000,0.1145477
25.816000,0.1146010
25.824000,0.1145477
25.832000,0.1144943
25.840000,0.1144410
25.848000,0.1143876
25.856000,0.1144943
25.864000,0.1145477
25.872000,0.1144943
25.880000,0.1144943
25.888000,0.1146010
25.896000,0.1146010
25.904000,0.1145477
25.912000,0.1144943
25.920000,0.1146010
25.928000,0.1146543
25.936000,0.1146010
25.944000,0.1146010
25.952000,0.1145477
25.960000,0.1145477
25.968000,0.1145477
25.976000,0.1145477
25.984000,0.1144943
25.992000,0.1144943
26.000000,0.1145477
26.008000,0.1145477
26.016000,0.1145477
26.024000,0.1145477
26.032000,0.1144943
26.040000,0.1146010
26.048000,0.1145477
26.056000,0.1144943
26.064000,0.1144943
26.072000,0.1146010
26.080000,0.1146543
26.088000,0.1146010
26.096000,0.1146010
26.104000,0.1145477
26.112000,0.1145477
26.120000,0.1145477
26.128000,0.1145477
26.136000,0.1146010
26.144000,0.1146010
26.152000,0.1146010
26.160000,0.1145477
26.168000,0.1145477
26.176000,0.1146010
26.184000,0.1146010
26.192000,0.1146010
26.200000,0.1145477
26.208000,0.1145477
26.216000,0.1145477
26.224000,0.1146010
26.232000,0.1146543
26.240000,0.1146010
26.248000,0.1145477
26.256000,0.1146010
26.264000,0.1146543
26.272000,0.1147077
26.280000,0.1146010
26.288000,0.1145477
26.296000,0.1146010
26.304000,0.1146543
26.312000,0.1146010
26.320000,0.1145477
26.328000,0.1146010
26.336000,0.1146010
26.344000,0.1146543
26.352000,0.1147077
26.360000,0.1147610
26.368000,0.1147077
26.376000,0.1147077
26.384000,0.1147077
26.392000,0.1147077
26.400000,0.1146543
26.408000,0.1146543
26.416000,0.1146543
26.424000,0.1147077
26.432000,0.1146543
26.440000,0.1147077
26.448000,0.1147077
26.456000,0.1147610
26.464000,0.1146543
26.472000,0.1146010
26.480000,0.1147077
26.488000,0.1146543
26.496000,0.1146010
26.504000,0.1146543
26.512000,0.1146010
26.520000,0.1146010
26.528000,0.1146010
26.536000,0.1147077
26.544000,0.1147077
26.552000,0.1147077
26.560000,0.1147077
26.568000,0.1146543
26.576000,0.1147077
26.584000,0.1147077
26.592000,0.1146543
26.600000,0.1147077
26.608000,0.1147610
26.616000,0.1147077
26.624000,0.1147077
26.632000,0.1147077
26.640000,0.1147077
26.648000,0.1146543
26.656000,0.1146543
26.664000,0.1145477
26.672000,0.1146010
26.680000,0.1146010
26.688000,0.1146543
26.696000,0.1147077
26.704000,0.1147077
26.712000,0.1147077
26.720000,0.1147077
26.728000,0.1147077
26.736000,0.1146543
26.744000,0.1147077
26.752000,0.1147077
26.760000,0.1148143
26.768000,0.1147610
26.776000,0.1147610
26.784000,0.1147077
26.792000,0.1147077
26.800000,0.1147610
26.808000,0.1147610
26.816000,0.1147610
26.824000,0.1147077
26.832000,0.1146543
26.840000,0.1147610
26.848000,0.1147610
26.856000,0.1147077
26.864000,0.1146543
26.872000,0.1146543
26.880000,0.1146543
26.888000,0.1146543
26.896000,0.1147077
26.904000,0.1147610
26.912000,0.1147610
26.920000,0.1147610
26.928000,0.1147610
26.936000,0.1147610
26.944000,0.1147077
26.952000,0.1148143
26.960000,0.1148143
26.968000,0.1147077
26.976000,0.1147077
26.984000,0.1147077
26.992000,0.1147077
27.000000,0.1147077
27.008000,0.1147077
27.016000,0.1146543
27.024000,0.1147077
27.032000,0.1148143
27.040000,0.1148677
27.048000,0.1149210
27.056000,0.1148143
27.064000,0.1146543
27.072000,0.1147077
27.080000,0.1147610
27.088000,0.1147610
27.096000,0.1147610
27.104000,0.1148143
27.112000,0.1148677
27.120000,0.1149210
27.128000,0.1149210
27.136000,0.1148677
27.144000,0.1148143
27.152000,0.1147077
27.160000,0.1147077
27.168000,0.1147610
27.176000,0.1147610
27.184000,0.1148143
27.192000,0.1148143
27.200000,0.1147610
27.208000,0.1148143
27.216000,0.1149210
27.224000,0.1148677
27.232000,0.1148143
27.240000,0.1148143
27.248000,0.1148143
27.256000,0.1147077
27.264000,0.1147077
27.272000,0.1148143
27.280000,0.1148677
27.288000,0.1148143
27.296000,0.1147610
27.304000,0.1148677
27.312000,0.1149210
27.320000,0.1147610
27.328000,0.1148143
27.336000,0.1148143
27.344000,0.1147610
27.352000,0.1147610
27.360000,0.1148143
27.368000,0.1148677
27.376000,0.1148143
27.384000,0.1147610
27.392000,0.1148143
27.400000,0.1147610
27.408000,0.1148143
27.416000,0.1149210
27.424000,0.1148677
27.432000,0.1148143
27.440000,0.1148143
27.448000,0.1148143
27.456000,0.1148143
27.464000,0.1147610
27.472000,0.1147610
27.480000,0.1148143
27.488000,0.1149210
27.496000,0.1148677
27.504000,0.1148143
27.512000,0.1148677
27.520000,0.1148143
27.528000,0.1148143
27.536000,0.1148143
27.544000,0.1148677
27.552000,0.1148677
27.560000,0.1147610
27.568000,0.1148143
27.576000,0.1148143
27.584000,0.1148143
27.592000,0.1147610
27.600000,0.1148677
27.608000,0.1149744
27.616000,0.1149210
27.624000,0.1148143
27.632000,0.1149210
27.640000,0.1149744
27.648000,0.1149744
27.656000,0.1148677
27.664000,0.1148677
27.672000,0.1149210
27.680000,0.1149210
27.688000,0.1148677
27.696000,0.1148143
27.704000,0.1148677
27.712000,0.1148677
27.720000,0.1149210
27.728000,0.1149744
27.736000,0.1149210
27.744000,0.1149744
27.752000,0.1149744
27.760000,0.1149210
27.768000,0.1149210
27.776000,0.1149210
27.784000,0.1149210
27.792000,0.1148677
27.800000,0.1148143
27.808000,0.1149210
27.816000,0.1149210
27.824000,0.1149210
27.832000,0.1149210
27.840000,0.1149744
27.848000,0.1149744
27.856000,0.1148677
27.864000,0.1147610
27.872000,0.1148143
27.880000,0.1149210
27.888000,0.1148143
27.896000,0.1148143
27.904000,0.1148143
27.912000,0.1148677
27.920000,0.1149210
27.928000,0.1148677
27.936000,0.1148143
27.944000,0.1148143
27.952000,0.1148143
27.960000,0.1148143
27.968000,0.1149210
27.976000,0.1149744
27.984000,0.1148143
27.992000,0.1148143
28.000000,0.1149210
28.008000,0.1149210
28.016000,0.1148677
28.024000,0.1149210
28.032000,0.1149210
28.040000,0.1149210
28.048000,0.1149210
28.056000,0.1149210
28.064000,0.1149210
28.072000,0.1149210
28.080000,0.1148677
28.088000,0.1148677
28.096000,0.1148677
28.104000,0.1148143
28.112000,0.1148143
28.120000,0.1149210
28.128000,0.1148677
28.136000,0.1147610
28.144000,0.1148143
28.152000,0.1148677
28.160000,0.1148143
28.168000,0.1148677
28.176000,0.1148677
28.184000,0.1148677
28.192000,0.1148677
28.200000,0.1149210
28.208000,0.1149210
28.216000,0.1149744
28.224000,0.1149744
28.232000,0.1149210
28.240000,0.1148677
28.248000,0.1148677
28.256000,0.1148143
28.264000,0.1147610
28.272000,0.1148143
28.280000,0.1149744
28.288000,0.1150277
28.296000,0.1149744
28.304000,0.1149210
28.312000,0.1148677
28.320000,0.1149210
28.328000,0.1149210
28.336000,0.1148677
28.344000,0.1147610
28.352000,0.1148677
28.360000,0.1149210
28.368000,0.1149210
28.376000,0.1149210
28.384000,0.1149210
28.392000,0.1149210
28.400000,0.1149210
28.408000,0.1149744
28.416000,0.1149744
28.424000,0.1149210
28.432000,0.1149744
28.440000,0.1148677
28.448000,0.1148677
28.456000,0.1148677
28.464000,0.1149210
28.472000,0.1150277
28.480000,0.1150277
28.488000,0.1149210
28.496000,0.1149744
28.504000,0.1149744
28.512000,0.1150277
28.520000,0.1149744
28.528000,0.1150277
28.536000,0.1150277
28.544000,0.1149210
28.552000,0.1149210
28.560000,0.1149210
28.568000,0.1149744
28.576000,0.1149210
28.584000,0.1149210
28.592000,0.1149210
28.600000,0.1149210
28.608000,0.1149210
28.616000,0.1149744
28.624000,0.1148677
28.632000,0.1148143
28.640000,0.1148677
28.648000,0.1149210
28.656000,0.1149210
28.664000,0.1148677
28.672000,0.1149210
28.680000,0.1149210
28.688000,0.1149210
28.696000,0.1149744
28.704000,0.1150277
28.712000,0.1150277
28.720000,0.1149744
28.728000,0.1149210
28.736000,0.1148677
28.744000,0.1147610
28.752000,0.1148677
28.760000,0.1149210
28.768000,0.1150277
28.776000,0.1150277
28.784000,0.1150277
28.792000,0.1150277
28.800000,0.1150277
28.808000,0.1150277
28.816000,0.1149744
28.824000,0.1150277
28.832000,0.1150811
28.840000,0.1150277
28.848000,0.1150277
28.856000,0.1150277
28.864000,0.1149744
28.872000,0.1149744
28.880000,0.1149210
28.888000,0.1148677
28.896000,0.1148677
28.904000,0.1149744
28.912000,0.1149210
28.920000,0.1148677
28.928000,0.1149210
28.936000,0.1148677
28.944000,0.1148677
28.952000,0.1149210
28.960000,0.1149744
28.968000,0.1149744
28.976000,0.1149744
28.984000,0.1149744
28.992000,0.1150277
29.000000,0.1150277
29.008000,0.1150811
29.016000,0.1150811
29.024000,0.1149744
29.032000,0.1149210
29.040000,0.1149744
29.048000,0.1149744
29.056000,0.1149210
29.064000,0.1149210
29.072000,0.1149744
29.080000,0.1150277
29.088000,0.1149744
29.096000,0.1149744
29.104000,0.1150811
29.112000,0.1150811
29.120000,0.1150277
29.128000,0.1150277
29.136000,0.1150811
29.144000,0.1150277
29.152000,0.1149744
29.160000,0.1150277
29.168000,0.1150811
29.176000,0.1150277
29.184000,0.1149210
29.192000,0.1148677
29.200000,0.1149210
29.208000,0.1150277
29.216000,0.1150811
29.224000,0.1150277
29.232000,0.1149744
29.240000,0.1149210
29.248000,0.1150811
29.256000,0.1150277
29.264000,0.1150277
29.272000,0.1149744
29.280000,0.1149744
29.288000,0.1149210
29.296000,0.1149744
29.304000,0.1150277
29.312000,0.1150277
29.320000,0.1150277
29.328000,0.1150811
29.336000,0.1151344
29.344000,0.1150811
29.352000,0.1150277
29.360000,0.1150277
29.368000,0.1150277
29.376000,0.1150277
29.384000,0.1149744
29.392000,0.1149210
29.400000,0.1149210
29.408000,0.1149210
29.416000,0.1150277
29.424000,0.1150277
29.432000,0.1149744
29.440000,0.1150277
29.448000,0.1150277
29.456000,0.1149744
29.464000,0.1150277
29.472000,0.1150277
29.480000,0.1149744
29.488000,0.1149744
29.496000,0.1149744
29.504000,0.1150811
29.512000,0.1150277
29.520000,0.1149210
29.528000,0.1149210
29.536000,0.1149744
29.544000,0.1150277
29.552000,0.1150811
29.560000,0.1149744
29.568000,0.1149210
29.576000,0.1149744
29.584000,0.1150277
29.592000,0.1150277
29.600000,0.1150277
29.608000,0.1150811
29.616000,0.1150277
29.624000,0.1150277
29.632000,0.1151344
29.640000,0.1150811
29.648000,0.1150277
29.656000,0.1150811
29.664000,0.1150811
29.672000,0.1149744
29.680000,0.1150277
29.688000,0.1149744
29.696000,0.1150277
29.704000,0.1150277
29.712000,0.1150811
29.720000,0.1151344
29.728000,0.1151344
29.736000,0.1150811
29.744000,0.1150811
29.752000,0.1151344
29.760000,0.1150811
29.768000,0.1150277
29.776000,0.1149210
29.784000,0.1150277
29.792000,0.1150277
29.800000,0.1150277
29.808000,0.1150811
29.816000,0.1151344
29.824000,0.1150811
29.832000,0.1150277
29.840000,0.1150277
29.848000,0.1149744
29.856000,0.1150277
29.864000,0.1150811
29.872000,0.1150277
29.880000,0.1150277
29.888000,0.1149744
29.896000,0.1149210
29.904000,0.1149210
29.912000,0.1149744
29.920000,0.1150277
29.928000,0.1150811
29.936000,0.1151344
29.944000,0.1150277
29.952000,0.1149744
29.960000,0.1149744
29.968000,0.1150277
29.976000,0.1150277
29.984000,0.1150277
29.992000,0.1150811
30.000000,0.1150811
30.008000,0.1150811
30.016000,0.1149744
30.024000,0.1149210
30.032000,0.1150277
30.040000,0.1150811
30.048000,0.1150811
30.056000,0.1151344
30.064000,0.1150811
30.072000,0.1149744
30.080000,0.1150277
30.088000,0.1151344
30.096000,0.1150811
30.104000,0.1149744
30.112000,0.1149744
30.120000,0.1150277
30.128000,0.1149744
30.136000,0.1149744
30.144000,0.1150277
30.152000,0.1150277
30.160000,0.1150277
30.168000,0.1149744
30.176000,0.1149744
30.184000,0.1149744
30.192000,0.1149744
30.200000,0.1149744
30.208000,0.1150277
30.216000,0.1150277
30.224000,0.1150277
30.232000,0.1149744
30.240000,0.1149744
30.248000,0.1149744
30.256000,0.1150277
30.264000,0.1149744
30.272000,0.1149744
30.280000,0.1150277
30.288000,0.1151344
30.296000,0.1151344
30.304000,0.1150811
30.312000,0.1150811
30.320000,0.1151344
30.328000,0.1150811
30.336000,0.1150277
30.344000,0.1151344
30.352000,0.1150811
30.360000,0.1149744
30.368000,0.1149744
30.376000,0.1150277
30.384000,0.1150277
30.392000,0.1149744
30.400000,0.1149744
30.408000,0.1149744
30.416000,0.1150277
30.424000,0.1149744
30.432000,0.1149210
30.440000,0.1149744
30.448000,0.1150811
30.456000,0.1150277
30.464000,0.1150277
30.472000,0.1150811
30.480000,0.1150811
30.488000,0.1149744
30.496000,0.1149210
30.504000,0.1149744
30.512000,0.1149210
30.520000,0.1149744
30.528000,0.1149744
30.536000,0.1149210
30.544000,0.1149744
30.552000,0.1150277
30.560000,0.1150811
30.568000,0.1150277
30.576000,0.1150277
30.584000,0.1149210
30.592000,0.1149210
30.600000,0.1150277
30.608000,0.1150811
30.616000,0.1150277
30.624000,0.1149744
30.632000,0.1150277
30.640000,0.1150277
30.648000,0.1150811
30.656000,0.1151877
30.664000,0.1151344
30.672000,0.1151344
30.680000,0.1151344
30.688000,0.1151344
30.696000,0.1149744
30.704000,0.1150277
30.712000,0.1149744
30.720000,0.1149744
30.728000,0.1150277
30.736000,0.1150811
30.744000,0.1150277
30.752000,0.1149744
30.760000,0.1150277
30.768000,0.1150277
30.776000,0.1150277
30.784000,0.1151344
30.792000,0.1151344
30.800000,0.1151344
30.808000,0.1151344
30.816000,0.1150277
30.824000,0.1149744
30.832000,0.1150811
30.840000,0.1151344
30.848000,0.1150811
30.856000,0.1149744
30.864000,0.1149744
30.872000,0.1149744
30.880000,0.1150811
30.888000,0.1150277
30.896000,0.1150277
30.904000,0.1150277
30.912000,0.1149744
30.920000,0.1149210
30.928000,0.1149744
30.936000,0.1150277
30.944000,0.1150811
30.952000,0.1150811
30.960000,0.1149744
30.968000,0.1149744
30.976000,0.1150277
30.984000,0.1150277
30.992000,0.1149744
31.000000,0.1149210
31.008000,0.1149210
31.016000,0.1149744
31.024000,0.1150277
31.032000,0.1150277
31.040000,0.1149744
31.048000,0.1150811
31.056000,0.1149210
31.064000,0.1149210
31.072000,0.1150277
31.080000,0.1150811
31.088000,0.1149744
31.096000,0.1148677
31.104000,0.1149210
31.112000,0.1150811
31.120000,0.1151344
31.128000,0.1150277
31.136000,0.1150277
31.144000,0.1149744
31.152000,0.1149210
31.160000,0.1149744
31.168000,0.1150277
31.176000,0.1149744
31.184000,0.1149744
31.192000,0.1149744
31.200000,0.1149744
31.208000,0.1149744
31.216000,0.1149210
31.224000,0.1149210
31.232000,0.1150277
31.240000,0.1150811
31.248000,0.1150811
31.256000,0.1150811
31.264000,0.1150277
31.272000,0.1150811
31.280000,0.1150277
31.288000,0.1149744
31.296000,0.1150277
31.304000,0.1150811
31.312000,0.1150277
31.320000,0.1149744
31.328000,0.1150277
31.336000,0.1150811
31.344000,0.1150277
31.352000,0.1149744
31.360000,0.1150277
31.368000,0.1149744
31.376000,0.1150277
31.384000,0.1149210
31.392000,0.1148677
31.400000,0.1149744
31.408000,0.1149744
31.416000,0.1150277
31.424000,0.1149744
31.432000,0.1150277
31.440000,0.1150811
31.448000,0.1150277
31.456000,0.1150811
31.464000,0.1149744
31.472000,0.1150277
31.480000,0.1150277
31.488000,0.1149210
31.496000,0.1149744
31.504000,0.1150811
31.512000,0.1150277
31.520000,0.1150277
31.528000,0.1150277
31.536000,0.1150811
31.544000,0.1150811
31.552000,0.1150277
31.560000,0.1149744
31.568000,0.1149744
31.576000,0.1150277
31.584000,0.1150277
31.592000,0.1149744
31.600000,0.1150277
31.608000,0.1150811
31.616000,0.1150277
31.624000,0.1149744
31.632000,0.1149744
31.640000,0.1149210
31.648000,0.1149744
31.656000,0.1149744
31.664000,0.1149210
31.672000,0.1149210
31.680000,0.1149744
31.688000,0.1149744
31.696000,0.1149744
31.704000,0.1149210
31.712000,0.1149744
31.720000,0.1149744
31.728000,0.1149210
31.736000,0.1149744
31.744000,0.1149744
31.752000,0.1149210
31.760000,0.1149744
31.768000,0.1149744
31.776000,0.1149744
31.784000,0.1149210
31.792000,0.1149210
31.800000,0.1149210
31.808000,0.1149210
31.816000,0.1149744
31.824000,0.1151344
31.832000,0.1149210
31.840000,0.1149210
31.848000,0.1149744
31.856000,0.1149744
31.864000,0.1149744
31.872000,0.1149210
31.880000,0.1149210
31.888000,0.1149210
31.896000,0.1149210
31.904000,0.1149744
31.912000,0.1149744
31.920000,0.1150277
31.928000,0.1150811
31.936000,0.1150811
31.944000,0.1150277
31.952000,0.1149744
31.960000,0.1149744
31.968000,0.1150277
31.976000,0.1149744
31.984000,0.1149744
31.992000,0.1149744
32.000000,0.1149744
32.008000,0.1149744
32.016000,0.1149210
32.024000,0.1148677
32.032000,0.1149210
32.040000,0.1148677
32.048000,0.1150277
32.056000,0.1150277
32.064000,0.1150277
32.072000,0.1150811
32.080000,0.1150277
32.088000,0.1150277
32.096000,0.1149744
32.104000,0.1149210
32.112000,0.1149744
32.120000,0.1150811
32.128000,0.1150811
32.136000,0.1149744
32.144000,0.1149210
32.152000,0.1149744
32.160000,0.1149210
32.168000,0.1148677
32.176000,0.1148677
32.184000,0.1148143
32.192000,0.1149744
32.200000,0.1150277
32.208000,0.1150277
32.216000,0.1150277
32.224000,0.1149210
32.232000,0.1149744
32.240000,0.1149744
32.248000,0.1149744
32.256000,0.1149210
32.264000,0.1149744
32.272000,0.1150277
32.280000,0.1150277
32.288000,0.1150277
32.296000,0.1149744
32.304000,0.1149210
32.312000,0.1149744
32.320000,0.1150277
32.328000,0.1150811
32.336000,0.1150277
32.344000,0.1149210
32.352000,0.1149210
32.360000,0.1149210
32.368000,0.1148143
32.376000,0.1150277
32.384000,0.1150277
32.392000,0.1149744
32.400000,0.1149210
32.408000,0.1149210
32.416000,0.1149210
32.424000,0.1149210
32.432000,0.1149744
32.440000,0.1150811
32.448000,0.1150277
32.456000,0.1149210
32.464000,0.1149210
32.472000,0.1149744
32.480000,0.1149210
32.488000,0.1149210
32.496000,0.1149744
32.504000,0.1150277
32.512000,0.1149210
32.520000,0.1149210
32.528000,0.1149210
32.536000,0.1150277
32.544000,0.1150811
32.552000,0.1151344
32.560000,0.1150277
32.568000,0.1150811
32.576000,0.1150277
32.584000,0.1149210
32.592000,0.1149210
32.600000,0.1149210
32.608000,0.1148677
32.616000,0.1148677
32.624000,0.1149210
32.632000,0.1149744
32.640000,0.1149210
32.648000,0.1148677
32.656000,0.1149210
32.664000,0.1149210
32.672000,0.1149744
32.680000,0.1149210
32.688000,0.1149210
32.696000,0.1149210
32.704000,0.1149210
32.712000,0.1149210
32.720000,0.1149210
32.728000,0.1148677
32.736000,0.1149210
32.744000,0.1149744
32.752000,0.1149744
32.760000,0.1149210
32.768000,0.1149744
32.776000,0.1149210
32.784000,0.1148677
32.792000,0.1148677
32.800000,0.1149744
32.808000,0.1149210
32.816000,0.1148677
32.824000,0.1148677
32.832000,0.1149744
32.840000,0.1149744
32.848000,0.1148677
32.856000,0.1148143
32.864000,0.1149210
32.872000,0.1149744
32.880000,0.1149210
32.888000,0.1148677
32.896000,0.1148143
32.904000,0.1148677
32.912000,0.1149210
32.920000,0.1148677
32.928000,0.1149744
32.936000,0.1150277
32.944000,0.1149210
32.952000,0.1149210
32.960000,0.1148677
32.968000,0.1147610
32.976000,0.1148143
32.984000,0.1148677
32.992000,0.1148143
33.000000,0.1148677
33.008000,0.1149210
33.016000,0.1148677
33.024000,0.1148677
33.032000,0.1149210
33.040000,0.1149210
33.048000,0.1148677
33.056000,0.1149210
33.064000,0.1150277
33.072000,0.1149744
33.080000,0.1149210
33.088000,0.1149210
33.096000,0.1148677
33.104000,0.1148677
33.112000,0.1148143
33.120000,0.1148677
33.128000,0.1148677
33.136000,0.1149210
33.144000,0.1149210
33.152000,0.1149210
33.160000,0.1148143
33.168000,0.1147610
33.176000,0.1148143
33.184000,0.1148677
33.192000,0.1148677
33.200000,0.1149210
33.208000,0.1149744
33.216000,0.1148677
33.224000,0.1148677
33.232000,0.1149210
33.240000,0.1149210
33.248000,0.1148677
33.256000,0.1149210
33.264000,0.1148677
33.272000,0.1148143
33.280000,0.1148143
33.288000,0.1148143
33.296000,0.1148677
33.304000,0.1148677
33.312000,0.1148677
33.320000,0.1147077
33.328000,0.1148143
33.336000,0.1148143
33.344000,0.1148677
33.352000,0.1149210
33.360000,0.1148143
33.368000,0.1148143
33.376000,0.1147610
33.384000,0.1147610
33.392000,0.1148143
33.400000,0.1148677
33.408000,0.1148143
33.416000,0.1147610
33.424000,0.1147610
33.432000,0.1148143
33.440000,0.1148143
33.448000,0.1148677
33.456000,0.1148143
33.464000,0.1149210
33.472000,0.1149744
33.480000,0.1148677
33.488000,0.1148677
33.496000,0.1148677
33.504000,0.1148677
33.512000,0.1148677
33.520000,0.1148143
33.528000,0.1148143
33.536000,0.1148677
33.544000,0.1148143
33.552000,0.1148677
33.560000,0.1148677
33.568000,0.1148677
33.576000,0.1148677
33.584000,0.1149210
33.592000,0.1149210
33.600000,0.1148677
33.608000,0.1147610
33.616000,0.1147610
33.624000,0.1148143
33.632000,0.1148143
33.640000,0.1148143
33.648000,0.1148143
33.656000,0.1148143
33.664000,0.1148677
33.672000,0.1147610
33.680000,0.1147610
33.688000,0.1147077
33.696000,0.1148143
33.704000,0.1148143
33.712000,0.1147077
33.720000,0.1147077
33.728000,0.1147610
33.736000,0.1147610
33.744000,0.1147610
33.752000,0.1148143
33.760000,0.1148143
33.768000,0.1147610
33.776000,0.1147610
33.784000,0.1148677
33.792000,0.1148143
33.800000,0.1148143
33.808000,0.1147610
33.816000,0.1146543
33.824000,0.1146010
33.832000,0.1147077
33.840000,0.1148143
33.848000,0.1148143
33.856000,0.1147610
33.864000,0.1148143
33.872000,0.1148143
33.880000,0.1148143
33.888000,0.1147610
33.896000,0.1147077
33.904000,0.1147610
33.912000,0.1148677
33.920000,0.1148143
33.928000,0.1147610
33.936000,0.1147610
33.944000,0.1147610
33.952000,0.1147077
33.960000,0.1147610
33.968000,0.1148143
33.976000,0.1147610
33.984000,0.1147077
33.992000,0.1146543
34.000000,0.1147077
34.008000,0.1147077
34.016000,0.1147610
34.024000,0.1148143
34.032000,0.1148143
34.040000,0.1148143
34.048000,0.1147610
34.056000,0.1148677
34.064000,0.1148143
34.072000,0.1147077
34.080000,0.1147077
34.088000,0.1147610
34.096000,0.1147610
34.104000,0.1148143
34.112000,0.1148143
34.120000,0.1148143
34.128000,0.1148677
34.136000,0.1147610
34.144000,0.1147077
34.152000,0.1147610
34.160000,0.1148677
34.168000,0.1148143
34.176000,0.1148677
34.184000,0.1148143
34.192000,0.1148143
34.200000,0.1147610
34.208000,0.1147610
34.216000,0.1147610
34.224000,0.1148143
34.232000,0.1148143
34.240000,0.1147610
34.248000,0.1148143
34.256000,0.1148143
34.264000,0.1147610
34.272000,0.1147610
34.280000,0.1147610
34.288000,0.1147610
34.296000,0.1147077
34.304000,0.1147077
34.312000,0.1148143
34.320000,0.1148143
34.328000,0.1147077
34.336000,0.1146543
34.344000,0.1146543
34.352000,0.1147077
34.360000,0.1148143
34.368000,0.1147610
34.376000,0.1147077
34.384000,0.1149210
34.392000,0.1148143
34.400000,0.1146543
34.408000,0.1147077
34.416000,0.1147610
34.424000,0.1148143
34.432000,0.1147610
34.440000,0.1147610
34.448000,0.1148143
34.456000,0.1148677
34.464000,0.1148143
34.472000,0.1147610
34.480000,0.1147610
34.488000,0.1148143
34.496000,0.1147610
34.504000,0.1147610
34.512000,0.1147610
34.520000,0.1147077
34.528000,0.1147077
34.536000,0.1146543
34.544000,0.1146543
34.552000,0.1146543
34.560000,0.1146543
34.568000,0.1147610
34.576000,0.1148143
34.584000,0.1148143
34.592000,0.1147610
34.600000,0.1146543
34.608000,0.1146543
34.616000,0.1146543
34.624000,0.1147077
34.632000,0.1148143
34.640000,0.1148143
34.648000,0.1147077
34.656000,0.1147077
34.664000,0.1147077
34.672000,0.1147077
34.680000,0.1147077
34.688000,0.1148143
34.696000,0.1148143
34.704000,0.1147610
34.712000,0.1147610
34.720000,0.1147610
34.728000,0.1148143
34.736000,0.1147077
34.744000,0.1146010
34.752000,0.1146543
34.760000,0.1147077
34.768000,0.1147077
34.776000,0.1146543
34.784000,0.1146543
34.792000,0.1146543
34.800000,0.1147077
34.808000,0.1147077
34.816000,0.1147610
34.824000,0.1147077
34.832000,0.1146543
34.840000,0.1146543
34.848000,0.1146543
34.856000,0.1147610
34.864000,0.1147077
34.872000,0.1147077
34.880000,0.1147610
34.888000,0.1146543
34.896000,0.1145477
34.904000,0.1146010
34.912000,0.1146543
34.920000,0.1146543
34.928000,0.1146543
34.936000,0.1146543
34.944000,0.1146543
34.952000,0.1146543
34.960000,0.1147077
34.968000,0.1146543
34.976000,0.1147077
34.984000,0.1147077
34.992000,0.1146543
35.000000,0.1146543
35.008000,0.1146010
35.016000,0.1146010
35.024000,0.1146010
35.032000,0.1146010
35.040000,0.1146543
35.048000,0.1147077
35.056000,0.1147077
35.064000,0.1147077
35.072000,0.1147077
35.080000,0.1146543
35.088000,0.1146543
35.096000,0.1146543
35.104000,0.1146010
35.112000,0.1147077
35.120000,0.1146543
35.128000,0.1146010
35.136000,0.1146010
35.144000,0.1145477
35.152000,0.1145477
35.160000,0.1146010
35.168000,0.1147077
35.176000,0.1147077
35.184000,0.1146543
35.192000,0.1146010
35.200000,0.1146010
35.208000,0.1146010
35.216000,0.1145477
35.224000,0.1146010
35.232000,0.1146010
35.240000,0.1146010
35.248000,0.1146010
35.256000,0.1146543
35.264000,0.1146543
35.272000,0.1146543
35.280000,0.1146543
35.288000,0.1146543
35.296000,0.1147077
35.304000,0.1147077
35.312000,0.1146010
35.320000,0.1146010
35.328000,0.1146010
35.336000,0.1145477
35.344000,0.1146010
35.352000,0.1146010
35.360000,0.1146010
35.368000,0.1146543
35.376000,0.1147077
35.384000,0.1146010
35.392000,0.1145477
35.400000,0.1146010
35.408000,0.1146010
35.416000,0.1146543
35.424000,0.1146543
35.432000,0.1146010
35.440000,0.1145477
35.448000,0.1146010
35.456000,0.1146543
35.464000,0.1146010
35.472000,0.1146010
35.480000,0.1146543
35.488000,0.1146543
35.496000,0.1146010
35.504000,0.1145477
35.512000,0.1144943
35.520000,0.1144943
35.528000,0.1146010
35.536000,0.1146010
35.544000,0.1146010
35.552000,0.1146010
35.560000,0.1146010
35.568000,0.1145477
35.576000,0.1145477
35.584000,0.1146010
35.592000,0.1146543
35.600000,0.1146010
35.608000,0.1146543
35.616000,0.1146543
35.624000,0.1146010
35.632000,0.1145477
35.640000,0.1145477
35.648000,0.1145477
35.656000,0.1146010
35.664000,0.1145477
35.672000,0.1144943
35.680000,0.1146010
35.688000,0.1146010
35.696000,0.1145477
35.704000,0.1146543
35.712000,0.1146543
35.720000,0.1146543
35.728000,0.1146010
35.736000,0.1145477
35.744000,0.1145477
35.752000,0.1146010
35.760000,0.1146010
35.768000,0.1146010
35.776000,0.1146010
35.784000,0.1145477
35.792000,0.1146543
35.800000,0.1146010
35.808000,0.1146010
35.816000,0.1145477
35.824000,0.1144943
35.832000,0.1145477
35.840000,0.1146010
35.848000,0.1146010
35.856000,0.1145477
35.864000,0.1144943
35.872000,0.1145477
35.880000,0.1146010
35.888000,0.1145477
35.896000,0.1146010
35.904000,0.1146010
35.912000,0.1145477
35.920000,0.1146010
35.928000,0.1145477
35.936000,0.1144943
35.944000,0.1145477
35.952000,0.1145477
35.960000,0.1145477
35.968000,0.1145477
35.976000,0.1146010
35.984000,0.1146010
35.992000,0.1146010
36.000000,0.1146010
36.008000,0.1145477
36.016000,0.1144943
36.024000,0.1144943
36.032000,0.1144943
36.040000,0.1144410
36.048000,0.1144410
36.056000,0.1144943
36.064000,0.1145477
36.072000,0.1145477
36.080000,0.1144943
36.088000,0.1144410
36.096000,0.1144410
36.104000,0.1144410
36.112000,0.1144943
36.120000,0.1144943
36.128000,0.1144943
36.136000,0.1144410
36.144000,0.1144410
36.152000,0.1144943
36.160000,0.1145477
36.168000,0.1144943
36.176000,0.1144410
36.184000,0.1144943
36.192000,0.1145477
36.200000,0.1144410
36.208000,0.1145477
36.216000,0.1145477
36.224000,0.1145477
36.232000,0.1144410
36.240000,0.1144410
36.248000,0.1144410
36.256000,0.1144410
36.264000,0.1144410
36.272000,0.1144410
36.280000,0.1144410
36.288000,0.1144943
36.296000,0.1144410
36.304000,0.1143343
36.312000,0.1144943
36.320000,0.1144410
36.328000,0.1144410
36.336000,0.1144943
36.344000,0.1144410
36.352000,0.1143876
36.360000,0.1143876
36.368000,0.1143876
36.376000,0.1144410
36.384000,0.1144410
36.392000,0.1143876
36.400000,0.1143876
36.408000,0.1143876
36.416000,0.1143876
36.424000,0.1144410
36.432000,0.1144943
36.440000,0.1144410
36.448000,0.1144410
36.456000,0.1144943
36.464000,0.1145477
36.472000,0.1144943
36.480000,0.1144410
36.488000,0.1143876
36.496000,0.1144410
36.504000,0.1144410
36.512000,0.1144410
36.520000,0.1144943
36.528000,0.1144943
36.536000,0.1144943
36.544000,0.1144943
36.552000,0.1144943
36.560000,0.1144410
36.568000,0.1144943
36.576000,0.1144943
36.584000,0.1144943
36.592000,0.1144410
36.600000,0.1144410
36.608000,0.1144410
36.616000,0.1144943
36.624000,0.1145477
36.632000,0.1144410
36.640000,0.1144410
36.648000,0.1143876
36.656000,0.1143876
36.664000,0.1144410
36.672000,0.1144943
36.680000,0.1143876
36.688000,0.1144410
36.696000,0.1144410
36.704000,0.1143876
36.712000,0.1143876
36.720000,0.1143876
36.728000,0.1144410
36.736000,0.1144410
36.744000,0.1143343
36.752000,0.1143343
36.760000,0.1143876
36.768000,0.1144943
36.776000,0.1144410
36.784000,0.1144943
36.792000,0.1144943
36.800000,0.1144943
36.808000,0.1143343
36.816000,0.1143343
36.824000,0.1144410
36.832000,0.1144410
36.840000,0.1143876
36.848000,0.1144410
36.856000,0.1144410
36.864000,0.1143876
36.872000,0.1143876
36.880000,0.1144410
36.888000,0.1143876
36.896000,0.1143876
36.904000,0.1143876
36.912000,0.1143876
36.920000,0.1143876
36.928000,0.1143343
36.936000,0.1143343
36.944000,0.1143876
36.952000,0.1143343
36.960000,0.1143343
36.968000,0.1143343
36.976000,0.1144410
36.984000,0.1143876
36.992000,0.1143343
37.000000,0.1143343
37.008000,0.1143876
37.016000,0.1143876
37.024000,0.1142810
37.032000,0.1142810
37.040000,0.1143343
37.048000,0.1143876
37.056000,0.1143343
37.064000,0.1143343
37.072000,0.1143343
37.080000,0.1143343
37.088000,0.1143876
37.096000,0.1143343
37.104000,0.1142276
37.112000,0.1142276
37.120000,0.1142810
37.128000,0.1143343
37.136000,0.1143876
37.144000,0.1144410
37.152000,0.1143343
37.160000,0.1143343
37.168000,0.1143343
37.176000,0.1143876
37.184000,0.1143876
37.192000,0.1142810
37.200000,0.1143343
37.208000,0.1143343
37.216000,0.1142810
37.224000,0.1142810
37.232000,0.1142810
37.240000,0.1142810
37.248000,0.1142810
37.256000,0.1142810
37.264000,0.1143343
37.272000,0.1143343
37.280000,0.1143343
37.288000,0.1143343
37.296000,0.1143343
37.304000,0.1143343
37.312000,0.1143343
37.320000,0.1143343
37.328000,0.1142810
37.336000,0.1143343
37.344000,0.1143343
37.352000,0.1142276
37.360000,0.1142810
37.368000,0.1143876
37.376000,0.1142810
37.384000,0.1142276
37.392000,0.1141743
37.400000,0.1141743
37.408000,0.1142276
37.416000,0.1142810
37.424000,0.1143343
37.432000,0.1143343
37.440000,0.1143343
37.448000,0.1143343
37.456000,0.1144410
37.464000,0.1143876
37.472000,0.1143343
37.480000,0.1142810
37.488000,0.1141743
37.496000,0.1142810
37.504000,0.1143343
37.512000,0.1143343
37.520000,0.1143343
37.528000,0.1143343
37.536000,0.1142810
37.544000,0.1142276
37.552000,0.1142276
37.560000,0.1142276
37.568000,0.1141743
37.576000,0.1141209
37.584000,0.1141743
37.592000,0.1141743
37.600000,0.1141743
37.608000,0.1142810
37.616000,0.1142810
37.624000,0.1142810
37.632000,0.1142810
37.640000,0.1142276
37.648000,0.1142276
37.656000,0.1142276
37.664000,0.1142276
37.672000,0.1142276
37.680000,0.1143343
37.688000,0.1143343
37.696000,0.1142810
37.704000,0.1142810
37.712000,0.1142810
37.720000,0.1142810
37.728000,0.1142276
37.736000,0.1141743
37.744000,0.1141743
37.752000,0.1142810
37.760000,0.1143343
37.768000,0.1143343
37.776000,0.1142810
37.784000,0.1141209
37.792000,0.1141209
37.800000,0.1141743
37.808000,0.1141209
37.816000,0.1141209
37.824000,0.1141743
37.832000,0.1142276
37.840000,0.1141743
37.848000,0.1142810
37.856000,0.1142810
37.864000,0.1141743
37.872000,0.1142276
37.880000,0.1142276
37.888000,0.1142276
37.896000,0.1142276
37.904000,0.1142276
37.912000,0.1141743
37.920000,0.1141209
37.928000,0.1141209
37.936000,0.1141743
37.944000,0.1141743
37.952000,0.1142276
37.960000,0.1142276
37.968000,0.1142276
37.976000,0.1142276
37.984000,0.1142276
37.992000,0.1142276
38.000000,0.1142276
38.008000,0.1141743
38.016000,0.1141209
38.024000,0.1141209
38.032000,0.1141209
38.040000,0.1141743
38.048000,0.1141209
38.056000,0.1141209
38.064000,0.1141743
38.072000,0.1141743
38.080000,0.1141209
38.088000,0.1141209
38.096000,0.1141209
38.104000,0.1141743
38.112000,0.1141743
38.120000,0.1142276
38.128000,0.1141209
38.136000,0.1140676
38.144000,0.1141209
38.152000,0.1141209
38.160000,0.1141209
38.168000,0.1140676
38.176000,0.1141209
38.184000,0.1140676
38.192000,0.1140676
38.200000,0.1140676
38.208000,0.1140142
38.216000,0.1140676
38.224000,0.1141743
38.232000,0.1142276
38.240000,0.1141743
38.248000,0.1141743
38.256000,0.1141209
38.264000,0.1141209
38.272000,0.1141743
38.280000,0.1141743
38.288000,0.1141743
38.296000,0.1142276
38.304000,0.1141209
38.312000,0.1140676
38.320000,0.1140676
38.328000,0.1140676
38.336000,0.1141209
38.344000,0.1141209
38.352000,0.1141743
38.360000,0.1141743
38.368000,0.1141743
38.376000,0.1141209
38.384000,0.1140676
38.392000,0.1141743
38.400000,0.1141743
38.408000,0.1141209
38.416000,0.1142276
38.424000,0.1141743
38.432000,0.1141209
38.440000,0.1141209
38.448000,0.1141743
38.456000,0.1141209
38.464000,0.1141209
38.472000,0.1141209
38.480000,0.1140676
38.488000,0.1141209
38.496000,0.1141209
38.504000,0.1141209
38.512000,0.1141743
38.520000,0.1141209
38.528000,0.1141209
38.536000,0.1141743
38.544000,0.1142276
38.552000,0.1141743
38.560000,0.1141209
38.568000,0.1140142
38.576000,0.1140676
38.584000,0.1140676
38.592000,0.1140676
38.600000,0.1140676
38.608000,0.1141209
38.616000,0.1141209
38.624000,0.1140676
38.632000,0.1140142
38.640000,0.1140142
38.648000,0.1140676
38.656000,0.1140142
38.664000,0.1140676
38.672000,0.1140676
38.680000,0.1141209
38.688000,0.1141209
38.696000,0.1140676
38.704000,0.1140142
38.712000,0.1140142
38.720000,0.1140676
38.728000,0.1140676
38.736000,0.1140676
38.744000,0.1140676
38.752000,0.1140676
38.760000,0.1140676
38.768000,0.1140142
38.776000,0.1140142
38.784000,0.1140676
38.792000,0.1140142
38.800000,0.1139609
38.808000,0.1140142
38.816000,0.1140142
38.824000,0.1140676
38.832000,0.1140142
38.840000,0.1140142
38.848000,0.1140142
38.856000,0.1141209
38.864000,0.1141743
38.872000,0.1140676
38.880000,0.1140676
38.888000,0.1140676
38.896000,0.1141209
38.904000,0.1141209
38.912000,0.1140142
38.920000,0.1140142
38.928000,0.1140676
38.936000,0.1139609
38.944000,0.1139609
38.952000,0.1140676
38.960000,0.1140676
38.968000,0.1140676
38.976000,0.1140676
38.984000,0.1140676
38.992000,0.1140676
39.000000,0.1141209
39.008000,0.1140676
39.016000,0.1139609
39.024000,0.1139609
39.032000,0.1140142
39.040000,0.1140676
39.048000,0.1140676
39.056000,0.1140142
39.064000,0.1139609
39.072000,0.1139609
39.080000,0.1140142
39.088000,0.1141209
39.096000,0.1140142
39.104000,0.1139609
39.112000,0.1140142
39.120000,0.1140142
39.128000,0.1139609
39.136000,0.1140142
39.144000,0.1140676
39.152000,0.1140142
39.160000,0.1139609
39.168000,0.1140676
39.176000,0.1140676
39.184000,0.1140142
39.192000,0.1140142
39.200000,0.1140142
39.208000,0.1140142
39.216000,0.1139609
39.224000,0.1140142
39.232000,0.1140676
39.240000,0.1140142
39.248000,0.1139609
39.256000,0.1139609
39.264000,0.1140142
39.272000,0.1139609
39.280000,0.1139609
39.288000,0.1139076
39.296000,0.1139076
39.304000,0.1139609
39.312000,0.1139609
39.320000,0.1140142
39.328000,0.1140142
39.336000,0.1140676
39.344000,0.1140142
39.352000,0.1140142
39.360000,0.1140142
39.368000,0.1140142
39.376000,0.1140676
39.384000,0.1140142
39.392000,0.1139609
39.400000,0.1139076
39.408000,0.1139609
39.416000,0.1140142
39.424000,0.1139609
39.432000,0.1140142
39.440000,0.1140142
39.448000,0.1140676
39.456000,0.1140676
39.464000,0.1140142
39.472000,0.1139609
39.480000,0.1140142
39.488000,0.1140142
39.496000,0.1140142
39.504000,0.1139609
39.512000,0.1140142
39.520000,0.1139609
39.528000,0.1139609
39.536000,0.1138542
39.544000,0.1138542
39.552000,0.1139076
39.560000,0.1139076
39.568000,0.1140142
39.576000,0.1139609
39.584000,0.1139609
39.592000,0.1139609
39.600000,0.1139609
39.608000,0.1139076
39.616000,0.1138009
39.624000,0.1138542
39.632000,0.1139076
39.640000,0.1139076
39.648000,0.1140142
39.656000,0.1139609
39.664000,0.1139076
39.672000,0.1139076
39.680000,0.1139609
39.688000,0.1140676
39.696000,0.1140142
39.704000,0.1139609
39.712000,0.1140142
39.720000,0.1139076
39.728000,0.1138542
39.736000,0.1139609
39.744000,0.1139609
39.752000,0.1139609
39.760000,0.1139609
39.768000,0.1139076
39.776000,0.1140142
39.784000,0.1139609
39.792000,0.1139076
39.800000,0.1139076
39.808000,0.1139609
39.816000,0.1139076
39.824000,0.1139076
39.832000,0.1139609
39.840000,0.1138542
39.848000,0.1138009
39.856000,0.1139076
39.864000,0.1140676
39.872000,0.1139609
39.880000,0.1138542
39.888000,0.1139076
39.896000,0.1138542
39.904000,0.1138009
39.912000,0.1138542
39.920000,0.1138542
39.928000,0.1138542
39.936000,0.1138542
39.944000,0.1139076
39.952000,0.1138542
39.960000,0.1138542
39.968000,0.1139076
39.976000,0.1138542
39.984000,0.1138542
39.992000,0.1138542
40.000000,0.1138542
40.008000,0.1138009
40.016000,0.1138542
40.024000,0.1138542
40.032000,0.1139609
40.040000,0.1139076
40.048000,0.1138542
40.056000,0.1138009
40.064000,0.1136942
40.072000,0.1138009
40.080000,0.1138009
40.088000,0.1138542
40.096000,0.1139609
40.104000,0.1139076
40.112000,0.1137476
40.120000,0.1138009
40.128000,0.1139076
40.136000,0.1139076
40.144000,0.1140142
40.152000,0.1140142
40.160000,0.1139076
40.168000,0.1139076
40.176000,0.1139076
40.184000,0.1138542
40.192000,0.1138009
40.200000,0.1139076
40.208000,0.1138542
40.216000,0.1138542
40.224000,0.1139609
40.232000,0.1139609
40.240000,0.1139609
40.248000,0.1138542
40.256000,0.1138542
40.264000,0.1139076
40.272000,0.1139076
40.280000,0.1138009
40.288000,0.1138009
40.296000,0.1139076
40.304000,0.1139076
40.312000,0.1139076
40.320000,0.1139076
40.328000,0.1139076
40.336000,0.1138542
40.344000,0.1138009
40.352000,0.1137476
40.360000,0.1138009
40.368000,0.1139609
40.376000,0.1139609
40.384000,0.1138009
40.392000,0.1137476
40.400000,0.1138009
40.408000,0.1138009
40.416000,0.1138009
40.424000,0.1137476
40.432000,0.1138009
40.440000,0.1138009
40.448000,0.1138009
40.456000,0.1138009
40.464000,0.1138542
40.472000,0.1138542
40.480000,0.1138542
40.488000,0.1138542
40.496000,0.1138542
40.504000,0.1138542
40.512000,0.1138009
40.520000,0.1138009
40.528000,0.1137476
40.536000,0.1138009
40.544000,0.1136942
40.552000,0.1136409
40.560000,0.1136942
40.568000,0.1137476
40.576000,0.1138542
40.584000,0.1138542
40.592000,0.1138009
40.600000,0.1139076
40.608000,0.1139076
40.616000,0.1138009
40.624000,0.1138009
40.632000,0.1137476
40.640000,0.1137476
40.648000,0.1137476
40.656000,0.1137476
40.664000,0.1137476
40.672000,0.1136942
40.680000,0.1138009
40.688000,0.1138542
40.696000,0.1138542
40.704000,0.1137476
40.712000,0.1137476
40.720000,0.1137476
40.728000,0.1137476
40.736000,0.1138009
40.744000,0.1138009
40.752000,0.1136942
40.760000,0.1136942
40.768000,0.1138009
40.776000,0.1137476
40.784000,0.1137476
40.792000,0.1138542
40.800000,0.1138009
40.808000,0.1138542
40.816000,0.1138542
40.824000,0.1138009
40.832000,0.1137476
40.840000,0.1137476
40.848000,0.1136942
40.856000,0.1137476
40.864000,0.1138009
40.872000,0.1137476
40.880000,0.1138009
40.888000,0.1138009
40.896000,0.1138542
40.904000,0.1138009
40.912000,0.1136942
40.920000,0.1136942
40.928000,0.1137476
40.936000,0.1138009
40.944000,0.1137476
40.952000,0.1137476
40.960000,0.1137476
40.968000,0.1136942
40.976000,0.1136942
40.984000,0.1138009
40.992000,0.1138009
41.000000,0.1136942
41.008000,0.1135875
41.016000,0.1136409
41.024000,0.1136942
41.032000,0.1138009
41.040000,0.1137476
41.048000,0.1136942
41.056000,0.1136409
41.064000,0.1136409
41.072000,0.1136942
41.080000,0.1136942
41.088000,0.1136942
41.096000,0.1136409
41.104000,0.1136942
41.112000,0.1137476
41.120000,0.1136942
41.128000,0.1136942
41.136000,0.1136409
41.144000,0.1135875
41.152000,0.1136409
41.160000,0.1136409
41.168000,0.1136409
41.176000,0.1136409
41.184000,0.1136942
41.192000,0.1136942
41.200000,0.1136942
41.208000,0.1137476
41.216000,0.1136942
41.224000,0.1136409
41.232000,0.1135875
41.240000,0.1136409
41.248000,0.1136942
41.256000,0.1136942
41.264000,0.1136942
41.272000,0.1136942
41.280000,0.1136409
41.288000,0.1135875
41.296000,0.1137476
41.304000,0.1136409
41.312000,0.1136409
41.320000,0.1136942
41.328000,0.1136942
41.336000,0.1136409
41.344000,0.1136409
41.352000,0.1136409
41.360000,0.1136409
41.368000,0.1136942
41.376000,0.1137476
41.384000,0.1136942
41.392000,0.1136942
41.400000,0.1137476
41.408000,0.1136409
41.416000,0.1136942
41.424000,0.1136942
41.432000,0.1136942
41.440000,0.1136942
41.448000,0.1136409
41.456000,0.1136409
41.464000,0.1136942
41.472000,0.1137476
41.480000,0.1136942
41.488000,0.1136409
41.496000,0.1136409
41.504000,0.1136942
41.512000,0.1135875
41.520000,0.1135875
41.528000,0.1136409
41.536000,0.1136409
41.544000,0.1136409
41.552000,0.1136942
41.560000,0.1136942
41.568000,0.1136409
41.576000,0.1136409
41.584000,0.1136942
41.592000,0.1136942
41.600000,0.1136409
41.608000,0.1136942
41.616000,0.1136409
41.624000,0.1135875
41.632000,0.1135875
41.640000,0.1135875
41.648000,0.1136942
41.656000,0.1137476
41.664000,0.1136942
41.672000,0.1136409
41.680000,0.1136409
41.688000,0.1136409
41.696000,0.1135875
41.704000,0.1135875
41.712000,0.1135875
41.720000,0.1136409
41.728000,0.1136409
41.736000,0.1136409
41.744000,0.1136409
41.752000,0.1136409
41.760000,0.1135875
41.768000,0.1136942
41.776000,0.1137476
41.784000,0.1136942
41.792000,0.1135875
41.800000,0.1136409
41.808000,0.1135875
41.816000,0.1135875
41.824000,0.1135875
41.832000,0.1136409
41.840000,0.1135875
41.848000,0.1135342
41.856000,0.1135875
41.864000,0.1135875
41.872000,0.1135342
41.880000,0.1135875
41.888000,0.1136942
41.896000,0.1135875
41.904000,0.1135875
41.912000,0.1135875
41.920000,0.1135875
41.928000,0.1135875
41.936000,0.1136409
41.944000,0.1136409
41.952000,0.1136409
41.960000,0.1136409
41.968000,0.1136942
41.976000,0.1136409
41.984000,0.1135875
41.992000,0.1134809
42.000000,0.1134275
42.008000,0.1134809
42.016000,0.1134809
42.024000,0.1134809
42.032000,0.1134809
42.040000,0.1134809
42.048000,0.1135875
42.056000,0.1135342
42.064000,0.1134809
42.072000,0.1135342
42.080000,0.1135875
42.088000,0.1136409
42.096000,0.1135875
42.104000,0.1135875
42.112000,0.1136409
42.120000,0.1136409
42.128000,0.1136409
42.136000,0.1135875
42.144000,0.1135875
42.152000,0.1135342
42.160000,0.1134809
42.168000,0.1135342
42.176000,0.1135875
42.184000,0.1135875
42.192000,0.1135342
42.200000,0.1134809
42.208000,0.1134809
42.216000,0.1134275
42.224000,0.1134275
42.232000,0.1135342
42.240000,0.1135875
42.248000,0.1135875
42.256000,0.1135875
42.264000,0.1134809
42.272000,0.1135342
42.280000,0.1135342
42.288000,0.1135342
42.296000,0.1134809
42.304000,0.1135875
42.312000,0.1135875
42.320000,0.1135875
42.328000,0.1135342
42.336000,0.1134809
42.344000,0.1135342
42.352000,0.1136409
42.360000,0.1136409
42.368000,0.1135875
42.376000,0.1134809
42.384000,0.1134809
42.392000,0.1135342
42.400000,0.1135875
42.408000,0.1135875
42.416000,0.1135342
42.424000,0.1134809
42.432000,0.1135342
42.440000,0.1135342
42.448000,0.1134809
42.456000,0.1135342
42.464000,0.1135875
42.472000,0.1135342
42.480000,0.1134809
42.488000,0.1134809
42.496000,0.1134809
42.504000,0.1134809
42.512000,0.1134809
42.520000,0.1135342
42.528000,0.1135875
42.536000,0.1135342
42.544000,0.1134809
42.552000,0.1134809
42.560000,0.1134275
42.568000,0.1134275
42.576000,0.1134275
42.584000,0.1134809
42.592000,0.1134809
42.600000,0.1135342
42.608000,0.1134809
42.616000,0.1134275
42.624000,0.1134275
42.632000,0.1134275
42.640000,0.1134275
42.648000,0.1134275
42.656000,0.1135342
42.664000,0.1135342
42.672000,0.1134275
42.680000,0.1134275
42.688000,0.1134809
42.696000,0.1134809
42.704000,0.1134275
42.712000,0.1134275
42.720000,0.1133742
42.728000,0.1134275
42.736000,0.1134275
42.744000,0.1134809
42.752000,0.1134809
42.760000,0.1134275
42.768000,0.1134809
42.776000,0.1134275
42.784000,0.1134809
42.792000,0.1134809
42.800000,0.1134809
42.808000,0.1134275
42.816000,0.1134275
42.824000,0.1134809
42.832000,0.1135342
42.840000,0.1134809
42.848000,0.1133208
42.856000,0.1133742
42.864000,0.1134275
42.872000,0.1133742
42.880000,0.1134275
42.888000,0.1134275
42.896000,0.1133742
42.904000,0.1134275
42.912000,0.1133742
42.920000,0.1134275
42.928000,0.1134275
42.936000,0.1133742
42.944000,0.1133742
42.952000,0.1133742
42.960000,0.1133208
42.968000,0.1133208
42.976000,0.1133742
42.984000,0.1134275
42.992000,0.1134275
43.000000,0.1133742
43.008000,0.1134275
43.016000,0.1134275
43.024000,0.1133742
43.032000,0.1134275
43.040000,0.1134275
43.048000,0.1134809
43.056000,0.1134275
43.064000,0.1134275
43.072000,0.1134275
43.080000,0.1134809
43.088000,0.1134275
43.096000,0.1133208
43.104000,0.1133742
43.112000,0.1134275
43.120000,0.1135342
43.128000,0.1134275
43.136000,0.1133208
43.144000,0.1134275
43.152000,0.1134809
43.160000,0.1134809
43.168000,0.1134275
43.176000,0.1134275
43.184000,0.1133742
43.192000,0.1133742
43.200000,0.1133742
43.208000,0.1134275
43.216000,0.1133208
43.224000,0.1132675
43.232000,0.1133208
43.240000,0.1133208
43.248000,0.1132675
43.256000,0.1133742
43.264000,0.1133208
43.272000,0.1133208
43.280000,0.1133742
43.288000,0.1133742
43.296000,0.1133208
43.304000,0.1132141
43.312000,0.1132675
43.320000,0.1133742
43.328000,0.1134275
43.336000,0.1134275
43.344000,0.1133208
43.352000,0.1133208
43.360000,0.1133742
43.368000,0.1133742
43.376000,0.1133208
43.384000,0.1134275
43.392000,0.1134275
43.400000,0.1133742
43.408000,0.1132675
43.416000,0.1133208
43.424000,0.1133208
43.432000,0.1133208
43.440000,0.1133742
43.448000,0.1133742
43.456000,0.1133742
43.464000,0.1132675
43.472000,0.1132675
43.480000,0.1132675
43.488000,0.1132675
43.496000,0.1133208
43.504000,0.1133208
43.512000,0.1132675
43.520000,0.1133208
43.528000,0.1133208
43.536000,0.1133208
43.544000,0.1133742
43.552000,0.1134275
43.560000,0.1133742
43.568000,0.1133208
43.576000,0.1133742
43.584000,0.1132141
43.592000,0.1132141
43.600000,0.1132141
43.608000,0.1132675
43.616000,0.1133208
43.624000,0.1133742
43.632000,0.1132675
43.640000,0.1132675
43.648000,0.1133742
43.656000,0.1134275
43.664000,0.1134275
43.672000,0.1133208
43.680000,0.1132141
43.688000,0.1132141
43.696000,0.1132675
43.704000,0.1132141
43.712000,0.1132675
43.720000,0.1133208
43.728000,0.1132675
43.736000,0.1132141
43.744000,0.1133208
43.752000,0.1133208
43.760000,0.1132675
43.768000,0.1133208
43.776000,0.1132675
43.784000,0.1132141
43.792000,0.1132675
43.800000,0.1133208
43.808000,0.1133208
43.816000,0.1132675
43.824000,0.1132675
43.832000,0.1132675
43.840000,0.1132141
43.848000,0.1132141
43.856000,0.1132141
43.864000,0.1131608
43.872000,0.1132141
43.880000,0.1132141
43.888000,0.1132141
43.896000,0.1132141
43.904000,0.1132675
43.912000,0.1132141
43.920000,0.1132141
43.928000,0.1132141
43.936000,0.1132675
43.944000,0.1132141
43.952000,0.1132141
43.960000,0.1132675
43.968000,0.1132675
43.976000,0.1131608
43.984000,0.1132141
43.992000,0.1132675
44.000000,0.1132141
44.008000,0.1132141
44.016000,0.1132675
44.024000,0.1132675
44.032000,0.1132141
44.040000,0.1132141
44.048000,0.1132675
44.056000,0.1132675
44.064000,0.1132141
44.072000,0.1131608
44.080000,0.1131075
44.088000,0.1131075
44.096000,0.1131608
44.104000,0.1132675
44.112000,0.1132141
44.120000,0.1132141
44.128000,0.1132141
44.136000,0.1133208
44.144000,0.1133208
44.152000,0.1132675
44.160000,0.1132675
44.168000,0.1132141
44.176000,0.1132141
44.184000,0.1131608
44.192000,0.1132141
44.200000,0.1132141
44.208000,0.1131608
44.216000,0.1132141
44.224000,0.1133208
44.232000,0.1133208
44.240000,0.1132675
44.248000,0.1131608
44.256000,0.1131075
44.264000,0.1131075
44.272000,0.1131075
44.280000,0.1132141
44.288000,0.1132675
44.296000,0.1132675
44.304000,0.1131608
44.312000,0.1130541
44.320000,0.1131608
44.328000,0.1132141
44.336000,0.1132675
44.344000,0.1132675
44.352000,0.1132141
44.360000,0.1131608
44.368000,0.1131075
44.376000,0.1131608
44.384000,0.1132141
44.392000,0.1132675
44.400000,0.1132141
44.408000,0.1132675
44.416000,0.1132141
44.424000,0.1132675
44.432000,0.1132141
44.440000,0.1131608
44.448000,0.1131608
44.456000,0.1131608
44.464000,0.1131608
44.472000,0.1131075
44.480000,0.1131075
44.488000,0.1131608
44.496000,0.1132141
44.504000,0.1132675
44.512000,0.1132141
44.520000,0.1131075
44.528000,0.1131075
44.536000,0.1130541
44.544000,0.1131075
44.552000,0.1131075
44.560000,0.1131075
44.568000,0.1131075
44.576000,0.1131608
44.584000,0.1131075
44.592000,0.1130541
44.600000,0.1131075
44.608000,0.1131075
44.616000,0.1130541
44.624000,0.1130541
44.632000,0.1130541
44.640000,0.1131075
44.648000,0.1131075
44.656000,0.1131075
44.664000,0.1130541
44.672000,0.1131075
44.680000,0.1130541
44.688000,0.1131608
44.696000,0.1132141
44.704000,0.1132675
44.712000,0.1131608
44.720000,0.1131075
44.728000,0.1131075
44.736000,0.1131075
44.744000,0.1131608
44.752000,0.1131608
44.760000,0.1131075
44.768000,0.1130541
44.776000,0.1130008
44.784000,0.1131608
44.792000,0.1132141
44.800000,0.1131075
44.808000,0.1131075
44.816000,0.1131075
44.824000,0.1131075
44.832000,0.1131075
44.840000,0.1131075
44.848000,0.1131075
44.856000,0.1131075
44.864000,0.1130541
44.872000,0.1130541
44.880000,0.1131075
44.888000,0.1130541
44.896000,0.1131075
44.904000,0.1131608
44.912000,0.1130541
44.920000,0.1130008
44.928000,0.1130541
44.936000,0.1131075
44.944000,0.1131075
44.952000,0.1130541
44.960000,0.1131075
44.968000,0.1131075
44.976000,0.1130541
44.984000,0.1130008
44.992000,0.1130541
45.000000,0.1131608
45.008000,0.1131608
45.016000,0.1131075
45.024000,0.1130541
45.032000,0.1130541
45.040000,0.1130008
45.048000,0.1130008
45.056000,0.1129475
45.064000,0.1128941
45.072000,0.1129475
45.080000,0.1130008
45.088000,0.1130541
45.096000,0.1130541
45.104000,0.1130008
45.112000,0.1131075
45.120000,0.1130541
45.128000,0.1129475
45.136000,0.1130541
45.144000,0.1130008
45.152000,0.1130008
45.160000,0.1130008
45.168000,0.1130541
45.176000,0.1130541
45.184000,0.1130008
45.192000,0.1130541
45.200000,0.1130541
45.208000,0.1129475
45.216000,0.1130008
45.224000,0.1130008
45.232000,0.1130008
45.240000,0.1130541
45.248000,0.1130008
45.256000,0.1129475
45.264000,0.1129475
45.272000,0.1130541
45.280000,0.1130541
45.288000,0.1130541
45.296000,0.1130541
45.304000,0.1131075
45.312000,0.1130541
45.320000,0.1130008
45.328000,0.1129475
45.336000,0.1129475
45.344000,0.1129475
45.352000,0.1130008
45.360000,0.1130008
45.368000,0.1130541
45.376000,0.1130008
45.384000,0.1130541
45.392000,0.1131075
45.400000,0.1131075
45.408000,0.1130541
45.416000,0.1131075
45.424000,0.1131608
45.432000,0.1131075
45.440000,0.1130008
45.448000,0.1130008
45.456000,0.1129475
45.464000,0.1128941
45.472000,0.1129475
45.480000,0.1130541
45.488000,0.1130008
45.496000,0.1130008
45.504000,0.1130008
45.512000,0.1129475
45.520000,0.1128941
45.528000,0.1129475
45.536000,0.1130008
45.544000,0.1130541
45.552000,0.1130008
45.560000,0.1130008
45.568000,0.1130541
45.576000,0.1129475
45.584000,0.1128941
45.592000,0.1129475
45.600000,0.1130008
45.608000,0.1129475
45.616000,0.1128941
45.624000,0.1130008
45.632000,0.1130008
45.640000,0.1130008
45.648000,0.1130541
45.656000,0.1130008
45.664000,0.1128941
45.672000,0.1128941
45.680000,0.1129475
45.688000,0.1129475
45.696000,0.1129475
45.704000,0.1128941
45.712000,0.1129475
45.720000,0.1130008
45.728000,0.1130008
45.736000,0.1128941
45.744000,0.1129475
45.752000,0.1129475
45.760000,0.1130008
45.768000,0.1129475
45.776000,0.1128941
45.784000,0.1129475
45.792000,0.1129475
45.800000,0.1129475
45.808000,0.1129475
45.816000,0.1129475
45.824000,0.1129475
45.832000,0.1129475
45.840000,0.1129475
45.848000,0.1129475
45.856000,0.1129475
45.864000,0.1128941
45.872000,0.1129475
45.880000,0.1130008
45.888000,0.1129475
45.896000,0.1129475
45.904000,0.1129475
45.912000,0.1129475
45.920000,0.1128941
45.928000,0.1128408
45.936000,0.1128941
45.944000,0.1128941
45.952000,0.1129475
45.960000,0.1130008
45.968000,0.1130008
45.976000,0.1128941
45.984000,0.1129475
45.992000,0.1128941
46.000000,0.1128941
46.008000,0.1129475
46.016000,0.1128941
46.024000,0.1129475
46.032000,0.1129475
46.040000,0.1128941
46.048000,0.1129475
46.056000,0.1130008
46.064000,0.1129475
46.072000,0.1128941
46.080000,0.1129475
46.088000,0.1129475
46.096000,0.1129475
46.104000,0.1128941
46.112000,0.1128408
46.120000,0.1128408
46.128000,0.1129475
46.136000,0.1129475
46.144000,0.1128941
46.152000,0.1128941
46.160000,0.1128941
46.168000,0.1129475
46.176000,0.1129475
46.184000,0.1129475
46.192000,0.1129475
46.200000,0.1128941
46.208000,0.1128408
46.216000,0.1128408
46.224000,0.1128941
46.232000,0.1128941
46.240000,0.1129475
46.248000,0.1129475
46.256000,0.1129475
46.264000,0.1128941
46.272000,0.1127874
46.280000,0.1127874
46.288000,0.1127874
46.296000,0.1127874
46.304000,0.1127341
46.312000,0.1127341
46.320000,0.1127874
46.328000,0.1127874
46.336000,0.1127874
46.344000,0.1127341
46.352000,0.1127874
46.360000,0.1127874
46.368000,0.1128941
46.376000,0.1128941
46.384000,0.1128408
46.392000,0.1127874
46.400000,0.1127874
46.408000,0.1127874
46.416000,0.1127874
46.424000,0.1128408
46.432000,0.1127874
46.440000,0.1127874
46.448000,0.1128408
46.456000,0.1127874
46.464000,0.1127874
46.472000,0.1127874
46.480000,0.1128408
46.488000,0.1127874
46.496000,0.1127874
46.504000,0.1127874
46.512000,0.1127874
46.520000,0.1127874
46.528000,0.1128408
46.536000,0.1129475
46.544000,0.1129475
46.552000,0.1128408
46.560000,0.1127341
46.568000,0.1127874
46.576000,0.1127874
46.584000,0.1128408
46.592000,0.1128408
46.600000,0.1127874
46.608000,0.1128408
46.616000,0.1128408
46.624000,0.1127874
46.632000,0.1127874
46.640000,0.1128408
46.648000,0.1128941
46.656000,0.1128408
46.664000,0.1127874
46.672000,0.1127874
46.680000,0.1128408
46.688000,0.1128941
46.696000,0.1128408
46.704000,0.1127874
46.712000,0.1127874
46.720000,0.1127874
46.728000,0.1128408
46.736000,0.1128408
46.744000,0.1127874
46.752000,0.1127874
46.760000,0.1127874
46.768000,0.1128408
46.776000,0.1128941
46.784000,0.1128408
46.792000,0.1128408
46.800000,0.1127874
46.808000,0.1127341
46.816000,0.1126541
46.824000,0.1126541
46.832000,0.1127341
46.840000,0.1127341
46.848000,0.1127341
46.856000,0.1127341
46.864000,0.1127874
46.872000,0.1128408
46.880000,0.1128408
46.888000,0.1128941
46.896000,0.1128408
46.904000,0.1127341
46.912000,0.1127341
46.920000,0.1127341
46.928000,0.1127874
46.936000,0.1127874
46.944000,0.1127874
46.952000,0.1127874
46.960000,0.1127341
46.968000,0.1127341
46.976000,0.1127874
46.984000,0.1127341
46.992000,0.1127874
47.000000,0.1127874
47.008000,0.1127874
47.016000,0.1126541
47.024000,0.1126007
47.032000,0.1126541
47.040000,0.1127341
47.048000,0.1127874
47.056000,0.1127874
47.064000,0.1127874
47.072000,0.1127874
47.080000,0.1127341
47.088000,0.1127874
47.096000,0.1127874
47.104000,0.1128408
47.112000,0.1126541
47.120000,0.1126541
47.128000,0.1126541
47.136000,0.1126541
47.144000,0.1126007
47.152000,0.1126007
47.160000,0.1127341
47.168000,0.1127874
47.176000,0.1127341
47.184000,0.1127874
47.192000,0.1126541
47.200000,0.1127341
47.208000,0.1127874
47.216000,0.1128408
47.224000,0.1128408
47.232000,0.1128408
47.240000,0.1127874
47.248000,0.1127341
47.256000,0.1126541
47.264000,0.1126541
47.272000,0.1127341
47.280000,0.1127341
47.288000,0.1126541
47.296000,0.1127874
47.304000,0.1127874
47.312000,0.1126541
47.320000,0.1125474
47.328000,0.1125474
47.336000,0.1126541
47.344000,0.1127874
47.352000,0.1127341
47.360000,0.1127874
47.368000,0.1127341
47.376000,0.1126007
47.384000,0.1127874
47.392000,0.1127874
47.400000,0.1127341
47.408000,0.1126541
47.416000,0.1127341
47.424000,0.1127341
47.432000,0.1127341
47.440000,0.1127341
47.448000,0.1127341
47.456000,0.1126541
47.464000,0.1126541
47.472000,0.1127341
47.480000,0.1126541
47.488000,0.1126541
47.496000,0.1126541
47.504000,0.1126007
47.512000,0.1126007
47.520000,0.1126541
47.528000,0.1127341
47.536000,0.1127341
47.544000,0.1126541
47.552000,0.1127341
47.560000,0.1126541
47.568000,0.1126007
47.576000,0.1125474
47.584000,0.1125474
47.592000,0.1126007
47.600000,0.1126541
47.608000,0.1127341
47.616000,0.1127874
47.624000,0.1127874
47.632000,0.1127341
47.640000,0.1126541
47.648000,0.1126007
47.656000,0.1126541
47.664000,0.1127341
47.672000,0.1126541
47.680000,0.1126541
47.688000,0.1126541
47.696000,0.1126007
47.704000,0.1126007
47.712000,0.1126007
47.720000,0.1126007
47.728000,0.1126541
47.736000,0.1126541
47.744000,0.1126007
47.752000,0.1125474
47.760000,0.1126007
47.768000,0.1126007
47.776000,0.1125474
47.784000,0.1125474
47.792000,0.1126007
47.800000,0.1126541
47.808000,0.1126007
47.816000,0.1125474
47.824000,0.1126007
47.832000,0.1127874
47.840000,0.1127341
47.848000,0.1126541
47.856000,0.1126541
47.864000,0.1126007
47.872000,0.1126007
47.880000,0.1126007
47.888000,0.1126007
47.896000,0.1125474
47.904000,0.1125474
47.912000,0.1126007
47.920000,0.1127341
47.928000,0.1126541
47.936000,0.1126541
47.944000,0.1126541
47.952000,0.1126541
47.960000,0.1126007
47.968000,0.1126007
47.976000,0.1125474
47.984000,0.1125474
47.992000,0.1127341
48.000000,0.1126541
48.008000,0.1126007
48.016000,0.1126541
48.024000,0.1126541
48.032000,0.1126007
48.040000,0.1125474
48.048000,0.1125474
48.056000,0.1126007
48.064000,0.1126007
48.072000,0.1126007
48.080000,0.1126007
48.088000,0.1124941
48.096000,0.1125474
48.104000,0.1126541
48.112000,0.1126541
48.120000,0.1125474
48.128000,0.1125474
48.136000,0.1126007
48.144000,0.1126007
48.152000,0.1125474
48.160000,0.1125474
48.168000,0.1126007
48.176000,0.1126007
48.184000,0.1125474
48.192000,0.1124941
48.200000,0.1124941
48.208000,0.1125474
48.216000,0.1125474
48.224000,0.1126541
48.232000,0.1126007
48.240000,0.1125474
48.248000,0.1125474
48.256000,0.1126007
48.264000,0.1126007
48.272000,0.1124941
48.280000,0.1126007
48.288000,0.1126007
48.296000,0.1124941
48.304000,0.1124941
48.312000,0.1126007
48.320000,0.1125474
48.328000,0.1125474
48.336000,0.1124941
48.344000,0.1124941
48.352000,0.1124941
48.360000,0.1124941
48.368000,0.1125474
48.376000,0.1124941
48.384000,0.1124407
48.392000,0.1124941
48.400000,0.1125474
48.408000,0.1124941
48.416000,0.1124941
48.424000,0.1124941
48.432000,0.1125474
48.440000,0.1124941
48.448000,0.1124941
48.456000,0.1125474
48.464000,0.1125474
48.472000,0.1126007
48.480000,0.1124941
48.488000,0.1124941
48.496000,0.1124941
48.504000,0.1125474
48.512000,0.1126007
48.520000,0.1126007
48.528000,0.1125474
48.536000,0.1125474
48.544000,0.1124941
48.552000,0.1124941
48.560000,0.1124407
48.568000,0.1124407
48.576000,0.1124941
48.584000,0.1124407
48.592000,0.1124407
48.600000,0.1124407
48.608000,0.1125474
48.616000,0.1126007
48.624000,0.1125474
48.632000,0.1124941
48.640000,0.1124941
48.648000,0.1124941
48.656000,0.1124941
48.664000,0.1125474
48.672000,0.1126541
48.680000,0.1125474
48.688000,0.1124941
48.696000,0.1125474
48.704000,0.1124407
48.712000,0.1124941
48.720000,0.1125474
48.728000,0.1125474
48.736000,0.1125474
48.744000,0.1126007
48.752000,0.1125474
48.760000,0.1124941
48.768000,0.1125474
48.776000,0.1126007
48.784000,0.1125474
48.792000,0.1125474
48.800000,0.1126007
48.808000,0.1125474
48.816000,0.1124941
48.824000,0.1124941
48.832000,0.1124407
48.840000,0.1123874
48.848000,0.1124407
48.856000,0.1124941
48.864000,0.1125474
48.872000,0.1124941
48.880000,0.1124407
48.888000,0.1124407
48.896000,0.1124407
48.904000,0.1124941
48.912000,0.1125474
48.920000,0.1124407
48.928000,0.1123874
48.936000,0.1124407
48.944000,0.1124407
48.952000,0.1124941
48.960000,0.1124941
48.968000,0.1123874
48.976000,0.1123874
48.984000,0.1124407
48.992000,0.1124941
49.000000,0.1124941
49.008000,0.1124407
49.016000,0.1124407
49.024000,0.1124941
49.032000,0.1125474
49.040000,0.1124941
49.048000,0.1124941
49.056000,0.1124941
49.064000,0.1123874
49.072000,0.1123874
49.080000,0.1123874
49.088000,0.1123340
49.096000,0.1124407
49.104000,0.1124407
49.112000,0.1124941
49.120000,0.1124407
49.128000,0.1123874
49.136000,0.1124407
49.144000,0.1123874
49.152000,0.1124407
49.160000,0.1124407
49.168000,0.1123874
49.176000,0.1123874
49.184000,0.1123874
49.192000,0.1124407
49.200000,0.1123874
49.208000,0.1123874
49.216000,0.1124407
49.224000,0.1124407
49.232000,0.1124407
49.240000,0.1124941
49.248000,0.1124407
49.256000,0.1124407
49.264000,0.1124407
49.272000,0.1124407
49.280000,0.1123874
49.288000,0.1124407
49.296000,0.1124941
49.304000,0.1124941
49.312000,0.1124407
49.320000,0.1124407
49.328000,0.1124407
49.336000,0.1123874
49.344000,0.1123340
49.352000,0.1123874
49.360000,0.1124407
49.368000,0.1124407
49.376000,0.1124407
49.384000,0.1124407
49.392000,0.1124941
49.400000,0.1124407
49.408000,0.1124407
49.416000,0.1124941
49.424000,0.1124941
49.432000,0.1124407
49.440000,0.1123874
49.448000,0.1124407
49.456000,0.1124941
49.464000,0.1124941
49.472000,0.1123874
49.480000,0.1123340
49.488000,0.1123874
49.496000,0.1124407
49.504000,0.1124941
49.512000,0.1124407
49.520000,0.1124407
49.528000,0.1124941
49.536000,0.1124941
49.544000,0.1124407
49.552000,0.1123874
49.560000,0.1123340
49.568000,0.1123874
49.576000,0.1123340
49.584000,0.1123340
49.592000,0.1123340
49.600000,0.1123340
49.608000,0.1124407
49.616000,0.1123874
49.624000,0.1123874
49.632000,0.1123874
49.640000,0.1124407
49.648000,0.1123874
49.656000,0.1123340
49.664000,0.1122807
49.672000,0.1123340
49.680000,0.1123874
49.688000,0.1123874
49.696000,0.1123874
49.704000,0.1124407
49.712000,0.1124407
49.720000,0.1123874
49.728000,0.1123340
49.736000,0.1123874
49.744000,0.1123340
49.752000,0.1123874
49.760000,0.1124407
49.768000,0.1123874
49.776000,0.1123874
49.784000,0.1123874
49.792000,0.1122807
49.800000,0.1122807
49.808000,0.1123340
49.816000,0.1123874
49.824000,0.1123874
49.832000,0.1123874
49.840000,0.1123340
49.848000,0.1124407
49.856000,0.1124941
49.864000,0.1124407
49.872000,0.1123874
49.880000,0.1123340
49.888000,0.1123340
49.896000,0.1123874
49.904000,0.1124941
49.912000,0.1123874
49.920000,0.1123340
49.928000,0.1123340
49.936000,0.1123340
49.944000,0.1123874
49.952000,0.1123340
49.960000,0.1123340
49.968000,0.1123340
49.976000,0.1123874
49.984000,0.1123874
49.992000,0.1123340
50.000000,0.1123340
50.008000,0.1123874
50.016000,0.1123340
50.024000,0.1123340
50.032000,0.1123340
50.040000,0.1122807
50.048000,0.1123874
50.056000,0.1123874
50.064000,0.1122807
50.072000,0.1122274
50.080000,0.1122807
50.088000,0.1123340
50.096000,0.1123340
50.104000,0.1122274
50.112000,0.1122274
50.120000,0.1122807
50.128000,0.1122807
50.136000,0.1122274
50.144000,0.1123340
50.152000,0.1123340
50.160000,0.1122807
50.168000,0.1122274
50.176000,0.1122807
50.184000,0.1122274
50.192000,0.1122274
50.200000,0.1122807
50.208000,0.1123340
50.216000,0.1122807
50.224000,0.1122274
50.232000,0.1122807
50.240000,0.1122274
50.248000,0.1122807
50.256000,0.1122807
50.264000,0.1122807
50.272000,0.1123340
50.280000,0.1122807
50.288000,0.1122807
50.296000,0.1123340
50.304000,0.1122807
50.312000,0.1121740
50.320000,0.1122274
50.328000,0.1122807
50.336000,0.1122807
50.344000,0.1123340
50.352000,0.1122807
50.360000,0.1121740
50.368000,0.1121740
50.376000,0.1121740
50.384000,0.1121740
50.392000,0.1122274
50.400000,0.1122274
50.408000,0.1121740
50.416000,0.1121740
50.424000,0.1121740
50.432000,0.1122274
50.440000,0.1122274
50.448000,0.1122274
50.456000,0.1121740
50.464000,0.1122274
50.472000,0.1122274
50.480000,0.1122274
50.488000,0.1122807
50.496000,0.1122807
50.504000,0.1122807
50.512000,0.1122807
50.520000,0.1123340
50.528000,0.1122274
50.536000,0.1122274
50.544000,0.1122274
50.552000,0.1121740
50.560000,0.1122274
50.568000,0.1122807
50.576000,0.1121740
50.584000,0.1121207
50.592000,0.1121740
50.600000,0.1121740
50.608000,0.1122807
50.616000,0.1122807
50.624000,0.1122807
50.632000,0.1123340
50.640000,0.1122807
50.648000,0.1121740
50.656000,0.1121207
50.664000,0.1121207
50.672000,0.1122274
50.680000,0.1122807
50.688000,0.1122807
50.696000,0.1122807
50.704000,0.1123340
50.712000,0.1122807
50.720000,0.1122807
50.728000,0.1122807
50.736000,0.1121740
50.744000,0.1122807
50.752000,0.1123340
50.760000,0.1123340
50.768000,0.1123340
50.776000,0.1122274
50.784000,0.1122274
50.792000,0.1122807
50.800000,0.1122807
50.808000,0.1122274
50.816000,0.1122274
50.824000,0.1122807
50.832000,0.1122274
50.840000,0.1122274
50.848000,0.1121207
50.856000,0.1121740
50.864000,0.1121740
50.872000,0.1121740
50.880000,0.1121740
50.888000,0.1122274
50.896000,0.1122274
50.904000,0.1122274
50.912000,0.1121740
50.920000,0.1121740
50.928000,0.1122274
50.936000,0.1122274
50.944000,0.1121207
50.952000,0.1121740
50.960000,0.1121740
50.968000,0.1121740
50.976000,0.1121740
50.984000,0.1122274
50.992000,0.1122274
51.000000,0.1121207
51.008000,0.1121207
51.016000,0.1121207
51.024000,0.1121740
51.032000,0.1122274
51.040000,0.1122274
51.048000,0.1121740
51.056000,0.1121740
51.064000,0.1121207
51.072000,0.1121207
51.080000,0.1122274
51.088000,0.1122807
51.096000,0.1122274
51.104000,0.1121207
51.112000,0.1121207
51.120000,0.1121207
51.128000,0.1122274
51.136000,0.1122274
51.144000,0.1121207
51.152000,0.1121207
51.160000,0.1121740
51.168000,0.1121740
51.176000,0.1121740
51.184000,0.1121740
51.192000,0.1121740
51.200000,0.1121207
51.208000,0.1121207
51.216000,0.1121207
51.224000,0.1120673
51.232000,0.1120673
51.240000,0.1121207
51.248000,0.1121740
51.256000,0.1122274
51.264000,0.1122274
51.272000,0.1121740
51.280000,0.1121207
51.288000,0.1121740
51.296000,0.1121740
51.304000,0.1121740
51.312000,0.1121740
51.320000,0.1120673
51.328000,0.1121207
51.336000,0.1121207
51.344000,0.1121740
51.352000,0.1121740
51.360000,0.1121740
51.368000,0.1121740
51.376000,0.1122274
51.384000,0.1122274
51.392000,0.1121207
51.400000,0.1121740
51.408000,0.1122807
51.416000,0.1121740
51.424000,0.1121207
51.432000,0.1121740
51.440000,0.1121207
51.448000,0.1121207
51.456000,0.1121740
51.464000,0.1121740
51.472000,0.1121207
51.480000,0.1121740
51.488000,0.1121740
51.496000,0.1121740
51.504000,0.1121207
51.512000,0.1121207
51.520000,0.1121740
51.528000,0.1121740
51.536000,0.1120140
51.544000,0.1120673
51.552000,0.1121740
51.560000,0.1121740
51.568000,0.1121207
51.576000,0.1121740
51.584000,0.1121740
51.592000,0.1121207
51.600000,0.1120673
51.608000,0.1121207
51.616000,0.1121740
51.624000,0.1122274
51.632000,0.1121207
51.640000,0.1121207
51.648000,0.1121207
51.656000,0.1120673
51.664000,0.1120673
51.672000,0.1120673
51.680000,0.1121207
51.688000,0.1121207
51.696000,0.1121207
51.704000,0.1120673
51.712000,0.1120673
51.720000,0.1120673
51.728000,0.1121207
51.736000,0.1120140
51.744000,0.1120673
51.752000,0.1120673
51.760000,0.1120673
51.768000,0.1121207
51.776000,0.1120673
51.784000,0.1120673
51.792000,0.1120673
51.800000,0.1120673
51.808000,0.1120140
51.816000,0.1120673
51.824000,0.1120140
51.832000,0.1119607
51.840000,0.1120140
51.848000,0.1120673
51.856000,0.1121207
51.864000,0.1120673
51.872000,0.1120673
51.880000,0.1121740
51.888000,0.1121207
51.896000,0.1120673
51.904000,0.1120673
51.912000,0.1120673
51.920000,0.1120140
51.928000,0.1120140
51.936000,0.1120673
51.944000,0.1120673
51.952000,0.1121207
51.960000,0.1121207
51.968000,0.1120140
51.976000,0.1120140
51.984000,0.1121207
51.992000,0.1121740
52.000000,0.1120673
52.008000,0.1120673
52.016000,0.1120673
52.024000,0.1120673
52.032000,0.1121207
52.040000,0.1121740
52.048000,0.1121207
52.056000,0.1120673
52.064000,0.1120673
52.072000,0.1121207
52.080000,0.1120140
52.088000,0.1120140
52.096000,0.1119073
52.104000,0.1119607
52.112000,0.1120673
52.120000,0.1120673
52.128000,0.1120140
52.136000,0.1120140
52.144000,0.1120673
52.152000,0.1121207
52.160000,0.1120673
52.168000,0.1120673
52.176000,0.1120673
52.184000,0.1120673
52.192000,0.1120673
52.200000,0.1120673
52.208000,0.1120140
52.216000,0.1120140
52.224000,0.1120140
52.232000,0.1120140
52.240000,0.1120140
52.248000,0.1119073
52.256000,0.1119607
52.264000,0.1120673
52.272000,0.1120673
52.280000,0.1121207
52.288000,0.1121207
52.296000,0.1120673
52.304000,0.1120140
52.312000,0.1120140
52.320000,0.1120673
52.328000,0.1121207
52.336000,0.1121207
52.344000,0.1120673
52.352000,0.1120140
52.360000,0.1120673
52.368000,0.1120673
52.376000,0.1120673
52.384000,0.1120140
52.392000,0.1120140
52.400000,0.1120673
52.408000,0.1120673
52.416000,0.1119607
52.424000,0.1119073
52.432000,0.1119607
52.440000,0.1120673
52.448000,0.1120140
52.456000,0.1120140
52.464000,0.1119607
52.472000,0.1119607
52.480000,0.1119073
52.488000,0.1118540
52.496000,0.1118540
52.504000,0.1119073
52.512000,0.1119607
52.520000,0.1120673
52.528000,0.1120673
52.536000,0.1119607
52.544000,0.1119073
52.552000,0.1119607
52.560000,0.1119607
52.568000,0.1119607
52.576000,0.1120140
52.584000,0.1119073
52.592000,0.1119073
52.600000,0.1120140
52.608000,0.1120140
52.616000,0.1119607
52.624000,0.1119607
52.632000,0.1120140
52.640000,0.1119607
52.648000,0.1119073
52.656000,0.1119073
52.664000,0.1119073
52.672000,0.1119607
52.680000,0.1119607
52.688000,0.1119607
52.696000,0.1119607
52.704000,0.1118540
52.712000,0.1119073
52.720000,0.1118540
52.728000,0.1118540
52.736000,0.1119607
52.744000,0.1119073
52.752000,0.1119073
52.760000,0.1119073
52.768000,0.1118540
52.776000,0.1118540
52.784000,0.1119607
52.792000,0.1119073
52.800000,0.1118540
52.808000,0.1119607
52.816000,0.1120673
52.824000,0.1120140
52.832000,0.1120140
52.840000,0.1118540
52.848000,0.1118540
52.856000,0.1118540
52.864000,0.1118540
52.872000,0.1119073
52.880000,0.1120140
52.888000,0.1119607
52.896000,0.1119073
52.904000,0.1119607
52.912000,0.1120140
52.920000,0.1119607
52.928000,0.1120140
52.936000,0.1119073
52.944000,0.1118540
52.952000,0.1118540
52.960000,0.1119073
52.968000,0.1119607
52.976000,0.1119073
52.984000,0.1118540
52.992000,0.1119607
53.000000,0.1119607
53.008000,0.1119607
53.016000,0.1120140
53.024000,0.1120140
53.032000,0.1118006
53.040000,0.1118540
53.048000,0.1118540
53.056000,0.1119073
53.064000,0.1119073
53.072000,0.1118540
53.080000,0.1119073
53.088000,0.1119073
53.096000,0.1119073
53.104000,0.1119607
53.112000,0.1119607
53.120000,0.1119607
53.128000,0.1119607
53.136000,0.1118006
53.144000,0.1118006
53.152000,0.1119073
53.160000,0.1119073
53.168000,0.1119073
53.176000,0.1118540
53.184000,0.1118006
53.192000,0.1118540
53.200000,0.1118540
53.208000,0.1118006
53.216000,0.1119073
53.224000,0.1119607
53.232000,0.1119073
53.240000,0.1119607
53.248000,0.1119073
53.256000,0.1118540
53.264000,0.1118006
53.272000,0.1118540
53.280000,0.1118540
53.288000,0.1118540
53.296000,0.1118006
53.304000,0.1118540
53.312000,0.1119607
53.320000,0.1119073
53.328000,0.1118006
53.336000,0.1118006
53.344000,0.1118006
53.352000,0.1117473
53.360000,0.1118006
53.368000,0.1118006
53.376000,0.1118006
53.384000,0.1117473
53.392000,0.1117473
53.400000,0.1118540
53.408000,0.1119073
53.416000,0.1118540
53.424000,0.1118540
53.432000,0.1119073
53.440000,0.1119073
53.448000,0.1119073
53.456000,0.1118540
53.464000,0.1118006
53.472000,0.1118540
53.480000,0.1118540
53.488000,0.1118540
53.496000,0.1118540
53.504000,0.1119607
53.512000,0.1119607
53.520000,0.1118540
53.528000,0.1118006
53.536000,0.1118006
53.544000,0.1118006
53.552000,0.1118006
53.560000,0.1117473
53.568000,0.1117473
53.576000,0.1118540
53.584000,0.1118540
53.592000,0.1118006
53.600000,0.1118006
53.608000,0.1118006
53.616000,0.1118006
53.624000,0.1118006
53.632000,0.1118006
53.640000,0.1118006
53.648000,0.1118006
53.656000,0.1118006
53.664000,0.1118540
53.672000,0.1119073
53.680000,0.1118540
53.688000,0.1117473
53.696000,0.1117473
53.704000,0.1116940
53.712000,0.1117473
53.720000,0.1117473
53.728000,0.1118540
53.736000,0.1118540
53.744000,0.1118006
53.752000,0.1118540
53.760000,0.1119073
53.768000,0.1118540
53.776000,0.1118540
53.784000,0.1117473
53.792000,0.1117473
53.800000,0.1116940
53.808000,0.1117473
53.816000,0.1118540
53.824000,0.1118540
53.832000,0.1118006
53.840000,0.1118540
53.848000,0.1118540
53.856000,0.1118540
53.864000,0.1118006
53.872000,0.1117473
53.880000,0.1117473
53.888000,0.1117473
53.896000,0.1117473
53.904000,0.1118006
53.912000,0.1117473
53.920000,0.1118540
53.928000,0.1118540
53.936000,0.1118540
53.944000,0.1118006
53.952000,0.1117473
53.960000,0.1117473
53.968000,0.1118006
53.976000,0.1118540
53.984000,0.1118006
53.992000,0.1118540
54.000000,0.1118540
54.008000,0.1118540
54.016000,0.1118540
54.024000,0.1118540
54.032000,0.1118006
54.040000,0.1116406
54.048000,0.1116940
54.056000,0.1116940
54.064000,0.1116940
54.072000,0.1117473
54.080000,0.1117473
54.088000,0.1117473
54.096000,0.1117473
54.104000,0.1117473
54.112000,0.1117473
54.120000,0.1117473
54.128000,0.1116940
54.136000,0.1117473
54.144000,0.1117473
54.152000,0.1116406
54.160000,0.1117473
54.168000,0.1117473
54.176000,0.1118006
54.184000,0.1118006
54.192000,0.1117473
54.200000,0.1118006
54.208000,0.1118006
54.216000,0.1117473
54.224000,0.1116940
54.232000,0.1118006
54.240000,0.1117473
54.248000,0.1116940
54.256000,0.1118006
54.264000,0.1118006
54.272000,0.1117473
54.280000,0.1118006
54.288000,0.1118006
54.296000,0.1118006
54.304000,0.1117473
54.312000,0.1116940
54.320000,0.1116406
54.328000,0.1116940
54.336000,0.1117473
54.344000,0.1118006
54.352000,0.1117473
54.360000,0.1118006
54.368000,0.1116940
54.376000,0.1116406
54.384000,0.1116940
54.392000,0.1117473
54.400000,0.1117473
54.408000,0.1116940
54.416000,0.1116940
54.424000,0.1116940
54.432000,0.1116406
54.440000,0.1116940
54.448000,0.1116940
54.456000,0.1116940
54.464000,0.1117473
54.472000,0.1118006
54.480000,0.1118006
54.488000,0.1118006
54.496000,0.1117473
54.504000,0.1116406
54.512000,0.1116406
54.520000,0.1115873
54.528000,0.1116940
54.536000,0.1117473
54.544000,0.1118006
54.552000,0.1117473
54.560000,0.1118006
54.568000,0.1118540
54.576000,0.1118540
54.584000,0.1117473
54.592000,0.1116940
54.600000,0.1116940
54.608000,0.1117473
54.616000,0.1116406
54.624000,0.1116406
54.632000,0.1117473
54.640000,0.1117473
54.648000,0.1118006
54.656000,0.1118006
54.664000,0.1118006
54.672000,0.1116940
54.680000,0.1116940
54.688000,0.1116940
54.696000,0.1116940
54.704000,0.1117473
54.712000,0.1118006
54.720000,0.1118006
54.728000,0.1118006
54.736000,0.1117473
54.744000,0.1116940
54.752000,0.1116406
54.760000,0.1116406
54.768000,0.1117473
54.776000,0.1117473
54.784000,0.1117473
54.792000,0.1117473
54.800000,0.1117473
54.808000,0.1116940
54.816000,0.1116940
54.824000,0.1116406
54.832000,0.1116406
54.840000,0.1116940
54.848000,0.1117473
54.856000,0.1117473
54.864000,0.1116406
54.872000,0.1116406
54.880000,0.1116406
54.888000,0.1116406
54.896000,0.1116940
54.904000,0.1116406
54.912000,0.1118006
54.920000,0.1117473
54.928000,0.1116940
54.936000,0.1116406
54.944000,0.1116940
54.952000,0.1116940
54.960000,0.1116940
54.968000,0.1116940
54.976000,0.1116406
54.984000,0.1116406
54.992000,0.1116940
55.000000,0.1116940
55.008000,0.1117473
55.016000,0.1116940
55.024000,0.1117473
55.032000,0.1116406
55.040000,0.1116406
55.048000,0.1116406
55.056000,0.1116406
55.064000,0.1116406
55.072000,0.1116940
55.080000,0.1117473
55.088000,0.1116940
55.096000,0.1116406
55.104000,0.1117473
55.112000,0.1117473
55.120000,0.1116940
55.128000,0.1116940
55.136000,0.1117473
55.144000,0.1116940
55.152000,0.1116406
55.160000,0.1117473
55.168000,0.1117473
55.176000,0.1116406
55.184000,0.1117473
55.192000,0.1117473
55.200000,0.1116940
55.208000,0.1115873
55.216000,0.1116406
55.224000,0.1116406
55.232000,0.1116940
55.240000,0.1117473
55.248000,0.1116940
55.256000,0.1116406
55.264000,0.1117473
55.272000,0.1117473
55.280000,0.1116940
55.288000,0.1116406
55.296000,0.1116940
55.304000,0.1116940
55.312000,0.1116406
55.320000,0.1116940
55.328000,0.1115339
55.336000,0.1114806
55.344000,0.1115339
55.352000,0.1115873
55.360000,0.1115339
55.368000,0.1115339
55.376000,0.1116406
55.384000,0.1116406
55.392000,0.1116406
55.400000,0.1116406
55.408000,0.1117473
55.416000,0.1116406
55.424000,0.1115873
55.432000,0.1116406
55.440000,0.1116406
55.448000,0.1116940
55.456000,0.1116406
55.464000,0.1116406
55.472000,0.1116406
55.480000,0.1115339
55.488000,0.1116406
55.496000,0.1116406
